r,n,s,S,c
15,9,4,8,5
79,11,5,10,19
95,9,5,8,91
127,16,9,15,77
143,8,4,7,91
159,23,13,22,61
175,9,5,8,167
191,15,8,14,77
207,14,8,13,167
239,22,12,21,61
255,14,8,13,205
271,10,4,9,43
287,11,6,10,205
303,16,8,15,61
319,24,13,23,61
335,9,5,8,319
351,10,5,9,167
367,12,6,11,131
383,13,7,12,205
415,17,9,16,125
431,10,5,9,205
463,16,7,15,31
479,17,10,16,433
511,20,11,19,173
543,16,8,15,109
559,17,10,16,505
575,12,6,11,205
591,10,5,9,281
623,16,8,15,125
639,24,14,23,365
719,14,8,13,577
735,13,6,12,131
751,24,13,23,143
767,19,10,18,173
783,12,4,11,31
799,14,8,13,641
815,11,6,10,581
831,18,9,17,125
863,11,5,10,205
879,14,7,13,235
943,16,5,15,7
959,23,13,22,365
975,11,6,10,695
1007,22,13,21,767
1023,21,11,20,173
1071,14,8,13,859
1087,13,7,12,581
1103,12,5,11,131
1135,15,8,14,455
1151,18,9,17,173
1183,17,10,16,1067
1215,15,8,14,487
1231,14,7,13,329
1247,17,8,16,125
1311,12,6,11,467
1327,17,8,16,133
1343,24,14,23,767
1391,11,6,10,991
1439,22,12,21,365
1519,18,10,17,685
1535,20,10,19,173
1567,17,8,16,157
1599,11,6,10,1139
1647,17,7,16,55
1727,17,8,16,173
1759,11,6,10,1253
1775,16,9,15,1067
1791,19,11,18,1211
1807,11,4,10,143
1823,14,7,13,487
1839,12,6,11,655
1855,13,7,12,991
1887,17,5,16,7
1903,19,9,18,143
1919,24,13,23,365
1967,11,5,10,467
1983,14,8,13,1589
1999,15,6,14,89
2015,14,8,13,1615
2031,13,7,12,1085
2079,15,8,14,833
2095,14,8,13,1679
2159,21,11,20,365
2175,21,12,20,1103
2239,15,7,14,299
2255,24,12,23,143
2271,16,8,15,455
2303,19,9,18,173
2351,16,7,15,157
2367,18,10,17,1067
2415,14,6,13,215
2431,16,8,15,487
2463,23,13,22,937
2495,17,10,16,2249
2511,22,12,21,637
2591,16,7,15,173
2607,14,8,13,2089
2623,13,6,12,467
2671,20,10,19,301
2687,18,10,17,1211
2719,17,9,16,817
2767,16,9,15,1663
2783,12,6,11,991
2799,17,9,16,841
2831,16,4,15,7
2847,16,9,15,1711
2879,23,12,22,365
2927,17,10,16,2639
2975,13,7,12,1589
2991,12,5,11,355
3007,22,13,21,2287
3039,14,8,13,2435
3103,17,10,16,2797
3119,14,7,13,833
3135,18,8,17,157
3151,13,5,12,187
3183,22,11,21,269
3199,22,12,21,811
3231,24,14,23,1843
3263,20,11,19,1103
3279,21,12,20,1663
3295,18,7,17,55
3327,19,11,18,2249
3359,14,6,13,299
3375,20,11,19,1141
3455,18,8,17,173
3487,17,10,16,3143
3535,17,10,16,3187
3551,14,8,13,2845
3583,20,11,19,1211
3615,21,11,20,611
3695,17,10,16,3331
3743,16,9,15,2249
3775,22,11,21,319
3871,21,12,20,1963
3887,15,6,14,173
3903,14,8,13,3127
3935,12,5,11,467
3967,15,8,14,1589
4031,17,9,16,1211
4047,12,6,11,1441
4063,14,7,13,1085
4079,16,8,15,817
4143,19,11,18,2801
4159,16,8,15,833
4223,14,8,13,3383
4287,20,9,19,161
4319,17,10,16,3893
4335,17,10,16,3907
4351,22,12,21,1103
4479,16,7,15,299
4511,21,12,20,2287
4543,19,11,18,3071
4559,13,7,12,2435
4655,16,9,15,2797
4735,22,13,21,3601
4767,24,14,23,2719
4799,17,10,16,4325
4815,19,10,18,1085
4831,15,6,14,215
4847,23,13,22,1843
4895,19,10,18,1103
4927,14,8,13,3947
4975,13,7,12,2657
4991,18,10,17,2249
5023,17,8,16,503
5039,13,5,12,299
5055,24,13,23,961
5087,17,10,16,4585
5103,17,8,16,511
5167,19,11,18,3493
5183,17,7,16,173
5231,16,9,15,3143
5247,23,12,22,665
5279,24,14,23,3011
5311,16,9,15,3191
5327,13,7,12,2845
5343,21,10,20,301
5359,22,13,21,4075
5375,19,10,18,1211
5423,20,10,19,611
5439,14,8,13,4357
5583,20,10,19,629
5599,18,9,17,841
5615,15,8,14,2249
5631,16,9,15,3383
5663,21,10,20,319
5679,21,12,20,2879
5743,13,7,12,3067
5823,24,10,23,41
5839,19,11,18,3947
5871,14,8,13,4703
5919,13,7,12,3161
5951,14,7,13,1589
5983,13,5,12,355
5999,19,11,18,4055
6015,23,13,22,2287
6047,16,8,15,1211
6079,19,11,18,4109
6095,13,6,12,1085
6127,16,7,15,409
6175,17,9,16,1855
6207,18,10,17,2797
6255,17,9,16,1879
6335,13,7,12,3383
6367,23,11,22,269
6399,19,11,18,4325
6447,13,7,12,3443
6511,13,6,12,1159
6527,21,11,20,1103
6559,15,8,14,2627
6607,14,8,13,5293
6639,17,10,16,5983
6687,13,7,12,3571
6703,17,10,16,6041
6719,15,6,14,299
6767,20,11,19,2287
6783,16,9,15,4075
6815,14,8,13,5459
6847,21,11,20,1157
6895,22,13,21,5243
6927,13,4,12,137
6975,18,10,17,3143
7023,15,8,14,2813
7071,19,7,18,59
7103,17,10,16,6401
7151,23,13,22,2719
7199,16,9,15,4325
7215,13,7,12,3853
7231,17,10,16,6517
7247,14,5,13,215
7375,16,8,15,1477
7391,13,7,12,3947
7455,13,6,12,1327
7471,17,10,16,6733
7487,17,9,16,2249
7551,17,10,16,6805
7583,23,12,22,961
7615,23,12,22,965
7631,14,8,13,6113
7647,22,13,21,5815
7711,17,10,16,6949
7791,14,8,13,6241
7871,17,10,16,7093
7919,23,13,22,3011
7967,15,8,14,3191
7983,13,6,12,1421
7999,21,12,20,4055
8047,15,8,14,3223
8063,18,9,17,1211
8095,17,10,16,7295
8159,13,7,12,4357
8319,21,12,20,4217
8383,14,8,13,6715
8399,17,8,16,841
8431,16,9,15,5065
8447,15,8,14,3383
8495,14,8,13,6805
8607,21,12,20,4363
8655,14,7,13,2311
8671,18,10,17,3907
8735,14,8,13,6997
8751,23,12,22,1109
8815,14,8,13,7061
8863,17,10,16,7987
8911,15,8,14,3569
8991,15,8,14,3601
9023,22,12,21,2287
9071,15,7,14,1211
9087,16,9,15,5459
9119,18,10,17,4109
9135,14,5,13,271
9151,23,13,22,3479
9199,18,10,17,4145
9247,22,13,21,7031
9263,16,8,15,1855
9327,14,8,13,7471
9407,14,8,13,7535
9423,16,7,15,629
9439,14,8,13,7561
9455,22,13,21,7189
9471,19,11,18,6401
9519,14,8,13,7625
9599,18,10,17,4325
9679,16,9,15,5815
9695,24,13,23,1843
9711,17,9,16,2917
9759,14,8,13,7817
9839,14,7,13,2627
9919,14,8,13,7945
9935,17,10,16,8953
10015,15,7,14,1337
10079,14,5,13,299
10095,19,11,18,6823
10175,15,8,14,4075
10191,14,6,13,907
10207,18,8,17,511
10271,14,8,13,8227
10287,18,8,17,515
10399,21,11,20,1757
10431,14,7,13,2785
10447,19,11,18,7061
10463,14,8,13,8381
10495,19,11,18,7093
10543,14,7,13,2815
10559,17,10,16,9515
10607,18,6,17,59
10623,14,8,13,8509
10655,16,9,15,6401
10687,21,12,20,5417
10719,23,13,22,4075
10735,16,9,15,6449
10783,14,7,13,2879
10799,15,8,14,4325
10863,17,9,16,3263
10991,22,13,21,8357
11007,19,11,18,7439
11023,14,4,13,109
11119,19,9,18,835
11199,22,13,21,8515
11231,16,8,15,2249
11247,17,10,16,10135
11295,24,13,23,2147
11311,16,7,15,755
11327,14,8,13,9073
11375,22,11,21,961
11423,22,11,21,965
11455,20,11,19,3871
11471,21,12,20,5815
11487,14,7,13,3067
11551,16,6,15,257
11567,16,9,15,6949
11583,22,13,21,8807
11647,14,8,13,9329
11679,19,9,18,877
11727,20,10,19,1321
11743,15,8,14,4703
11759,22,13,21,8941
11807,16,9,15,7093
11823,18,10,17,5327
11887,20,10,19,1339
11967,16,9,15,7189
12063,16,9,15,7247
12079,14,6,13,1075
12095,17,8,16,1211
12143,16,9,15,7295
12159,14,8,13,9739
12255,17,7,16,409
12271,14,8,13,9829
12319,17,10,16,11101
12335,22,13,21,9379
12351,14,8,13,9893
12415,17,8,16,1243
12479,20,11,19,4217
12495,19,10,18,2815
12511,18,9,17,1879
12543,16,9,15,7535
12591,20,11,19,4255
12607,24,14,23,7189
12671,14,7,13,3383
12799,17,10,16,11533
12831,24,11,23,271
12911,20,11,19,4363
13007,17,9,16,3907
13023,14,6,13,1159
13087,17,9,16,3931
13119,16,8,15,2627
13215,14,8,13,10585
13279,18,10,17,5983
13295,14,8,13,10649
13359,19,11,18,9029
13375,14,7,13,3571
13471,23,11,22,569
13535,17,10,16,12197
13567,17,9,16,4075
13615,17,10,16,12269
13631,15,8,14,5459
13695,16,9,15,8227
13727,19,11,18,9277
13791,23,13,22,5243
13807,14,8,13,11059
13855,17,10,16,12485
13871,21,12,20,7031
13951,17,10,16,12571
14015,17,10,16,12629
14031,16,9,15,8429
14063,24,8,23,11
14143,20,7,19,59
14207,18,10,17,6401
14239,14,8,13,11405
14271,16,9,15,8573
14303,17,10,16,12889
14319,14,7,13,3823
14383,17,10,16,12961
14399,17,9,16,4325
14463,21,12,20,7331
14543,17,10,16,13105
14655,24,14,23,8357
14751,14,8,13,11815
14799,15,8,14,5927
14895,18,9,17,2237
14911,14,6,13,1327
15007,16,8,15,3005
15103,17,10,16,13609
15167,17,10,16,13667
15215,14,8,13,12187
15231,24,12,23,965
15263,14,7,13,4075
15295,18,9,17,2297
15343,16,9,15,9217
15391,23,13,22,5851
15423,18,10,17,6949
15439,15,5,14,229
15487,17,10,16,13955
15567,14,8,13,12469
15599,20,10,19,1757
15663,22,13,21,11909
15679,22,13,21,11921
15743,18,10,17,7093
15775,19,11,18,10661
15807,23,12,22,2003
15823,15,8,14,6337
15839,16,9,15,9515
15855,17,10,16,14287
15919,16,9,15,9563
15983,15,8,14,6401
16031,20,11,19,5417
16079,22,12,21,4075
16159,14,8,13,12943
16191,18,10,17,7295
16239,14,8,13,13007
16255,22,13,21,12359
16287,19,9,18,1223
16431,18,10,17,7403
16447,24,14,23,9379
16511,18,10,17,7439
16543,21,11,20,2795
16575,16,8,15,3319
16623,24,14,23,9479
16687,15,8,14,6683
16799,21,12,20,8515
16831,18,10,17,7583
16847,15,7,14,2249
16863,17,9,16,5065
16879,22,13,21,12833
16927,15,8,14,6779
16943,23,12,22,2147
17007,15,8,14,6811
17055,20,10,19,1921
17087,22,13,21,12991
17135,21,10,20,965
17215,22,12,21,4363
17311,17,10,16,15599
17327,15,5,14,257
17343,23,13,22,6593
17375,21,12,20,8807
17391,17,10,16,15671
17519,18,8,17,877
17535,24,12,23,1111
17567,24,11,23,371
17599,18,8,17,881
17631,15,8,14,7061
17663,22,13,21,13429
17711,15,8,14,7093
17727,16,9,15,10649
17903,24,13,23,3403
17951,15,8,14,7189
18031,15,7,14,2407
18079,20,11,19,6109
18111,15,8,14,7253
18127,23,12,22,2297
18159,17,10,16,16363
18271,15,5,14,271
18287,19,11,18,12359
18303,21,12,20,9277
18383,16,6,15,409
18463,16,8,15,3697
18495,23,13,22,7031
18559,17,10,16,16723
18623,16,7,15,1243
18639,16,9,15,11197
18655,15,8,14,7471
18687,19,11,18,12629
18735,15,7,14,2501
18815,15,8,14,7535
18879,21,12,20,9569
18895,16,9,15,11351
18911,23,13,22,7189
18975,15,7,14,2533
19135,18,10,17,8621
19151,17,10,16,17257
19183,22,13,21,14585
19199,16,9,15,11533
19215,15,4,14,95
19231,17,10,16,17329
19311,19,11,18,13051
19391,22,13,21,14743
19519,15,8,14,7817
19663,19,11,18,13289
19679,15,7,14,2627
19759,22,13,21,15023
19839,15,8,14,7945
19871,19,11,18,13429
19919,17,9,16,5983
20015,24,14,23,11413
20079,17,9,16,6031
20127,20,10,19,2267
20207,22,10,21,569
20223,22,12,21,5125
20271,16,6,15,451
20351,16,8,15,4075
20383,19,11,18,13775
20463,15,8,14,8195
20511,18,10,17,9241
20527,16,9,15,12331
20543,15,8,14,8227
20591,18,10,17,9277
20671,20,11,19,6985
20687,17,10,16,18641
20719,20,11,19,7001
20783,16,9,15,12485
20799,22,11,21,1757
20863,15,7,14,2785
20927,16,9,15,12571
20959,22,13,21,15935
20991,22,13,21,15959
21023,16,9,15,12629
21039,18,10,17,9479
21103,16,9,15,12677
21151,20,11,19,7147
21183,24,14,23,12079
21215,19,6,18,59
21247,21,12,20,10769
21375,22,12,21,5417
21407,15,8,14,8573
21471,17,9,16,6449
21487,15,8,14,8605
21535,22,13,21,16373
21567,15,7,14,2879
21615,17,10,16,19477
21695,17,10,16,19549
21727,18,9,17,3263
21759,22,13,21,16543
21807,18,9,17,3275
21983,23,13,22,8357
21999,16,8,15,4405
22015,17,10,16,19837
22047,18,9,17,3311
22207,18,9,17,3335
22399,17,10,16,20183
22431,15,8,14,8983
22463,24,14,23,12809
22495,18,10,17,10135
22511,15,7,14,3005
22575,18,10,17,10171
22655,16,9,15,13609
22751,16,9,15,13667
22767,20,11,19,7693
22783,24,14,23,12991
22847,23,11,22,965
22911,16,9,15,13763
22943,17,8,16,2297
23023,19,11,18,15559
23087,22,12,21,5851
23103,17,6,16,257
23167,17,10,16,20875
23231,16,9,15,13955
23295,21,12,20,11807
23359,20,9,19,877
23407,16,8,15,4687
23455,15,7,14,3131
23487,22,13,21,17857
23519,21,12,20,11921
23551,22,13,21,17905
23583,18,10,17,10625
23615,17,9,16,7093
23663,18,10,17,10661
23711,17,10,16,21365
23743,18,10,17,10697
23759,15,8,14,9515
23855,22,13,21,18137
23871,22,13,21,18149
23935,17,9,16,7189
24031,24,14,23,13703
24047,19,10,18,5417
24303,16,9,15,14599
24351,18,8,17,1219
24383,17,10,16,21971
24431,18,8,17,1223
24447,22,13,21,18587
24479,19,11,18,16543
24559,16,9,15,14753
24639,16,9,15,14801
24703,17,10,16,22259
24783,15,8,14,9925
24815,20,10,19,2795
24831,18,8,17,1243
24991,19,11,18,16889
25055,22,13,21,19049
25071,19,11,18,16943
25247,17,9,16,7583
25295,16,8,15,5065
25375,16,8,15,5081
25455,16,7,15,1699
25471,17,10,16,22951
25503,19,9,18,1915
25583,19,9,18,1921
25599,18,10,17,11533
25631,21,12,20,12991
25647,15,8,14,10271
25807,15,7,14,3445
25855,22,13,21,19657
26015,17,10,16,23441
26063,17,10,16,23485
26319,23,12,22,3335
26351,23,10,22,371
26367,18,10,17,11879
26399,17,7,16,881
26495,21,12,20,13429
26527,16,9,15,15935
26559,17,8,16,2659
26591,15,8,14,10649
26671,15,8,14,10681
26751,23,13,22,10169
26943,24,11,23,569
26991,15,6,14,1201
27039,19,10,18,6091
27119,19,10,18,6109
27183,16,8,15,5443
27295,20,11,19,9223
27343,18,10,17,12319
27375,21,11,20,4625
27391,21,12,20,13883
27423,18,10,17,12355
27455,20,11,19,9277
27503,19,11,18,18587
27615,15,8,14,11059
27631,19,11,18,18673
27679,21,12,20,14029
27695,15,7,14,3697
27759,16,9,15,16675
27839,16,9,15,16723
27855,16,9,15,16733
27903,18,10,17,12571
27935,15,6,14,1243
27951,18,10,17,12593
28063,19,11,18,18965
28095,17,10,16,25315
28143,19,11,18,19019
28191,18,10,17,12701
28319,17,10,16,25517
28351,18,10,17,12773
28367,22,12,21,7189
28447,17,10,16,25633
28479,15,8,14,11405
28527,17,10,16,25705
28639,15,7,14,3823
28703,17,9,16,8621
28799,15,8,14,11533
28879,18,9,17,4337
28927,17,10,16,26065
29087,17,10,16,26209
29183,22,13,21,22187
29231,17,10,16,26339
29311,24,11,23,619
29375,22,13,21,22333
29471,24,14,23,16805
29503,15,8,14,11815
29631,17,10,16,26699
29727,21,12,20,15067
29743,16,9,15,17867
29807,18,10,17,13429
29823,20,10,19,3359
29887,18,10,17,13465
29951,22,13,21,22771
30015,17,8,16,3005
30079,17,10,16,27103
30159,24,14,23,17197
30207,18,10,17,13609
30335,21,11,20,5125
30367,22,13,21,23087
30415,18,10,17,13703
30447,15,8,14,12193
30527,15,7,14,4075
30575,18,10,17,13775
30591,19,9,18,2297
30655,18,10,17,13811
30687,17,9,16,9217
30767,17,9,16,9241
30783,24,13,23,5851
30847,24,13,23,5863
30975,18,10,17,13955
31183,18,8,17,1561
31199,21,10,20,1757
31279,22,12,21,7927
31359,22,10,21,883
31391,15,8,14,12571
31439,21,12,20,15935
31471,17,10,16,28357
31487,21,12,20,15959
31551,20,11,19,10661
31615,19,11,18,21365
31679,22,13,21,24085
31711,16,9,15,19049
31727,19,10,18,7147
31775,17,10,16,28631
31807,24,14,23,18137
31823,18,5,17,59
31871,20,11,19,10769
32047,21,12,20,16243
32063,21,11,20,5417
32159,24,14,23,18337
32207,16,8,15,6449
32223,17,10,16,29035
32239,17,9,16,9683
32287,22,13,21,24547
32303,17,10,16,29107
32367,16,8,15,6481
32575,20,9,19,1223
32639,21,12,20,16543
32671,19,11,18,22079
32703,17,10,16,29467
32895,20,9,19,1235
32927,24,14,23,18775
33007,17,10,16,29741
33071,17,8,16,3311
33087,17,10,16,29813
33183,16,9,15,19933
33231,17,7,16,1109
33247,22,13,21,25277
33311,17,8,16,3335
33391,17,8,16,3343
33439,24,14,23,19067
33535,21,12,20,16997
33599,16,9,15,20183
33663,19,10,18,7583
33695,19,11,18,22771
33711,17,5,16,125
33727,24,14,23,19231
33759,23,13,22,12833
33775,19,11,18,22825
33919,16,9,15,20375
34015,16,8,15,6811
34095,16,8,15,6827
34111,21,10,20,1921
34175,23,13,22,12991
34207,24,14,23,19505
34255,18,10,17,15433
34271,22,10,21,965
34287,19,11,18,23171
34335,16,8,15,6875
34415,16,7,15,2297
34463,22,13,21,26201
34495,16,8,15,6907
34543,17,9,16,10375
34655,16,5,15,257
34671,16,9,15,20827
34687,19,11,18,23441
34927,17,10,16,31471
34943,20,11,19,11807
34975,23,13,22,13295
35023,18,10,17,15779
35039,19,8,18,877
35055,22,13,21,26651
35071,16,9,15,21067
35119,19,7,18,293
35199,19,8,18,881
35231,17,10,16,31745
35263,24,14,23,20107
35279,17,10,16,31789
35311,17,10,16,31817
35327,21,12,20,17905
35359,19,7,18,295
35455,22,11,21,2995
35487,16,9,15,21317
35519,24,13,23,6751
35535,17,9,16,10673
35567,16,9,15,21365
35583,18,10,17,16031
35599,19,4,18,11
35615,17,9,16,10697
35823,22,13,21,27235
35839,22,13,21,27247
35871,21,12,20,18181
35903,16,8,15,7189
36047,23,13,22,13703
36063,16,7,15,2407
36143,17,10,16,32567
36159,17,10,16,32581
36223,16,8,15,7253
36383,17,10,16,32783
36511,18,9,17,5483
36543,17,10,16,32927
36639,18,10,17,16507
36719,18,10,17,16543
36799,16,9,15,22105
36847,17,8,16,3689
36895,23,12,22,4675
36911,17,10,16,33259
36927,17,8,16,3697
36975,22,13,21,28111
37055,16,9,15,22259
37119,18,10,17,16723
37167,18,10,17,16745
37247,17,7,16,1243
37279,23,13,22,14171
37311,17,10,16,33619
37359,21,12,20,18935
37375,21,12,20,18943
37407,18,10,17,16853
37423,20,9,19,1405
37487,18,10,17,16889
37567,22,13,21,28561
37583,21,12,20,19049
37631,24,14,23,21457
37759,19,11,18,25517
37791,16,8,15,7567
37871,16,8,15,7583
37935,22,13,21,28841
37951,16,7,15,2533
37999,17,9,16,11413
38047,18,10,17,17141
38079,17,9,16,11437
38143,22,13,21,28999
38191,24,13,23,7259
38271,19,10,18,8621
38367,16,9,15,23047
38399,17,9,16,11533
38447,20,11,19,12991
38559,22,13,21,29315
38607,17,10,16,34787
38767,24,14,23,22105
38783,19,11,18,26209
38815,18,8,17,1943
38847,17,10,16,35003
38895,18,7,17,649
38911,24,14,23,22187
38943,16,9,15,23393
38975,19,11,18,26339
39023,16,9,15,23441
39039,20,10,19,4397
39119,22,13,21,29741
39135,17,10,16,35263
39151,22,13,21,29765
39167,22,13,21,29777
39295,17,10,16,35407
39423,21,12,20,19981
39535,17,10,16,35623
39551,17,9,16,11879
39615,17,10,16,35695
39711,22,13,21,30191
39743,20,11,19,13429
39839,16,7,15,2659
39903,22,13,21,30337
39919,17,10,16,35969
39967,19,9,18,3001
40047,24,14,23,22835
40127,22,12,21,10169
40143,17,8,16,4019
40239,21,12,20,20395
40255,16,9,15,24181
40351,18,10,17,18179
40415,23,10,22,569
40447,23,12,22,5125
40479,22,13,21,30775
40495,20,10,19,4561
40687,17,10,16,36661
40767,20,11,19,13775
40831,16,9,15,24527
40943,19,10,18,9223
41023,19,10,18,9241
41087,20,11,19,13883
41167,16,8,15,8243
41183,19,10,18,9277
41199,18,9,17,6187
41439,21,11,20,7001
41455,21,12,20,21011
41519,20,11,19,14029
41855,17,9,16,12571
41887,19,11,18,28307
41967,19,11,18,28361
41983,23,13,22,15959
42015,19,11,18,28393
42031,21,8,20,263
42143,16,9,15,25315
42191,24,7,23,11
42239,17,10,16,38059
42303,17,10,16,38117
42367,19,11,18,28631
42447,17,9,16,12749
42479,16,9,15,25517
42495,22,12,21,10769
42911,17,10,16,38665
42975,16,8,15,8605
43055,16,8,15,8621
43071,17,10,16,38809
43215,17,10,16,38939
43247,22,13,21,32879
43263,22,13,21,32891
43375,16,6,15,965
43423,18,9,17,6521
43455,20,11,19,14683
43471,18,10,17,19585
43503,18,9,17,6533
43631,16,9,15,26209
43775,17,10,16,39443
43807,22,13,21,33305
43887,16,9,15,26363
43967,23,10,22,619
43999,17,8,16,4405
44015,22,13,21,33463
44063,19,11,18,29777
44079,17,7,16,1471
44143,17,10,16,39775
44223,17,10,16,39847
44239,18,10,17,19931
44319,17,6,16,493
44335,19,9,18,3329
44447,16,9,15,26699
44479,20,11,19,15029
44527,24,12,23,2821
44575,19,9,18,3347
44591,20,11,19,15067
44655,23,13,22,16975
44703,23,13,22,16993
44735,19,9,18,3359
44751,24,14,23,25517
44831,17,9,16,13465
44863,16,8,15,8983
44911,17,9,16,13489
44959,18,10,17,20255
45023,16,7,15,3005
45087,23,12,22,5713
45103,23,10,22,635
45183,16,8,15,9047
45279,16,9,15,27199
45295,24,13,23,8609
45311,17,9,16,13609
45359,17,10,16,40871
45471,23,13,22,17285
45503,20,10,19,5125
45535,17,10,16,41029
45551,21,12,20,23087
45567,21,12,20,23095
45599,17,10,16,41087
45615,20,11,19,15413
45679,17,10,16,41159
45759,19,11,18,30923
45775,16,9,15,27497
45823,22,13,21,34837
45855,16,9,15,27545
45887,18,8,17,2297
45951,24,14,23,26201
46015,22,11,21,3887
46047,20,11,19,15559
46127,17,10,16,41563
46271,23,12,22,5863
46303,22,13,21,35203
46335,16,9,15,27833
46383,21,12,20,23509
46463,17,9,16,13955
46495,24,13,23,8837
46543,22,12,21,11795
46591,22,12,21,11807
46623,23,13,22,17723
46799,20,9,19,1757
46831,16,8,15,9377
46911,16,7,15,3131
46975,19,11,18,31745
47039,21,9,20,883
47103,23,13,22,17905
47167,16,9,15,28333
47231,17,10,16,42557
47311,22,13,21,35969
47327,19,10,18,10661
47359,22,13,21,36005
47423,18,10,17,21365
47487,19,10,18,10697
47599,21,12,20,24125
47663,16,9,15,28631
47775,17,8,16,4783
47807,19,10,18,10769
47823,23,13,22,18179
48063,16,9,15,28871
48095,20,10,19,5417
48111,18,9,17,7225
48159,19,11,18,32545
48191,19,11,18,32567
48239,23,13,22,18337
48287,24,14,23,27533
48431,19,11,18,32729
48511,19,11,18,32783
48543,22,13,21,36905
48607,17,9,16,14599
48671,19,11,18,32891
48687,17,9,16,14623
48831,19,11,18,32999
48847,20,11,19,16505
48879,18,10,17,22021
48959,20,11,19,16543
49055,16,9,15,29467
49087,21,11,20,8293
49135,17,10,16,44273
49199,24,11,23,1039
49215,17,10,16,44345
49279,20,11,19,16651
49311,17,10,16,44431
49343,19,8,18,1235
49391,23,13,22,18775
49567,18,10,17,22331
49599,20,11,19,16759
49631,16,9,15,29813
49823,24,14,23,28409
49919,22,13,21,37951
49983,17,10,16,45037
50079,24,14,23,28555
50143,17,10,16,45181
50159,23,13,22,19067
50287,16,8,15,10069
50303,17,10,16,45325
50367,16,8,15,10085
50495,18,9,17,7583
50591,23,13,22,19231
50639,22,12,21,12833
50671,22,12,21,12841
50847,17,10,16,45815
50895,20,11,19,17197
51055,17,10,16,46003
51103,18,10,17,23023
51151,17,6,16,569
51231,17,8,16,5129
51263,22,12,21,12991
51311,19,11,18,34675
51391,17,7,16,1715
51407,21,9,20,965
51455,17,10,16,46363
51519,16,9,15,30947
51615,22,13,21,39241
51663,17,9,16,15517
51679,24,14,23,29467
51695,21,12,20,26201
51871,18,10,17,23369
51903,19,11,18,35075
51951,18,10,17,23405
51967,20,9,19,1951
51999,22,13,21,39533
52031,18,10,17,23441
52207,22,13,21,39691
52223,19,11,18,35291
52335,19,10,18,11789
52415,19,10,18,11807
52431,17,10,16,47243
52463,22,12,21,13295
52527,19,11,18,35497
52639,22,13,21,40019
52687,16,9,15,31649
52735,19,10,18,11879
52767,19,11,18,35659
52847,16,9,15,31745
52895,23,13,22,20107
52927,19,11,18,35767
52991,20,11,19,17905
53039,18,6,17,295
53119,18,8,17,2659
53183,21,10,20,2995
53279,19,11,18,36005
53295,17,9,16,16007
53359,19,11,18,36059
53439,17,10,16,48151
53503,24,13,23,10169
53551,19,9,18,4021
53695,17,9,16,16127
53759,19,11,18,36329
53791,19,9,18,4039
53807,20,11,19,18181
53871,19,9,18,4045
53887,18,10,17,24277
53919,17,10,16,48583
53967,22,13,21,41029
53983,16,6,15,1201
53999,22,13,21,41053
54015,20,11,19,18251
54239,16,9,15,32581
54303,17,10,16,48929
54319,21,10,20,3059
54463,23,12,22,6901
54495,16,9,15,32735
54575,16,9,15,32783
54751,17,10,16,49333
54767,17,8,16,5483
54783,22,12,21,13883
54815,16,9,15,32927
54975,16,9,15,33023
54991,20,11,19,18581
55167,22,13,21,41941
55231,21,11,20,9331
55263,20,11,19,18673
55327,19,10,18,12463
55343,22,11,21,4675
55359,22,12,21,14029
55407,19,10,18,12481
55423,18,9,17,8323
55503,21,11,20,9377
55519,17,9,16,16675
55535,17,10,16,50039
55679,17,9,16,16723
55711,16,8,15,11155
55871,16,6,15,1243
55919,19,11,18,37789
55999,17,9,16,16819
56047,23,13,22,21305
56063,20,11,19,18943
56127,16,9,15,33715
56175,20,8,19,703
56191,18,10,17,25315
56287,17,10,16,50717
56303,22,13,21,42805
56351,19,11,18,38081
56383,16,9,15,33869
56431,19,11,18,38135
56447,23,13,22,21457
56511,19,11,18,38189
56559,22,12,21,14333
56639,18,10,17,25517
56703,16,9,15,34061
56735,22,13,21,43133
56815,23,12,22,7199
57071,17,9,16,17141
57119,16,8,15,11437
57199,16,8,15,11453
57215,17,10,16,51553
57327,18,9,17,8609
57375,17,10,16,51697
57407,18,9,17,8621
57583,23,13,22,21889
57599,16,8,15,11533
57663,24,14,23,32879
57759,17,10,16,52043
57839,17,10,16,52115
58015,16,9,15,34849
58063,17,8,16,5813
58095,22,13,21,44167
58143,17,8,16,5821
58175,18,10,17,26209
58223,17,7,16,1943
58271,16,9,15,35003
58351,16,9,15,35051
58367,19,11,18,39443
58495,18,10,17,26353
58527,17,10,16,52735
58687,24,14,23,33463
58751,21,12,20,29777
58783,23,13,22,22345
58831,22,12,21,14909
58863,18,10,17,26519
59135,20,11,19,19981
59167,16,7,15,3949
59247,20,10,19,6673
59263,18,10,17,26699
59295,17,9,16,17809
59327,16,8,15,11879
59455,22,12,21,15067
59599,21,11,20,10069
59647,21,10,20,3359
59807,22,13,21,45469
59855,21,12,20,30337
59887,21,12,20,30353
59951,18,8,17,3001
60015,19,10,18,13519
60063,17,10,16,54119
60111,20,11,19,20311
60143,17,10,16,54191
60159,20,11,19,20327
60191,21,11,20,10169
60271,17,10,16,54307
60399,24,14,23,34439
60527,17,9,16,18179
60575,24,13,23,11513
60607,17,9,16,18203
60623,22,9,21,569
60671,22,11,21,5125
60719,19,11,18,41033
60735,23,13,22,23087
60831,17,10,16,54811
60895,16,8,15,12193
60911,17,10,16,54883
60959,19,11,18,41195
61087,21,12,20,30961
61119,19,11,18,41303
61135,17,10,16,55085
61167,24,14,23,34877
61375,17,10,16,55301
61471,16,9,15,36925
61631,19,10,18,13883
61647,16,9,15,37031
61663,17,10,16,55561
61743,19,11,18,41725
61935,23,13,22,23543
61983,19,11,18,41887
62063,19,11,18,41941
62159,20,10,19,7001
62239,21,10,20,3505
62511,17,9,16,18775
62575,19,11,18,42287
62591,22,13,21,47585
62623,22,13,21,47609
62655,19,11,18,42341
62719,23,10,22,883
62783,16,8,15,12571
62943,18,10,17,28357
62975,19,11,18,42557
63023,18,10,17,28393
63183,20,11,19,21349
63343,20,11,19,21403
63359,16,9,15,38059
63423,21,11,20,10715
63455,16,9,15,38117
63519,17,10,16,57233
63535,16,9,15,38165
63551,18,10,17,28631
63599,17,10,16,57305
63743,21,11,20,10769
63951,16,8,15,12805
63983,22,13,21,48643
64047,17,10,16,57709
64191,24,14,23,36601
64207,17,10,16,57853
64239,23,13,22,24419
64287,17,10,16,57925
64383,22,13,21,48947
64447,17,10,16,58069
64479,18,9,17,9683
64495,22,13,21,49033
64543,22,13,21,49069
64575,21,12,20,32729
64591,16,5,15,479
64671,19,11,18,43703
64703,24,14,23,36893
64831,17,10,16,58415
64895,21,12,20,32891
64975,17,8,16,6505
65007,16,9,15,39049
65071,24,14,23,37103
65135,17,8,16,6521
65183,19,10,18,14683
65279,24,13,23,12407
65343,16,9,15,39251
65407,18,10,17,29467
65439,17,10,16,58963
65647,24,12,23,4159
65695,19,11,18,44395
65775,21,12,20,33337
65951,22,9,21,619
66015,18,10,17,29741
66047,24,13,23,12553
66095,18,10,17,29777
66303,17,10,16,59741
66367,17,9,16,19933
66559,24,14,23,37951
66687,17,9,16,20029
66719,19,10,18,15029
66783,18,8,17,3343
66863,18,8,17,3347
66975,21,11,20,11315
67023,19,11,18,45293
67055,17,10,16,60419
67071,17,10,16,60433
67103,18,8,17,3359
67183,18,7,17,1121
67231,19,11,18,45433
67263,18,8,17,3367
67423,18,5,17,125
67439,17,9,16,20255
67695,24,14,23,38599
67791,21,11,20,11453
67839,17,9,16,20375
67903,17,10,16,61183
68031,18,10,17,30649
68047,21,12,20,34489
68063,22,13,21,51745
68207,17,10,16,61457
68223,17,10,16,61471
68255,19,9,18,5125
68287,22,12,21,17305
68335,19,9,18,5131
68351,20,11,19,23095
68415,21,12,20,34675
68463,20,10,19,7711
68639,18,10,17,30923
68671,17,8,16,6875
68735,21,12,20,34837
68815,22,11,21,5813
68831,17,7,16,2297
68847,19,11,18,46525
68911,23,13,22,26195
68927,23,13,22,26201
68991,17,8,16,6907
69023,21,10,20,3887
69055,22,13,21,52499
69071,19,10,18,15559
69231,19,10,18,15595
69327,23,13,22,26353
69407,22,11,21,5863
69487,20,11,19,23479
69567,18,9,17,10447
69631,21,12,20,35291
69743,23,12,22,8837
69823,17,9,16,20971
69855,18,10,17,31471
69871,19,10,18,15739
69887,21,11,20,11807
69935,19,11,18,47261
69951,24,13,23,13295
70047,22,11,21,5917
70111,23,13,22,26651
70175,19,11,18,47423
70255,19,11,18,47477
70303,19,11,18,47509
70335,18,10,17,31687
70351,17,10,16,63389
70383,19,11,18,47563
70431,17,10,16,63461
70527,17,10,16,63547
70559,20,8,19,883
70623,18,10,17,31817
70639,22,8,21,221
70655,22,12,21,17905
70687,24,13,23,13435
70719,20,7,19,295
70783,21,12,20,35875
70815,19,11,18,47855
70879,17,10,16,63865
70911,17,10,16,63893
70959,17,10,16,63937
71039,21,12,20,36005
71119,17,10,16,64081
71135,17,9,16,21365
71199,17,10,16,64153
71359,17,10,16,64297
71423,22,13,21,54299
71647,23,13,22,27235
71679,21,12,20,36329
71711,18,9,17,10769
71743,17,10,16,64643
71791,18,9,17,10781
71919,19,11,18,48601
71999,22,13,21,54737
72159,22,13,21,54859
72175,20,10,19,8129
72191,22,13,21,54883
72239,18,10,17,32545
72431,19,11,18,48947
72511,17,10,16,65335
72575,22,13,21,55175
72607,17,7,16,2423
72639,18,10,17,32725
72767,18,10,17,32783
72815,21,12,20,36905
73007,18,10,17,32891
73023,19,9,18,5483
73087,18,10,17,32927
73119,21,11,20,12353
73247,18,10,17,32999
73343,24,14,23,41819
73407,18,10,17,33071
73599,17,9,16,22105
73631,20,10,19,8293
73791,24,12,23,4675
73935,18,8,17,3701
73951,21,12,20,37481
74047,19,11,18,50039
74143,22,11,21,6263
74207,17,10,16,66863
74223,20,11,19,25079
74399,19,10,18,16759
74559,21,12,20,37789
74655,17,10,16,67267
74719,22,12,21,18935
74735,17,10,16,67339
74751,22,12,21,18943
74879,21,12,20,37951
74911,17,9,16,22499
75071,22,13,21,57073
75135,17,10,16,67699
75247,20,9,19,2825
75423,24,13,23,14335
75471,18,10,17,34001
75519,22,13,21,57413
75647,24,14,23,43133
75743,17,8,16,7583
75823,17,8,16,7591
75887,22,12,21,19231
75935,24,14,23,43297
76095,19,10,18,17141
76143,17,6,16,847
76239,19,11,18,51521
76399,18,9,17,11473
76447,19,11,18,51661
76527,19,11,18,51715
76655,17,9,16,23023
76783,23,10,22,1081
77007,22,11,21,6505
77119,19,11,18,52115
77215,17,9,16,23191
77247,24,14,23,44045
77263,17,10,16,69617
77295,20,11,19,26117
77359,17,10,16,69703
77423,17,10,16,69761
77519,23,13,22,29467
77631,19,8,18,1943
77727,20,11,19,26263
77791,19,7,18,649
77855,18,10,17,35075
77951,19,8,18,1951
78015,22,13,21,59311
78031,17,10,16,70309
78047,17,9,16,23441
78303,23,13,22,29765
78335,18,10,17,35291
78383,24,14,23,44693
78463,22,13,21,59651
78543,18,9,17,11795
78623,18,9,17,11807
78815,17,10,16,71015
78847,22,12,21,19981
78959,21,12,20,40019
79071,18,10,17,35623
79103,18,9,17,11879
79151,18,10,17,35659
79391,18,10,17,35767
79407,22,12,21,20123
79487,19,10,18,17905
79551,18,10,17,35839
79599,17,8,16,7969
79615,22,13,21,60527
79679,17,7,16,2659
79743,17,10,16,71851
79839,18,10,17,35969
79919,18,10,17,36005
79935,20,9,19,3001
79983,22,12,21,20269
79999,22,12,21,20273
80079,18,10,17,36077
80095,21,12,20,40595
80191,19,11,18,54191
80255,23,12,22,10169
80351,24,14,23,45815
80431,17,9,16,24157
80575,22,12,21,20419
80639,18,10,17,36329
80703,19,10,18,18179
80831,17,9,16,24277
80959,17,10,16,72947
81023,19,10,18,18251
81135,17,10,16,73105
81215,19,11,18,54883
81279,17,10,16,73235
81343,21,12,20,41227
81391,20,10,19,9167
81567,22,13,21,62011
81647,19,11,18,55175
81727,17,10,16,73639
81823,17,9,16,24575
81903,22,13,21,62267
81951,22,13,21,62303
81967,17,10,16,73855
82047,17,10,16,73927
82143,24,14,23,46837
82335,22,11,21,6955
82367,17,10,16,74215
82399,19,9,18,6187
82479,21,12,20,41803
82591,17,10,16,74417
82671,17,10,16,74489
82687,24,14,23,47147
82751,21,12,20,41941
82847,20,10,19,9331
82911,22,12,21,21011
82927,22,10,21,2335
83055,17,8,16,8315
83071,21,12,20,42103
83135,17,8,16,8323
83327,22,13,21,63349
83439,20,11,19,28193
83455,24,14,23,47585
83695,19,10,18,18853
83823,24,14,23,47795
83871,20,11,19,28339
84031,20,11,19,28393
84095,19,10,18,18943
84287,17,9,16,25315
84447,19,11,18,57067
84591,24,14,23,48233
84607,19,11,18,57175
84639,19,11,18,57197
84671,17,10,16,76291
84687,18,10,17,38153
84719,19,11,18,57251
84767,18,10,17,38189
84799,19,11,18,57305
85023,24,14,23,48479
85103,21,12,20,43133
85311,24,14,23,48643
85455,18,9,17,12833
85615,18,9,17,12857
85663,17,10,16,77185
85711,21,12,20,43441
85743,17,10,16,77257
86047,17,10,16,77531
86127,17,10,16,77603
86207,22,13,21,65539
86223,18,10,17,38845
86255,22,13,21,65575
86495,19,11,18,58451
86575,17,10,16,78007
86655,19,11,18,58559
86751,17,6,16,965
86815,24,14,23,49501
86911,21,11,20,14683
87007,19,9,18,6533
87151,18,10,17,39263
87199,21,12,20,44195
87231,18,10,17,39299
87263,17,9,16,26209
87343,17,9,16,26233
87423,22,13,21,66463
87551,18,10,17,39443
87583,17,9,16,26305
87679,24,14,23,49993
87743,17,9,16,26353
87759,24,14,23,50039
87935,24,10,23,619
88031,17,10,16,79319
88095,24,14,23,50231
88111,17,10,16,79391
88127,20,11,19,29777
88175,22,12,21,22345
88303,24,13,23,16783
88479,18,8,17,4429
88559,24,14,23,50495
88623,21,12,20,44917
88639,18,6,17,493
88703,19,10,18,19981
88783,22,12,21,22499
88863,23,13,22,33779
88895,17,9,16,26699
88959,21,11,20,15029
89119,17,10,16,80299
89151,20,9,19,3347
89199,17,10,16,80371
89247,18,10,17,40207
89279,17,10,16,80443
89327,24,14,23,50933
89407,19,11,18,60419
89471,20,9,19,3359
89583,17,10,16,80717
89599,22,13,21,68117
89887,17,8,16,8999
89919,19,10,18,20255
89967,17,8,16,9007
90143,22,13,21,68531
90239,19,10,18,20327
90271,24,12,23,5719
90335,22,13,21,68677
90351,17,10,16,81409
90367,17,8,16,9047
90591,19,11,18,61219
90783,18,9,17,13633
90863,23,12,22,11513
90879,23,12,22,11515
90943,19,11,18,61457
91007,21,10,20,5125
91039,17,9,16,27343
91071,24,13,23,17309
91103,19,11,18,61565
91119,17,9,16,27367
91135,17,10,16,82115
91263,19,11,18,61673
91519,20,11,19,30923
91551,18,10,17,41245
91599,18,10,17,41267
91631,20,11,19,30961
91647,23,13,22,34837
91807,24,13,23,17449
91855,21,12,20,46555
91887,17,10,16,82793
91903,17,10,16,82807
91935,19,7,18,767
92031,23,11,22,3887
92095,19,8,18,2305
92575,17,10,16,83413
92623,22,13,21,70417
92655,17,10,16,83485
92831,24,14,23,52931
92863,24,14,23,52949
92879,17,10,16,83687
92959,17,10,16,83759
93439,17,10,16,84191
93487,17,10,16,84235
93631,19,10,18,21091
93663,17,8,16,9377
93695,22,13,21,71231
93727,17,10,16,84451
93743,19,11,18,63349
93807,22,13,21,71317
93855,18,10,17,42283
93887,17,10,16,84595
93903,21,12,20,47593
93935,21,12,20,47609
93983,18,10,17,42341
94063,18,10,17,42377
94143,24,13,23,17893
94239,21,9,20,1769
94399,22,13,21,71767
94415,17,9,16,28357
94463,18,10,17,42557
94511,24,13,23,17963
94623,18,10,17,42629
94687,24,14,23,53989
94767,19,10,18,21347
94831,22,13,21,72095
95167,19,10,18,21437
95199,19,11,18,64333
95231,24,14,23,54299
95263,22,11,21,8047
95343,17,10,16,85907
95359,17,10,16,85921
95423,17,10,16,85979
95535,24,14,23,54473
95551,18,8,17,4783
95615,20,10,19,10769
95711,19,11,18,64679
95743,17,10,16,86267
95791,19,11,18,64733
95951,17,10,16,86455
96111,17,10,16,86599
96127,17,9,16,28871
96191,17,10,16,86671
96223,19,9,18,7225
96255,22,13,21,73177
96287,23,13,22,36601
96303,19,9,18,7231
96319,20,11,19,32545
96479,24,13,23,18337
96511,17,10,16,86959
96575,21,12,20,48947
96719,17,8,16,9683
96735,17,10,16,87161
96815,21,12,20,49069
96895,17,10,16,87305
96975,22,12,21,24575
97007,18,10,17,43703
97023,22,12,21,24587
97055,23,13,22,36893
97087,23,13,22,36905
97263,17,10,16,87637
97311,24,10,23,685
97343,20,11,19,32891
97359,17,5,16,361
97391,22,13,21,74041
97407,22,13,21,74053
97663,20,11,19,32999
97759,19,10,18,22021
97775,18,9,17,14683
97839,19,10,18,22039
97919,23,12,22,12407
97951,22,13,21,74467
98031,21,12,20,49685
98111,17,9,16,29467
98175,22,11,21,8293
98239,19,10,18,22129
98335,21,11,20,16613
98351,19,11,18,66463
98431,17,9,16,29563
98543,18,10,17,44395
98607,21,8,20,617
98623,18,10,17,44431
98751,19,11,18,66733
98767,22,7,21,103
98783,19,11,18,66755
98847,20,8,19,1237
98863,19,11,18,66809
98927,21,8,20,619
98943,21,12,20,50147
99055,23,12,22,12551
99071,23,12,22,12553
99199,17,10,16,89381
99247,21,5,20,23
99487,21,12,20,50423
99567,22,13,21,75695
99647,17,10,16,89785
99791,17,10,16,89915
99807,17,10,16,89929
99839,23,13,22,37951
99967,22,12,21,25333
100079,18,9,17,15029
100463,20,10,19,11315
100559,17,10,16,90607
100575,17,8,16,10069
100655,17,7,16,3359
100735,17,8,16,10085
100767,18,10,17,45397
100799,19,11,18,68117
100815,18,10,17,45419
100847,18,10,17,45433
100895,17,7,16,3367
100975,23,13,22,38383
101055,20,11,19,34145
101071,19,9,18,7589
101119,17,10,16,91111
101135,17,4,16,125
101151,19,9,18,7595
101183,24,13,23,19231
101231,22,13,21,76961
101407,23,11,22,4283
101487,22,13,21,77155
101503,22,13,21,77167
101615,24,13,23,19313
101679,22,10,21,2863
101695,18,10,17,45815
101871,22,13,21,77447
101919,20,10,19,11479
101999,22,13,21,77545
102047,17,9,16,30649
102079,20,10,19,11497
102095,19,11,18,68993
102127,21,12,20,51761
102175,17,10,16,92063
102255,17,10,16,92135
102383,18,8,17,5125
102431,21,11,20,17305
102447,19,10,18,23077
102463,18,8,17,5129
102511,20,11,19,34637
102607,22,13,21,78007
102623,20,11,19,34675
102639,22,13,21,78031
102655,17,10,16,92495
102703,17,10,16,92539
102783,18,7,17,1715
102847,19,10,18,23167
102943,17,10,16,92755
102959,17,9,16,30923
103023,17,10,16,92827
103039,21,12,20,52223
103071,22,13,21,78359
103103,20,11,19,34837
103119,24,12,23,6533
103199,22,13,21,78457
103391,19,11,18,69869
103535,20,9,19,3887
103551,24,13,23,19681
103583,17,10,16,93331
103615,21,9,20,1945
103663,22,13,21,78809
103807,17,10,16,93533
103871,22,13,21,78967
103887,24,13,23,19745
103935,21,9,20,1951
104143,19,10,18,23459
104351,17,8,16,10447
104383,19,10,18,23513
104415,19,11,18,70561
104431,17,7,16,3485
104447,20,11,19,35291
104495,19,11,18,70615
104575,17,10,16,94225
104607,24,14,23,59645
104671,20,10,19,11789
104831,20,10,19,11807
104927,23,12,22,13295
104943,24,14,23,59837
104959,23,11,22,4433
105007,19,11,18,70961
105071,21,10,20,5917
105087,18,9,17,15781
105151,20,10,19,11843
105167,19,11,18,71069
105247,19,11,18,71123
105279,23,13,22,40019
105407,19,11,18,71231
105455,18,10,17,47509
105503,17,9,16,31687
105535,20,11,19,35659
105583,20,11,19,35675
105631,24,14,23,60229
105663,21,11,20,17851
105679,19,8,18,2645
105711,23,13,22,40183
105775,22,11,21,8935
105855,20,11,19,35767
105887,17,10,16,95407
105951,17,10,16,95465
105967,22,13,21,80561
105983,21,11,20,17905
106015,20,11,19,35821
106031,17,10,16,95537
106111,23,12,22,13445
106143,24,14,23,60521
106175,20,11,19,35875
106223,18,10,17,47855
106431,24,14,23,60685
106479,17,10,16,95941
106559,17,10,16,96013
106719,17,10,16,96157
106735,17,9,16,32057
106943,24,14,23,60977
107055,24,13,23,20347
107135,21,12,20,54299
107263,19,11,18,72485
107327,22,13,21,81595
107391,18,9,17,16127
107519,20,11,19,36329
107567,17,8,16,10769
107647,23,13,22,40919
107727,17,7,16,3595
107759,22,13,21,81923
107775,19,10,18,24277
107839,18,10,17,48583
107935,22,13,21,82057
107983,21,9,20,2027
107999,21,12,20,54737
108031,21,11,20,18251
108079,24,14,23,61625
108239,19,11,18,73145
108271,21,12,20,54875
108287,19,11,18,73177
108447,18,10,17,48857
108607,18,10,17,48929
108751,19,10,18,24497
108863,21,12,20,55175
108959,17,9,16,32725
109007,17,10,16,98219
109039,17,9,16,32749
109183,21,12,20,55337
109215,23,13,22,41515
109263,19,11,18,73837
109311,19,10,18,24623
109343,19,11,18,73891
109503,17,10,16,98665
109535,18,8,17,5483
109615,18,7,17,1829
109679,20,10,19,12353
109727,22,13,21,83419
109759,21,10,20,6181
109775,17,10,16,98911
109823,19,11,18,74215
109855,18,6,17,611
109871,17,9,16,32999
110015,23,13,22,41819
110031,22,13,21,83651
110111,17,9,16,33071
110271,17,9,16,33119
110367,19,9,18,8287
110447,19,9,18,8293
110495,17,10,16,99559
110623,21,11,20,18689
110639,17,10,16,99689
110799,22,13,21,84235
110847,19,9,18,8323
110895,21,10,20,6245
111039,17,10,16,100049
111071,18,10,17,50039
111087,22,12,21,28151
111103,22,11,21,9385
111135,20,10,19,12517
111151,23,13,22,42251
111215,21,10,20,6263
111423,17,8,16,11155
111583,24,14,23,63623
111663,19,10,18,25153
111727,20,11,19,37751
111807,21,11,20,18889
111839,20,11,19,37789
111919,23,11,22,4727
111999,18,9,17,16819
112063,22,13,21,85195
112079,21,11,20,18935
112095,21,12,20,56813
112127,21,11,20,18943
112159,20,11,19,37897
112255,22,12,21,28447
112319,20,11,19,37951
112335,17,9,16,33739
112495,19,11,18,76021
112575,17,9,16,33811
112607,19,11,18,76097
112687,19,11,18,76151
112767,18,10,17,50803
112847,19,11,18,76259
112863,17,10,16,101693
112895,19,11,18,76291
112959,17,10,16,101779
113023,17,10,16,101837
113119,23,12,22,14333
113135,23,12,22,14335
113279,21,12,20,57413
113311,21,8,20,709
113343,17,10,16,102125
113407,19,11,18,76637
113439,24,14,23,64681
113471,23,13,22,43133
113631,17,10,16,102385
113647,17,9,16,34133
113791,22,13,21,86509
113903,23,13,22,43297
114143,18,9,17,17141
114159,22,13,21,86789
114223,18,9,17,17153
114383,22,13,21,86959
114415,17,10,16,103091
114431,22,13,21,86995
114671,18,10,17,51661
114751,18,10,17,51697
114847,20,10,19,12935
114879,17,8,16,11501
115007,24,14,23,65575
115103,17,10,16,103711
115359,22,13,21,87701
115391,22,13,21,87725
115519,18,10,17,52043
115647,21,12,20,58613
115679,18,10,17,52115
115839,18,10,17,52187
115871,23,13,22,44045
115951,24,14,23,66113
116031,17,9,16,34849
116175,21,11,20,19627
116191,21,12,20,58889
116383,22,10,21,3277
116431,24,13,23,22129
116463,21,12,20,59027
116591,19,10,18,26263
116639,17,10,16,105095
116687,18,6,17,649
116767,18,8,17,5845
116927,18,7,17,1951
116943,17,9,16,35123
116991,19,10,18,26353
117199,24,9,23,275
117231,24,12,23,7427
117375,24,14,23,66925
117407,17,10,16,105787
117455,19,11,18,79373
117487,17,10,16,105859
117503,17,9,16,35291
117535,19,11,18,79427
117567,17,10,16,105931
117695,21,12,20,59651
117871,17,10,16,106205
117887,24,14,23,67217
117951,17,10,16,106277
117967,19,10,18,26573
118271,17,10,16,106565
118511,24,14,23,67573
118527,22,13,21,90109
118559,19,11,18,80119
118575,17,6,16,1319
118639,19,11,18,80173
118655,17,8,16,11879
118719,17,10,16,106969
118831,18,9,17,17845
118975,23,10,22,1675
118991,19,11,18,80411
119039,19,11,18,80443
119087,17,9,16,35767
119103,22,13,21,90547
119199,24,13,23,22655
119231,18,9,17,17905
119327,17,9,16,35839
119343,23,13,22,45365
119407,17,9,16,35863
119423,17,10,16,107603
119455,21,10,20,6727
119487,22,13,21,90839
119839,18,10,17,53989
119855,17,10,16,107993
119919,20,11,19,40519
119967,20,11,19,40535
119999,21,11,20,20273
120191,24,14,23,68531
120255,22,13,21,91423
120287,18,10,17,54191
120303,19,8,18,3011
120319,21,11,20,20327
120527,23,13,22,45815
120799,22,13,21,91837
120863,17,10,16,108901
120943,17,10,16,108973
120959,17,9,16,36329
121055,18,9,17,18179
121071,22,10,21,3409
121215,18,9,17,18203
121391,22,13,21,92287
121471,21,12,20,61565
121535,18,9,17,18251
121711,17,8,16,12185
121727,17,10,16,109679
121791,21,12,20,61727
121823,18,10,17,54883
122015,20,11,19,41227
122095,21,11,20,20627
122175,17,10,16,110083
122271,19,11,18,82627
122335,21,12,20,62003
122351,21,12,20,62011
122399,22,13,21,93053
122559,24,14,23,69881
122607,20,9,19,4603
122751,18,10,17,55301
122863,17,9,16,36901
122911,18,10,17,55373
122927,21,12,20,62303
122943,17,9,16,36925
123295,19,10,18,27773
123327,24,14,23,70319
123375,19,10,18,27791
123583,22,13,21,93953
123599,18,8,17,6187
123631,20,11,19,41773
123647,24,14,23,70501
123679,18,8,17,6191
123711,17,10,16,111467
123759,18,7,17,2065
123871,24,13,23,23543
124031,17,10,16,111755
124063,20,10,19,13973
124319,19,11,18,84011
124367,21,11,20,21011
124383,24,14,23,70921
124399,17,10,16,112087
124671,24,13,23,23695
124783,17,10,16,112433
124799,17,10,16,112447
124831,19,9,18,9373
124991,21,12,20,63349
125183,17,10,16,112793
125247,23,13,22,47609
125487,17,8,16,12563
125551,17,10,16,113125
125567,22,13,21,95461
125599,21,10,20,7073
125631,23,13,22,47755
125679,20,10,19,14155
125695,24,14,23,71669
125807,19,10,18,28339
125887,21,12,20,63803
126063,18,9,17,18931
126143,18,9,17,18943
126159,17,9,16,37891
126367,19,10,18,28465
126399,23,13,22,48047
126447,19,10,18,28483
126511,22,13,21,96179
126671,18,10,17,57067
126703,20,11,19,42811
126751,19,11,18,85655
126831,19,11,18,85709
126879,19,11,18,85741
126911,18,10,17,57175
127023,21,12,20,64379
127087,22,13,21,96617
127167,17,10,16,114581
127199,18,10,17,57305
127231,19,11,18,85979
127391,19,11,18,86087
127535,23,13,22,48479
127615,23,13,22,48509
127695,17,10,16,115057
127775,17,10,16,115129
127935,21,12,20,64841
127967,23,13,22,48643
128047,18,9,17,19229
128223,22,13,21,97481
128255,17,10,16,115561
128479,17,10,16,115763
128543,24,13,23,24431
128559,17,10,16,115835
128719,23,13,22,48929
129055,18,10,17,58141
129087,17,10,16,116311
129135,18,10,17,58177
129151,23,13,22,49093
129231,22,12,21,32749
129343,20,11,19,43703
129407,22,13,21,98381
129583,18,10,17,58379
129743,18,10,17,58451
129775,20,11,19,43849
129823,18,10,17,58487
129855,24,14,23,74041
129983,18,10,17,58559
130015,17,9,16,39049
130367,20,10,19,14683
130511,18,8,17,6533
130527,21,12,20,66155
130671,18,8,17,6541
130687,24,14,23,74515
130719,17,10,16,117781
130799,20,11,19,44195
130943,17,10,16,117983
130975,19,10,18,29503
131007,22,12,21,33199
131055,23,13,22,49817
131135,21,12,20,66463
131311,24,11,23,2773
131391,20,11,19,44395
131519,23,13,22,49993
131839,18,10,17,59395
131903,23,9,22,619
131967,22,13,21,100327
132223,22,9,21,1241
132591,19,10,18,29867
132607,18,10,17,59741
132735,20,11,19,44849
132975,18,9,17,19969
133023,19,11,18,89893
133279,24,13,23,25331
133327,24,14,23,76021
133375,18,9,17,20029
133439,20,10,19,15029
133535,19,11,18,90239
133583,24,11,23,2821
133615,19,11,18,90293
133743,18,10,17,60253
133759,20,10,19,15065
133951,22,11,21,11315
134207,19,8,18,3359
134271,23,11,22,5671
134303,24,14,23,76577
134367,19,7,18,1121
134399,21,12,20,68117
134463,20,11,19,45433
134527,19,8,18,3367
134687,22,13,21,102395
135071,24,14,23,77015
135215,21,12,20,68531
135327,22,13,21,102881
135359,18,9,17,20327
135375,23,12,22,17153
135807,20,11,19,45887
135887,18,10,17,61219
135967,18,10,17,61255
136063,19,10,18,30649
136127,24,14,23,77617
136239,22,12,21,34525
136319,22,11,21,11515
136415,18,10,17,61457
136447,18,10,17,61471
136495,18,10,17,61493
136575,23,12,22,17305
136607,23,12,22,17309
136655,18,10,17,61565
136671,20,9,19,5131
136735,18,10,17,61601
136895,18,10,17,61673
136911,23,13,22,52043
137151,24,12,23,8689
137263,24,14,23,78265
137279,19,10,18,30923
137343,23,13,22,52207
137471,22,12,21,34837
137599,22,13,21,104609
137695,20,11,19,46525
137919,24,13,23,26213
138047,22,10,21,3887
138111,19,11,18,93331
138143,18,7,17,2305
138207,22,13,21,105071
138223,19,11,18,93407
138495,24,14,23,78967
138799,22,13,21,105521
138991,20,11,19,46963
139135,19,9,18,10447
139247,23,13,22,52931
139295,23,13,22,52949
139311,23,13,22,52955
139327,21,12,20,70615
139375,21,12,20,70639
139487,24,12,23,8837
139743,20,10,19,15739
140031,22,13,21,106457
140095,23,11,22,5917
140191,19,10,18,31579
140223,22,13,21,106603
140271,19,10,18,31597
140415,22,11,21,11861
140447,18,9,17,21091
140543,21,12,20,71231
140607,20,11,19,47509
140671,19,10,18,31687
140767,20,11,19,47563
141183,19,11,18,95407
141215,19,11,18,95429
141279,23,8,22,221
141359,20,8,19,1769
141375,19,11,18,95537
141423,21,12,20,71677
141519,22,12,21,35863
141567,22,12,21,35875
141679,20,6,19,197
142031,23,13,22,53989
142079,24,14,23,81011
142191,18,9,17,21353
142447,24,14,23,81221
142751,18,9,17,21437
142799,18,10,17,64333
142831,23,13,22,54293
142847,23,13,22,54299
142895,21,10,20,8047
142959,18,10,17,64405
143567,18,10,17,64679
143583,19,9,18,10781
143679,24,14,23,81923
143775,21,12,20,72869
143839,20,11,19,48601
144319,22,13,21,109717
144351,21,10,20,8129
144383,21,12,20,73177
144415,23,13,22,54895
144431,22,12,21,36601
144623,24,13,23,27487
144799,23,12,22,18347
144863,20,11,19,48947
144943,21,11,20,24487
145135,18,8,17,7265
145215,18,7,17,2423
145263,22,13,21,110435
145279,19,10,18,32725
145439,22,13,21,110569
145519,21,12,20,73753
145535,21,11,20,24587
145631,22,12,21,36905
145791,21,12,20,73891
145967,23,9,22,685
146031,22,13,21,111019
146111,21,12,20,74053
146127,24,13,23,27773
146159,24,13,23,27779
146303,24,14,23,83419
146367,20,9,19,5495
146399,22,13,21,111299
146495,19,10,18,32999
146671,18,10,17,66077
146815,19,10,18,33071
146847,22,12,21,37213
146879,22,11,21,12407
147183,24,14,23,83921
147263,21,10,20,8293
147327,19,11,18,99559
147359,18,9,17,22129
147439,19,11,18,99635
147503,20,10,19,16613
147519,19,11,18,99689
147583,21,10,20,8311
147615,22,13,21,112223
147679,19,11,18,99797
147903,21,10,20,8329
148015,22,11,21,12503
148127,18,10,17,66733
148207,18,10,17,66769
148223,22,13,21,112685
148287,23,11,22,6263
148415,20,11,19,50147
148447,21,11,20,25079
148591,19,8,18,3719
148607,22,11,21,12553
148671,19,8,18,3721
148975,22,13,21,113257
148991,22,13,21,113269
149567,22,13,21,113707
149759,22,12,21,37951
149823,18,9,17,22499
149919,21,12,20,75983
149951,21,11,20,25333
150127,22,13,21,114133
150207,19,10,18,33835
150463,20,11,19,50839
150511,21,12,20,76283
150559,19,11,18,101743
150639,23,12,22,19087
150719,22,13,21,114583
150735,21,12,20,76397
150783,22,13,21,114631
150943,22,12,21,38251
151039,23,13,22,57413
151199,18,10,17,68117
151279,18,10,17,68153
151407,23,13,22,57553
151455,24,14,23,86357
151583,19,10,18,34145
151663,19,10,18,34163
151711,21,12,20,76891
151775,19,11,18,102565
152111,22,10,21,4283
152255,19,11,18,102889
152271,22,13,21,115763
152287,18,6,17,847
152575,24,14,23,86995
152607,19,11,18,103127
152799,19,9,18,11473
152879,19,9,18,11479
153039,22,13,21,116347
153055,20,11,19,51715
153119,19,9,18,11497
153279,19,9,18,11509
153567,24,10,23,1081
153631,22,13,21,116797
153647,20,10,19,17305
153663,22,13,21,116821
153711,21,12,20,77905
153855,24,14,23,87725
154111,22,13,21,117161
154159,23,11,22,6511
154223,24,14,23,87935
154431,18,9,17,23191
154559,20,11,19,52223
154591,21,11,20,26117
154607,21,12,20,78359
154655,19,10,18,34837
154735,19,10,18,34855
154815,19,10,18,34873
154927,19,11,18,104695
155119,18,10,17,69883
155167,19,11,18,104857
155327,19,11,18,104965
155423,20,8,19,1945
155503,21,8,20,973
155519,19,11,18,105095
155679,19,11,18,105203
155807,21,12,20,78967
155887,18,10,17,70229
155903,20,8,19,1951
156063,21,12,20,79097
156575,18,9,17,23513
156655,18,9,17,23525
156671,19,10,18,35291
156911,23,13,22,59645
156927,23,13,22,59651
156991,22,13,21,119351
157167,22,13,21,119485
157391,22,11,21,13295
157423,18,10,17,70921
157439,22,10,21,4433
157551,22,13,21,119777
157759,22,13,21,119935
158111,18,10,17,71231
158191,18,10,17,71267
158319,22,13,21,120361
158415,21,10,20,8921
158447,23,13,22,60229
158495,20,10,19,17851
158575,24,13,23,30139
158703,21,12,20,80435
158975,20,10,19,17905
159023,19,10,18,35821
159135,22,12,21,40327
159183,23,13,22,60509
159199,18,8,17,7969
159215,23,13,22,60521
159231,19,11,18,107603
159263,19,10,18,35875
159423,19,10,18,35911
159439,24,11,23,3367
159647,23,13,22,60685
159679,20,11,19,53953
159951,20,9,19,6005
159967,19,11,18,108101
160239,24,13,23,30455
160255,19,11,18,108295
160415,23,13,22,60977
160447,23,13,22,60989
160463,22,13,21,121991
160879,19,10,18,36239
160895,18,10,17,72485
160959,19,10,18,36257
160991,19,11,18,108793
161071,19,11,18,108847
161231,24,14,23,91931
161279,19,10,18,36329
161311,19,11,18,109009
161407,24,13,23,30677
161471,19,11,18,109117
161487,22,10,21,4547
161647,21,10,20,9103
161663,18,9,17,24277
161727,20,10,19,18215
161823,19,11,18,109355
161855,22,13,21,123049
161903,19,11,18,109409
161919,24,14,23,92323
161999,20,11,19,54737
162031,24,14,23,92387
162047,20,10,19,18251
162255,19,8,18,4061
162271,18,10,17,73105
162287,22,13,21,123377
162351,23,11,22,6857
162431,18,10,17,73177
162511,21,11,20,27455
162559,21,11,20,27463
162591,20,11,19,54937
162687,22,12,21,41227
162751,20,11,19,54991
162799,18,10,17,73343
162895,19,5,18,151
163055,22,13,21,123961
163135,23,13,22,62011
163199,24,14,23,93053
163231,24,14,23,93071
163647,18,9,17,24575
163823,22,12,21,41515
163903,23,13,22,62303
163967,18,9,17,24623
164335,23,13,22,62467
164511,24,13,23,31267
164591,21,12,20,83419
164607,21,11,20,27809
164735,18,10,17,74215
164767,22,13,21,125263
164847,21,12,20,83549
164895,21,12,20,83573
165023,22,12,21,41819
165183,18,10,17,74417
165327,19,10,18,37241
165343,18,10,17,74489
165359,22,13,21,125713
165375,19,11,18,111755
165759,21,12,20,84011
165791,22,13,21,126041
166095,20,10,19,18707
166111,18,8,17,8315
166191,18,7,17,2773
166271,18,8,17,8323
166367,24,14,23,94859
166431,18,7,17,2777
166511,19,11,18,112523
166591,22,13,21,126649
166655,21,10,20,9385
166671,18,4,17,103
166911,24,13,23,31723
167119,22,13,21,127051
167375,23,13,22,63623
167423,24,14,23,95461
167551,21,12,20,84919
167583,19,9,18,12583
167711,20,10,19,18889
167791,21,10,20,9449
168047,24,13,23,31939
168095,19,11,18,113593
168143,20,11,19,56813
168191,20,10,19,18943
168239,19,10,18,37897
168351,22,13,21,127987
168479,19,10,18,37951
168495,18,9,17,25303
168559,19,10,18,37969
168639,23,13,22,64103
168655,21,11,20,28493
168735,20,11,19,57013
168991,21,12,20,85649
169119,19,10,18,38095
169183,19,11,18,114329
169215,20,11,19,57175
169263,19,11,18,114383
169343,18,10,17,76291
169423,19,11,18,114491
169503,19,11,18,114545
169599,21,12,20,85957
169631,19,11,18,114631
169663,19,11,18,114653
169855,21,12,20,86087
169887,21,8,20,1063
169967,20,7,19,709
170047,22,13,21,129277
170111,18,10,17,76637
170479,22,13,21,129605
171039,18,9,17,25685
171167,19,11,18,115669
171423,20,10,19,19307
171487,18,10,17,77257
171551,24,13,23,32605
171567,18,10,17,77293
171647,21,12,20,86995
171679,19,11,18,116015
172015,18,10,17,77495
172063,22,12,21,43603
172095,18,10,17,77531
172143,23,13,22,65435
172255,18,10,17,77603
172271,19,9,18,12935
172447,22,13,21,131101
172511,23,13,22,65575
172671,22,12,21,43757
172959,22,13,21,131491
173039,21,12,20,87701
173055,22,13,21,131563
173087,21,12,20,87725
173103,18,8,17,8665
173263,18,7,17,2891
173295,19,11,18,117107
173471,20,11,19,58613
173807,22,12,21,44045
174191,22,13,21,132427
174207,22,13,21,132439
174319,19,11,18,117799
174399,22,12,21,44195
174495,20,9,19,6551
174543,19,10,18,39317
174575,21,9,20,3277
174719,24,12,23,11069
175039,18,10,17,78857
175135,21,12,20,88763
175311,20,10,19,19745
175407,18,9,17,26341
175567,19,11,18,118643
175599,24,14,23,100123
175647,18,9,17,26377
175727,19,11,18,118751
175775,19,11,18,118783
175807,18,9,17,26401
176031,21,10,20,9913
176063,23,13,22,66925
176175,18,10,17,79369
176335,20,11,19,59581
176367,19,11,18,119183
176543,20,11,19,59651
176575,18,10,17,79549
176623,21,11,20,29839
176831,23,13,22,67217
176959,19,8,18,4429
177151,22,13,21,134677
177279,24,14,23,101081
177695,22,13,21,135091
177791,21,12,20,90109
177871,18,9,17,26711
178047,21,12,20,90239
178111,18,9,17,26747
178287,22,13,21,135541
178399,18,10,17,80371
178495,19,10,18,40207
178559,18,10,17,80443
178655,21,12,20,90547
178671,21,11,20,30185
178799,23,12,22,22655
178815,23,12,22,22657
178879,18,10,17,80587
178927,19,11,18,120913
179167,18,10,17,80717
179183,20,9,19,6727
179231,21,12,20,90839
179439,19,11,18,121259
179503,21,12,20,90977
179583,24,14,23,102395
179951,19,10,18,40535
180159,24,13,23,34241
180415,18,8,17,9031
180447,22,13,21,137183
180463,19,11,18,121951
180543,19,11,18,122005
180639,20,10,19,20345
180671,24,14,23,103015
180895,19,11,18,122243
180975,19,11,18,122297
181151,24,14,23,103289
181567,19,9,18,13633
181631,22,13,21,138083
181727,24,12,23,11513
181759,24,12,23,11515
181807,22,13,21,138217
181999,22,12,21,46121
182175,21,10,20,10259
182383,22,13,21,138655
182399,22,13,21,138667
182479,18,9,17,27403
182687,20,11,19,61727
182767,21,11,20,30877
182895,24,12,23,11587
182943,19,10,18,41209
182975,22,13,21,139105
183023,19,10,18,41227
183039,18,9,17,27487
183103,19,10,18,41245
183279,20,11,19,61927
183295,24,13,23,34837
183407,18,10,17,82627
183423,22,13,21,139445
183487,18,10,17,82663
183599,21,12,20,93053
183615,19,11,18,124081
183807,18,10,17,82807
183839,23,13,22,69881
183855,23,13,22,69887
183967,19,11,18,124319
184047,19,11,18,124373
184191,20,8,19,2305
184255,18,10,17,83009
184351,22,12,21,46717
184431,24,13,23,35053
184543,22,13,21,140297
184623,18,9,17,27725
184831,21,12,20,93677
184863,18,9,17,27761
184943,18,9,17,27773
184959,19,10,18,41663
185071,23,13,22,70349
185119,22,13,21,140735
185391,18,10,17,83521
185455,24,14,23,105743
185471,23,13,22,70501
185727,22,13,21,141197
185807,23,12,22,23543
185983,19,11,18,125681
186303,22,13,21,141635
186399,18,10,17,83975
186479,18,10,17,84011
186495,19,9,18,14003
186575,23,13,22,70921
186991,23,12,22,23693
187007,23,12,22,23695
187119,22,13,21,142255
187247,18,8,17,9373
187263,20,10,19,21091
187375,20,11,19,63311
187423,21,12,20,94991
187519,19,11,18,126719
187711,19,10,18,42283
187871,22,12,21,47609
187887,22,11,21,15871
188095,22,13,21,142997
188223,22,13,21,143095
188351,21,12,20,95461
188399,20,9,19,7073
188463,22,12,21,47759
188479,22,9,21,1769
188543,23,13,22,71669
188575,23,13,22,71681
188639,22,13,21,143411
188655,19,11,18,127487
188863,22,13,21,143581
189167,24,13,23,35953
189247,19,10,18,42629
189439,22,13,21,144019
189471,22,13,21,144043
189567,19,10,18,42701
189759,19,11,18,128233
189935,24,10,23,1337
190111,21,12,20,96353
190191,19,11,18,128525
190319,18,10,17,85741
190335,20,10,19,21437
190527,23,11,22,8047
190591,19,11,18,128795
190671,24,13,23,36239
190719,18,10,17,85921
190879,20,11,19,64495
190959,21,11,20,32261
191023,19,8,18,4781
191087,18,10,17,86087
191183,24,14,23,109009
191263,23,13,22,72703
191423,22,12,21,48509
191695,18,9,17,28787
191727,23,12,22,24293
191791,21,12,20,97205
191807,22,13,21,145819
191951,22,12,21,48643
192031,23,13,22,72995
192111,21,12,20,97367
192559,22,12,21,48797
192703,18,10,17,86815
192815,23,12,22,24431
192927,24,14,23,110003
192959,22,13,21,146695
192991,19,11,18,130417
193135,22,12,21,48943
193183,22,12,21,48955
193215,24,14,23,110167
193231,18,10,17,87053
193263,23,13,22,73463
193311,18,10,17,87089
193471,24,12,23,12257
193567,22,13,21,147157
193663,19,11,18,130871
193727,22,12,21,49093
193791,18,10,17,87305
193919,22,13,21,147425
193983,22,13,21,147473
194015,19,10,18,43703
194047,23,12,22,24587
194095,19,10,18,43721
194239,24,13,23,36917
194495,22,13,21,147863
194687,19,11,18,131563
194783,23,13,22,74041
194799,21,12,20,98729
194815,23,13,22,74053
195039,19,11,18,131801
195199,19,11,18,131909
195263,24,14,23,111335
195311,22,13,21,148483
195551,19,9,18,14683
195567,20,11,19,66079
195583,24,14,23,111517
195695,22,13,21,148775
195839,24,12,23,12407
195887,22,13,21,148921
196031,23,13,22,74515
196063,22,12,21,49685
196143,24,13,23,37279
196255,18,10,17,88415
196479,20,10,19,22129
196543,21,12,20,99613
196591,20,11,19,66425
196671,22,11,21,16613
196719,24,14,23,112165
196767,23,13,22,74795
196831,24,14,23,112229
197023,18,9,17,29587
197087,19,10,18,44395
197119,24,14,23,112393
197167,19,10,18,44413
197279,22,12,21,49993
197503,20,11,19,66733
197599,19,11,18,133531
197631,24,14,23,112685
197791,18,10,17,89107
197855,22,8,21,619
197887,22,12,21,50147
197935,20,8,19,2477
197951,19,11,18,133769
198047,22,13,21,150563
198111,19,11,18,133877
198175,24,8,23,155
198255,20,7,19,827
198271,22,13,21,150733
198303,21,12,20,100505
198335,21,8,20,1241
198399,24,14,23,113123
198495,22,5,21,23
198767,24,14,23,113333
199103,19,10,18,44849
199135,23,13,22,75695
199167,23,13,22,75707
199327,18,9,17,29933
199407,18,9,17,29945
199423,24,14,23,113707
199535,18,10,17,89893
199711,20,10,19,22493
199791,22,13,21,151889
199839,22,13,21,151925
199919,23,12,22,25331
199935,23,12,22,25333
199999,22,13,21,152047
200095,18,10,17,90145
200127,19,11,18,135239
200143,18,10,17,90167
200303,18,10,17,90239
200383,22,13,21,152339
200559,24,14,23,114355
200639,19,9,18,15065
200735,24,14,23,114455
200751,22,12,21,50873
200927,21,10,20,11315
200943,18,10,17,90527
200959,22,13,21,152777
201007,23,12,22,25469
201151,22,13,21,152923
201183,22,13,21,152947
201199,22,13,21,152959
201215,22,13,21,152971
201327,22,12,21,51019
201375,22,12,21,51031
201407,22,10,21,5671
201455,23,13,22,76577
201631,18,8,17,10093
201663,19,11,18,136277
201695,19,10,18,45433
201711,18,8,17,10097
201759,20,11,19,68171
201775,21,12,20,102265
201791,18,7,17,3367
202111,21,11,20,34145
202607,23,13,22,77015
202687,21,12,20,102727
202783,20,9,19,7613
202879,19,11,18,137099
202975,23,13,22,77155
202991,21,12,20,102881
203007,21,12,20,102889
203247,18,10,17,91565
203311,19,10,18,45797
203471,24,14,23,116015
203503,22,13,21,154711
203711,19,10,18,45887
203743,19,11,18,137683
203839,21,10,20,11479
203935,22,13,21,155039
204079,20,10,19,22985
204095,18,9,17,30649
204159,21,10,20,11497
204191,23,13,22,77617
204255,19,11,18,138029
204319,22,10,21,5753
204335,19,11,18,138083
204415,24,13,23,38851
204479,21,10,20,11515
204703,18,10,17,92221
204735,19,11,18,138353
204783,20,11,19,69193
204831,20,11,19,69209
204863,22,11,21,17305
204911,22,11,21,17309
204927,24,14,23,116845
205007,19,8,18,5131
205023,21,11,20,34637
205295,24,14,23,117055
205439,24,14,23,117137
205471,18,10,17,92567
206079,22,12,21,52223
206143,23,13,22,78359
206239,24,14,23,117593
206319,18,9,17,30983
206495,24,14,23,117739
206543,19,10,18,46525
206575,24,14,23,117785
206959,23,11,22,8741
207007,24,14,23,118031
207055,21,12,20,104941
207103,21,12,20,104965
207167,18,10,17,93331
207295,24,14,23,118195
207311,21,12,20,105071
207327,23,13,22,78809
207471,20,9,19,7789
207519,24,12,23,13147
207599,22,13,21,157825
207615,22,13,21,157837
207743,23,13,22,78967
207807,19,11,18,140429
207855,18,10,17,93641
207983,22,13,21,158117
208031,22,13,21,158153
208079,24,14,23,118643
208191,22,13,21,158275
208591,19,11,18,140959
208703,18,8,17,10447
208799,24,14,23,119053
208831,19,11,18,141121
208863,18,7,17,3485
208927,20,10,19,23531
208943,19,11,18,141197
209023,18,8,17,10463
209215,22,13,21,159053
209343,19,11,18,141467
209375,22,13,21,159175
209407,20,10,19,23585
209615,19,9,18,15739
209695,19,9,18,15745
209791,22,13,21,159491
209919,24,11,23,4433
209967,21,12,20,106417
210047,21,12,20,106457
210079,23,13,22,79855
210111,24,14,23,119801
210143,22,10,21,5917
210175,19,9,18,15781
210223,20,10,19,23677
210335,21,12,20,106603
210463,23,10,22,2963
210559,18,10,17,94859
210623,21,10,20,11861
210687,19,11,18,142375
210911,19,10,18,47509
210975,20,11,19,71285
210991,19,10,18,47527
211007,18,9,17,31687
211055,24,11,23,4457
211151,19,10,18,47563
211167,21,11,20,35675
211327,22,11,21,17851
211423,24,13,23,40183
211567,20,11,19,71485
211647,23,11,22,8939
211663,19,11,18,143035
211711,19,10,18,47689
211743,19,11,18,143089
211775,18,10,17,95407
211935,19,11,18,143219
212095,18,10,17,95551
212223,19,11,18,143413
212287,22,13,21,161389
212383,21,12,20,107641
212463,18,10,17,95717
213311,22,13,21,162167
213471,18,9,17,32057
213487,22,13,21,162301
213759,19,11,18,144451
213887,22,13,21,162605
213919,18,10,17,96373
213999,18,10,17,96409
214271,19,11,18,144797
214527,20,11,19,72485
214767,18,10,17,96755
214895,24,13,23,40843
215167,18,10,17,96935
215295,21,12,20,109117
215519,23,13,22,81923
215663,20,11,19,72869
215759,19,10,18,48601
215791,22,13,21,164053
215839,19,10,18,48619
215871,21,12,20,109409
215919,24,14,23,123113
216175,21,11,20,36521
216255,20,11,19,73069
216271,23,12,22,27403
216383,24,14,23,123377
216479,21,12,20,109717
216527,20,9,19,8129
216575,20,11,19,73177
216623,22,12,21,54895
216687,20,9,19,8135
216991,22,13,21,164965
217023,19,11,18,146657
217295,19,10,18,48947
217407,22,13,21,165281
217567,22,13,21,165403
217807,19,11,18,147187
217839,24,14,23,124207
217887,19,11,18,147241
217983,22,13,21,165719
218079,18,9,17,32749
218159,19,11,18,147425
218223,21,10,20,12289
218303,20,10,19,24587
218367,19,11,18,147565
218559,21,12,20,110771
218575,20,11,19,73853
218623,20,10,19,24623
218751,24,14,23,124727
219007,18,10,17,98665
219167,20,11,19,74053
219375,24,14,23,125083
219455,23,13,22,83419
219551,19,8,18,5495
219583,22,12,21,55645
219631,24,13,23,41743
219711,19,6,18,611
219775,18,10,17,99011
219935,22,13,21,167203
220031,24,13,23,41819
220223,18,9,17,33071
220319,21,10,20,12407
220479,22,13,21,167617
220543,18,9,17,33119
220719,22,12,21,55933
220991,18,10,17,99559
221055,24,14,23,126041
221087,22,13,21,168079
221311,18,10,17,99703
221343,22,11,21,18697
221599,24,12,23,14039
221631,24,12,23,14041
221663,22,13,21,168517
221679,22,13,21,168529
221823,23,13,22,84319
221855,20,9,19,8329
222015,21,12,20,112523
222079,18,10,17,100049
222175,23,12,22,28151
222335,21,12,20,112685
222367,24,13,23,42263
222623,19,10,18,50147
222671,20,10,19,25079
222879,20,11,19,75307
223007,18,7,17,3721
223087,19,11,18,150755
223167,18,8,17,11171
223487,19,11,18,151025
223695,23,13,22,85031
223855,20,11,19,75637
223871,22,13,21,170195
224127,21,12,20,113593
224191,24,14,23,127829
224239,22,12,21,56825
224671,21,12,20,113869
224703,18,10,17,101231
224719,20,11,19,75929
224815,22,12,21,56971
224879,20,11,19,75983
224927,20,10,19,25333
225055,19,10,18,50695
225135,19,10,18,50713
225215,22,13,21,171217
225311,18,9,17,33835
225327,24,14,23,128477
225471,20,11,19,76183
225535,19,10,18,50803
225695,19,10,18,50839
225727,23,12,22,28601
225759,24,14,23,128723
225791,24,14,23,128741
225839,18,10,17,101743
225951,20,11,19,76345
225999,19,11,18,152723
226079,19,11,18,152777
226175,21,12,20,114631
226239,18,10,17,101923
226271,24,12,23,14335
226559,19,11,18,153101
226623,22,8,21,709
226687,18,10,17,102125
226863,23,12,22,28745
227295,18,9,17,34133
227375,18,9,17,34145
227535,22,13,21,172981
227551,24,14,23,129745
227567,20,11,19,76891
228079,23,10,22,3211
228127,22,13,21,173431
228223,21,12,20,115669
228383,18,10,17,102889
228543,22,13,21,173747
228591,20,11,19,77237
228831,18,10,17,103091
228847,19,9,18,17183
228863,23,13,22,86995
228911,18,10,17,103127
229023,20,11,19,77383
229279,22,13,21,174307
229311,18,10,17,103307
229407,24,13,23,43601
229615,20,10,19,25861
229679,18,8,17,11497
229695,21,10,20,12935
229839,18,7,17,3835
229855,22,13,21,174745
229871,19,11,18,155339
229919,18,8,17,11509
229935,21,12,20,116537
229999,18,8,17,11513
230047,20,11,19,77729
230127,22,11,21,19439
230319,18,5,17,427
230383,23,12,22,29191
230559,21,11,20,38951
230783,23,13,22,87725
231151,21,9,20,4339
231167,21,12,20,117161
231295,22,12,21,58613
231535,18,10,17,104309
231743,24,13,23,44045
231839,19,10,18,52223
231871,22,12,21,58759
231887,20,10,19,26117
231919,19,10,18,52241
232063,22,13,21,176423
232143,18,9,17,34861
232223,18,9,17,34873
232255,22,13,21,176569
232303,19,11,18,156983
232575,24,13,23,44203
232639,22,13,21,176861
232751,18,10,17,104857
232767,23,10,22,3277
232863,19,11,18,157361
232911,20,11,19,78697
232943,19,11,18,157415
232991,18,10,17,104965
233071,20,11,19,78751
233151,18,10,17,105037
233167,21,12,20,118175
233199,21,11,20,39397
233455,19,8,18,5843
233471,22,13,21,177493
233503,23,13,22,88759
233519,18,10,17,105203
233535,19,8,18,5845
233679,24,13,23,44413
233711,20,11,19,78967
233855,19,7,18,1951
233919,18,10,17,105383
234191,24,14,23,133531
234271,23,13,22,89051
234367,21,12,20,118783
234431,22,13,21,178223
234543,22,13,21,178309
234607,18,9,17,35231
234623,22,13,21,178369
234687,18,9,17,35243
235007,18,9,17,35291
235167,24,14,23,134087
235215,18,10,17,105967
235375,22,12,21,59647
235391,22,12,21,59651
235455,18,10,17,106075
235487,21,12,20,119351
235743,18,10,17,106205
235775,22,13,21,179245
235903,18,10,17,106277
236015,19,11,18,159491
236079,21,12,20,119651
236143,18,10,17,106385
236159,21,9,20,4433
236223,18,10,17,106421
236239,23,12,22,29933
236319,22,13,21,179659
236527,19,10,18,53279
236735,22,13,21,179975
236751,18,8,17,11851
236927,24,14,23,135091
237039,19,11,18,160183
237055,23,13,22,90109
237183,22,11,21,20035
237295,21,10,20,13363
237471,19,11,18,160475
237503,24,14,23,135419
237615,24,13,23,45161
238127,24,14,23,135775
238207,21,11,20,40243
238239,20,11,19,80497
238271,24,14,23,135857
238335,22,12,21,60397
238463,19,9,18,17905
238575,23,12,22,30229
238623,23,12,22,30235
238719,22,13,21,181483
238847,18,10,17,107603
238911,22,10,21,6727
238975,23,13,22,90839
239007,23,13,22,90851
239055,18,9,17,35899
239103,22,13,21,181775
239311,21,12,20,121289
239343,21,11,20,40435
239359,21,12,20,121313
239471,22,12,21,60685
239519,19,10,18,53953
239679,19,10,18,53989
239823,18,10,17,108043
239871,22,13,21,182359
239935,21,11,20,40535
240255,21,11,20,40589
240383,18,10,17,108295
240415,22,13,21,182773
240511,19,11,18,162529
240607,20,8,19,3011
240623,19,11,18,162605
240671,22,12,21,60989
240687,22,7,21,251
240751,18,10,17,108461
240831,18,10,17,108497
240927,20,6,19,335
241439,18,9,17,36257
241519,18,9,17,36269
241695,23,13,22,91873
241775,24,14,23,137855
241919,18,9,17,36329
241967,18,10,17,109009
242143,23,10,22,3409
242175,24,14,23,138083
242207,18,10,17,109117
242287,18,10,17,109153
242559,19,11,18,163913
242623,22,13,21,184451
242735,18,10,17,109355
242799,24,14,23,138439
242815,20,11,19,82043
242879,23,13,22,92323
243071,19,9,18,18251
243151,22,13,21,184853
243199,22,13,21,184889
243327,23,11,22,10277
243567,22,12,21,61723
243583,22,12,21,61727
243679,21,12,20,123503
243743,24,14,23,138977
243839,20,10,19,27463
243919,22,13,21,185437
243967,22,13,21,185473
244191,22,11,21,20627
244351,21,11,20,41281
244383,18,8,17,12233
244479,23,12,22,30977
244511,24,14,23,139415
244543,20,11,19,82627
244767,22,12,21,62027
244799,23,13,22,93053
244847,23,13,22,93071
244863,20,11,19,82735
244927,21,12,20,124135
244991,22,13,21,186251
245119,22,13,21,186349
245151,22,13,21,186373
245183,22,13,21,186397
245215,21,9,20,4603
245231,19,11,18,165719
245279,24,14,23,139853
245295,20,9,19,9209
245743,19,10,18,55355
245823,19,10,18,55373
245919,18,10,17,110789
246319,22,13,21,187261
246591,20,10,19,27773
246655,19,11,18,166681
246687,19,11,18,166703
246751,20,10,19,27791
246767,19,11,18,166757
246911,20,10,19,27809
247167,19,11,18,167027
247247,22,13,21,187967
247263,21,11,20,41773
247343,20,11,19,83573
247455,18,10,17,111481
247503,24,14,23,141121
247535,21,11,20,41819
247663,18,10,17,111575
247759,19,6,18,689
247839,19,8,18,6203
247935,20,11,19,83773
247999,19,7,18,2069
248063,18,10,17,111755
248271,18,9,17,37283
248303,24,14,23,141577
248527,24,12,23,15745
248607,22,13,21,189001
248687,21,12,20,126041
248815,24,14,23,141869
249039,18,10,17,112195
249087,22,13,21,189365
249135,23,12,22,31567
249247,22,13,21,189487
249391,20,11,19,84265
249535,23,13,22,94853
249551,23,13,22,94859
249759,24,12,23,15823
249887,21,12,20,126649
249903,21,9,20,4691
250047,18,10,17,112649
250063,24,13,23,47527
250303,20,9,19,9397
250367,23,12,22,31723
250527,18,10,17,112865
250815,24,14,23,143009
250911,19,10,18,56519
251039,24,14,23,143137
251071,23,13,22,95437
251135,23,13,22,95461
251263,19,11,18,169795
251327,20,11,19,84919
251359,21,10,20,14155
251375,18,8,17,12583
251391,22,13,21,191117
251775,19,11,18,170141
251951,22,13,21,191543
252127,19,9,18,18931
252143,18,10,17,113593
252287,19,9,18,18943
252351,20,11,19,85265
252399,22,12,21,63961
252463,24,13,23,47983
252527,21,12,20,127987
252543,21,11,20,42665
252607,19,9,18,18967
252895,20,10,19,28483
252959,22,12,21,64103
253039,23,13,22,96185
253119,21,12,20,128287
253167,22,13,21,192467
253343,22,13,21,192601
253407,21,11,20,42811
253487,20,11,19,85649
253679,18,9,17,38095
253759,20,11,19,85741
253823,19,10,18,57175
253855,23,12,22,32165
253983,19,10,18,57211
253999,21,11,20,42911
254063,24,13,23,48287
254079,20,11,19,85849
254175,19,11,18,171763
254367,18,10,17,114595
254399,20,11,19,85957
254447,18,10,17,114631
254655,19,11,18,172087
254671,20,8,19,3187
254719,24,14,23,145235
254751,22,8,21,797
254831,20,7,19,1063
254847,19,11,18,172217
255135,18,10,17,114941
255231,24,13,23,48509
255391,23,13,22,97079
255439,22,13,21,194195
255695,22,13,21,194389
255743,24,14,23,145819
255903,18,9,17,38429
256111,22,13,21,194705
256671,18,10,17,115633
256703,19,11,18,173471
256751,18,10,17,115669
256879,18,10,17,115727
256959,21,11,20,43411
257023,23,13,22,97699
257135,19,9,18,19307
257215,19,9,18,19313
257279,22,13,21,195593
257327,23,12,22,32605
257439,18,10,17,115979
257471,20,11,19,86995
257519,18,10,17,116015
257727,23,13,22,97967
257743,20,10,19,29029
257903,24,12,23,16339
258095,21,11,20,43603
258159,19,11,18,174455
258271,19,10,18,58177
258303,24,13,23,49093
258351,21,12,20,130939
258495,20,11,19,87341
258591,22,13,21,196591
258607,20,11,19,87379
258671,21,12,20,131101
259007,21,11,20,43757
259071,22,13,21,196955
259183,22,13,21,197041
259231,22,13,21,197077
259263,21,12,20,131401
259455,19,11,18,175331
259583,21,12,20,131563
260127,19,10,18,58595
260207,19,10,18,58613
260319,19,11,18,175915
260415,24,14,23,148483
260479,19,11,18,176023
260655,20,10,19,29357
260799,19,11,18,176239
260815,20,10,19,29375
260895,23,10,22,3673
260927,24,14,23,148775
260991,22,13,21,198415
261055,21,10,20,14701
261151,19,11,18,176477
261183,24,14,23,148921
261231,19,11,18,176531
261279,23,13,22,99317
261311,19,11,18,176585
261359,24,14,23,149021
261439,18,10,17,117781
261583,19,8,18,6547
261599,21,11,20,44195
261679,20,11,19,88417
261743,19,8,18,6551
261759,24,14,23,149249
262047,18,10,17,118055
262079,23,11,22,11069
262127,22,13,21,199279
262655,19,11,18,177493
262783,22,13,21,199777
262911,20,10,19,29611
263039,24,13,23,49993
263071,21,12,20,133331
263167,19,11,18,177839
263631,21,12,20,133615
263679,19,10,18,59395
263839,24,12,23,16715
263935,20,11,19,89179
264047,20,9,19,9913
264063,24,14,23,150563
264095,22,12,21,66925
264303,19,11,18,178607
264319,22,13,21,200945
264399,24,14,23,150755
264447,23,9,22,1241
264687,22,12,21,67075
264815,19,10,18,59651
265327,19,11,18,179299
265407,19,11,18,179353
265423,22,13,21,201785
265455,21,12,20,134539
265471,21,11,20,44849
265519,19,11,18,179429
265663,24,14,23,151475
265727,19,11,18,179569
265759,19,11,18,179591
265919,19,11,18,179699
266015,22,13,21,202235
266287,21,11,20,44987
266431,19,9,18,20005
266543,21,12,20,135091
266655,22,13,21,202721
266687,20,11,19,90109
266783,22,13,21,202819
266863,21,12,20,135253
266911,21,12,20,135277
266959,20,10,19,30067
267039,22,10,21,7519
267311,24,11,23,5645
267423,22,13,21,203305
267487,19,10,18,60253
267519,21,10,20,15065
267567,19,10,18,60271
267727,19,10,18,60307
267807,19,10,18,60325
267823,22,13,21,203609
267967,19,10,18,60361
267983,20,11,19,90547
268143,20,11,19,90601
268223,22,11,21,22657
268287,24,14,23,152971
268447,22,13,21,204083
268511,19,11,18,181451
268543,24,11,23,5671
268607,22,13,21,204205
268671,19,11,18,181559
268911,19,11,18,181721
268991,19,11,18,181775
269183,22,13,21,204643
269215,20,7,19,1123
269423,24,14,23,153619
270143,22,13,21,205373
270319,22,13,21,205507
270367,22,13,21,205543
270559,24,14,23,154267
270655,23,13,22,102881
270751,22,13,21,205835
271519,19,9,18,20387
271615,21,11,20,45887
272239,20,11,19,91985
272287,22,12,21,69001
272447,21,12,20,138083
272543,19,11,18,184175
272591,23,11,22,11513
272639,23,11,22,11515
272847,22,12,21,69143
273055,21,12,20,138391
273151,20,11,19,92293
273215,24,12,23,17309
273263,20,9,19,10259
273439,24,14,23,155909
273519,19,11,18,184835
273567,19,11,18,184867
273599,19,11,18,184889
273615,22,13,21,208013
273823,23,9,22,1285
273871,19,10,18,61691
273919,22,13,21,208243
274031,19,10,18,61727
274623,19,11,18,185581
274639,22,10,21,7733
274735,19,11,18,185657
274975,19,11,18,185819
275055,19,11,18,185873
275071,22,13,21,209119
275135,21,12,20,139445
275183,24,13,23,52301
275615,19,11,18,186251
275871,22,11,21,23303
276015,22,13,21,209837
276207,19,8,18,6913
276287,19,7,18,2305
276511,23,13,22,105107
276607,22,13,21,210287
276799,22,13,21,210433
276975,24,14,23,157925
277375,24,14,23,158153
277743,19,10,18,62563
277919,24,11,23,5869
278047,21,12,20,140921
278175,19,11,18,187981
278207,22,12,21,70501
278255,24,13,23,52885
278431,20,9,19,10453
278511,22,13,21,211735
278591,21,12,20,141197
278687,19,11,18,188327
278751,22,12,21,70639
278943,22,13,21,212063
279199,19,10,18,62891
279279,19,10,18,62909
279519,22,13,21,212501
279679,24,14,23,159467
279711,19,11,18,189019
280063,23,13,22,106457
280111,24,14,23,159713
280223,19,11,18,189365
280431,20,11,19,94753
280447,23,13,22,106603
280687,21,12,20,142259
280831,23,11,22,11861
280895,19,9,18,21091
281023,24,13,23,53411
281199,23,13,22,106889
281215,23,13,22,106895
281247,21,12,20,142543
281455,20,11,19,95099
281535,24,14,23,160525
281599,21,12,20,142721
281791,24,13,23,53557
281807,21,11,20,47609
282015,23,11,22,11911
282111,22,13,21,214471
282143,21,12,20,142997
282271,19,10,18,63583
282303,22,12,21,71539
282351,19,10,18,63601
282527,20,11,19,95461
282815,19,11,18,191117
282847,22,12,21,71677
282863,19,11,18,191149
282943,19,11,18,191203
283263,22,13,21,215347
283295,19,11,18,191441
283327,21,12,20,143597
283359,21,6,20,197
283391,24,13,23,53861
284207,21,12,20,144043
284703,23,13,22,108221
284911,19,11,18,192533
284991,19,11,18,192587
285167,20,11,19,96353
285295,24,13,23,54223
285439,22,13,21,217001
285503,19,9,18,21437
285663,24,13,23,54293
286191,20,10,19,32233
286239,21,12,20,145073
286335,23,13,22,108841
286399,22,12,21,72577
286623,20,11,19,96845
286751,22,13,21,217999
286959,19,10,18,64639
287135,21,11,20,48509
287215,20,11,19,97045
287551,22,12,21,72869
287647,20,9,19,10799
287711,21,12,20,145819
287727,21,9,20,5401
287775,22,13,21,218777
287871,23,12,22,36475
287903,19,11,18,194555
287983,22,13,21,218935
288495,19,10,18,64985
288639,23,13,22,109717
288831,24,13,23,54895
289087,19,11,18,195355
289183,21,10,20,16285
289215,21,12,20,146581
289263,20,10,19,32579
289391,23,13,22,110003
289439,19,11,18,195593
289519,19,11,18,195647
289535,22,13,21,220115
289599,19,11,18,195701
289647,20,11,19,97867
289775,21,11,20,48955
289823,23,13,22,110167
290207,23,11,22,12257
290255,22,13,21,220663
290271,19,8,18,7265
290287,20,11,19,98083
290303,22,13,21,220699
290351,21,12,20,147157
290543,24,14,23,165661
290975,21,12,20,147473
291039,22,12,21,73753
291055,24,14,23,165953
291359,23,12,22,36917
291439,22,13,21,221563
291455,19,11,18,196955
291487,22,13,21,221599
291807,21,12,20,147895
291871,22,13,21,221891
291967,19,10,18,65767
292063,21,12,20,148025
292383,21,12,20,148187
292399,21,12,20,148195
292479,19,11,18,197647
292543,23,12,22,37067
292735,21,9,20,5495
292895,23,13,22,111335
292975,21,12,20,148487
293247,24,14,23,167203
293343,19,10,18,66077
293375,23,13,22,111517
293503,19,10,18,66113
293583,22,13,21,223193
293631,22,13,21,223229
293695,19,11,18,198469
293759,23,11,22,12407
293871,21,10,20,16549
294015,19,11,18,198685
294047,22,12,21,74515
294127,23,13,22,111803
294191,22,13,21,223655
294207,19,11,18,198815
294559,24,14,23,167951
294607,22,12,21,74657
294719,19,9,18,22129
294783,22,13,21,224105
294815,20,11,19,99613
294959,22,13,21,224239
294975,22,13,21,224251
295039,19,9,18,22153
295071,21,12,20,149549
295359,21,12,20,149695
295423,22,13,21,224591
295471,24,12,23,18719
295583,22,13,21,224713
295679,23,13,22,112393
295807,22,10,21,8329
295839,20,11,19,99959
295919,21,11,20,49993
296175,22,13,21,225163
296255,19,10,18,66733
296415,19,10,18,66769
296431,20,11,19,100159
296447,23,13,22,112685
296831,21,11,20,50147
297087,19,11,18,200761
297183,20,8,19,3719
297263,23,7,22,155
297279,19,11,18,200891
297343,20,8,19,3721
297407,21,12,20,150733
297471,24,13,23,56537
297503,20,7,19,1241
297583,23,13,22,113117
297599,19,11,18,201107
297743,21,4,20,23
297983,24,14,23,169903
298015,23,13,22,113281
298447,22,13,21,226891
298495,24,14,23,170195
298703,22,12,21,75695
298751,22,12,21,75707
299119,24,14,23,170551
299167,21,12,20,151625
299503,22,13,21,227693
299519,22,13,21,227705
299567,19,9,18,22493
299679,22,13,21,227827
299759,21,12,20,151925
299775,21,12,20,151933
299903,22,11,21,25333
299999,21,12,20,152047
300255,21,12,20,152177
300287,24,14,23,171217
300335,24,14,23,171245
300415,20,10,19,33835
300575,21,12,20,152339
300591,19,11,18,203129
300735,23,12,22,38105
300927,21,11,20,50839
301023,22,12,21,76283
301103,23,13,22,114455
301119,20,11,19,101743
301183,19,10,18,67843
301567,23,13,22,114631
301615,22,12,21,76433
301775,21,12,20,152947
301807,21,12,20,152963
301823,21,12,20,152971
301887,19,11,18,204005
302015,22,13,21,229603
302111,21,9,20,5671
302239,22,12,21,76591
302383,22,13,21,229883
302559,19,10,18,68153
302623,24,14,23,172549
302639,19,10,18,68171
302911,19,11,18,204697
303087,23,10,22,4267
303167,20,10,19,34145
303215,22,13,21,230515
303231,19,11,18,204913
303327,20,10,19,34163
303423,22,12,21,76891
303583,19,11,18,205151
303599,22,13,21,230807
303663,19,11,18,205205
303775,22,13,21,230941
303871,21,12,20,154009
304031,20,11,19,102727
304111,21,11,20,51377
304159,21,11,20,51385
304175,19,8,18,7613
304335,19,7,18,2539
304367,22,13,21,231391
304511,20,11,19,102889
304847,24,12,23,19313
305279,24,13,23,58021
305599,19,11,18,206513
305791,24,14,23,174355
305823,23,13,22,116249
305871,21,12,20,155023
305903,21,12,20,155039
306111,19,10,18,68953
306175,22,13,21,232765
306207,21,11,20,51731
306479,21,9,20,5753
306495,21,12,20,155339
306623,19,11,18,207205
306639,22,13,21,233119
306671,24,14,23,174857
306719,20,9,19,11515
306735,19,11,18,207281
306879,20,9,19,11521
307247,19,10,18,69209
307391,23,13,22,116845
307439,24,14,23,175295
307647,19,10,18,69299
307695,22,13,21,233921
307711,22,13,21,233933
307759,19,11,18,207973
307903,20,11,19,104035
308159,19,11,18,208243
308191,19,11,18,208265
308223,23,13,22,117161
308527,23,13,22,117277
308943,19,9,18,23197
309103,21,12,20,156661
309119,21,11,20,52223
309183,19,9,18,23215
309215,22,12,21,78359
309295,23,13,22,117569
309359,23,13,22,117593
309471,20,10,19,34855
309631,20,10,19,34873
309743,23,13,22,117739
309951,20,10,19,34909
309999,21,12,20,157115
310015,21,12,20,157123
310239,19,10,18,69883
310303,21,11,20,52423
310335,20,11,19,104857
310511,23,13,22,118031
310575,21,11,20,52469
310591,21,12,20,157415
310655,20,11,19,104965
310815,20,11,19,105019
310943,23,13,22,118195
310975,20,11,19,105073
310991,19,11,18,210157
311103,19,11,18,210233
311231,19,11,18,210319
311343,19,11,18,210395
311423,19,11,18,210449
311487,21,8,20,1949
311615,22,12,21,78967
311743,19,11,18,210665
311807,24,14,23,177785
311967,22,13,21,237169
312047,21,12,20,158153
312575,24,14,23,178223
312799,24,14,23,178351
312831,24,14,23,178369
312879,23,13,22,118931
313039,19,11,18,211541
313455,20,11,19,105911
313551,19,9,18,23543
313823,21,12,20,159053
313967,24,14,23,179017
313983,22,12,21,79567
314047,20,11,19,106111
314063,21,12,20,159175
314111,19,9,18,23585
314367,20,11,19,106219
314479,20,10,19,35419
314559,22,10,21,8857
314671,21,11,20,53161
314687,21,12,20,159491
314879,23,10,22,4433
314911,20,11,19,106403
314927,22,13,21,239419
315071,20,11,19,106457
315119,22,12,21,79855
315135,19,11,18,212957
315167,23,13,22,119801
315247,21,12,20,159775
315327,19,10,18,71029
315423,24,11,23,6661
315503,20,11,19,106603
315551,22,13,21,239893
315631,23,13,22,119977
315647,24,14,23,179975
315695,22,9,21,2963
315871,21,12,20,160091
315903,21,11,20,53369
315935,20,9,19,11861
315951,19,11,18,213509
316015,23,9,22,1483
316159,19,11,18,213649
316463,19,10,18,71285
317055,21,12,20,160691
317135,19,11,18,214309
317375,19,11,18,214471
317407,19,11,18,214493
317471,22,10,21,8939
317487,19,11,18,214547
317551,20,10,19,35765
317647,19,11,18,214655
317695,22,13,21,241523
317887,22,13,21,241669
318063,22,11,21,26867
318207,19,11,18,215033
318319,19,8,18,7967
318495,21,11,20,53807
318575,20,11,19,107641
318655,22,11,21,26917
319023,22,13,21,242533
319295,24,13,23,60685
319615,22,13,21,242983
319647,22,13,21,243007
319935,23,13,22,121613
319967,21,12,20,162167
320239,24,14,23,182593
320511,20,11,19,108295
320767,19,11,18,216763
320831,21,12,20,162605
320895,24,13,23,60989
321263,24,12,23,20353
321279,19,11,18,217109
321391,19,10,18,72395
321663,24,13,23,61135
321743,19,11,18,217423
321791,19,10,18,72485
321999,24,13,23,61199
322031,24,13,23,61205
322159,22,10,21,9071
322255,19,11,18,217769
322303,19,11,18,217801
322335,19,11,18,217823
322367,22,13,21,245075
322687,23,13,22,122659
322767,19,9,18,24235
322815,19,11,18,218147
322863,21,11,20,54545
323103,20,11,19,109171
323119,22,13,21,245647
323231,24,13,23,61433
323263,20,11,19,109225
323359,23,13,22,122915
323439,21,12,20,163927
323487,21,12,20,163951
323775,21,10,20,18233
323887,22,11,21,27359
323999,24,13,23,61579
324031,24,13,23,61585
324063,21,12,20,164243
324127,20,11,19,109517
324207,23,11,22,13693
324303,19,10,18,73051
324335,22,13,21,246571
324383,19,10,18,73069
324543,24,14,23,185047
324575,23,13,22,123377
324719,20,11,19,109717
324799,24,11,23,6859
324863,19,10,18,73177
325023,23,13,22,123547
325119,22,11,21,27463
325327,19,11,18,219845
325487,19,11,18,219953
325567,19,11,18,220007
325759,23,13,22,123827
325887,19,11,18,220223
326111,21,12,20,165281
326271,22,12,21,82681
326463,22,13,21,248189
326655,24,14,23,186251
326815,20,11,19,110425
326911,24,14,23,186397
327039,22,13,21,248627
327071,22,13,21,248651
327215,22,13,21,248761
327327,21,10,20,18433
327727,23,12,22,41525
327791,24,14,23,186899
327839,20,11,19,110771
328095,19,9,18,24635
328127,23,13,22,124727
328431,22,13,21,249685
328671,24,13,23,62467
328735,24,13,23,62479
328863,20,10,19,37039
329023,21,12,20,166757
329119,19,11,18,222407
329167,22,11,21,27805
329183,22,12,21,83419
329375,21,11,20,55645
329631,21,12,20,167065
329791,22,12,21,83573
329935,19,11,18,222959
330143,22,13,21,250987
330223,21,12,20,167365
330399,22,9,21,3101
330479,20,9,19,12407
330495,19,11,18,223337
330559,22,13,21,251303
330607,19,10,18,74471
330879,23,13,22,125773
330959,19,11,18,223651
330991,22,11,21,27959
331167,19,10,18,74597
331215,23,10,22,4663
331295,24,14,23,188897
331375,21,10,20,18661
331391,22,13,21,251935
331551,19,11,18,224051
331631,19,11,18,224105
331775,22,13,21,252227
332015,21,10,20,18697
332031,19,11,18,224375
332079,22,11,21,28051
332191,19,11,18,224483
332319,20,11,19,112285
332399,23,11,22,14039
332447,23,11,22,14041
332527,20,11,19,112355
332703,19,8,18,8327
332735,22,12,21,84319
332783,19,8,18,8329
332863,19,7,18,2777
332927,22,13,21,253103
332959,20,11,19,112501
333183,23,13,22,126649
333439,24,13,23,63373
333679,22,13,21,253675
333871,22,12,21,84607
333951,23,13,22,126941
334063,21,11,20,56437
334319,19,10,18,75307
334543,24,13,23,63583
334575,20,11,19,113047
334623,21,12,20,169595
334815,22,13,21,254539
334831,22,13,21,254551
335103,22,12,21,84919
335167,20,9,19,12583
335263,19,11,18,226559
335295,22,13,21,254903
335407,22,13,21,254989
335487,22,13,21,255049
335775,19,10,18,75635
335807,21,12,20,170195
335935,24,14,23,191543
335999,24,14,23,191579
336031,24,14,23,191597
336191,20,11,19,113593
336287,19,11,18,227251
336367,19,11,18,227305
336431,22,13,21,255767
336543,24,10,23,2369
336639,22,13,21,255925
336703,23,13,22,127987
337023,22,13,21,256217
337391,19,9,18,25333
337775,22,13,21,256789
337791,22,13,21,256801
337823,21,12,20,171217
337983,22,12,21,85649
338239,20,10,19,38095
338367,24,14,23,192929
338383,21,11,20,57167
338399,22,13,21,257263
338431,22,13,21,257287
338591,22,11,21,28601
338639,23,13,22,128723
338671,20,11,19,114431
338687,23,13,22,128741
338719,21,12,20,171671
338879,24,12,23,21469
338927,19,10,18,76345
339151,19,11,18,229187
339199,22,12,21,85957
339263,20,11,19,114631
339391,22,13,21,258017
339439,19,11,18,229381
339775,22,8,21,1063
339871,19,11,18,229673
339903,21,12,20,172271
339935,21,7,20,709
340015,24,12,23,21541
340415,24,13,23,64699
340527,22,13,21,258881
340735,24,14,23,194279
341023,23,13,22,129629
341103,22,13,21,259319
341631,20,10,19,38477
341871,22,13,21,259903
342079,19,9,18,25685
342239,22,13,21,260183
342271,21,12,20,173471
342335,20,11,19,115669
342495,22,13,21,260377
342815,21,12,20,173747
342847,21,10,20,19307
342911,22,13,21,260693
343007,22,13,21,260767
343167,21,10,20,19325
343295,22,12,21,86995
343359,20,11,19,116015
343487,22,13,21,261131
343535,19,10,18,77383
343759,23,13,22,130669
343791,20,11,19,116161
344127,23,12,22,43603
344287,21,12,20,174493
344479,19,11,18,232787
344543,20,9,19,12935
344559,23,13,22,130973
344623,22,13,21,261995
344831,22,13,21,262153
344895,23,13,22,131101
344991,19,10,18,77711
345071,19,10,18,77729
345215,22,13,21,262445
345343,23,12,22,43757
345583,19,11,18,233533
345807,22,13,21,262895
345839,20,10,19,38951
345967,22,13,21,263017
346015,19,11,18,233825
346175,19,11,18,233933
346239,22,10,21,9749
346591,20,11,19,117107
346751,20,11,19,117161
346783,22,11,21,29293
346863,20,11,19,117199
346943,21,11,20,58613
347167,22,13,21,263929
347247,23,13,22,131995
347855,24,13,23,66113
347935,22,12,21,88171
348015,23,13,22,132287
348063,23,13,22,132305
348095,21,12,20,176423
348383,21,12,20,176569
348415,21,12,20,176585
348639,20,11,19,117799
348799,20,11,19,117853
348863,23,12,22,44203
348879,22,13,21,265231
348959,21,12,20,176861
349055,19,11,18,235879
349151,22,9,21,3277
349215,23,13,22,132743
349231,21,12,20,176999
349343,22,13,21,265583
349903,22,13,21,266009
350079,19,10,18,78857
350207,21,12,20,177493
350271,19,11,18,236701
350703,22,13,21,266617
350719,22,13,21,266629
350767,23,13,22,133333
350847,20,10,19,39515
351103,19,11,18,237263
351295,19,9,18,26377
351535,23,13,22,133625
351551,20,11,19,118783
351615,19,9,18,26401
351647,21,12,20,178223
351679,24,14,23,200519
351935,21,12,20,178369
352063,22,10,21,9913
352127,24,13,23,66925
352159,24,13,23,66931
352191,24,13,23,66937
352383,23,10,22,4961
352415,24,14,23,200939
352671,24,14,23,201085
352703,24,14,23,201103
352735,20,11,19,119183
352751,23,13,22,134087
352815,24,14,23,201167
353087,21,11,20,59651
353151,19,10,18,79549
353247,22,11,21,29839
353407,21,11,20,59705
353663,19,11,18,238993
353775,19,11,18,239069
353999,22,13,21,269123
354079,20,7,19,1477
354159,22,13,21,269245
354175,19,11,18,239339
354239,20,8,19,4433
354559,21,12,20,179699
355775,21,10,20,20035
355887,23,11,22,15031
356255,23,13,22,135419
356383,19,9,18,26759
356543,24,14,23,203293
356575,21,12,20,180721
356863,24,13,23,67825
356911,21,10,20,20099
357071,22,13,21,271459
357151,21,12,20,181013
357311,20,10,19,40243
357343,22,11,21,30185
357407,19,11,18,241523
357599,24,12,23,22655
357631,24,12,23,22657
357679,22,13,21,271921
357759,19,10,18,80587
357855,20,11,19,120913
357919,22,12,21,90701
357935,22,11,21,30235
358079,21,12,20,181483
358367,21,9,20,6727
358447,20,9,19,13457
358463,19,11,18,242237
358511,22,12,21,90851
358719,22,13,21,272711
358959,23,13,22,136447
359455,19,10,18,80969
359487,19,11,18,242929
359807,19,11,18,243145
359903,20,10,19,40535
360175,23,13,22,136909
360319,19,11,18,243491
360383,20,10,19,40589
360479,19,11,18,243599
360495,20,11,19,121805
360751,19,8,18,9029
360895,22,11,21,30485
360911,19,7,18,3011
360927,20,11,19,121951
360943,23,13,22,137201
360991,19,8,18,9035
361007,21,11,20,60989
361071,19,8,18,9037
361087,22,13,21,274511
361391,19,5,18,335
361631,22,13,21,274925
361855,22,13,21,275095
362191,24,14,23,206513
362399,22,13,21,275509
362607,19,10,18,81679
362943,23,11,22,15329
363199,19,11,18,245437
363215,22,9,21,3409
363295,20,9,19,13639
363391,21,12,20,184175
363551,19,11,18,245675
363647,24,14,23,207343
363823,19,10,18,81953
363935,21,12,20,184451
364063,19,10,18,82007
364223,19,10,18,82043
364239,21,11,20,61535
364271,24,13,23,69233
364575,19,11,18,246367
364591,20,10,19,41063
364655,19,11,18,246421
364703,24,12,23,23105
364751,24,14,23,207973
364767,19,11,18,246497
364783,24,14,23,207991
364991,22,10,21,10277
365183,22,13,21,277625
365247,19,11,18,246821
365263,24,14,23,208265
365535,22,11,21,30877
365615,23,13,22,138977
365679,19,9,18,27457
365759,19,9,18,27463
365871,22,13,21,278149
366031,24,14,23,208703
366079,19,9,18,27487
366111,22,12,21,92777
366239,24,13,23,69607
366271,21,12,20,185635
366287,21,10,20,20627
366527,20,10,19,41281
366559,21,11,20,61927
366591,19,11,18,247729
366639,20,11,19,123881
366815,19,10,18,82627
366847,23,13,22,139445
366975,19,10,18,82663
367087,22,13,21,279073
367103,19,11,18,248075
367151,21,11,20,62027
367215,19,10,18,82717
367295,19,10,18,82735
367311,22,11,21,31027
367391,20,11,19,124135
367487,21,12,20,186251
367551,20,11,19,124189
367679,19,11,18,248465
367727,19,11,18,248497
367775,21,12,20,186397
367807,19,11,18,248551
367823,20,8,19,4603
367919,19,11,18,248627
367999,19,11,18,248681
368127,19,11,18,248767
368159,19,11,18,248789
368287,22,13,21,279985
368319,19,11,18,248897
368543,24,13,23,70045
369279,22,13,21,280739
369407,24,11,23,7801
369567,24,14,23,210719
369663,19,11,18,249805
369919,20,10,19,41663
370047,22,13,21,281323
370127,19,9,18,27791
370143,24,13,23,70349
370175,19,11,18,250151
370383,21,11,20,62573
370415,22,13,21,281603
370431,21,11,20,62581
370895,20,10,19,41773
370943,24,13,23,70501
371007,22,13,21,282053
371407,22,11,21,31373
371455,22,10,21,10459
371487,20,11,19,125519
371583,21,12,20,188327
371823,19,10,18,83755
371903,19,10,18,83773
371967,20,11,19,125681
372207,22,13,21,282965
372335,22,13,21,283063
372383,22,13,21,283099
372463,21,12,20,188773
372511,20,9,19,13985
372591,22,9,21,3497
372735,23,13,22,141683
372767,19,11,18,251903
372975,22,13,21,283549
372991,20,9,19,14003
373039,19,10,18,84029
373247,19,11,18,252227
373279,19,10,18,84083
373359,19,10,18,84101
373631,21,12,20,189365
373807,20,10,19,42101
373871,19,11,18,252649
373951,19,11,18,252703
373983,19,11,18,252725
374063,19,11,18,252779
374175,22,13,21,284461
374223,19,11,18,252887
374239,23,13,22,142255
374271,19,11,18,252919
374303,19,11,18,252941
374463,19,11,18,253049
374639,23,11,22,15823
374751,21,11,20,63311
374831,20,11,19,126649
374991,20,11,19,126703
375039,20,11,19,126719
375423,23,13,22,142705
375455,19,8,18,9397
375535,22,12,21,95165
375551,22,11,21,31723
375871,22,13,21,285751
375919,22,13,21,285787
376191,23,13,22,142997
376223,23,13,22,143009
376511,22,13,21,286237
376703,22,12,21,95461
376991,19,10,18,84919
377055,22,13,21,286651
377071,22,13,21,286663
377151,21,12,20,191149
377327,24,14,23,215143
377583,24,12,23,23921
377727,21,12,20,191441
377791,23,13,22,143605
377839,22,12,21,95749
378095,22,13,21,287441
378239,22,13,21,287551
378319,19,11,18,255655
378351,24,13,23,71909
378495,22,12,21,95915
378527,19,10,18,85265
378607,22,13,21,287831
378943,23,13,22,144043
379135,20,10,19,42701
379343,19,9,18,28483
379375,24,14,23,216311
379599,22,11,21,32065
379679,20,11,19,128287
379839,22,13,21,288767
380031,22,13,21,288913
380111,20,10,19,42811
380143,23,13,22,144499
380223,22,12,21,96353
380319,24,13,23,72283
380575,22,13,21,289327
380607,22,13,21,289351
380655,21,12,20,192925
380703,20,11,19,128633
380783,22,11,21,32165
380831,24,14,23,217141
381119,19,10,18,85849
381135,20,11,19,128779
381151,22,13,21,289765
381183,20,11,19,128795
381599,19,10,18,85957
382063,19,11,18,258185
382079,23,13,22,145235
382111,19,11,18,258217
382143,19,11,18,258239
382335,22,13,21,290665
382399,24,14,23,218035
382447,21,8,20,2393
382463,19,11,18,258455
382591,22,12,21,96953
382847,23,12,22,48509
382911,24,14,23,218327
383215,19,10,18,86321
383455,24,12,23,24293
383535,24,14,23,218683
383615,23,13,22,145819
383935,22,13,21,291881
384111,22,13,21,292015
384127,22,13,21,292027
384159,19,11,18,259601
384239,19,11,18,259655
384303,22,12,21,97387
384415,20,11,19,129887
384479,22,13,21,292295
384495,22,13,21,292307
384703,22,13,21,292465
384751,19,9,18,28889
385071,22,13,21,292745
385247,22,13,21,292879
385263,22,13,21,292891
385439,20,10,19,43411
385519,22,10,21,10855
385535,22,12,21,97699
385775,19,11,18,260693
385919,21,12,20,195593
386047,24,14,23,220115
386207,19,10,18,86995
386367,23,12,22,48955
386463,20,11,19,130579
386511,19,11,18,261191
386527,21,12,20,195901
386799,21,12,20,196039
387135,23,13,22,147157
387535,19,11,18,261883
387743,19,10,18,87341
387823,19,10,18,87359
387951,21,10,20,21847
387967,23,13,22,147473
388031,22,13,21,294995
388255,22,13,21,295165
388511,20,10,19,43757
388591,21,10,20,21883
388607,21,12,20,196955
388767,19,11,18,262715
388799,22,13,21,295579
388847,19,11,18,262769
388895,20,11,19,131401
388975,22,11,21,32857
389023,22,11,21,32861
389167,22,13,21,295859
389375,20,11,19,131563
389535,20,11,19,131617
389599,22,12,21,98729
389631,22,12,21,98737
389663,24,13,23,74059
390015,22,13,21,296503
390255,23,13,22,148343
390271,23,13,22,148349
390303,23,13,22,148361
390527,22,13,21,296893
390687,24,14,23,222761
391391,23,13,22,148775
391407,24,14,23,223171
391487,19,11,18,264553
391807,21,12,20,198577
391919,19,11,18,264845
392063,24,13,23,74515
392223,23,12,22,49697
392255,24,14,23,223655
392303,22,13,21,298243
392319,24,14,23,223691
392351,22,13,21,298279
392383,21,12,20,198869
392511,19,10,18,88415
392639,23,13,22,149249
392671,22,13,21,298523
392943,19,11,18,265537
393119,22,10,21,11069
393279,22,13,21,298985
393327,22,13,21,299021
393455,19,11,18,265883
393535,19,11,18,265937
393727,22,12,21,99775
394047,19,9,18,29587
394111,24,14,23,224713
394175,21,12,20,199777
394223,24,14,23,224777
394367,19,9,18,29611
394559,23,12,22,49993
394655,24,14,23,225023
394719,21,12,20,200053
394735,21,10,20,22229
394879,19,11,18,266845
394911,24,14,23,225169
395167,24,11,23,8345
395423,24,14,23,225461
395583,19,10,18,89107
395679,20,11,19,133693
395727,19,11,18,267419
395759,23,11,22,16715
395903,19,10,18,89179
395967,24,13,23,75257
396095,19,11,18,267667
396223,21,12,20,200815
396399,22,13,21,301357
396415,19,11,18,267883
396447,22,13,21,301393
396479,21,12,20,200945
396511,21,7,20,827
396543,23,13,22,150733
396591,22,12,21,100501
396607,19,11,18,268013
396671,22,8,21,1241
396735,24,13,23,75403
396799,21,12,20,201107
396991,22,13,21,301807
397359,22,13,21,302087
397423,22,13,21,302135
397631,22,13,21,302293
397951,19,11,18,268921
398207,20,10,19,44849
398271,21,12,20,201853
398335,24,13,23,75707
398463,19,11,18,269267
398495,23,13,22,151475
398815,19,9,18,29945
399007,22,12,21,101113
399295,24,14,23,227669
399359,24,14,23,227705
399423,21,10,20,22493
399583,23,13,22,151889
399679,23,13,22,151925
399839,19,11,18,270197
399983,21,12,20,202721
400063,24,14,23,228107
400191,19,10,18,90145
400255,20,11,19,135239
400367,20,11,19,135277
400495,24,14,23,228353
400543,22,13,21,304507
400863,21,12,20,203167
401135,19,11,18,271073
401279,20,9,19,15065
401343,22,12,21,101705
401471,22,13,21,305213
401519,22,13,21,305249
401631,24,14,23,229001
401727,22,13,21,305407
401887,19,10,18,90527
402239,19,11,18,271819
402335,21,10,20,22657
402399,23,13,22,152959
402415,20,10,19,45323
402431,23,13,22,152971
402463,24,14,23,229475
402559,19,11,18,272035
402671,21,12,20,204083
402687,22,13,21,306137
402751,19,11,18,272165
402815,23,10,22,5671
402911,19,11,18,272273
403327,20,11,19,136277
403423,19,8,18,10097
403503,19,8,18,10099
403519,21,11,20,68171
403567,23,13,22,153403
403695,22,12,21,102301
403823,19,6,18,1123
404287,24,14,23,230515
404415,21,12,20,204967
404591,22,13,21,307585
404639,22,13,21,307621
404671,21,12,20,205097
404799,24,14,23,230807
405039,19,10,18,91237
405151,23,12,22,51335
405199,22,13,21,308047
405439,22,12,21,102743
405551,21,12,20,205543
405743,24,12,23,25705
405807,21,12,20,205673
405823,22,13,21,308521
405919,23,13,22,154297
405983,19,11,18,274349
406047,24,13,23,77173
406127,21,12,20,205835
406143,24,13,23,77191
406495,19,10,18,91565
406655,24,14,23,231865
406687,23,13,22,154589
406991,24,14,23,232057
407007,19,11,18,275041
407087,19,11,18,275095
407423,20,10,19,45887
407679,19,11,18,275495
407871,23,13,22,155039
407935,22,13,21,310127
408111,19,9,18,30643
408255,23,13,22,155185
408271,24,14,23,232787
408303,24,14,23,232805
408351,22,12,21,103481
408511,19,9,18,30673
408639,23,10,22,5753
408767,22,13,21,310759
408831,21,12,20,207205
408959,22,10,21,11515
409023,19,11,18,276403
409247,24,12,23,25927
409327,22,13,21,311185
409407,19,10,18,92221
409471,20,11,19,138353
409583,20,11,19,138391
409647,19,10,18,92275
409663,21,11,20,69209
409727,19,10,18,92293
409823,23,11,22,17309
409839,23,12,22,51929
409919,22,13,21,311635
410047,19,10,18,92365
410159,19,11,18,277171
410431,19,11,18,277355
410559,19,11,18,277441
410591,19,11,18,277463
410735,22,8,21,1285
410751,19,11,18,277571
410783,24,13,23,78073
410815,20,8,19,5141
410879,21,12,20,208243
411295,22,12,21,104227
412063,22,13,21,313265
412095,19,11,18,278479
412287,22,13,21,313435
412351,21,10,20,23221
412607,19,11,18,278825
412655,22,13,21,313715
412703,20,11,19,139445
412863,24,14,23,235405
412879,23,13,22,156943
412975,24,14,23,235469
413439,24,14,23,235733
413631,22,12,21,104819
413727,20,10,19,46597
413807,21,10,20,23303
413855,22,13,21,314627
413887,24,12,23,26221
413919,24,11,23,8741
414015,22,13,21,314749
414175,24,14,23,236153
414207,24,14,23,236171
414255,19,10,18,93313
414367,21,12,20,210011
414399,21,11,20,70009
414495,23,12,22,52519
414751,20,11,19,140137
414767,22,12,21,105107
414943,21,9,20,7789
414975,21,12,20,210319
415023,20,9,19,15581
415199,19,11,18,280577
415263,21,9,20,7795
415423,22,9,21,3899
415711,19,10,18,93641
415791,19,10,18,93659
415855,24,13,23,79037
415983,22,12,21,105415
416063,23,13,22,158153
416303,19,11,18,281323
416367,22,13,21,316537
416463,23,13,22,158305
416703,19,11,18,281593
416735,19,11,18,281615
416751,22,13,21,316829
416799,20,10,19,46943
416879,23,10,22,5869
416895,23,12,22,52823
416959,20,10,19,46961
417071,20,11,19,140921
417311,21,11,20,70501
417567,19,8,18,10451
417647,19,8,18,10453
417663,20,11,19,141121
417823,20,11,19,141175
417951,22,13,21,317741
418047,19,8,18,10463
418543,22,13,21,318191
418559,22,13,21,318203
418815,21,10,20,23585
419535,19,11,18,283507
419583,19,10,18,94513
419903,24,14,23,239419
419967,21,12,20,212849
420095,22,12,21,106457
420159,24,13,23,79855
420511,21,12,20,213125
420559,19,10,18,94733
420639,19,10,18,94751
420671,22,12,21,106603
420735,24,14,23,239893
420847,22,13,21,319943
421119,19,10,18,94859
421167,20,10,19,47435
421375,20,11,19,142375
421407,21,10,20,23731
421567,23,10,22,5935
421583,19,11,18,284891
421615,24,14,23,240395
421823,19,11,18,285053
422095,19,9,18,31693
422191,22,13,21,320965
422383,24,14,23,240833
422399,20,11,19,142721
422527,24,13,23,80305
422687,23,12,22,53557
423023,22,10,21,11911
423071,24,14,23,241225
423103,20,10,19,47653
423135,21,11,20,71485
423167,21,12,20,214471
423215,20,11,19,142997
423391,22,13,21,321877
423423,20,10,19,47689
423455,21,11,20,71539
423551,24,14,23,241499
423583,24,14,23,241517
423615,22,11,21,35783
423631,19,10,18,95425
423791,19,10,18,95461
423871,19,10,18,95479
423967,20,11,19,143251
424047,21,11,20,71639
424063,21,12,20,214925
424143,19,11,18,286621
424191,19,10,18,95551
424399,20,8,19,5311
424495,19,11,18,286859
424655,19,11,18,286967
424703,19,11,18,286999
424735,19,11,18,287021
424767,22,12,21,107641
424895,19,11,18,287129
425039,20,5,19,197
425087,23,12,22,53861
425599,22,13,21,323555
426031,24,13,23,80971
426543,24,14,23,243205
426735,22,13,21,324419
426751,19,11,18,288383
426911,24,14,23,243415
426975,21,12,20,216401
426991,23,13,22,162307
427039,23,13,22,162325
427471,20,10,19,48145
427519,20,11,19,144451
427775,24,14,23,243907
427903,22,13,21,325307
428159,21,12,20,217001
428239,19,10,18,96463
428655,20,11,19,144835
428671,22,13,21,325891
428799,19,10,18,96589
428911,23,13,22,163037
429039,21,12,20,217447
429295,22,13,21,326365
429471,22,12,21,108833
429503,22,12,21,108841
429695,22,13,21,326669
429727,20,9,19,16133
429855,19,10,18,96827
429935,19,10,18,96845
430239,21,11,20,72685
430287,19,11,18,290773
430335,19,10,18,96935
430383,20,10,19,48473
430623,22,10,21,12125
430703,20,10,19,48509
430799,19,11,18,291119
430879,19,11,18,291173
431039,22,13,21,327691
431135,24,13,23,81941
431263,22,10,21,12143
431327,21,11,20,72869
431359,19,11,18,291497
431407,20,11,19,145765
431567,20,11,19,145819
431647,21,11,20,72923
431663,21,12,20,218777
431743,23,13,22,164113
431775,20,11,19,145889
431807,22,11,21,36475
431999,22,13,21,328421
432031,19,8,18,10813
432111,19,7,18,3605
432175,22,13,21,328555
432447,24,14,23,246571
432607,22,13,21,328883
432927,24,14,23,246845
432959,22,12,21,109717
433119,21,12,20,219515
433311,23,11,22,18301
433567,19,10,18,97663
433647,23,13,22,164837
433791,22,13,21,329783
433823,20,11,19,146581
433871,24,12,23,27487
433983,21,12,20,219953
434303,21,12,20,220115
434415,20,9,19,16309
434735,22,12,21,110167
434927,24,14,23,247985
435183,23,13,22,165421
435231,23,13,22,165439
435439,20,11,19,147127
435615,19,11,18,294373
435919,24,14,23,248551
436095,24,14,23,248651
436351,24,14,23,248797
436463,20,11,19,147473
436639,19,9,18,32785
436671,21,12,20,221315
436687,20,10,19,49183
436719,19,9,18,32791
436863,24,14,23,249089
436895,22,13,21,332143
437119,22,12,21,110771
437231,21,12,20,221599
437279,22,13,21,332435
437455,19,10,18,98539
437503,22,13,21,332605
437695,22,12,21,110917
437711,20,11,19,147895
437807,21,12,20,221891
437871,20,11,19,147949
437919,20,11,19,147965
437967,23,12,22,55493
438015,23,12,22,55499
438175,19,10,18,98701
438479,19,11,18,296309
438511,20,11,19,148165
438687,19,11,18,296449
438767,19,11,18,296503
438831,22,12,21,111205
439039,21,12,20,222515
439103,20,8,19,5495
439167,23,12,22,55645
439231,22,13,21,333919
439263,21,12,20,222629
439855,24,14,23,250795
439935,23,13,22,167227
440063,22,12,21,111517
440191,22,13,21,334649
440367,22,13,21,334783
440639,22,10,21,12407
440799,22,13,21,335111
440815,19,11,18,297887
441039,21,12,20,223529
441071,21,11,20,74515
441327,19,9,18,33137
441375,22,13,21,335549
441583,20,11,19,149203
441599,22,13,21,335719
441647,24,13,23,83939
441839,23,13,22,167951
441855,24,14,23,251935
442175,21,12,20,224105
442303,24,14,23,252191
442415,24,13,23,84085
442495,21,12,20,224267
442607,20,11,19,149549
442687,23,11,22,18697
442783,19,10,18,99739
442815,21,12,20,224429
443039,20,11,19,149695
443119,21,11,20,74861
443135,21,12,20,224591
443295,22,13,21,337009
443375,21,12,20,224713
443647,24,13,23,84319
443711,21,9,20,8329
443871,24,14,23,253085
443903,24,14,23,253103
444111,22,12,21,112543
444319,19,10,18,100085
444527,24,14,23,253459
444831,19,11,18,300601
444911,19,11,18,300655
445039,24,14,23,253751
445087,20,10,19,50129
445167,21,10,20,25069
445247,20,10,19,50147
445295,24,14,23,253897
445423,19,11,18,301001
445471,24,14,23,253997
445743,23,13,22,169435
445759,21,11,20,75307
446111,20,11,19,150733
446191,23,11,22,18845
446207,23,12,22,56537
446239,22,13,21,339247
446255,19,6,18,1241
446335,19,8,18,11171
446879,22,13,21,339733
446975,23,13,22,169903
447023,22,12,21,113281
447103,22,10,21,12589
447183,21,12,20,226643
447231,21,12,20,226667
447743,23,13,22,170195
448047,22,13,21,340621
448127,21,11,20,75707
448207,22,12,21,113581
448383,21,12,20,227251
448479,23,12,22,56825
448559,22,13,21,341011
448575,24,14,23,255767
448639,20,9,19,16843
449279,21,12,20,227705
449407,19,10,18,101231
449519,19,11,18,303769
449567,22,13,21,341777
449663,20,11,19,151933
449775,24,14,23,256451
449855,21,10,20,25333
450031,19,11,18,304115
450367,24,14,23,256789
450495,23,13,22,171241
450543,19,9,18,33829
450623,19,9,18,33835
450799,20,11,19,152317
451263,23,13,22,171533
451391,20,10,19,50839
451455,24,12,23,28601
451551,22,13,21,343285
451711,20,10,19,50875
451903,21,11,20,76345
452047,24,14,23,257747
452079,19,10,18,101833
452255,24,13,23,85955
452335,22,11,21,38209
452351,22,12,21,114631
452479,19,10,18,101923
452671,19,11,18,305899
452719,22,13,21,344173
452735,20,11,19,152971
452815,24,14,23,258185
453023,19,11,18,306137
453055,24,13,23,86107
453103,19,11,18,306191
453167,20,8,19,5671
453311,22,13,21,344623
453327,21,12,20,229757
453375,21,12,20,229781
453887,22,13,21,345061
453935,23,13,22,172549
454191,24,13,23,86323
454255,22,13,21,345341
454431,22,13,21,345475
454767,23,13,22,172865
454815,23,13,22,172883
455071,22,13,21,345961
455103,24,14,23,259489
455135,21,11,20,76891
455615,24,14,23,259781
455647,22,13,21,346399
455679,22,13,21,346423
455807,20,11,19,154009
455983,24,14,23,259991
456159,24,10,23,3211
456239,20,10,19,51385
456399,22,12,21,115657
456559,21,12,20,231395
456767,19,10,18,102889
456831,20,11,19,154355
457087,23,13,22,173747
457183,21,11,20,77237
457327,24,12,23,28973
457407,22,13,21,347737
457471,24,14,23,260839
457695,20,9,19,17183
457711,19,11,18,309305
457759,21,12,20,232003
457919,23,12,22,58021
457983,24,14,23,261131
458623,19,10,18,103307
458687,23,13,22,174355
458735,19,11,18,309997
458815,19,11,18,310051
458975,22,13,21,348929
459199,22,13,21,349099
459231,21,10,20,25861
459247,21,12,20,232757
459263,21,12,20,232765
459311,20,10,19,51731
459647,19,11,18,310613
459743,20,11,19,155339
459775,22,13,21,349537
459999,19,8,18,11513
460079,19,8,18,11515
460095,21,11,20,77729
460255,23,11,22,19439
460319,19,8,18,11521
460399,19,7,18,3841
460479,19,8,18,11525
460639,19,5,18,427
460911,22,13,21,350401
461247,20,10,19,51949
461567,21,12,20,233933
461855,19,10,18,104035
462031,22,13,21,351253
462127,21,12,20,234217
462271,20,11,19,156193
462319,22,12,21,117157
462335,22,12,21,117161
462367,24,13,23,87877
462623,22,13,21,351703
462703,21,12,20,234509
462783,21,9,20,8687
463055,22,13,21,352031
463071,19,10,18,104309
463263,22,13,21,352189
463551,19,10,18,104417
463807,23,11,22,19589
463839,20,10,19,52241
463903,19,11,18,313489
464255,19,11,18,313727
464287,22,13,21,352967
464831,22,13,21,353381
464927,19,9,18,34909
465007,19,9,18,34915
465023,20,11,19,157123
465055,22,13,21,353551
465135,24,13,23,88403
465279,23,13,22,176861
465455,20,10,19,52423
465599,22,13,21,353965
465615,22,13,21,353977
465647,24,14,23,265501
465663,22,13,21,354013
465791,24,14,23,265583
465855,22,10,21,13117
465887,20,11,19,157415
465903,24,13,23,88549
465983,19,10,18,104965
466223,19,10,18,105019
466303,19,10,18,105037
466399,22,11,21,39397
466415,22,12,21,118195
466463,19,10,18,105073
466479,20,11,19,157615
466591,24,14,23,266039
466623,19,10,18,105109
466879,21,11,20,78875
466927,19,11,18,315533
466975,19,11,18,315565
467007,19,11,18,315587
467055,19,11,18,315619
467103,24,13,23,88777
467151,21,8,20,2923
467167,19,11,18,315695
467359,22,13,21,355303
467439,21,12,20,236909
467711,23,13,22,177785
468383,22,13,21,356081
468639,21,12,20,237517
468687,20,10,19,52787
468863,23,13,22,178223
469103,19,11,18,317003
469151,22,13,21,356665
469199,23,13,22,178351
469247,23,13,22,178369
469455,22,13,21,356897
469615,19,9,18,35261
469663,24,14,23,267791
469711,22,13,21,357091
469951,22,11,21,39697
470207,24,12,23,29789
470223,22,13,21,357481
470511,22,12,21,119233
470735,20,11,19,159053
470783,24,14,23,268429
470943,21,12,20,238685
470975,21,11,20,79567
471071,19,10,18,106111
471087,22,11,21,39793
471231,21,12,20,238831
471343,24,12,23,29861
471487,20,11,19,159307
471551,19,10,18,106219
471663,22,12,21,119525
471711,22,12,21,119537
471759,20,9,19,17711
471839,21,9,20,8857
472063,19,11,18,319003
472095,22,13,21,358903
472111,24,13,23,89729
472287,19,10,18,106385
472319,22,9,21,4433
472367,19,10,18,106403
472479,22,13,21,359195
472607,19,10,18,106457
472767,19,10,18,106493
472831,20,11,19,159761
472943,24,13,23,89887
473055,20,10,19,53279
473119,19,11,18,319717
473135,23,10,22,6661
473199,19,11,18,319771
473295,21,10,20,26653
473311,19,11,18,319847
473327,21,12,20,239893
473471,19,11,18,319955
473711,19,11,18,320117
473791,19,11,18,320171
473807,20,11,19,160091
473855,20,10,19,53369
473887,21,11,20,80059
474079,20,11,19,160183
474367,23,11,22,20035
474655,24,14,23,270637
474783,21,12,20,240631
475007,22,13,21,361117
475167,24,14,23,270929
475551,22,13,21,361531
475903,20,11,19,160799
476415,22,11,21,40243
476543,21,12,20,241523
476655,23,12,22,60395
476671,19,11,18,322117
476831,21,12,20,241669
477087,21,12,20,241799
477247,24,12,23,30235
477439,23,13,22,181483
477807,19,11,18,322885
477903,20,10,19,53825
477983,21,10,20,26917
478015,24,13,23,90851
478239,23,13,22,181787
478319,19,11,18,323231
478335,24,14,23,272735
478367,22,13,21,363671
478399,19,11,18,323285
478623,23,13,22,181933
478671,19,9,18,35941
478719,19,11,18,323501
478831,19,9,18,35953
479087,22,13,21,364219
479167,21,11,20,80951
479423,21,12,20,242983
479439,21,10,20,26999
479471,21,12,20,243007
479903,22,12,21,121613
479951,20,11,19,162167
480031,21,11,20,81097
480287,22,13,21,365131
480303,21,11,20,81143
480367,19,10,18,108205
480447,19,10,18,108223
480511,22,11,21,40589
480639,21,12,20,243599
480671,24,14,23,274067
480703,22,13,21,365447
480719,19,11,18,324853
480767,19,10,18,108295
480927,24,14,23,274213
481311,19,11,18,325253
481343,23,12,22,60989
481391,19,11,18,325307
481519,21,12,20,244045
481695,22,8,21,1507
481791,23,13,22,183137
481855,21,6,20,335
482175,24,14,23,274925
482463,19,10,18,108677
482607,22,13,21,366895
482943,23,13,22,183575
483199,22,13,21,367345
483231,24,14,23,275527
483487,19,11,18,326723
483551,21,12,20,245075
483743,24,14,23,275819
483775,24,14,23,275837
483999,19,9,18,36341
484031,22,12,21,122659
484159,22,13,21,368075
484479,23,13,22,184159
484511,24,14,23,276257
484735,21,12,20,245675
484767,21,10,20,27299
484815,19,10,18,109207
484847,23,12,22,61433
485023,19,11,18,327761
485231,20,11,19,163951
485247,23,13,22,184451
485631,21,11,20,82043
485999,19,11,18,328421
486047,23,12,22,61585
486079,23,12,22,61589
486127,22,13,21,369571
486207,21,12,20,246421
486815,23,13,22,185047
486863,19,11,18,329005
486911,24,14,23,277625
487023,19,11,18,329113
487071,19,10,18,109715
487199,23,10,22,6859
487279,20,10,19,54881
487327,22,13,21,370483
487535,22,12,21,123547
487615,19,11,18,329513
487679,21,10,20,27463
487743,22,13,21,370799
487935,22,13,21,370945
488095,19,11,18,329837
488143,20,11,19,164935
488223,21,11,20,82481
488319,22,13,21,371237
488415,24,14,23,278483
488479,22,13,21,371359
488671,24,14,23,278629
488703,22,11,21,41281
488751,23,13,22,185783
488767,19,8,18,12233
489087,22,13,21,371821
489471,21,12,20,248075
489535,23,12,22,62027
489695,21,12,20,248189
489711,19,11,18,330929
489855,22,12,21,124135
489983,23,13,22,186251
490223,19,10,18,110425
490303,21,12,20,248497
490367,23,13,22,186397
490559,21,12,20,248627
490607,21,12,20,248651
490623,21,12,20,248659
490735,19,11,18,331621
490815,22,13,21,373135
490879,21,12,20,248789
490991,20,9,19,18433
491167,19,11,18,331913
491391,22,13,21,373573
491503,23,13,22,186829
491551,24,14,23,280271
491759,19,10,18,110771
491839,19,10,18,110789
492015,20,11,19,166243
492031,22,13,21,374059
492191,19,11,18,332605
492271,19,11,18,332659
492703,19,11,18,332951
493103,23,12,22,62479
493183,24,14,23,281201
493295,19,9,18,37039
493471,23,13,22,187577
493695,24,12,23,31277
493887,24,14,23,281603
493983,22,10,21,13909
494031,19,10,18,111283
494063,20,10,19,55645
494271,23,12,22,62627
494447,20,11,19,167065
494623,23,13,22,188015
494703,21,12,20,250727
494751,24,14,23,282095
494911,19,10,18,111481
495007,21,11,20,83627
495055,19,11,18,334541
495087,20,11,19,167281
495151,22,12,21,125477
495215,19,11,18,334649
495311,22,13,21,376553
495343,19,11,18,334735
495599,21,8,20,3101
495679,20,8,19,6203
495727,22,12,21,125623
495775,24,14,23,282679
495839,21,12,20,251303
495855,19,11,18,335081
495999,20,7,19,2069
496319,22,12,21,125773
496511,22,13,21,377465
496943,23,13,22,188897
497087,21,12,20,251935
497199,24,12,23,31499
497311,22,13,21,378073
497631,22,13,21,378317
497663,21,12,20,252227
498111,22,12,21,126227
498159,20,11,19,168319
498175,23,13,22,189365
498223,22,13,21,378767
498303,19,9,18,37415
498495,21,12,20,252649
498671,22,10,21,14041
498751,21,12,20,252779
498799,21,12,20,252803
498991,22,13,21,379351
499071,21,12,20,252941
499183,20,11,19,168665
499231,22,12,21,126511
499327,19,11,18,337427
499359,23,13,22,189815
499391,21,12,20,253103
499439,19,10,18,112501
499615,20,11,19,168811
499743,23,13,22,189961
499759,24,14,23,284951
499839,22,12,21,126665
500159,23,12,22,63373
500191,22,13,21,380263
500271,21,12,20,253549
500351,19,11,18,338119
500383,19,11,18,338141
500607,21,9,20,9397
500735,24,12,23,31723
501055,19,10,18,112865
501487,19,11,18,338887
501503,24,13,23,95315
501663,20,10,19,56501
501823,20,10,19,56519
501999,22,13,21,381637
502015,24,14,23,286237
502079,19,11,18,339287
502207,22,12,21,127265
502399,19,11,18,339503
502655,21,11,20,84919
502751,19,8,18,12583
502767,22,11,21,42469
502831,19,7,18,4195
502943,21,12,20,254903
503071,19,6,18,1399
503231,21,12,20,255049
503343,22,12,21,127553
503407,24,13,23,95677
503999,23,13,22,191579
504047,23,13,22,191597
504127,24,14,23,287441
504287,19,10,18,113593
504319,22,13,21,383401
504367,21,12,20,255625
504703,21,11,20,85265
504799,23,12,22,63961
504943,21,12,20,255917
504959,19,11,18,341233
504991,21,12,20,255941
505055,22,12,21,127987
505135,23,13,22,192011
505215,20,9,19,18967
505375,24,12,23,32017
505471,19,11,18,341579
505535,21,12,20,256217
505823,22,13,21,384545
505887,22,13,21,384593
505983,19,10,18,113975
506335,19,11,18,342163
506479,22,13,21,385043
506495,19,11,18,342271
506687,19,11,18,342401
507007,19,11,18,342617
507071,22,13,21,385493
507359,19,9,18,38095
507375,20,11,19,171433
507439,19,9,18,38101
507551,23,13,22,192929
507599,21,12,20,257263
507647,21,12,20,257287
507711,24,12,23,32165
507839,22,13,21,386077
507887,21,10,20,28601
507967,20,10,19,57211
508031,22,12,21,128741
508143,24,13,23,96577
508351,23,12,22,64411
508655,24,14,23,290023
508735,19,10,18,114595
508799,21,11,20,85957
508831,20,11,19,171925
508895,19,10,18,114631
508911,24,11,23,10747
509055,19,10,18,114667
509087,21,12,20,258017
509311,20,11,19,172087
509407,19,11,18,344239
509439,22,13,21,387293
509487,19,11,18,344293
509647,21,12,20,258301
509679,19,11,18,344423
509695,21,12,20,258325
509903,20,6,19,709
509983,21,8,20,3191
510079,19,11,18,344693
510143,24,7,23,133
510575,22,13,21,388157
510671,24,14,23,291173
511103,23,13,22,194279
511391,24,14,23,291583
511423,24,14,23,291601
511535,19,11,18,345677
511647,24,13,23,97243
511743,21,12,20,259363
511903,24,14,23,291875
512047,19,9,18,38447
512223,23,13,22,194705
512239,23,13,22,194711
512319,21,12,20,259655
512447,19,9,18,38477
512559,21,12,20,259777
512703,24,14,23,292331
512767,22,12,21,129941
512959,22,13,21,389969
513055,23,10,22,7223
513135,21,12,20,260069
513151,22,13,21,390115
513183,21,12,20,260093
513407,20,11,19,173471
513471,19,11,18,346985
513487,22,13,21,390371
513503,19,10,18,115669
513743,21,12,20,260377
513903,22,12,21,130229
513919,22,11,21,43411
513983,24,13,23,97687
514015,21,12,20,260515
514047,24,13,23,97699
514255,22,13,21,390955
514271,20,9,19,19307
514303,22,13,21,390991
514367,21,12,20,260693
514431,20,9,19,19313
514495,19,11,18,347677
514527,24,14,23,293371
514559,24,14,23,293389
514671,22,13,21,391271
514687,19,11,18,347807
514751,20,9,19,19325
514815,24,12,23,32615
515039,19,10,18,116015
515231,21,12,20,261131
515263,22,13,21,391721
515551,19,11,18,348391
515631,19,11,18,348445
515775,23,13,22,196055
515903,19,11,18,348629
516127,21,10,20,29065
516143,19,11,18,348791
516223,19,11,18,348845
516319,20,11,19,174455
516543,19,11,18,349061
516799,20,11,19,174617
516815,19,8,18,12935
516847,22,12,21,130975
516895,19,8,18,12937
516975,19,7,18,4313
516991,21,11,20,87341
517375,24,14,23,294995
517759,23,12,22,65603
517887,21,12,20,262477
518351,22,13,21,394069
518463,21,12,20,262769
518847,20,11,19,175309
518863,23,12,22,65743
518911,23,12,22,65749
518943,22,13,21,394519
518975,22,13,21,394543
519103,19,11,18,350791
519279,20,9,19,19495
519295,23,13,22,197393
519359,21,9,20,9749
519407,22,13,21,394871
519615,19,11,18,351137
519631,23,13,22,197521
519887,19,10,18,117107
519919,21,12,20,263507
520047,24,14,23,296519
520127,19,10,18,117161
520239,19,11,18,351559
520303,20,11,19,175801
520415,20,10,19,58613
520495,22,13,21,395699
520639,19,11,18,351829
520735,24,14,23,296911
520751,19,11,18,351905
520815,23,13,22,197971
520831,21,12,20,263969
520863,23,13,22,197989
521151,19,11,18,352175
521263,19,9,18,39139
521343,22,13,21,396343
521599,20,11,19,176239
521631,23,13,22,198281
521727,22,13,21,396635
521855,24,12,23,33061
521919,22,13,21,396781
521935,21,12,20,264529
522095,22,12,21,132305
522271,21,10,20,29411
522351,20,10,19,58831
522447,24,14,23,297887
522463,20,11,19,176531
522479,24,14,23,297905
522495,22,13,21,397219
522559,21,12,20,264845
522623,20,11,19,176585
522799,19,10,18,117763
522943,20,11,19,176693
522959,19,10,18,117799
522991,24,12,23,33133
523039,19,10,18,117817
523071,22,13,21,397657
523135,24,14,23,298279
523199,19,10,18,117853
523295,22,11,21,44203
523375,20,11,19,176839
523391,24,13,23,99475
523455,21,11,20,88433
523503,22,13,21,397985
523519,22,13,21,397997
523679,22,13,21,398119
523711,22,13,21,398143
523727,21,8,20,3277
523743,19,11,18,353927
523823,19,11,18,353981
523887,22,8,21,1639
524015,21,12,20,265583
524223,19,11,18,354251
524527,24,13,23,99691
524607,21,12,20,265883
524799,23,11,22,22165
524959,24,13,23,99773
525215,22,13,21,399287
525311,20,11,19,177493
525567,23,13,22,199777
525727,24,13,23,99919
525775,22,13,21,399713
525823,21,10,20,29611
525871,24,14,23,299839
525951,23,12,22,66641
525983,24,14,23,299903
526447,20,11,19,177877
526543,22,13,21,400297
526799,24,13,23,100123
526959,21,10,20,29675
527103,23,12,22,66787
527167,22,13,21,400771
527231,22,13,21,400819
527471,20,11,19,178223
527487,23,13,22,200507
527519,23,13,22,200519
527551,21,11,20,89125
527599,22,13,21,401099
527663,24,11,23,11143
527807,22,13,21,401257
527871,21,11,20,89179
527903,20,11,19,178369
528063,20,11,19,178423
528239,23,12,22,66931
528287,23,12,22,66937
528575,22,9,21,4961
528639,23,13,22,200945
528687,22,13,21,401927
529007,23,13,22,201085
529023,21,12,20,268121
529055,23,13,22,201103
529535,22,13,21,402571
529631,20,10,19,59651
529711,22,10,21,14915
529871,21,10,20,29839
529951,20,10,19,59687
530111,20,10,19,59705
530655,20,11,19,179299
530815,20,11,19,179353
530911,22,12,21,134539
531055,21,11,20,89717
531135,20,11,19,179461
531423,24,14,23,303005
531871,22,13,21,404347
531903,22,13,21,404371
532207,21,12,20,269735
532975,23,12,22,67531
533039,22,13,21,405235
533311,23,13,22,202721
533439,21,12,20,270359
533631,22,13,21,405685
533663,20,9,19,20035
533823,22,12,21,135277
533983,21,12,20,270635
534591,22,13,21,406415
534687,20,11,19,180661
535199,22,13,21,406877
535359,24,14,23,305249
535663,20,11,19,180991
535711,20,11,19,181007
535743,21,11,20,90509
535791,24,14,23,305495
535999,22,13,21,407485
536015,21,10,20,30185
536047,21,12,20,271681
536175,22,10,21,15097
536271,24,13,23,101923
536303,24,13,23,101929
536479,23,12,22,67975
536767,22,11,21,45341
536815,24,14,23,306079
536879,21,11,20,90701
536895,23,13,22,204083
537119,20,11,19,181483
537135,22,13,21,408349
537199,21,11,20,90755
537215,24,14,23,306307
537279,23,13,22,204229
537535,21,12,20,272435
537727,24,14,23,306599
537759,20,11,19,181699
538079,21,12,20,272711
538351,20,8,19,6737
538367,22,13,21,409285
538431,21,7,20,1123
539519,22,13,21,410161
539887,21,10,20,30403
540095,22,13,21,410599
540319,22,11,21,45641
540367,23,13,22,205403
540607,24,12,23,34249
540655,24,14,23,308269
540735,23,13,22,205543
540831,20,11,19,182737
541231,22,13,21,411463
541343,21,10,20,30485
541423,20,10,19,60979
541503,23,13,22,205835
541631,21,12,20,274511
541823,22,13,21,411913
541855,20,11,19,183083
542191,21,12,20,274795
542255,22,13,21,412241
542367,23,11,22,22907
542415,22,13,21,412363
542623,22,12,21,137507
542783,21,12,20,275095
542831,22,13,21,412679
543039,20,9,19,20387
543167,24,14,23,309701
543391,22,13,21,413105
543679,21,12,20,275549
543743,24,13,23,103343
544287,23,13,22,206893
544303,23,13,22,206899
544415,22,10,21,15329
544495,20,10,19,61325
544511,24,13,23,103489
544959,22,11,21,46033
545007,22,11,21,46037
545023,24,14,23,310759
545087,20,11,19,184175
545439,21,11,20,92147
545471,23,13,22,207343
545535,24,14,23,311051
546271,21,12,20,276863
546351,22,13,21,415355
546511,22,13,21,415477
546751,22,12,21,138553
546879,21,12,20,277171
546975,22,13,21,415829
547023,23,12,22,69311
547055,23,11,22,23105
547135,20,11,19,184867
547375,23,13,22,208067
547647,24,9,23,1285
547711,22,13,21,416389
547775,21,12,20,277625
547807,24,14,23,312347
548383,24,13,23,104225
548895,24,14,23,312967
549103,22,10,21,15461
549311,22,13,21,417605
549855,22,13,21,418019
550047,20,11,19,185851
550143,21,12,20,278825
550207,24,14,23,313715
550271,22,12,21,139445
550383,21,12,20,278947
550527,24,14,23,313897
550607,22,13,21,418591
550639,20,10,19,62017
551119,24,12,23,34915
551231,20,11,19,186251
551359,23,13,22,209581
551583,21,11,20,93185
551663,20,11,19,186397
551743,23,11,22,23303
551807,24,14,23,314627
552415,20,8,19,6913
552495,23,13,22,210013
552655,24,13,23,105037
552895,23,12,22,70055
553119,24,13,23,105125
553407,22,13,21,420719
553599,20,11,19,187051
553663,21,12,20,280609
553679,24,14,23,315695
553951,22,13,21,421133
554111,23,10,22,7801
554527,22,13,21,421571
554543,22,13,21,421583
554623,20,11,19,187397
555071,21,12,20,281323
555119,22,13,21,422021
555215,23,12,22,70349
555487,20,10,19,62563
555567,23,13,22,211181
555647,20,10,19,62581
555711,24,14,23,316853
555967,21,12,20,281777
556095,22,12,21,140921
556159,22,11,21,46979
556351,20,11,19,187981
556415,23,12,22,70501
556575,21,12,20,282085
556735,22,12,21,141083
556863,21,9,20,10453
557087,22,13,21,423517
557103,24,14,23,317647
557183,21,9,20,10459
557215,23,13,22,211807
557503,22,13,21,423833
557615,24,14,23,317939
558015,23,13,22,212111
558079,24,14,23,318203
558399,20,10,19,62891
558495,22,12,21,141529
558559,20,10,19,62909
558847,24,14,23,318641
559103,22,12,21,141683
559231,21,11,20,94477
559423,20,11,19,189019
559551,23,13,22,212695
559615,24,14,23,319079
559743,20,11,19,189127
559807,21,12,20,283723
559983,22,13,21,425719
560063,22,13,21,425779
560127,21,12,20,283885
560335,21,12,20,283991
560623,22,13,21,426205
561183,22,13,21,426631
561263,21,12,20,284461
561359,22,12,21,142255
561375,22,12,21,142259
561567,21,12,20,284615
561855,21,12,20,284761
561903,23,13,22,213589
561919,23,13,22,213595
561951,22,12,21,142405
562143,22,13,21,427361
562399,24,13,23,106889
562431,21,12,20,285053
562719,22,13,21,427799
562735,21,11,20,95069
563055,23,13,22,214027
563199,22,12,21,142721
563327,21,10,20,31723
563919,22,13,21,428711
563951,22,13,21,428735
563967,22,13,21,428747
564031,24,11,23,11911
564287,22,12,21,142997
564335,22,12,21,143009
564607,23,12,22,71539
564703,20,10,19,63601
564719,22,13,21,429319
564735,22,13,21,429331
564767,21,12,20,286237
564783,21,10,20,31805
564927,22,12,21,143159
564943,24,14,23,322117
565055,21,11,20,95461
565375,21,11,20,95515
565663,21,12,20,286691
565727,20,11,19,191149
565807,23,11,22,23897
565887,24,14,23,322655
566271,21,12,20,286999
566319,20,8,19,7087
566479,20,7,19,2363
566511,24,14,23,323011
566687,22,12,21,143605
566991,24,14,23,323285
567023,24,14,23,323303
567455,24,14,23,323549
567743,21,11,20,95915
568015,22,13,21,431825
568047,22,13,21,431849
568255,20,10,19,64001
568639,22,13,21,432299
568767,24,11,23,12011
568783,24,14,23,324307
568815,22,13,21,432433
568879,21,11,20,96107
569375,22,13,21,432859
569391,20,10,19,64129
569551,22,12,21,144331
569759,21,12,20,288767
569791,21,10,20,32087
569903,24,11,23,12035
570303,20,11,19,192695
570335,21,11,20,96353
570479,23,12,22,72283
570559,22,13,21,433759
570591,21,12,20,289189
570831,23,13,22,216983
570879,23,13,22,217001
570911,21,12,20,289351
571071,24,12,23,36179
571247,23,13,22,217141
571327,20,9,19,21449
571903,24,13,23,108695
572143,22,13,21,434963
572159,22,13,21,434975
572383,21,10,20,32233
572415,24,14,23,326377
572575,22,12,21,145097
572671,24,13,23,108841
572735,22,13,21,435413
572911,22,13,21,435547
572927,24,14,23,326669
573135,22,11,21,48413
573247,21,11,20,96845
573375,20,11,19,193733
573487,20,11,19,193771
573567,21,11,20,96899
573887,21,11,20,96953
573951,22,13,21,436337
574367,23,13,22,218327
574719,22,13,21,436921
575183,23,11,22,24293
575551,23,13,22,218777
575695,20,9,19,21613
575903,21,12,20,291881
575967,23,13,22,218935
576207,22,13,21,438053
576255,21,9,20,10817
576367,24,14,23,328631
576495,21,12,20,292181
576751,23,13,22,219233
576831,22,13,21,438527
577279,22,11,21,48763
577391,22,13,21,438953
577439,22,13,21,438989
577471,20,10,19,65039
578015,22,13,21,439427
578287,21,12,20,293089
578303,21,11,20,97699
578335,24,14,23,329753
578431,22,12,21,146581
578607,20,10,19,65167
578671,23,12,22,73321
578719,23,12,22,73327
578751,22,13,21,439987
578815,22,13,21,440035
579071,23,13,22,220115
579199,22,13,21,440327
579279,24,11,23,12233
579519,20,11,19,195809
579551,22,11,21,48955
579631,20,11,19,195847
579647,24,13,23,110167
579791,20,11,19,195901
580079,24,13,23,110249
580335,21,12,20,294127
580351,21,11,20,98045
580591,21,12,20,294257
580767,22,12,21,147173
580847,24,13,23,110395
581103,22,13,21,441775
581535,22,13,21,442103
581743,22,13,21,442261
581951,22,12,21,147473
582111,22,13,21,442541
582335,22,13,21,442711
582383,21,12,20,295165
582527,24,14,23,332143
582911,20,11,19,196955
582975,23,13,22,221599
583039,24,14,23,332435
583119,24,13,23,110827
583407,24,14,23,332645
583423,23,11,22,24641
583535,21,10,20,32861
583743,23,13,22,221891
583791,23,13,22,221909
583887,20,11,19,197285
583935,20,10,19,65767
584095,21,12,20,296033
584143,24,14,23,333065
584175,24,14,23,333083
584383,24,13,23,111067
584399,21,11,20,98729
584447,21,11,20,98737
584479,20,11,19,197485
584639,24,14,23,333347
584911,20,9,19,21959
584959,20,11,19,197647
585023,21,12,20,296503
585263,24,14,23,333703
585375,24,14,23,333767
585455,22,12,21,148361
585583,22,13,21,445181
585631,22,13,21,445217
585775,24,14,23,333995
585839,22,13,21,445375
586207,22,13,21,445655
586447,21,10,20,33025
586527,20,10,19,66059
586751,24,13,23,111517
586783,21,12,20,297395
587007,20,10,19,66113
587631,21,11,20,99275
587711,20,11,19,198577
588031,20,11,19,198685
588095,23,12,22,74515
588159,22,13,21,447139
588255,24,13,23,111803
588399,24,14,23,335491
588479,23,13,22,223691
588527,21,12,20,298279
588783,21,12,20,298409
588911,24,14,23,335783
589279,24,14,23,335993
589551,22,12,21,149399
589855,24,12,23,37369
589887,22,13,21,448453
589935,22,13,21,448489
590143,22,12,21,149549
590239,20,9,19,22159
590719,22,12,21,149695
590847,23,13,22,224591
591167,23,13,22,224713
591263,20,11,19,199777
591487,21,12,20,299779
591983,23,13,22,225023
592079,20,11,19,200053
592351,21,12,20,300217
592367,23,13,22,225169
592639,21,11,20,100121
592751,23,10,22,8345
592879,22,13,21,450727
593103,20,11,19,200399
593215,21,12,20,300655
593311,20,10,19,66823
593439,22,13,21,451153
593695,20,11,19,200599
593775,21,11,20,100313
593951,23,12,22,75257
594031,22,13,21,451603
594175,20,11,19,200761
594335,20,11,19,200815
594399,21,12,20,301255
594559,24,12,23,37667
594847,22,8,21,1861
594927,20,8,19,7445
594975,21,12,20,301547
595007,21,7,20,1241
595839,24,14,23,339733
596127,24,13,23,113299
596351,22,13,21,453367
596447,21,12,20,302293
596463,21,10,20,33589
596479,21,12,20,302309
596671,23,13,22,226805
596767,22,13,21,453683
596975,24,14,23,340381
597183,22,12,21,151333
597407,20,11,19,201853
597503,23,12,22,75707
597743,22,12,21,151475
597919,21,10,20,33671
597951,22,13,21,454583
597999,24,12,23,37885
598079,22,13,21,454681
598127,22,13,21,454717
598175,22,13,21,454753
598431,20,11,19,202199
598511,21,11,20,101113
599007,23,13,22,227693
599039,23,13,22,227705
599359,21,12,20,303769
599519,22,12,21,151925
599535,22,9,21,5627
599551,22,12,21,151933
599967,24,13,23,114029
600175,23,13,22,228137
600223,23,13,22,228155
600863,22,13,21,456797
600895,22,13,21,456821
601023,24,14,23,342689
601071,20,10,19,67697
601087,24,14,23,342725
601279,24,14,23,342835
601295,20,11,19,203167
601855,24,14,23,343163
602015,21,11,20,101705
602047,22,13,21,457697
602159,24,14,23,343337
602415,24,14,23,343483
602591,21,12,20,305407
602879,22,13,21,458329
603135,24,13,23,114631
603327,23,12,22,76445
603599,22,12,21,152959
603615,22,12,21,152963
603647,22,12,21,152971
603695,23,13,22,229475
604015,24,14,23,344395
604191,22,12,21,153109
604223,22,9,21,5671
604271,24,13,23,114847
604415,22,13,21,459497
604543,22,13,21,459595
604783,22,12,21,153259
604863,23,13,22,229919
604959,22,13,21,459911
605151,24,14,23,345043
605215,24,14,23,345079
605679,23,10,22,8527
605727,24,14,23,345371
606367,22,13,21,460981
606431,23,13,22,230515
606623,20,11,19,204967
607135,22,10,21,17095
607167,22,12,21,153863
607199,23,13,22,230807
607215,20,10,19,68389
607695,22,12,21,153997
607727,22,11,21,51335
607743,22,12,21,154009
608159,21,11,20,102743
608319,22,11,21,51385
608703,22,13,21,462757
608879,22,12,21,154297
609215,23,12,22,77191
609471,22,12,21,154447
609983,23,13,22,231865
609999,24,14,23,347807
610239,22,13,21,463925
611023,24,14,23,348391
611103,23,13,22,232291
611199,20,11,19,206513
611375,22,13,21,464789
611791,22,12,21,155035
611807,22,12,21,155039
612223,20,10,19,68953
612351,23,13,22,232765
612383,22,12,21,155185
612415,22,11,21,51731
612799,24,14,23,349403
613071,23,13,22,233039
613151,21,12,20,310759
613247,20,11,19,207205
613311,24,12,23,38855
613343,22,13,21,466285
613439,21,9,20,11515
613615,22,12,21,155497
613759,21,9,20,11521
613791,22,13,21,466625
613823,22,13,21,466649
613935,24,14,23,350051
614015,22,13,21,466795
614079,24,13,23,116711
614559,22,13,21,467209
614959,22,13,21,467513
615151,22,13,21,467659
615167,22,13,21,467671
615295,20,10,19,69299
615807,21,11,20,104035
615919,22,11,21,52027
616095,21,12,20,312251
616319,20,11,19,208243
616559,24,14,23,351547
616703,22,13,21,468839
616911,21,12,20,312665
617071,22,12,21,156373
618095,21,12,20,313265
618431,21,12,20,313435
618527,20,9,19,23221
618687,21,12,20,313565
618719,24,13,23,117593
619039,22,13,21,470615
619295,23,13,22,235405
619551,20,11,19,209335
619743,24,14,23,353363
619775,24,14,23,353381
619903,21,10,20,34909
620159,23,13,22,235733
620223,22,13,21,471515
620607,22,11,21,52423
620751,21,12,20,314611
620783,21,12,20,314627
621055,22,13,21,472147
621263,23,13,22,236153
621311,23,13,22,236171
621343,21,12,20,314911
621599,20,10,19,70009
621631,21,11,20,105019
621727,23,13,22,236329
621807,22,12,21,157573
621887,24,13,23,118195
621951,21,11,20,105073
622207,22,13,21,473023
622239,21,12,20,315365
622287,24,13,23,118271
622463,20,11,19,210319
622623,20,11,19,210373
622895,20,8,19,7795
623055,20,7,19,2599
623135,21,8,20,3899
623215,20,8,19,7799
623263,23,12,22,78971
623343,22,13,21,473887
623359,22,13,21,473899
623535,20,5,19,289
624255,24,13,23,118645
624335,22,13,21,474641
624511,24,14,23,356081
624751,22,10,21,17591
624767,24,14,23,356227
625279,24,14,23,356519
625343,22,11,21,52823
625471,21,12,20,317003
625535,22,13,21,475553
625695,20,11,19,211411
625791,21,12,20,317165
625967,20,10,19,70501
626079,22,13,21,475967
626127,24,12,23,39667
626287,21,12,20,317417
626367,21,10,20,35273
626415,24,14,23,357167
626431,23,13,22,238117
626719,20,11,19,211757
626799,23,11,22,26473
626847,24,14,23,357413
626895,21,12,20,317725
626911,21,11,20,105911
626927,21,12,20,317741
627391,24,11,23,13249
627407,22,13,21,476977
627487,21,12,20,318025
627823,21,9,20,11785
627839,21,12,20,318203
627903,20,9,19,23573
627967,23,12,22,79567
628223,20,9,19,23585
628271,24,14,23,358225
628415,22,13,21,477743
628735,21,11,20,106219
628959,21,10,20,35419
629119,23,10,22,8857
629215,22,13,21,478351
629247,20,11,19,212611
629359,20,10,19,70883
629439,22,10,21,17723
629631,22,13,21,478667
629823,21,11,20,106403
629871,21,11,20,106411
629919,23,13,22,239443
629951,20,11,19,212849
630063,20,11,19,212887
630143,21,11,20,106457
630271,20,11,19,212957
630303,23,11,22,26621
630399,22,13,21,479251
630463,21,11,20,106511
631103,23,13,22,239893
631263,24,13,23,119977
631455,23,12,22,80009
631615,21,12,20,320117
631807,22,11,21,53369
631935,21,12,20,320279
632223,21,12,20,320425
632271,20,9,19,23737
632287,24,14,23,360515
632319,20,11,19,213649
632367,22,12,21,160249
632687,24,14,23,360743
633727,22,13,21,481781
633887,24,14,23,361427
633967,21,10,20,35701
634047,20,10,19,71411
634479,24,14,23,361765
634607,23,13,22,241225
634911,20,11,19,214525
635071,22,13,21,482803
635087,21,12,20,321877
635183,20,10,19,71539
635295,22,12,21,160991
635375,23,13,22,241517
635391,20,11,19,214687
635423,21,10,20,35783
635503,20,10,19,71575
635775,23,13,22,241669
636015,21,11,20,107449
636031,21,12,20,322355
636095,20,11,19,214925
636127,23,11,22,26867
636207,20,11,19,214963
636351,21,12,20,322517
636367,20,11,19,215017
636415,20,11,19,215033
636447,22,11,21,53761
636463,22,12,21,161287
636543,23,13,22,241961
636607,21,11,20,107549
637167,24,13,23,121099
637375,23,12,22,80759
637407,22,13,21,484579
637423,22,13,21,484591
637599,20,8,19,7979
637647,24,14,23,363571
637759,21,12,20,323231
637823,24,14,23,363671
638079,21,12,20,323393
638399,21,12,20,323555
638623,22,13,21,485503
638783,24,14,23,364219
638911,23,13,22,242861
639135,24,10,23,4499
639215,24,14,23,364465
639295,23,13,22,243007
639535,21,12,20,324131
639727,24,14,23,364757
639871,24,13,23,121613
640383,24,14,23,365131
640415,24,14,23,365149
640463,20,11,19,216401
640559,22,12,21,162325
640671,20,10,19,72157
641151,22,12,21,162475
641439,24,12,23,40637
641471,24,12,23,40639
641487,20,9,19,24083
641519,22,13,21,487705
641663,23,13,22,243907
642031,23,12,22,81349
642607,24,12,23,40711
642719,24,14,23,366463
642799,23,13,22,244339
643263,20,10,19,72449
643311,22,13,21,489067
643743,20,10,19,72503
644207,21,11,20,108833
644255,21,11,20,108841
644287,20,11,19,217693
644543,21,12,20,326669
644607,20,11,19,217801
645055,22,13,21,490393
645167,24,14,23,367859
645359,20,10,19,72685
645375,24,13,23,122659
645567,23,12,22,81797
645599,24,14,23,368105
645679,21,12,20,327245
645887,24,14,23,368269
646303,21,11,20,109187
646383,20,11,19,218401
646703,23,12,22,81941
646895,21,9,20,12143
646975,22,12,21,163951
647391,24,14,23,369127
647615,22,12,21,164113
647919,23,11,22,27365
648351,21,10,20,36511
648655,20,11,19,219169
648671,23,13,22,246571
648911,21,12,20,328883
648943,22,13,21,493349
649423,23,13,22,246857
649679,20,11,19,219515
649711,22,13,21,493933
649887,20,10,19,73195
649967,22,10,21,18301
650015,24,13,23,123541
650047,24,13,23,123547
650367,22,13,21,494431
650687,21,12,20,329783
650751,22,13,21,494723
650911,20,11,19,219931
650991,21,11,20,109979
651711,22,12,21,165151
651823,21,12,20,330359
652703,22,13,21,496207
652927,24,14,23,372283
653247,22,13,21,496621
653311,22,13,21,496669
653519,24,13,23,124207
653631,21,11,20,110425
653951,24,13,23,124289
654063,22,11,21,55249
654079,22,12,21,165751
654143,23,13,22,248651
654319,24,12,23,41453
654463,22,13,21,497545
654527,23,13,22,248797
654655,22,10,21,18433
654751,24,13,23,124441
654895,23,12,22,82979
655087,21,11,20,110671
655295,23,13,22,249089
655343,21,12,20,332143
655407,22,13,21,498263
655583,22,13,21,498397
655599,20,11,19,221515
655679,21,11,20,110771
656191,20,9,19,24635
656255,21,12,20,332605
656319,24,13,23,124739
656511,20,9,19,24647
656799,22,13,21,499321
656863,23,13,22,249685
656943,24,14,23,374573
657023,22,11,21,55499
657151,21,12,20,333059
657615,23,13,22,249971
657727,21,10,20,37039
657871,20,11,19,222283
658047,21,10,20,37057
658239,20,11,19,222407
658367,22,13,21,500513
658559,20,11,19,222515
658623,24,13,23,125177
658751,22,11,21,55645
658943,22,13,21,500951
659135,24,14,23,375823
659663,22,13,21,501499
659711,22,13,21,501535
659903,22,12,21,167227
660095,21,11,20,111517
660415,23,13,22,251035
660511,22,12,21,167381
660527,24,13,23,125539
660607,20,11,19,223207
660863,22,13,21,502411
660895,22,13,21,502435
660927,22,13,21,502459
660959,21,9,20,12407
661199,21,12,20,335111
661359,24,12,23,41899
661439,22,13,21,502849
661471,24,14,23,377155
661551,23,13,22,251467
661759,24,13,23,125773
661983,23,11,22,27959
662127,24,13,23,125843
662335,20,10,19,74597
662783,23,13,22,251935
663007,22,13,21,504041
663279,21,11,20,112055
663535,21,12,20,336295
663583,21,12,20,336319
663775,22,13,21,504625
664031,22,10,21,18697
664383,20,11,19,224483
664703,20,11,19,224591
664815,22,13,21,505415
664895,24,11,23,14041
664991,22,13,21,505549
665055,21,11,20,112355
665455,23,12,22,84317
665567,20,8,19,8329
665647,21,8,20,4165
665807,23,13,22,253085
665855,23,13,22,253103
665967,21,6,20,463
666367,22,12,21,168865
666559,22,13,21,506741
667071,23,13,22,253565
667135,21,12,20,338119
667183,20,10,19,75143
667343,24,14,23,380503
667695,22,13,21,507605
667887,24,14,23,380813
668127,22,11,21,56437
668143,22,12,21,169315
668207,23,13,22,253997
668271,22,13,21,508043
668639,20,10,19,75307
669087,22,13,21,508663
669151,21,11,20,113047
669231,20,11,19,226121
669727,21,12,20,339433
669823,20,11,19,226321
670143,24,14,23,382099
670191,23,12,22,84917
670255,20,9,19,25163
670319,21,12,20,339733
670591,23,13,22,254903
670655,21,9,20,12589
670975,23,13,22,255049
671135,24,13,23,127555
671167,20,11,19,226775
671391,24,14,23,382811
671423,24,14,23,382829
671439,22,13,21,510451
671487,22,13,21,510487
671551,20,10,19,75635
671679,24,14,23,382975
671791,21,10,20,37831
671855,22,13,21,510767
671871,20,10,19,75671
672159,24,14,23,383249
672191,20,10,19,75707
672303,20,11,19,227159
672575,20,11,19,227251
672703,21,11,20,113647
672735,20,11,19,227305
672895,20,11,19,227359
673023,22,13,21,511655
673279,21,12,20,341233
673535,24,13,23,128011
673647,23,12,22,85355
674047,23,13,22,256217
674239,20,11,19,227813
674415,21,12,20,341809
674671,21,12,20,341939
674751,21,11,20,113993
674927,22,13,21,513103
675007,21,12,20,342109
675231,23,13,22,256667
675327,21,12,20,342271
675583,22,13,21,513601
675615,23,13,22,256813
675743,22,12,21,171241
676031,24,14,23,385457
676095,24,14,23,385493
676399,20,10,19,76181
676511,22,13,21,514307
676735,22,13,21,514477
676863,23,13,22,257287
677119,22,13,21,514769
677327,21,12,20,343285
677343,21,11,20,114431
677535,22,12,21,171695
677583,23,13,22,257561
677855,20,10,19,76345
677919,21,12,20,343585
677935,21,10,20,38177
677999,24,14,23,386579
678383,23,12,22,85955
678447,20,11,19,229235
678783,23,13,22,258017
678847,21,11,20,114685
678879,20,11,19,229381
679583,23,12,22,86107
679711,21,8,20,4253
679791,20,8,19,8507
679839,22,12,21,172279
680431,22,12,21,172429
680767,24,14,23,388157
681199,21,12,20,345247
681599,24,14,23,388631
681631,22,12,21,172733
681679,20,11,19,230327
681727,20,10,19,76781
682047,21,12,20,345677
682111,24,13,23,129641
682191,24,14,23,388969
682223,22,12,21,172883
682607,21,12,20,345961
682655,23,13,22,259489
682703,20,10,19,76891
682783,22,10,21,19225
682863,21,12,20,346091
683167,24,14,23,389525
683263,21,10,20,38477
683423,23,13,22,259781
683471,21,12,20,346399
683503,21,12,20,346415
683727,20,11,19,231019
683967,22,11,21,57775
684223,23,12,22,86695
684239,23,9,22,3211
684271,23,12,22,86701
684703,21,12,20,347023
685311,22,13,21,520997
685775,20,10,19,77237
685935,20,10,19,77255
686015,24,10,23,4829
686207,23,13,22,260839
686287,22,11,21,57971
686319,22,12,21,173921
686335,22,10,21,19325
686639,20,11,19,232003
686799,20,11,19,232057
686847,20,11,19,232073
686879,22,11,21,58021
686975,23,13,22,261131
687039,21,11,20,116069
687343,21,12,20,348361
687407,24,14,23,391943
687775,23,12,22,87145
688031,22,12,21,174355
688111,23,13,22,261563
688159,23,13,22,261581
688191,21,12,20,348791
688239,24,14,23,392417
688799,21,12,20,349099
688895,20,11,19,232765
689055,21,12,20,349229
689119,24,13,23,130973
689311,23,13,22,262019
689647,21,12,20,349529
690383,22,10,21,19439
690943,20,10,19,77819
691183,22,13,21,525461
691663,21,12,20,350551
691823,24,12,23,43829
691951,22,13,21,526045
691999,21,10,20,38969
692079,20,10,19,77947
692255,24,13,23,131569
692431,23,11,22,29245
692463,23,12,22,87739
692479,23,10,22,9749
692543,24,14,23,394871
692943,20,11,19,234133
693023,24,11,23,14635
693119,22,13,21,526933
693279,24,14,23,395291
693503,21,11,20,117161
694175,20,8,19,8687
694255,24,7,23,181
694335,21,12,20,351905
695263,22,13,21,528563
695423,24,12,23,44057
695487,22,13,21,528733
695535,24,14,23,396577
695711,22,10,21,19589
696015,24,14,23,396851
696127,24,13,23,132305
696351,23,13,22,264695
696431,21,12,20,352967
696447,22,13,21,529463
696815,24,14,23,397307
696959,24,13,23,132463
696991,21,12,20,353251
697071,22,13,21,529937
697247,21,12,20,353381
697279,22,13,21,530095
697727,24,12,23,44203
697759,24,11,23,14735
697855,22,13,21,530533
698095,24,13,23,132679
698239,22,13,21,530825
698479,21,12,20,354005
698495,21,12,20,354013
698687,23,13,22,265583
698783,21,9,20,13117
698815,22,13,21,531263
698863,20,9,19,26237
699007,22,13,21,531409
699375,22,13,21,531689
699391,21,12,20,354467
699599,21,10,20,39397
699887,23,13,22,266039
699951,22,13,21,532127
700319,20,10,19,78875
700623,23,11,22,29591
700831,21,11,20,118399
700911,20,11,19,236825
701119,21,12,20,355343
701183,22,13,21,533063
701375,24,14,23,399907
701407,23,13,22,266617
701439,21,12,20,355505
701567,22,12,21,177785
701631,24,13,23,133351
701903,22,13,21,533611
701951,22,13,21,533647
702143,24,14,23,400345
702495,22,13,21,534061
702575,21,12,20,356081
702959,20,11,19,237517
703087,22,13,21,534511
703103,22,13,21,534523
703295,22,12,21,178223
703471,21,9,20,13205
703743,24,14,23,401257
703791,24,14,23,401285
703871,22,12,21,178369
704031,21,12,20,356819
704127,22,13,21,535301
704191,23,12,22,89225
704639,22,13,21,535691
704927,21,10,20,39697
704959,23,13,22,267967
705279,22,13,21,536177
705999,22,13,21,536725
706015,22,13,21,536737
706031,22,13,21,536749
706047,22,13,21,536761
706095,21,12,20,357865
706175,23,13,22,268429
706463,20,10,19,79567
706623,22,13,21,537199
706671,21,12,20,358157
706687,21,12,20,358165
706975,21,11,20,119437
707055,20,11,19,238901
707183,22,13,21,537625
707263,21,12,20,358457
707567,21,11,20,119537
707583,21,12,20,358619
707615,22,13,21,537953
707823,22,13,21,538111
708031,22,12,21,179423
708127,21,12,20,358895
708143,21,12,20,358903
708399,20,6,19,985
708479,21,8,20,4433
708639,24,13,23,134683
708719,21,12,20,359195
709327,22,13,21,539255
709375,22,13,21,539291
709567,22,13,21,539437
710079,23,12,22,89971
710095,22,13,21,539839
710143,22,13,21,539875
710527,22,13,21,540167
710719,22,13,21,540313
711103,21,12,20,360403
711135,22,13,21,540629
711279,22,13,21,540739
711295,22,13,21,540751
711551,22,10,21,20035
711663,21,11,20,120229
711871,22,13,21,541189
711919,22,13,21,541225
711983,23,13,22,270637
712175,20,11,19,240631
712239,21,12,20,360979
712351,24,14,23,406165
712511,21,12,20,361117
712687,22,9,21,6689
712751,23,13,22,270929
712767,20,9,19,26759
712831,21,12,20,361279
712863,21,12,20,361295
713151,21,12,20,361441
713215,23,13,22,271105
713599,24,14,23,406877
713727,21,12,20,361733
714191,22,13,21,542953
714223,20,10,19,80441
714287,24,14,23,407269
714399,24,14,23,407333
714623,21,10,20,40243
714815,20,11,19,241523
715167,21,11,20,120821
715247,20,11,19,241669
715455,24,14,23,407935
715471,23,13,22,271963
715519,23,13,22,271981
715711,24,13,23,136027
716015,22,13,21,544339
716223,22,12,21,181499
716239,23,13,22,272255
716319,21,12,20,363047
716479,24,12,23,45391
716847,24,13,23,136243
717103,22,13,21,545167
717247,21,12,20,363517
717311,24,13,23,136331
717343,22,12,21,181783
717359,22,12,21,181787
717423,23,13,22,272705
717471,23,13,22,272723
717503,23,13,22,272735
717551,21,12,20,363671
717759,22,13,21,545665
717823,24,14,23,409285
717935,22,12,21,181933
718015,24,13,23,136465
718127,22,13,21,545945
718335,22,13,21,546103
718591,22,12,21,182099
718703,22,13,21,546383
718911,20,10,19,80969
719471,24,14,23,410225
719855,21,11,20,121613
719903,22,13,21,547295
720111,22,13,21,547453
720127,22,13,21,547465
720351,24,13,23,136909
720415,24,13,23,136921
720431,21,12,20,365131
720767,21,10,20,40589
720879,22,11,21,60893
720927,24,14,23,411055
720959,20,11,19,243599
721007,23,13,22,274067
721055,21,12,20,365447
721391,23,13,22,274213
721407,23,13,22,274219
721647,21,12,20,365747
721791,23,11,22,30485
722143,20,8,19,9037
722175,23,13,22,274511
722223,21,8,20,4519
722383,22,13,21,549181
722463,20,8,19,9041
722543,21,7,20,1507
722623,20,8,19,9043
722687,22,12,21,183137
722783,20,5,19,335
723007,24,14,23,412241
723647,22,13,21,550141
723711,23,13,22,275095
723775,24,14,23,412679
723999,21,10,20,40771
724207,22,13,21,550567
724223,22,13,21,550579
724719,24,12,23,45913
724767,24,14,23,413245
724847,23,13,22,275527
725215,20,10,19,81679
725295,22,13,21,551395
725439,21,12,20,367669
725535,22,12,21,183859
725615,23,13,22,275819
725631,24,14,23,413737
725663,23,13,22,275837
725695,20,10,19,81733
725743,21,12,20,367823
726015,22,13,21,551941
726047,21,11,20,122659
726143,24,14,23,414029
726175,22,12,21,184021
726399,20,11,19,245437
726687,24,13,23,138113
726735,22,12,21,184163
726895,21,12,20,368407
727151,20,9,19,27299
727199,24,14,23,414631
727279,24,14,23,414677
727791,21,12,20,368861
728127,20,10,19,82007
728367,21,10,20,41017
728447,20,10,19,82043
728607,20,10,19,82061
728703,21,12,20,369323
728735,22,13,21,554009
728767,20,10,19,82079
729071,22,11,21,61585
729119,22,11,21,61589
729151,20,11,19,246367
729199,20,11,19,246383
729311,20,11,19,246421
729503,24,14,23,415945
729583,23,13,22,277327
729727,22,12,21,184921
730079,22,13,21,555031
730111,22,13,21,555055
730367,23,13,22,277625
730783,23,13,22,277783
730863,22,12,21,185209
730991,21,12,20,370483
731135,24,14,23,416875
731247,20,11,19,247075
731615,21,12,20,370799
731759,24,9,23,1717
731807,22,13,21,556345
731887,21,12,20,370937
731903,21,12,20,370945
732351,24,14,23,417569
732415,24,14,23,417605
732479,21,12,20,371237
732831,22,13,21,557123
733087,23,13,22,278659
733215,22,10,21,20645
733375,22,13,21,557537
733423,22,13,21,557573
733487,24,14,23,418217
733695,21,10,20,41317
734207,20,11,19,248075
734255,24,14,23,418655
734319,24,14,23,418691
734431,20,10,19,82717
734511,21,10,20,41363
734751,20,10,19,82753
734767,22,13,21,558595
734911,20,10,19,82771
735263,24,11,23,15527
735343,20,11,19,248459
735359,22,13,21,559045
735455,20,11,19,248497
735471,23,13,22,279565
735551,22,12,21,186397
735615,20,11,19,248551
735711,21,12,20,372875
735855,23,11,22,31079
735871,23,12,22,93239
735935,20,11,19,248659
736575,21,12,20,373313
736927,22,13,21,560237
737007,23,12,22,93383
737519,22,13,21,560687
737775,21,12,20,373921
738271,22,13,21,561259
738687,22,13,21,561575
738863,22,13,21,561709
738975,23,13,22,280897
739183,21,12,20,374635
739231,22,13,21,561989
739391,24,14,23,421583
739775,23,13,22,281201
739807,21,12,20,374951
739823,24,14,23,421829
739967,24,12,23,46879
739999,22,13,21,562573
740079,21,12,20,375089
740159,24,14,23,422021
740207,22,12,21,187577
740463,20,11,19,250189
740543,23,11,22,31277
740559,22,13,21,562999
740815,22,9,21,6953
740847,22,12,21,187739
740863,22,11,21,62581
740911,23,13,22,281633
740975,21,9,20,13909
741279,21,12,20,375697
741567,22,13,21,563765
741615,22,13,21,563801
741791,24,14,23,422951
741855,21,12,20,375989
742015,22,12,21,188035
742127,23,13,22,282095
742511,20,10,19,83627
742559,24,14,23,423389
742591,22,10,21,20909
742783,22,13,21,564689
742815,22,13,21,564713
742863,23,11,22,31375
742911,23,10,22,10459
743535,20,11,19,251227
743663,23,13,22,282679
743871,24,13,23,141379
743919,21,12,20,377035
744143,22,13,21,565723
744175,22,13,21,565747
744383,24,14,23,424429
744415,23,13,22,282965
744575,22,13,21,566051
744607,20,10,19,83863
744767,21,12,20,377465
744927,22,12,21,188773
745007,24,13,23,141595
745375,21,12,20,377773
745471,24,13,23,141683
745519,22,12,21,188923
745631,20,11,19,251935
745695,22,13,21,566903
745887,22,13,21,567049
745919,22,13,21,567073
745951,21,12,20,378065
745967,21,12,20,378073
746143,22,9,21,7003
746239,24,13,23,141829
746463,22,13,21,567487
746751,24,14,23,425779
746879,22,13,21,567803
747167,21,11,20,126227
748143,24,11,23,15799
748351,23,13,22,284461
748399,22,12,21,189653
748479,22,12,21,189673
748863,22,13,21,569311
749007,22,11,21,63269
749039,22,12,21,189815
749103,23,13,22,284747
749167,21,11,20,126565
749215,21,10,20,42191
749615,22,12,21,189961
749759,21,11,20,126665
750015,22,13,21,570187
750239,22,11,21,63373
750559,22,13,21,570601
750623,24,14,23,427987
750911,20,8,19,9397
751071,23,12,22,95165
751135,24,14,23,428279
751151,22,13,21,571051
751615,22,13,21,571403
751839,23,13,22,285787
751855,21,11,20,127019
751935,24,14,23,428735
752335,22,13,21,571951
752367,20,10,19,84737
752383,22,13,21,571987
752447,24,13,23,143009
752703,22,13,21,572231
752751,22,13,21,572267
752767,22,13,21,572279
752879,24,11,23,15899
752959,24,14,23,429319
753023,23,13,22,286237
753279,24,13,23,143167
753311,21,11,20,127265
753567,21,12,20,381925
753711,22,12,21,190999
753903,21,10,20,42455
753983,20,10,19,84919
754111,22,13,21,573301
754143,21,12,20,382217
754303,24,14,23,430085
754335,22,11,21,63719
754415,20,11,19,254903
754591,23,12,22,95611
754671,22,13,21,573727
754847,20,11,19,255049
755071,21,12,20,382687
755183,24,12,23,47843
755327,22,13,21,574225
755439,20,9,19,28361
755583,24,13,23,143605
755839,24,14,23,430961
756159,23,13,22,287429
756175,21,10,20,42583
756191,23,13,22,287441
756847,22,13,21,575381
756991,23,12,22,95915
757055,20,10,19,85265
757183,24,13,23,143909
757199,22,11,21,63961
757359,21,11,20,127949
757487,20,11,19,255941
757983,22,13,21,576245
757999,21,11,20,128057
758239,22,13,21,576439
758479,23,13,22,288311
758751,22,13,21,576829
758831,21,12,20,384593
759231,22,13,21,577193
759343,24,14,23,432959
759663,23,13,22,288761
759679,23,13,22,288767
759807,22,13,21,577631
759855,24,12,23,48139
760063,21,12,20,385217
760287,24,13,23,144499
760447,20,9,19,28549
760527,22,13,21,578179
760607,21,12,20,385493
760767,22,12,21,192787
760895,22,13,21,578459
760943,22,13,21,578495
761135,24,14,23,433981
761215,23,13,22,289351
761471,20,11,19,257287
761535,22,13,21,578945
761551,22,13,21,578957
761583,20,10,19,85775
762335,24,14,23,434665
762415,23,13,22,289807
762495,20,11,19,257633
762527,22,11,21,64411
762559,22,12,21,193241
762623,24,13,23,144943
762783,23,12,22,96649
762863,22,13,21,579955
762879,24,14,23,434975
762911,22,13,21,579991
763199,20,10,19,85957
763263,21,12,20,386839
763631,20,11,19,258017
763647,24,14,23,435413
763759,24,13,23,145159
764159,21,12,20,387293
764223,20,11,19,258217
764543,20,11,19,258325
764623,22,13,21,581293
764703,21,12,20,387569
764895,22,8,21,2393
764959,24,13,23,145387
764975,20,7,19,3191
765087,22,13,21,581645
765183,23,12,22,96953
765215,23,6,22,133
765647,22,13,21,582071
765695,22,13,21,582107
766063,22,12,21,194129
766431,20,10,19,86321
766447,22,13,21,582679
766655,22,12,21,194279
767087,23,13,22,291583
767103,21,11,20,129595
767135,23,13,22,291601
767391,21,12,20,388931
767519,24,14,23,437621
767615,20,11,19,259363
767855,23,13,22,291875
767871,23,13,22,291881
768127,24,10,23,5407
768207,21,12,20,389345
768255,21,12,20,389369
768479,20,11,19,259655
768495,24,13,23,146059
768639,20,11,19,259709
768719,24,14,23,438305
768751,24,14,23,438323
768767,22,13,21,584443
768831,21,11,20,129887
769023,22,12,21,194879
769055,23,13,22,292331
769087,21,12,20,389791
769135,21,12,20,389815
769151,21,11,20,129941
769327,22,13,21,584869
769407,21,12,20,389953
769439,21,12,20,389969
769503,20,9,19,28889
769567,22,12,21,195017
769583,22,9,21,7223
769727,21,12,20,390115
769743,22,13,21,585185
769791,22,13,21,585221
769855,24,14,23,438953
769919,24,14,23,438989
770559,22,13,21,585805
770879,21,10,20,43411
771039,23,10,22,10855
771071,23,12,22,97699
771199,21,10,20,43429
771231,24,13,23,146579
771519,24,14,23,439901
771551,20,11,19,260693
771631,24,11,23,16295
771791,23,13,22,293371
771823,20,11,19,260785
771839,23,13,22,293389
772207,23,12,22,97843
772223,23,11,22,32615
772511,24,14,23,440467
772543,24,14,23,440485
772591,23,13,22,293675
772799,24,12,23,48959
772815,22,13,21,587521
772895,21,12,20,391721
773055,24,14,23,440777
773119,22,12,21,195917
773423,22,13,21,587983
773535,21,12,20,392045
773663,22,12,21,196055
773679,22,11,21,65353
773823,21,12,20,392191
773887,22,13,21,588335
773999,22,13,21,588421
774047,22,13,21,588457
774191,20,9,19,29065
774255,22,12,21,196205
774351,21,12,20,392459
774399,21,12,20,392483
774463,22,13,21,588773
774591,23,9,22,3635
774655,22,13,21,588919
774703,24,13,23,147239
775279,23,13,22,294697
775327,23,13,22,294715
775615,21,11,20,131033
775647,20,10,19,87359
776159,22,13,21,590063
776447,24,14,23,442711
776511,23,13,22,295165
776639,22,11,21,65603
776831,20,11,19,262477
776959,24,14,23,443003
776991,22,13,21,590695
777183,22,10,21,21883
777247,23,13,22,295445
777327,21,12,20,393967
777375,22,13,21,590987
777631,21,12,20,394121
777695,20,11,19,262769
777775,22,11,21,65699
778047,23,11,22,32861
778143,22,13,21,591571
778287,20,11,19,262969
778367,22,11,21,65749
778959,22,8,21,2437
779039,20,8,19,9749
779119,21,7,20,1625
779263,23,12,22,98737
779679,21,12,20,395159
780031,23,13,22,296503
780447,23,12,22,98887
780607,24,13,23,148361
780783,23,13,22,296789
781087,24,14,23,445357
781119,24,14,23,445375
781247,20,11,19,263969
781295,22,12,21,197989
781471,21,12,20,396067
781615,22,13,21,594211
781759,21,11,20,132071
781855,22,12,21,198131
782015,21,12,20,396343
782031,21,10,20,44039
782063,22,13,21,594551
782111,24,12,23,49549
782191,22,13,21,594649
782239,22,13,21,594685
782271,20,10,19,88105
782383,20,11,19,264353
782591,21,12,20,396635
782751,23,12,22,99179
782783,23,11,22,33061
782879,21,12,20,396781
782895,21,11,20,132263
782975,24,13,23,148811
783295,20,11,19,264661
783407,20,9,19,29411
783471,21,12,20,397081
783519,21,12,20,397105
783999,24,14,23,447017
784079,24,13,23,149021
784591,22,13,21,596473
784703,23,13,22,298279
784943,21,10,20,44203
785007,22,13,21,596789
785103,23,10,22,11053
785135,24,14,23,447665
785183,20,10,19,88433
785279,21,12,20,397997
785343,20,10,19,88451
785391,24,14,23,447811
785567,21,12,20,398143
785823,24,14,23,448057
785887,20,11,19,265537
785967,22,11,21,66391
786159,22,13,21,597665
786367,20,11,19,265699
786591,22,12,21,199331
786655,23,13,22,299021
786751,22,13,21,598115
787199,22,10,21,22165
787439,23,12,22,99773
788127,22,13,21,599161
788223,21,11,20,133163
788335,22,9,21,7399
788351,22,12,21,199777
788383,24,13,23,149839
788735,20,9,19,29611
788895,22,12,21,199915
788959,24,14,23,449845
788975,23,13,22,299903
789759,20,11,19,266845
790575,20,11,19,267121
790847,21,12,20,400819
790975,23,11,22,33407
791071,21,12,20,400933
791247,22,10,21,22279
791279,22,12,21,200519
791327,20,10,19,89125
791599,20,11,19,267467
791711,21,12,20,401257
791807,20,10,19,89179
792271,21,11,20,133847
792431,22,11,21,66937
792447,22,12,21,200815
792511,20,11,19,267775
792815,22,13,21,602725
792831,20,11,19,267883
792895,21,12,20,401857
793327,23,12,22,100519
793471,21,12,20,402149
793503,21,7,20,1655
793583,22,12,21,201103
794095,23,13,22,301849
794351,22,13,21,603893
794847,23,13,22,302135
794943,21,12,20,402895
795583,22,13,21,604829
795679,23,12,22,100817
795903,20,11,19,268921
796063,23,13,22,302597
796127,22,13,21,605243
796527,22,11,21,67283
796543,22,12,21,201853
796879,20,11,19,269251
796911,24,14,23,454379
796927,20,11,19,269267
797135,23,13,22,303005
797311,24,14,23,454607
797423,24,12,23,50519
797503,22,13,21,606289
797551,21,9,20,14971
797567,24,14,23,454753
797727,22,12,21,202153
797935,22,13,21,606617
798015,23,12,22,101113
798111,20,9,19,29963
798191,24,13,23,151703
798927,20,10,19,89981
799359,21,12,20,405133
799391,24,13,23,151931
799679,22,13,21,607943
799791,20,11,19,270235
800159,20,11,19,270359
800191,24,13,23,152083
800223,22,13,21,608357
800991,22,13,21,608941
801087,21,12,20,406009
801151,24,14,23,456797
801215,24,14,23,456833
801823,22,12,21,203191
802095,24,12,23,50815
802207,20,11,19,271051
802239,24,14,23,457417
802495,24,13,23,152521
802543,21,12,20,406747
802687,23,12,22,101705
802719,23,9,22,3767
802751,24,14,23,457709
802799,21,12,20,406877
803039,23,13,22,305249
803375,24,14,23,458065
803775,22,13,21,611057
803839,24,14,23,458329
804319,24,14,23,458603
804335,22,13,21,611483
804719,22,11,21,67975
804927,22,13,21,611933
805119,20,11,19,272035
805343,22,12,21,204083
805503,21,12,20,408247
805695,22,13,21,612517
805743,21,11,20,136123
805823,23,13,22,306307
805887,24,14,23,459497
805919,22,12,21,204229
805999,24,13,23,153187
806095,20,11,19,272365
806191,23,12,22,102149
806303,20,11,19,272435
806591,23,13,22,306599
807135,24,13,23,153403
807391,23,12,22,102301
807423,23,12,22,102305
807551,21,12,20,409285
807647,20,6,19,1123
807967,24,12,23,51187
808415,22,13,21,614585
809023,22,13,21,615047
809455,22,11,21,68375
809583,21,12,20,410315
810303,24,12,23,51335
810479,21,10,20,45641
810527,24,14,23,462143
810879,23,12,22,102743
810911,23,11,22,34249
811039,21,12,20,411053
811423,20,11,19,274165
811503,24,11,23,17137
811567,22,13,21,616981
811647,24,14,23,462781
811711,23,13,22,308545
811839,24,13,23,154297
811935,21,9,20,15241
812015,20,9,19,30485
812159,22,13,21,617431
812527,22,13,21,617711
812751,24,14,23,463411
813215,24,14,23,463675
813263,24,14,23,463703
813471,20,10,19,91619
813519,24,14,23,463849
813551,22,10,21,22907
813759,22,13,21,618647
813935,21,11,20,137507
814063,20,11,19,275057
814495,20,11,19,275203
814575,21,11,20,137615
814591,21,12,20,412853
815215,23,13,22,309877
815263,24,14,23,464843
815407,21,12,20,413267
815615,23,12,22,103343
815647,22,13,21,620083
815727,21,12,20,413429
815807,24,13,23,155051
816431,22,12,21,206893
816607,21,12,20,413875
816799,23,12,22,103493
816831,22,13,21,620983
817023,20,9,19,30673
817183,21,12,20,414167
817215,22,13,21,621275
817535,23,13,22,310759
817855,22,13,21,621761
818047,20,11,19,276403
818111,24,13,23,155489
818159,20,10,19,92147
818335,23,13,22,311063
818431,24,14,23,466649
818687,24,14,23,466795
818719,23,13,22,311209
819103,23,11,22,34595
819183,22,13,21,622771
819247,21,12,20,415213
819423,24,14,23,467215
819679,24,12,23,51929
819759,22,13,21,623209
820095,20,10,19,92365
820127,21,11,20,138553
820207,20,11,19,277133
820223,22,13,21,623561
820383,22,13,21,623683
820463,21,12,20,415829
820719,21,11,20,138653
820735,21,12,20,415967
820783,22,13,21,623987
820943,22,13,21,624109
821119,20,11,19,277441
821471,23,8,22,1285
821487,23,12,22,104087
821551,20,7,19,3427
821631,21,8,20,5141
821791,22,7,21,857
821871,21,12,20,416543
821951,22,13,21,624875
822031,20,4,19,127
822271,23,13,22,312559
822479,22,13,21,625277
822511,21,12,20,416867
822895,24,14,23,469195
822991,23,13,22,312833
823023,23,13,22,312845
823039,23,13,22,312851
823327,24,14,23,469441
823407,23,13,22,312991
823711,22,13,21,626213
823967,21,12,20,417605
824191,20,11,19,278479
824543,24,14,23,470135
824575,23,13,22,313435
824623,22,12,21,208969
824703,22,10,21,23221
824783,21,12,20,418019
824991,23,12,22,104531
825023,22,13,21,627211
825215,20,11,19,278825
825311,23,13,22,313715
825391,21,12,20,418327
825407,21,11,20,139445
825551,24,12,23,52301
825583,24,12,23,52303
825791,23,13,22,313897
826143,23,12,22,104677
826303,21,12,20,418789
826399,20,9,19,31025
826495,24,14,23,471247
826527,23,13,22,314177
826911,23,13,22,314323
827007,24,14,23,471539
827039,22,12,21,209581
827375,20,10,19,93185
827423,22,13,21,629035
827455,21,10,20,46597
827615,22,10,21,23303
827711,23,13,22,314627
827807,22,13,21,629327
827839,22,13,21,629351
828031,22,13,21,629497
828319,21,11,20,139937
828399,20,11,19,279901
828415,22,13,21,629789
828447,20,11,19,279917
828655,21,12,20,419981
828799,22,11,21,70009
829135,22,13,21,630337
829167,22,13,21,630361
829183,22,13,21,630373
829599,22,13,21,630689
829679,23,12,22,105125
829759,22,13,21,630811
830079,23,13,22,315527
830111,21,12,20,420719
830143,24,14,23,473327
830495,20,11,19,280609
830719,21,12,20,421027
830767,20,9,19,31189
830927,21,12,20,421133
830975,22,13,21,631735
831007,21,9,20,15599
831087,22,12,21,210607
831135,22,12,21,210619
831167,22,9,21,7801
831727,22,12,21,210769
831903,22,13,21,632441
832191,21,11,20,140591
832703,24,14,23,474787
832735,23,13,22,316537
833055,22,13,21,633317
833215,24,14,23,475079
833279,24,14,23,475115
833407,20,11,19,281593
833503,23,13,22,316829
833567,23,13,22,316853
833583,21,12,20,422479
833759,24,10,23,5869
833791,24,12,23,52823
833919,21,10,20,46961
834015,24,14,23,475535
834159,24,13,23,158539
834239,21,10,20,46979
834591,20,11,19,281993
834623,22,11,21,70501
834799,21,12,20,423095
834863,20,11,19,282085
835103,21,11,20,141083
835263,22,11,21,70555
835775,20,8,19,10459
835823,22,12,21,211807
835903,23,13,22,317741
836255,21,12,20,423833
837023,22,12,21,212111
837087,23,13,22,318191
837119,23,13,22,318203
837359,22,13,21,636589
837743,21,11,20,141529
838255,23,13,22,318635
838271,23,13,22,318641
838335,21,11,20,141629
838431,24,12,23,53117
838639,23,13,22,318781
838655,21,11,20,141683
838767,22,10,21,23617
838847,20,10,19,94477
838959,20,11,19,283469
839167,20,10,19,94513
839199,21,11,20,141775
839327,22,12,21,212695
839359,22,11,21,70901
839407,23,13,22,319073
839455,21,12,20,425455
839711,20,11,19,283723
839791,21,11,20,141875
839887,22,12,21,212837
839935,22,12,21,212849
839983,20,9,19,31535
840095,21,12,20,425779
840191,20,11,19,283885
840223,23,9,22,3943
840303,20,9,19,31547
840431,24,13,23,159731
840639,23,13,22,319541
841167,24,13,23,159871
841759,20,10,19,94805
841839,21,10,20,47407
842351,20,11,19,284615
842367,24,13,23,160099
842479,22,13,21,640481
842735,24,13,23,160169
842783,20,11,19,284761
842863,22,11,21,71197
842879,22,12,21,213595
842943,20,11,19,284815
843167,24,12,23,53417
843231,22,13,21,641053
843247,24,14,23,480799
843423,24,14,23,480899
843823,22,13,21,641503
844015,22,12,21,213883
844527,23,13,22,321019
844767,21,12,20,428147
844799,21,11,20,142721
845039,22,13,21,642427
845215,22,12,21,214187
845439,22,13,21,642731
845551,22,13,21,642817
845951,21,12,20,428747
846239,24,13,23,160835
846447,20,10,19,95333
846783,22,13,21,643753
847151,20,11,19,286237
847167,22,13,21,644045
847311,22,13,21,644155
847391,21,11,20,143159
847407,21,12,20,429485
847551,22,11,21,71593
847647,21,12,20,429607
847919,22,13,21,644617
848063,20,10,19,95515
848127,22,12,21,214925
848175,20,11,19,286583
848287,21,12,20,429931
848415,23,11,22,35833
848495,20,11,19,286691
848543,22,13,21,645091
848831,23,13,22,322655
848863,21,12,20,430223
848927,22,13,21,645383
849007,24,11,23,17929
849087,20,11,19,286891
849407,20,11,19,286999
849535,22,13,21,645845
850047,21,12,20,430823
850399,24,14,23,484877
850671,22,13,21,646709
851103,22,11,21,71893
851183,23,13,22,323549
851199,23,13,22,323555
851423,22,13,21,647281
851615,20,10,19,95915
851999,24,14,23,485789
852015,22,13,21,647731
852127,21,11,20,143959
852415,21,12,20,432023
852639,22,13,21,648205
852959,21,12,20,432299
853151,23,10,22,12011
853247,22,13,21,648667
853455,20,11,19,288367
853471,23,13,22,324419
853631,22,13,21,648959
853663,20,11,19,288437
854079,24,13,23,162325
854255,24,14,23,487075
854431,21,12,20,433045
854687,20,9,19,32087
854767,21,9,20,16045
855279,20,11,19,288983
855359,22,13,21,650273
855487,23,12,22,108395
855503,20,10,19,96353
855535,24,14,23,487805
855663,20,10,19,96371
855759,22,12,21,216859
855791,24,14,23,487951
855967,22,13,21,650735
856111,22,13,21,650845
856303,20,10,19,96443
856367,20,11,19,289351
856543,22,13,21,651173
856607,23,11,22,36179
856687,20,11,19,289459
856703,24,14,23,488471
856735,20,11,19,289475
856815,21,11,20,144751
857023,23,13,22,325769
857119,22,13,21,651611
857247,24,11,23,18103
857855,23,12,22,108695
858079,22,12,21,217447
858159,23,13,22,326201
858239,21,12,20,434975
858351,20,11,19,290021
858591,23,13,22,326365
858623,23,13,22,326377
858831,21,12,20,435275
858863,21,11,20,145097
859007,23,12,22,108841
859103,21,12,20,435413
859119,21,12,20,435421
859391,23,13,22,326669
859455,21,9,20,16133
859615,22,13,21,653509
859695,21,12,20,435713
860143,24,14,23,490433
860479,22,11,21,72685
860831,20,10,19,96953
860927,21,12,20,436337
861439,22,13,21,654895
861951,24,12,23,54607
862079,21,12,20,436921
862111,24,14,23,491555
862207,24,14,23,491609
862527,23,10,22,12143
862671,20,11,19,291481
862879,20,11,19,291551
862927,21,12,20,437351
862959,21,11,20,145789
863167,22,13,21,656209
863231,22,13,21,656257
863487,24,13,23,164113
863551,21,11,20,145889
863951,22,12,21,218935
864063,20,8,19,10813
864223,20,7,19,3605
864303,22,13,21,657073
864383,20,8,19,10817
864703,21,12,20,438251
864735,22,13,21,657401
864879,24,14,23,493133
865311,21,12,20,438559
865919,21,10,20,48763
866047,23,12,22,109733
866159,21,12,20,438989
866623,24,11,23,18301
867023,21,12,20,439427
867135,20,10,19,97663
867295,21,12,20,439565
867455,20,10,19,97699
867583,23,13,22,329783
867647,21,11,20,146581
868079,22,11,21,73327
868223,21,12,20,440035
868287,22,13,21,660101
868335,23,12,22,110023
868383,23,12,22,110029
868415,22,13,21,660199
868831,21,9,20,16309
869119,21,12,20,440489
869631,22,13,21,661123
869935,23,13,22,330677
870127,24,10,23,6125
870271,24,14,23,496207
870527,20,10,19,98045
870879,21,11,20,147127
871039,22,11,21,73577
871071,20,11,19,294319
871151,21,11,20,147173
871231,20,11,19,294373
871455,21,12,20,441673
871631,24,13,23,165661
871983,22,13,21,662911
872223,23,13,22,331547
872303,21,12,20,442103
872927,21,11,20,147473
873087,23,11,22,36875
873119,24,14,23,497831
873151,22,13,21,663799
873167,21,12,20,442541
873407,24,14,23,497995
873439,20,9,19,32791
873503,21,12,20,442711
873727,22,13,21,664237
873919,24,14,23,498287
874431,24,13,23,166193
874703,22,13,21,664979
874943,22,13,21,665161
875007,21,12,20,443473
875135,22,10,21,24641
875295,22,13,21,665429
875455,24,14,23,499163
875823,21,12,20,443887
875839,21,11,20,147965
876031,24,12,23,55499
876063,22,13,21,666013
876079,22,13,21,666025
876223,24,14,23,499601
876351,20,10,19,98701
876415,21,12,20,444187
876575,23,12,22,111067
876655,24,14,23,499847
876671,20,10,19,98737
876959,23,13,22,333347
876991,23,13,22,333359
877023,21,11,20,148165
877311,24,14,23,500221
877375,20,11,19,296449
877535,20,11,19,296503
877695,20,11,19,296557
877823,24,14,23,500513
878079,22,12,21,222515
878239,22,13,21,667667
878367,24,7,23,229
878447,21,12,20,445217
878527,21,8,20,5497
878799,22,13,21,668093
879599,22,13,21,668701
879647,24,14,23,501553
880063,20,10,19,99119
880127,23,12,22,111517
880175,20,11,19,297395
880239,24,13,23,167297
880543,21,12,20,446279
880575,22,13,21,669443
880831,23,13,22,334819
880863,24,14,23,502247
881151,21,12,20,446587
881199,20,10,19,99247
881359,21,12,20,446693
881391,22,13,21,670063
881599,22,10,21,24823
881631,20,11,19,297887
881887,22,13,21,670441
881919,22,13,21,670465
881967,21,12,20,447001
882127,22,12,21,223541
882143,22,11,21,74515
882207,24,13,23,167671
882223,20,11,19,298087
882655,20,9,19,33137
882719,22,12,21,223691
882735,22,9,21,8285
882799,23,13,22,335567
882895,22,13,21,671207
882927,22,13,21,671231
883487,22,13,21,671657
884271,20,10,19,99593
884351,24,14,23,504235
884383,23,13,22,336169
884415,23,13,22,336181
884671,21,10,20,49819
884783,23,11,22,37369
885183,20,11,19,299087
885215,21,11,20,149549
885231,21,12,20,448655
885295,20,11,19,299125
885487,24,14,23,504883
885743,24,13,23,168343
886175,24,13,23,168425
886255,24,14,23,505321
886271,22,12,21,224591
886431,24,14,23,505421
886655,22,13,21,674065
886687,21,12,20,449393
886783,23,13,22,337081
887231,20,11,19,299779
887407,22,12,21,224879
887503,20,9,19,33319
887583,21,9,20,16661
887615,22,13,21,674795
887935,23,13,22,337519
888271,24,14,23,506471
888303,23,12,22,112553
888367,24,14,23,506525
888527,20,11,19,300217
888879,24,10,23,6257
888991,22,13,21,675841
889039,23,13,22,337939
889071,23,13,22,337951
889279,20,10,19,100157
889823,20,11,19,300655
889983,22,13,21,676595
890079,22,13,21,676669
890159,21,12,20,451153
890319,22,12,21,225617
890527,21,12,20,451339
890575,20,10,19,100303
890623,24,14,23,507811
890735,22,13,21,677167
890751,22,13,21,677179
890815,21,10,20,50165
890847,20,11,19,301001
890927,22,11,21,75257
891359,24,14,23,508231
891375,21,12,20,451769
891439,20,11,19,301201
891599,20,11,19,301255
891679,21,11,20,150641
891839,23,11,22,37667
892111,22,8,21,2791
892143,22,12,21,226079
892575,21,12,20,452377
892831,21,12,20,452507
893679,22,13,21,679405
893695,20,11,19,301963
893759,23,13,22,339733
893983,24,13,23,169909
894079,22,13,21,679709
894191,23,12,22,113299
894207,23,10,22,12589
894671,20,11,19,302293
894719,20,11,19,302309
894831,22,13,21,680281
894847,22,13,21,680293
895183,21,10,20,50411
895215,21,12,20,453715
895455,22,13,21,680755
895695,20,11,19,302639
895743,20,10,19,100885
895775,21,11,20,151333
895807,24,14,23,510767
895983,22,13,21,681157
896031,22,13,21,681193
896255,22,11,21,75707
896463,23,12,22,113587
896623,21,12,20,454429
896671,21,12,20,454453
896799,22,9,21,8417
896879,20,9,19,33671
897231,23,13,22,341053
897263,21,12,20,454753
897279,21,9,20,16843
898095,21,10,20,50575
898175,22,13,21,682823
898495,23,13,22,341533
898927,20,11,19,303731
898943,22,13,21,683407
899039,20,11,19,303769
899119,22,11,21,75949
899279,21,11,20,151925
899327,21,11,20,151933
899567,24,14,23,512911
899823,24,13,23,171019
899839,20,11,19,304039
899903,22,13,21,684137
900127,22,13,21,684307
900223,24,13,23,171095
900255,24,13,23,171101
900335,22,12,21,228155
900399,23,13,22,342257
900543,22,13,21,684623
900591,24,12,23,57055
900991,24,13,23,171241
901247,24,14,23,513869
901343,21,12,20,456821
901359,21,12,20,456829
901615,23,13,22,342719
901631,23,13,22,342725
901679,22,13,21,685487
901791,24,12,23,57131
901823,24,12,23,57133
901871,22,13,21,685633
902015,24,14,23,514307
902047,22,12,21,228589
902127,24,13,23,171457
902527,21,12,20,457421
902783,23,13,22,343163
903023,20,10,19,101705
903423,21,10,20,50875
903583,24,14,23,515201
903615,24,14,23,515219
903871,24,14,23,515365
903887,20,11,19,305407
903967,21,11,20,152717
904223,22,13,21,687421
904319,21,12,20,458329
904399,22,10,21,25465
904495,24,13,23,171907
904751,24,14,23,515867
904863,21,12,20,458605
904991,22,11,21,76445
905071,20,11,19,305807
905119,23,13,22,344051
905423,21,11,20,152963
905439,21,12,20,458897
905471,21,11,20,152971
905727,24,13,23,172141
905919,23,12,22,114785
905983,24,14,23,516569
906367,21,12,20,459367
906623,21,12,20,459497
906687,23,13,22,344647
906735,20,8,19,11347
907119,24,14,23,517217
907135,22,13,21,689635
907743,22,13,21,690097
907759,22,13,21,690109
907823,23,13,22,345079
907887,24,14,23,517655
908319,22,13,21,690535
908415,21,12,20,460405
908591,23,13,22,345371
908703,21,11,20,153517
908831,24,12,23,57577
908991,21,12,20,460697
909535,21,12,20,460973
909551,21,12,20,460981
909631,24,13,23,172883
909727,22,10,21,25615
909807,20,10,19,102469
909823,23,13,22,345839
910655,22,13,21,692311
910751,21,11,20,153863
911055,22,13,21,692615
911263,20,9,19,34211
911487,22,12,21,230981
912063,22,12,21,231127
912239,20,10,19,102743
912799,21,10,20,51403
912831,22,13,21,693965
912879,20,10,19,102815
913183,22,11,21,77137
913263,20,11,19,308575
913311,20,11,19,308591
913663,21,11,20,154355
913823,22,11,21,77191
913967,22,13,21,694829
914559,21,12,20,463519
914735,22,13,21,695413
914815,21,12,20,463649
914975,22,12,21,231865
915135,21,12,20,463811
915583,22,12,21,232019
915679,21,12,20,464087
915839,24,12,23,58021
915935,22,13,21,696325
916095,24,14,23,522335
916159,22,12,21,232165
916463,24,14,23,522545
916511,22,13,21,696763
916591,21,12,20,464549
916927,21,12,20,464719
917407,20,10,19,103325
917487,22,13,21,697505
917535,22,13,21,697541
918015,23,13,22,348953
918399,23,13,22,349099
918431,24,14,23,523667
918463,24,14,23,523685
918495,22,12,21,232757
918527,22,12,21,232765
918847,22,13,21,698539
918911,22,13,21,698587
919023,20,10,19,103507
919199,23,13,22,349403
919295,22,13,21,698879
919455,20,11,19,310667
919663,22,12,21,233053
919711,22,12,21,233065
919967,23,11,22,38855
920031,24,14,23,524579
920047,20,11,19,310867
920639,20,8,19,11521
920687,21,12,20,466625
920735,21,12,20,466649
920767,24,14,23,524999
920799,20,7,19,3841
920879,24,13,23,175021
920959,20,8,19,11525
921023,21,12,20,466795
921119,23,12,22,116711
921279,21,12,20,466925
921631,22,13,21,700655
921903,24,14,23,525647
922495,21,10,20,51949
923343,22,13,21,701957
923503,24,14,23,526559
923711,20,10,19,104035
923775,22,12,21,234095
923871,21,12,20,468239
923887,23,13,22,351185
924271,24,14,23,526997
924351,22,12,21,234241
924543,21,11,20,156193
924639,23,12,22,117157
924655,23,11,22,39053
924831,21,12,20,468725
925183,22,13,21,703355
925343,22,13,21,703477
925567,22,9,21,8687
925679,22,13,21,703733
925727,22,13,21,703769
926623,20,10,19,104363
926703,22,10,21,26093
927103,20,10,19,104417
927615,24,11,23,19589
927647,20,11,19,313435
927807,20,11,19,313489
927903,22,12,21,235141
927983,24,13,23,176371
928207,22,13,21,705655
928495,24,14,23,529405
928575,23,13,22,352967
928879,21,12,20,470777
928927,21,12,20,470801
929279,22,13,21,706469
929439,22,13,21,706591
929487,21,12,20,471085
929727,23,13,22,353405
929983,22,13,21,707005
930015,20,9,19,34915
930031,22,13,21,707041
930111,21,12,20,471401
930239,22,12,21,235733
930335,21,12,20,471515
930975,21,12,20,471839
931007,22,13,21,707783
931231,24,14,23,530965
931279,23,13,22,353995
931327,23,13,22,354013
931583,21,12,20,472147
931711,23,10,22,13117
932463,23,13,22,354445
932559,22,12,21,236321
932591,22,12,21,236329
932831,23,12,22,118195
932927,20,10,19,105073
932975,22,13,21,709279
933167,24,14,23,532069
933247,20,10,19,105109
933535,22,13,21,709705
933567,22,13,21,709729
933759,22,11,21,78875
933871,21,11,20,157769
933951,20,11,19,315565
934047,23,12,22,118349
934111,20,11,19,315619
934127,22,13,21,710155
934207,21,12,20,473477
934399,24,14,23,532771
934655,24,12,23,59213
934911,24,14,23,533063
935023,20,8,19,11701
935071,21,12,20,473915
935103,21,8,20,5851
935423,24,13,23,177785
935583,23,13,22,355631
936047,24,14,23,533711
936559,24,13,23,178001
936639,20,10,19,105491
936767,23,13,22,356081
936815,22,13,21,712199
936991,24,11,23,19787
937071,24,14,23,534295
937151,23,13,22,356227
937279,22,12,21,237517
937471,22,13,21,712697
937663,22,13,21,712843
937919,23,13,22,356519
938015,21,10,20,52823
938095,20,10,19,105655
938175,22,13,21,713233
938207,20,11,19,317003
938223,22,13,21,713269
938303,21,12,20,475553
938687,20,11,19,317165
938703,23,12,22,118939
938783,22,13,21,713695
939039,22,11,21,79321
939055,23,13,22,356951
939231,20,9,19,35261
939471,23,13,22,357109
939551,20,9,19,35273
939647,22,12,21,238117
939711,20,9,19,35279
940063,24,13,23,178667
940271,23,13,22,357413
940351,21,12,20,476591
941087,23,10,22,13249
941167,20,10,19,106001
941183,22,13,21,715519
941247,21,10,20,53005
941295,24,13,23,178901
941359,22,11,21,79517
941375,24,14,23,536749
941599,20,11,19,318149
941759,20,11,19,318203
941951,22,11,21,79567
942111,21,11,20,159161
942639,23,13,22,358313
942911,22,13,21,716833
943103,20,10,19,106219
943231,24,13,23,179269
943263,21,12,20,478067
943343,22,13,21,717161
943423,23,12,22,119537
943487,24,14,23,537953
944191,23,13,22,358903
944255,24,14,23,538391
944287,24,14,23,538409
944447,21,12,20,478667
944591,24,14,23,538583
944879,22,12,21,239443
944959,23,13,22,359195
945007,22,13,21,718427
945311,22,13,21,718657
945455,22,10,21,26621
945615,22,13,21,718889
945647,22,13,21,718913
945663,21,11,20,159761
945695,20,10,19,106511
945855,20,10,19,106529
946399,20,11,19,319771
946655,22,12,21,239893
946671,22,12,21,239897
946687,22,11,21,79967
946815,21,12,20,479867
946847,22,13,21,719825
946895,23,12,22,119977
946975,22,13,21,719923
947311,20,10,19,106693
947359,23,13,22,360107
947391,21,10,20,53351
947423,20,11,19,320117
947503,24,11,23,20009
947711,21,10,20,53369
947743,20,11,19,320225
947759,24,14,23,540389
947839,22,12,21,240193
947903,20,11,19,320279
948255,21,11,20,160199
948335,20,11,19,320425
949327,23,5,22,55
949375,22,13,21,721747
949407,22,13,21,721771
949567,22,12,21,240631
949967,22,13,21,722197
950335,22,13,21,722477
950751,24,14,23,542095
950767,22,12,21,240935
950831,23,13,22,361427
950943,22,13,21,722939
951199,23,13,22,361567
951263,24,14,23,542387
951759,21,10,20,53597
951807,21,11,20,160799
952015,23,13,22,361877
952639,21,12,20,482819
952943,21,11,20,160991
952959,21,12,20,482981
953199,21,12,20,483103
953807,22,13,21,725117
953839,21,12,20,483427
953967,24,14,23,543929
954015,23,9,22,4477
954063,22,13,21,725311
954111,22,13,21,725347
954527,20,11,19,322517
954671,21,10,20,53761
954687,22,13,21,725785
954911,20,10,19,107549
954991,21,10,20,53779
955327,21,12,20,484181
955551,20,10,19,107621
955615,20,11,19,322885
955631,24,14,23,544877
955855,21,11,20,161483
955935,20,11,19,322993
956063,22,11,21,80759
956095,20,11,19,323047
956383,22,13,21,727075
956479,24,13,23,181787
956623,24,14,23,545443
956655,24,14,23,545461
956735,23,13,22,363671
956911,24,12,23,60623
956975,22,13,21,727525
957135,24,14,23,545735
957167,24,14,23,545753
957247,24,13,23,181933
957503,24,14,23,545945
957567,24,14,23,545981
957599,20,11,19,323555
957935,21,12,20,485503
958111,24,11,23,20233
958159,22,13,21,728425
958271,24,14,23,546383
958367,22,12,21,242861
958399,22,12,21,242869
958575,22,13,21,728741
958703,23,9,22,4499
958783,22,13,21,728899
958943,22,12,21,243007
959023,23,13,22,364541
959135,22,13,21,729167
959391,23,13,22,364681
959727,21,11,20,162137
959871,24,14,23,547295
960047,24,13,23,182465
960207,23,13,22,364991
960255,23,13,22,365009
960623,23,13,22,365149
960639,23,13,22,365155
960751,22,11,21,81155
960975,23,10,22,13529
961407,23,13,22,365447
961535,22,13,21,730991
961983,24,13,23,182833
961999,21,11,20,162521
962159,23,11,22,40637
962207,23,11,22,40639
962255,22,13,21,731539
962303,22,13,21,731575
962495,22,12,21,243907
963119,24,13,23,183049
963263,22,13,21,732305
963391,23,8,22,1507
963455,22,13,21,732451
963519,21,12,20,488333
963583,24,13,23,183137
964063,24,14,23,549685
964143,23,13,22,366487
964351,24,13,23,183283
964575,22,13,21,733303
964719,24,13,23,183353
964863,24,14,23,550141
964927,20,10,19,108677
965055,22,13,21,733667
965231,24,14,23,550351
965359,20,11,19,326177
965375,24,14,23,550433
965407,22,12,21,244645
965871,21,11,20,163175
965887,21,12,20,489533
966127,21,12,20,489655
966175,22,13,21,734519
966351,22,13,21,734653
966383,20,10,19,108841
966591,22,12,21,244945
966703,21,12,20,489947
966895,23,11,22,40837
966975,20,11,19,326723
967327,21,11,20,163421
967407,20,11,19,326869
967551,22,13,21,735565
967583,21,12,20,490393
967935,21,12,20,490571
967999,20,9,19,36341
968063,23,12,22,122659
968399,23,13,22,368105
968815,23,13,22,368263
968831,23,13,22,368269
969151,22,13,21,736781
969343,22,13,21,736927
969375,21,10,20,54589
969455,20,10,19,109187
969503,24,14,23,552787
969535,22,10,21,27299
969727,22,13,21,737219
970047,20,11,19,327761
970271,22,13,21,737633
970287,22,13,21,737645
970399,23,11,22,40985
970479,20,11,19,327907
970495,22,13,21,737803
970863,22,13,21,738083
971391,20,10,19,109405
971551,23,12,22,123101
971647,24,14,23,554009
972031,21,12,20,492647
972159,24,12,23,61589
972239,24,14,23,554347
972415,20,11,19,328561
972495,24,13,23,184831
972735,23,12,22,123251
972767,22,13,21,739531
972847,21,12,20,493061
972927,21,9,20,18263
973007,22,12,21,246571
973247,22,13,21,739895
973439,24,14,23,555031
973951,23,11,22,41135
973983,24,14,23,555341
974143,20,10,19,109715
974239,24,14,23,555487
974383,22,13,21,740759
974655,23,13,22,370483
974959,21,12,20,494131
974975,22,13,21,741209
975007,22,13,21,741233
975071,23,12,22,123547
975087,23,11,22,41183
975295,24,13,23,185363
975407,24,14,23,556153
975551,21,12,20,494431
975743,22,13,21,741793
975871,23,13,22,370945
975999,22,10,21,27481
976127,21,12,20,494723
976191,20,11,19,329837
976623,20,11,19,329983
976639,23,13,22,371237
977007,21,12,20,495169
977023,21,11,20,165059
977103,22,12,21,247609
977455,23,8,22,1529
977599,21,12,20,495469
977695,22,12,21,247759
978175,21,12,20,495761
978463,22,13,21,743861
978623,24,14,23,557987
979055,21,12,20,496207
979247,24,14,23,558343
979391,23,13,22,372283
979423,20,11,19,330929
979695,22,13,21,744797
979967,21,12,20,496669
980095,22,11,21,82789
980191,24,14,23,558881
980447,20,10,19,110425
980479,24,14,23,559045
980527,21,10,20,55217
980927,23,12,22,124289
981119,21,11,20,165751
981215,22,12,21,248651
981247,22,12,21,248659
981375,21,12,20,497383
981471,20,11,19,331621
981615,22,13,21,746257
981631,20,11,19,331675
981695,21,12,20,497545
981759,23,13,22,373183
981983,21,9,20,18433
982127,23,12,22,124441
982207,22,13,21,746707
982575,22,13,21,746987
983199,22,13,21,747461
983359,24,14,23,560687
983519,20,10,19,110771
983599,22,10,21,27695
983791,22,13,21,747911
984031,21,11,20,166243
984063,21,12,20,498745
984303,24,13,23,187075
984383,20,11,19,332605
984479,23,12,22,124739
984543,20,11,19,332659
984783,24,14,23,561499
985151,22,13,21,748945
985199,21,12,20,499321
985295,22,12,21,249685
985327,24,14,23,561809
985535,21,10,20,55499
986303,22,13,21,749821
986319,21,12,20,499889
986351,24,14,23,562393
986559,22,11,21,83335
986607,24,13,23,187513
986655,21,12,20,500059
986815,23,12,22,125035
986863,24,14,23,562685
986911,21,12,20,500189
987071,20,9,19,37057
987295,24,14,23,562931
987551,21,12,20,500513
987583,23,13,22,375397
987887,22,13,21,751025
988095,20,11,19,333859
988127,21,10,20,55645
989039,22,13,21,751901
989231,22,13,21,752047
989311,21,11,20,167135
989343,21,12,20,501421
989407,22,12,21,250727
989567,21,12,20,501535
989743,24,10,23,6967
989807,22,13,21,752485
989887,21,12,20,501697
989935,23,13,22,376291
990143,20,10,19,111517
990175,21,11,20,167281
990399,24,14,23,564701
990463,22,13,21,752983
990623,22,12,21,251035
990687,20,11,19,334735
990703,23,13,22,376583
990767,21,11,20,167381
990847,22,13,21,753275
991167,20,11,19,334897
991391,21,12,20,502459
991439,20,8,19,12407
991647,21,12,20,502589
991743,24,13,23,188489
992735,24,14,23,566033
992767,24,14,23,566051
992975,22,10,21,27959
993023,24,14,23,566197
993135,22,13,21,755015
993343,22,13,21,755173
993439,21,12,20,503497
993759,22,13,21,755489
994047,24,13,23,188927
994175,22,12,21,251935
994239,20,11,19,335935
994415,24,12,23,62999
994495,22,13,21,756049
994511,21,12,20,504041
994559,22,13,21,756097
994623,23,13,22,378073
995023,23,11,22,42025
995263,20,11,19,336281
995375,20,11,19,336319
995631,22,13,21,756913
995775,21,11,20,168227
995823,23,13,22,378529
995871,22,12,21,252365
995951,24,13,23,189289
996047,21,9,20,18697
996127,20,9,19,37397
996223,23,12,22,126227
996511,22,12,21,252527
996607,20,9,19,37415
997119,22,11,21,84227
997343,23,10,22,14041
997423,20,10,19,112337
997583,20,10,19,112355
997855,22,13,21,758603
997871,22,13,21,758615
998095,21,11,20,168619
998143,21,10,20,56209
998175,20,11,19,337265
998367,21,11,20,168665
998655,20,11,19,337427
998719,24,13,23,189815
999487,24,13,23,189961
999583,21,12,20,506611
999839,21,12,20,506741
999919,24,13,23,190043
1000191,21,11,20,168973
1000319,24,12,23,63373
1000607,22,12,21,253565
1000703,20,11,19,338119
1000911,24,14,23,570695
1000943,22,13,21,760951
1001327,22,13,21,761243
1001535,22,13,21,761401
1001631,24,14,23,571105
1001951,22,13,21,761717
1001967,22,13,21,761729
1002111,24,14,23,571379
1002191,21,10,20,56437
1002223,24,13,23,190481
1002271,20,10,19,112883
1002703,24,14,23,571717
1003295,22,13,21,762739
1003423,24,13,23,190709
1003455,20,11,19,339049
1003727,20,10,19,113047
1003935,22,13,21,763225
1003999,23,13,22,381637
1004191,24,13,23,190855
1004223,24,13,23,190861
1004239,21,11,20,169657
1004319,20,11,19,339341
1004415,23,12,22,127265
1004591,20,11,19,339433
1004799,20,11,19,339503
1005215,23,13,22,382099
1005631,22,13,21,764515
1005887,22,12,21,254903
1005983,20,8,19,12589
1006047,24,14,23,573623
1006063,22,13,21,764843
1006143,20,6,19,1399
1006463,22,12,21,255049
1007103,24,14,23,574225
1007135,23,13,22,382829
1007231,21,12,20,510487
1007263,22,13,21,765755
1007519,23,13,22,382975
1008095,24,13,23,191597
1008255,22,12,21,255503
1008319,23,13,22,383279
1008607,24,14,23,575083
1008799,22,12,21,255641
1009055,20,10,19,113647
1009135,22,13,21,767179
1009519,21,11,20,170549
1009535,21,12,20,511655
1009903,23,13,22,383881
1009919,20,11,19,341233
1009983,22,12,21,255941
1010303,23,12,22,128011
1010335,22,13,21,768091
1010367,22,13,21,768115
1010415,21,12,20,512101
1011487,20,10,19,113921
1011567,21,10,20,56965
1011823,23,13,22,384611
1011951,22,13,21,769319
1011967,20,10,19,113975
1012127,20,10,19,113993
1012351,22,12,21,256541
1012431,21,11,20,171041
1012511,20,11,19,342109
1012767,21,12,20,513293
1012959,23,13,22,385043
1012991,20,11,19,342271
1013279,22,13,21,770329
1013375,21,12,20,513601
1013823,22,13,21,770743
1013871,22,13,21,770779
1014143,23,13,22,385493
1014255,24,14,23,578303
1014271,21,12,20,514055
1014463,22,13,21,771229
1014591,24,14,23,578495
1014975,23,12,22,128603
1015103,21,12,20,514477
1015279,22,9,21,9529
1015295,22,12,21,257287
1015679,21,12,20,514769
1015711,23,13,22,386089
1015839,22,12,21,257425
1016303,21,11,20,171695
1016319,21,12,20,515093
1016815,24,14,23,579763
1016831,22,13,21,773029
1017215,22,13,21,773321
1017279,24,14,23,580027
1017327,24,14,23,580055
1017391,22,13,21,773455
1017983,22,13,21,773905
1018175,22,12,21,258017
1018271,20,10,19,114685
1018351,21,10,20,57347
1018495,23,12,22,129049
1018559,22,13,21,774343
1018735,22,11,21,86053
1018911,21,12,20,516407
1019071,24,12,23,64561
1019295,20,11,19,344401
1019375,22,11,21,86107
1019391,22,12,21,258325
1019439,24,13,23,193753
1019887,20,8,19,12763
1019935,22,12,21,258463
1019967,22,8,21,3191
1020015,23,13,22,387725
1020063,23,13,22,387743
1020607,24,13,23,193975
1020927,24,14,23,582107
1020975,24,13,23,194045
1021151,23,13,22,388157
1021471,22,13,21,776557
1021487,22,13,21,776569
1021631,24,14,23,582509
1021695,24,14,23,582545
1021999,24,14,23,582719
1022207,24,13,23,194279
1022399,23,13,22,388631
1022447,21,11,20,172733
1022463,21,12,20,518207
1022751,23,13,22,388765
1022959,20,10,19,115213
1023103,22,13,21,777797
1023167,23,12,22,129641
1023279,21,12,20,518621
1023471,22,11,21,86453
1023487,22,12,21,259363
1023519,23,13,22,389057
1023807,22,13,21,778333
1023903,21,11,20,172979
1024047,22,12,21,259505
1024447,22,13,21,778819
1024479,21,12,20,519229
1024751,23,13,22,389525
1024895,20,9,19,38477
1025023,22,13,21,779257
1025055,24,14,23,584461
1025407,22,13,21,779549
1025535,23,12,22,129941
1025919,23,13,22,389969
1025951,21,10,20,57775
1026111,24,10,23,7223
1026207,22,13,21,780157
1026303,23,13,22,390115
1026847,24,13,23,195161
1026943,20,11,19,346985
1027055,20,11,19,347023
1028127,22,12,21,260539
1028287,21,12,20,521159
1028607,21,12,20,521321
1028991,20,11,19,347677
1029055,23,12,22,130387
1029087,22,13,21,782347
1029151,22,13,21,782395
1029311,22,12,21,260839
1029343,23,13,22,391271
1029423,21,12,20,521735
1029503,21,9,20,19325
1029535,22,13,21,782687
1029583,24,12,23,65227
1029663,22,13,21,782785
1030303,24,14,23,587453
1030351,24,13,23,195827
1030895,22,13,21,783721
1031231,22,13,21,783977
1031279,22,13,21,784013
1031551,24,13,23,196055
1031583,24,13,23,196061
1031663,22,11,21,87145
1031839,21,12,20,522959
1031871,22,13,21,784463
1031999,22,13,21,784561
1032063,22,13,21,784609
1032127,21,12,20,523105
1032175,20,10,19,116251
1032239,22,12,21,261581
1032255,22,10,21,29065
1032319,24,13,23,196201
1032639,22,13,21,785047
1032863,24,14,23,588913
1032895,24,14,23,588931
1032943,23,13,22,392639
1033087,20,11,19,349061
1033119,24,11,23,21817
1033199,20,11,19,349099
1033375,24,14,23,589205
1033599,21,11,20,174617
1033663,22,13,21,785825
1033679,23,12,22,130973
1033855,22,13,21,785971
1034191,21,6,20,719
1034271,20,8,19,12943
1034431,20,7,19,4315
1034943,24,14,23,590099
1035295,23,13,22,393533
1035519,24,12,23,65603
1035567,24,14,23,590455
1035583,22,13,21,787285
1035679,23,13,22,393679
1035711,23,13,22,393691
1035967,22,13,21,787577
1036495,22,13,21,787979
1036527,21,12,20,525335
1036543,22,13,21,788015
1036799,24,14,23,591157
1036847,24,14,23,591185
1037055,24,13,23,197101
1037343,20,10,19,116833
1037503,22,12,21,262915
1037695,21,11,20,175309
1037823,24,12,23,65749
1037951,22,13,21,789085
1038191,24,13,23,197317
1038207,20,11,19,350791
1038271,21,12,20,526219
1038383,23,12,22,131569
1038543,21,12,20,526357
1038559,21,9,20,19495
1038591,21,12,20,526381
1038719,22,9,21,9749
1038815,23,13,22,394871
1038847,23,13,22,394883
1039103,22,13,21,789961
1039471,22,13,21,790241
1039599,23,12,22,131723
1039663,22,13,21,790387
1039903,24,14,23,592927
1040079,22,13,21,790703
1040255,20,10,19,117161
1040415,20,10,19,117179
1040607,21,11,20,175801
1040895,22,13,21,791323
1041087,22,11,21,87941
1041135,23,13,22,395753
1041279,20,11,19,351829
1041663,22,12,21,263969
1041727,24,13,23,197989
1041823,22,13,21,792029
1041871,23,12,22,132011
1042047,22,13,21,792199
1042639,21,12,20,528433
1042751,24,14,23,594551
1042895,21,12,20,528563
1043071,24,14,23,594733
1043135,23,11,22,44057
1043151,22,13,21,793039
1043199,22,13,21,793075
1043231,21,12,20,528733
1043263,21,12,20,528749
1043567,21,9,20,19589
1043583,21,12,20,528911
1043615,22,13,21,793391
1043647,20,9,19,39181
1044127,21,12,20,529187
1044159,22,13,21,793805
1044223,22,13,21,793853
1044255,24,14,23,595409
1044591,22,11,21,88237
1044703,21,10,20,58831
1044735,22,13,21,794243
1044959,22,13,21,794413
1044991,22,13,21,794437
1045023,23,13,22,397231
1045119,24,14,23,595901
1045663,24,13,23,198737
1045807,23,13,22,397529
1045887,21,11,20,176693
1045919,21,12,20,530095
1046143,22,13,21,795313
1046223,24,14,23,596531
1046271,23,13,22,397705
1046463,21,12,20,530371
1046559,20,10,19,117871
1046639,23,10,22,14735
1046751,21,11,20,176839
1046783,21,12,20,530533
1046911,22,11,21,88433
1047007,23,13,22,397985
1047231,24,11,23,22115
1047279,22,13,21,796177
1047359,21,12,20,530825
1047423,23,13,22,398143
1047583,20,11,19,353959
1047663,21,11,20,176993
1047679,21,12,20,530987
1047711,22,13,21,796505
1047743,20,11,19,354013
1047967,21,12,20,531133
1048015,20,8,19,13115
1048175,20,8,19,13117
1048815,21,12,20,531563
1049599,24,11,23,22165
1050015,21,12,20,532171
1050239,22,13,21,798427
1050735,24,11,23,22189
1050831,21,12,20,532585
1051087,21,12,20,532715
1051391,22,13,21,799303
1051455,21,12,20,532901
1051759,21,11,20,177685
1051775,21,12,20,533063
1051967,22,13,21,799741
1052191,22,11,21,88879
1052351,21,11,20,177785
1052399,22,13,21,800069
1052447,23,12,22,133351
1052527,22,13,21,800167
1052575,22,13,21,800203
1052927,21,12,20,533647
1052991,22,13,21,800519
1053215,23,13,22,400345
1053727,24,14,23,600809
1053823,21,12,20,534101
1053919,22,10,21,29675
1054239,24,10,23,7421
1054367,22,13,21,801565
1054399,21,10,20,59377
1054943,21,11,20,178223
1055039,24,13,23,200519
1055103,22,11,21,89125
1055199,23,13,22,401099
1055615,23,13,22,401257
1056159,21,12,20,535285
1056191,21,12,20,535301
1056415,23,13,22,401561
1056463,24,14,23,602369
1056575,24,12,23,66937
1056703,22,13,21,803341
1056895,22,12,21,267829
1057087,22,13,21,803633
1057183,23,12,22,133951
1057263,22,13,21,803767
1057327,21,12,20,535877
1057407,24,13,23,200969
1057519,24,14,23,602971
1057599,21,12,20,536015
1057919,21,12,20,536177
1057951,21,9,20,19859
1058031,24,14,23,603263
1058111,24,13,23,201103
1058543,24,13,23,201185
1058975,24,11,23,22363
1059055,22,13,21,805129
1059263,22,12,21,268429
1059455,22,13,21,805433
1059567,24,14,23,604139
1059951,21,11,20,179069
1059999,21,11,20,179077
1060047,24,12,23,67157
1060287,21,12,20,537377
1060335,24,14,23,604577
1060511,24,13,23,201559
1060767,22,13,21,806431
1060799,22,13,21,806455
1061103,23,13,22,403343
1061343,22,13,21,806869
1061407,21,11,20,179315
1061423,21,12,20,537953
1061503,23,13,22,403495
1062047,21,11,20,179423
1062447,24,12,23,67309
1062639,21,8,20,6649
1063039,23,12,22,134693
1063551,22,13,21,808547
1063711,22,13,21,808669
1063807,21,12,20,539161
1064239,24,14,23,606803
1064383,21,12,20,539453
1064655,21,12,20,539591
1064687,22,13,21,809411
1064895,22,13,21,809569
1064943,23,13,22,404803
1065119,22,11,21,89971
1065375,23,12,22,134989
1065519,21,12,20,540029
1065711,22,10,21,30007
1065727,24,14,23,607651
1065791,21,12,20,540167
1065951,24,12,23,67531
1066111,21,12,20,540329
1066143,21,11,20,180115
1066239,24,14,23,607943
1066463,22,13,21,810761
1066703,21,12,20,540629
1066879,22,12,21,270359
1066911,23,13,22,405551
1067327,21,9,20,20035
1067455,22,12,21,270505
1067647,22,13,21,811661
1068159,23,13,22,406025
1068527,23,13,22,406165
1068783,21,10,20,60187
1068799,21,12,20,541691
1068991,22,13,21,812683
1069375,21,11,20,180661
1069695,23,13,22,406609
1069823,22,12,21,271105
1069855,24,13,23,203335
1069951,21,12,20,542275
1070111,24,14,23,610151
1070127,22,13,21,813547
1070207,22,13,21,813607
1070799,21,12,20,542705
1071311,22,13,21,814447
1071423,21,11,20,181007
1071663,21,12,20,543143
1071727,22,13,21,814763
1071999,21,12,20,543313
1072095,22,12,21,271681
1072255,24,13,23,203791
1072447,24,14,23,611483
1073183,23,13,22,407935
1073199,23,13,22,407941
1074303,24,14,23,612541
1074335,21,11,20,181499
1074559,24,13,23,204229
1074847,24,14,23,612851
1074895,21,12,20,544781
1074927,21,10,20,60533
1075071,22,12,21,272435
1075407,22,13,21,817561
1075455,22,13,21,817597
1075519,21,11,20,181699
1075951,23,11,22,45443
1075967,23,12,22,136331
1076159,24,13,23,204533
1076255,22,12,21,272735
1076703,21,8,20,6737
1076735,23,13,22,409285
1076943,21,12,20,545819
1077183,22,13,21,818911
1077295,24,13,23,204749
1077551,22,13,21,819191
1077871,23,13,22,409717
1077887,21,11,20,182099
1077951,24,14,23,614621
1078303,23,12,22,136627
1078751,22,13,21,820103
1078975,24,14,23,615205
1079327,22,13,21,820541
1079503,22,13,21,820675
1079775,22,10,21,30403
1079855,21,12,20,547295
1079919,24,14,23,615743
1079935,21,10,20,60815
1080063,24,12,23,68425
1080095,22,13,21,821125
1080255,24,14,23,615935
1080623,23,12,22,136921
1080639,23,11,22,45641
1080703,22,13,21,821587
1080767,22,13,21,821635
1081023,23,13,22,410915
1081375,21,12,20,548065
1081391,23,13,22,411055
1081823,24,14,23,616829
1082111,22,12,21,274219
1082607,23,13,22,411517
1082687,22,10,21,30485
1082847,21,10,20,60979
1082879,22,13,21,823241
1083391,23,13,22,411815
1083711,21,11,20,183083
1083903,22,12,21,274673
1084015,22,13,21,824105
1084031,21,11,20,183137
1084447,22,12,21,274811
1084575,23,13,22,412265
1084655,22,13,21,824591
1084671,22,13,21,824603
1084831,22,13,21,824725
1084863,22,13,21,824749
1085471,21,12,20,550141
1085647,23,13,22,412673
1085663,23,13,22,412679
1085935,24,12,23,68797
1086111,23,13,22,412849
1086159,22,12,21,275245
1086239,24,13,23,206449
1086927,22,13,21,826319
1087535,22,13,21,826781
1087695,24,14,23,620177
1087727,24,14,23,620195
1087983,24,14,23,620341
1087999,22,12,21,275711
1088447,23,13,22,413737
1088575,24,13,23,206893
1088703,21,12,20,551779
1088815,23,12,22,137959
1088895,22,13,21,827815
1088991,21,10,20,61325
1089023,21,12,20,551941
1089215,23,13,22,414029
1089231,23,13,22,414035
1090015,23,11,22,46037
1090031,23,12,22,138113
1090239,24,13,23,207209
1090607,24,8,23,853
1090767,21,7,20,2275
1090799,23,13,22,414631
1090975,24,13,23,207349
1091071,21,12,20,552979
1092255,22,13,21,830369
1092287,22,13,21,830393
1092479,22,13,21,830539
1092543,21,10,20,61525
1092863,22,13,21,830831
1093071,23,13,22,415495
1093103,21,12,20,554009
1093375,24,13,23,207805
1093663,21,12,20,554293
1093679,21,10,20,61589
1093743,24,13,23,207875
1093839,23,13,22,415787
1093951,23,13,22,415829
1094143,24,12,23,69317
1094399,24,14,23,623999
1094591,21,11,20,184921
1094767,22,13,21,832279
1094847,21,12,20,554893
1094959,22,12,21,277475
1095119,21,12,20,555031
1095167,21,12,20,555055
1095359,22,13,21,832729
1095423,22,13,21,832777
1095615,22,9,21,10283
1095727,22,13,21,833009
1095935,24,14,23,624875
1096175,22,12,21,277783
1096703,23,13,22,416875
1096943,22,13,21,833933
1097775,21,11,20,185459
1098623,23,13,22,417605
1098751,22,13,21,835307
1099215,21,12,20,557107
1099247,21,12,20,557123
1099839,21,12,20,557423
1099983,24,9,23,2581
1100271,22,12,21,278821
1100575,24,14,23,627521
1100927,24,14,23,627721
1101039,21,12,20,558031
1101599,22,13,21,837473
1101759,23,10,22,15511
1102239,22,13,21,837959
1102543,24,14,23,628643
1102575,24,14,23,628661
1102719,24,13,23,209581
1102895,23,10,22,15527
1102959,22,13,21,838507
1103007,22,13,21,838543
1103039,21,12,20,559045
1103231,24,14,23,629035
1103359,21,12,20,559207
1103743,24,14,23,629327
1103807,22,11,21,93239
1103919,21,11,20,186497
1103935,21,12,20,559499
1104079,23,11,22,46631
1104879,24,14,23,629975
1105055,24,13,23,210025
1105135,21,12,20,560107
1105311,24,14,23,630221
1105391,21,12,20,560237
1105599,24,14,23,630385
1106815,23,13,22,420719
1106911,22,13,21,841511
1107199,21,11,20,187051
1107327,22,12,21,280609
1107407,21,12,20,561259
1108031,21,12,20,561575
1108095,22,13,21,842411
1108127,22,13,21,842435
1108223,24,10,23,7801
1108383,24,14,23,631973
1108431,22,12,21,280889
1108463,22,12,21,280897
1108767,23,11,22,46829
1109199,21,9,20,20821
1109247,21,11,20,187397
1109551,23,13,22,421759
1109663,22,12,21,281201
1109791,22,13,21,843701
1110431,22,13,21,844187
1110815,22,10,21,31277
1111007,22,13,21,844625
1111295,21,10,20,62581
1111999,22,11,21,93931
1112191,22,13,21,845525
1112319,23,11,22,46979
1112383,22,13,21,845671
1112687,23,13,22,422951
1113119,24,14,23,634673
1113151,22,12,21,282085
1113471,23,12,22,141083
1113839,23,13,22,423389
1114095,22,13,21,846973
1114143,22,13,21,847009
1114175,21,12,20,564689
1114223,21,12,20,564713
1114351,22,12,21,282389
1114431,24,13,23,211807
1114527,21,9,20,20921
1114559,22,13,21,847325
1115007,23,13,22,423833
1115103,22,13,21,847739
1115119,22,13,21,847751
1115551,22,11,21,94231
1116031,24,13,23,212111
1116287,24,14,23,636479
1116367,24,11,23,23575
1116575,23,13,22,424429
1116623,22,12,21,282965
1116863,21,12,20,566051
1116991,23,12,22,141529
1117311,22,12,21,283139
1117343,24,14,23,637081
1117375,23,13,22,424733
1117391,21,11,20,188773
1117599,24,10,23,7867
1117679,22,13,21,849697
1117695,22,13,21,849709
1117983,21,11,20,188873
1118207,23,12,22,141683
1118239,22,13,21,850123
1118319,21,12,20,566789
1118463,22,11,21,94477
1118623,21,11,20,188981
1118847,22,13,21,850585
1119215,21,8,20,7003
1119231,21,12,20,567251
1119359,23,12,22,141829
1119615,22,12,21,283723
1119791,24,14,23,638477
1120127,23,13,22,425779
1120255,22,12,21,283885
1120383,22,13,21,851753
1120879,23,13,22,426065
1120975,22,13,21,852203
1121247,23,13,22,426205
1121263,23,13,22,426211
1121391,22,12,21,284173
1121471,24,13,23,213145
1121695,23,11,22,47375
1121775,22,13,21,852811
1121791,22,13,21,852823
1121839,24,13,23,213215
1122031,23,13,22,426503
1122287,22,13,21,853201
1122335,22,13,21,853237
1122367,21,12,20,568841
1122415,21,12,20,568865
1122527,22,12,21,284461
1122719,21,11,20,189673
1123071,24,13,23,213449
1123135,22,12,21,284615
1123295,21,12,20,569311
1123327,21,12,20,569327
1123359,22,13,21,854015
1123807,24,13,23,213589
1123839,24,13,23,213595
1123967,22,13,21,854477
1124095,24,14,23,640931
1124463,21,12,20,569903
1125071,22,13,21,855317
1125359,21,10,20,63373
1125407,24,13,23,213893
1125487,24,14,23,641725
1125567,23,13,22,427847
1125583,21,11,20,190157
1126703,23,13,22,428279
1126719,24,14,23,642427
1126847,22,13,21,856667
1127023,22,13,21,856801
1127071,22,13,21,856837
1127423,21,12,20,571403
1127455,22,13,21,857129
1127535,23,12,22,142865
1127615,22,13,21,857251
1127887,23,13,22,428729
1127903,23,13,22,428735
1127935,23,13,22,428747
1127983,21,12,20,571687
1128303,23,13,22,428887
1128479,24,13,23,214477
1128559,21,12,20,571979
1128575,21,12,20,571987
1128671,23,12,22,143009
1128831,21,12,20,572117
1129071,23,13,22,429179
1129151,21,12,20,572279
1129167,22,13,21,858431
1129439,23,13,22,429319
1129503,23,13,22,429343
1129775,22,13,21,858893
1129919,23,12,22,143167
1130367,22,13,21,859343
1130559,24,14,23,644617
1130911,21,11,20,191057
1131055,23,12,22,143311
1131327,22,12,21,286691
1131391,24,14,23,645091
1131455,23,13,22,430085
1131487,21,12,20,573463
1131503,21,10,20,63719
1131647,24,12,23,71693
1131903,24,14,23,645383
1131983,24,13,23,215143
1132991,21,12,20,574225
1133503,22,13,21,861727
1133679,22,12,21,287287
1133759,23,13,22,430961
1133871,22,13,21,862007
1134079,22,13,21,862165
1134287,22,12,21,287441
1134447,22,13,21,862445
1135103,22,13,21,862943
1135263,22,13,21,863065
1135295,24,14,23,647317
1135311,23,13,22,431551
1135487,22,11,21,95915
1135647,22,13,21,863357
1135775,23,12,22,143909
1136079,23,13,22,431843
1136095,23,13,22,431849
1136511,21,10,20,64001
1136751,21,12,20,576131
1137151,24,13,23,216125
1137199,22,12,21,288179
1137359,21,12,20,576439
1137407,24,14,23,648521
1137599,22,13,21,864841
1137631,21,12,20,576577
1137967,22,13,21,865121
1138143,24,14,23,648941
1138175,24,14,23,648959
1138559,22,13,21,865571
1138799,22,13,21,865753
1138847,21,12,20,577193
1138911,24,14,23,649379
1139391,22,13,21,866203
1139439,21,12,20,577493
1139455,21,12,20,577501
1139583,22,10,21,32087
1139743,24,14,23,649853
1140431,23,12,22,144499
1140591,24,13,23,216779
1140607,21,11,20,192695
1140847,23,13,22,433655
1141359,24,13,23,216925
1141615,24,14,23,650921
1142223,22,13,21,868357
1142383,24,14,23,651359
1142479,22,12,21,289517
1142511,22,12,21,289525
1142687,22,13,21,868709
1142815,23,9,22,5363
1142895,22,13,21,868867
1143295,22,13,21,869171
1143455,22,13,21,869293
1143503,23,13,22,434665
1143839,21,11,20,193241
1144479,22,13,21,870071
1145151,23,12,22,145097
1145215,22,13,21,870631
1145391,22,12,21,290255
1145535,23,13,22,435437
1145551,21,12,20,580591
1145599,21,12,20,580615
1145791,22,13,21,871069
1145887,21,10,20,64529
1145983,24,14,23,653411
1146095,24,13,23,217825
1146495,21,12,20,581069
1146607,22,12,21,290563
1146751,21,11,20,193733
1147039,24,14,23,654013
1147183,22,8,21,3589
1147343,21,7,20,2393
1147375,22,13,21,872273
1147503,23,8,22,1795
1147519,23,12,22,145397
1147551,22,13,21,872407
1147631,21,12,20,581645
1147647,21,12,20,581653
1147823,22,5,21,133
1147903,23,13,22,436337
1148063,24,12,23,72733
1148463,24,13,23,218275
1148543,21,12,20,582107
1148575,22,13,21,873185
1148831,24,13,23,218345
1149055,23,13,22,436775
1149167,22,13,21,873635
1149983,21,11,20,194279
1150143,24,14,23,655783
1150255,21,10,20,64775
1150415,22,13,21,874585
1150511,22,13,21,874657
1150703,22,12,21,291601
1150975,24,14,23,656257
1151007,23,11,22,48613
1151487,24,14,23,656549
1151695,21,12,20,583705
1151743,24,14,23,656695
1152191,23,9,22,5407
1152255,22,13,21,875983
1152303,24,13,23,219005
1152511,22,9,21,10817
1152559,23,13,22,438107
1152671,22,13,21,876299
1153231,22,13,21,876725
1153263,22,13,21,876749
1153471,22,13,21,876907
1153503,21,12,20,584621
1153535,21,11,20,194879
1153647,22,10,21,32483
1154239,22,11,21,97499
1154351,21,11,20,195017
1154559,23,11,22,48763
1154687,21,12,20,585221
1154879,23,13,22,438989
1154975,22,13,21,878051
1155199,22,13,21,878221
1155231,22,13,21,878245
1155711,23,12,22,146435
1155743,22,13,21,878635
1156559,22,9,21,10855
1156575,22,12,21,293089
1156607,22,11,21,97699
1156847,23,12,22,146579
1157279,23,13,22,439901
1157359,22,13,21,879863
1157439,24,12,23,73327
1157567,22,13,21,880021
1157759,22,12,21,293389
1158335,22,10,21,32615
1158703,22,13,21,880885
1158767,23,13,22,440467
1158815,23,13,22,440485
1159199,23,11,22,48959
1159407,24,13,23,220355
1159471,22,10,21,32647
1159583,23,13,22,440777
1159663,21,12,20,587743
1159679,21,11,20,195917
1160383,23,11,22,49009
1160495,21,11,20,196055
1160655,22,11,21,98041
1160671,22,12,21,294127
1160703,22,11,21,98045
1160751,23,13,22,441221
1160831,21,12,20,588335
1160863,24,14,23,661895
1161663,22,13,21,883135
1161695,21,12,20,588773
1161711,21,12,20,588781
1161855,22,12,21,294427
1161887,22,8,21,3635
1162367,24,14,23,662753
1162735,24,14,23,662963
1163071,23,13,22,442103
1163391,22,13,21,884449
1163487,23,13,22,442261
1163503,23,13,22,442267
1163711,24,13,23,221173
1163935,24,14,23,663647
1163967,24,14,23,663665
1164223,22,12,21,295027
1164671,23,13,22,442711
1164703,23,13,22,442723
1164751,22,11,21,98387
1164767,22,12,21,295165
1164847,24,13,23,221389
1164959,21,10,20,65603
1165039,23,12,22,147617
1165311,24,13,23,221477
1165439,23,13,22,443003
1165727,22,13,21,886225
1165759,22,13,21,886249
1165775,21,9,20,21883
1165791,24,14,23,664705
1165807,21,12,20,590857
1165823,24,14,23,664723
1166271,23,12,22,147773
1166319,22,13,21,886675
1166335,24,14,23,665015
1166591,24,14,23,665161
1166895,22,13,21,887113
1167007,23,13,22,443599
1167103,24,14,23,665453
1167471,24,14,23,665663
1167551,21,10,20,65749
1167583,24,13,23,221909
1168127,22,13,21,888049
1168511,22,13,21,888341
1168575,23,11,22,49355
1168895,22,11,21,98737
1169263,22,13,21,888913
1169375,24,14,23,666749
1169647,21,10,20,65867
1169855,22,13,21,889363
1170047,22,12,21,296503
1170175,23,13,22,444803
1170415,22,13,21,889789
1170559,23,13,22,444949
1170671,22,11,21,98887
1170911,23,12,22,148361
1170927,23,12,22,148363
1170975,24,14,23,667661
1170991,22,13,21,890227
1171071,22,13,21,890287
1171263,23,13,22,445217
1171583,22,13,21,890677
1171679,23,13,22,445375
1171695,23,13,22,445381
1172799,24,14,23,668701
1172943,22,11,21,99079
1173119,24,13,23,222961
1173567,22,12,21,297395
1173919,22,13,21,892453
1173967,21,11,20,198331
1173999,21,12,20,595009
1174143,24,14,23,669467
1174175,22,10,21,33061
1174223,24,13,23,223171
1174463,23,12,22,148811
1174511,24,14,23,669677
1175199,21,11,20,198539
1175599,23,12,22,148955
1175999,23,13,22,447017
1176511,22,12,21,298141
1176703,22,13,21,894569
1176959,24,13,23,223691
1177215,23,13,22,447479
1177279,22,13,21,895007
1177455,22,13,21,895141
1177807,21,12,20,596939
1177823,22,13,21,895421
1177983,24,14,23,671657
1178111,22,13,21,895639
1178367,23,13,22,447917
1178607,22,13,21,896017
1178735,23,13,22,448057
1179071,22,13,21,896369
1179103,23,12,22,149399
1179183,22,13,21,896455
1179583,21,12,20,597839
1179871,21,12,20,597985
1179887,21,11,20,199331
1180479,21,9,20,22159
1180799,21,9,20,22165
1182159,21,11,20,199715
1182463,24,13,23,224737
1182527,21,11,20,199777
1182831,24,13,23,224807
1182847,21,11,20,199831
1182975,22,12,21,299779
1183167,22,13,21,899483
1183423,23,13,22,449839
1183439,23,13,22,449845
1183599,24,13,23,224953
1183791,23,12,22,149993
1183951,21,12,20,600053
1184191,23,13,22,450131
1184799,24,13,23,225181
1184815,21,12,20,600491
1184895,21,11,20,200177
1185151,21,12,20,600661
1185183,21,12,20,600677
1185535,22,13,21,901283
1185647,22,13,21,901369
1185727,21,12,20,600953
1185759,23,13,22,450727
1186015,22,13,21,901649
1186047,21,12,20,601115
1186623,21,10,20,66823
1186975,23,13,22,451189
1187647,24,14,23,677167
1187903,24,12,23,75257
1188063,21,12,20,602137
1188335,24,13,23,225853
1188671,21,11,20,200815
1188991,21,11,20,200869
1189279,21,12,20,602753
1189631,22,13,21,904397
1189743,22,13,21,904483
1189855,21,8,20,7445
1189999,22,12,21,301559
1190095,21,12,20,603167
1190143,21,12,20,603191
1191071,24,13,23,226373
1191119,24,14,23,679147
1191471,24,10,23,8387
1191583,24,14,23,679411
1191631,23,13,22,452959
1191839,24,13,23,226519
1192351,22,12,21,302155
1192431,23,13,22,453263
1192479,22,13,21,906563
1192895,24,14,23,680159
1192927,22,10,21,33589
1192959,22,12,21,302309
1193007,21,12,20,604643
1193119,22,13,21,907049
1193375,21,12,20,604829
1193519,22,11,21,100817
1193727,22,13,21,907511
1194095,22,12,21,302597
1194111,22,11,21,100867
1194207,21,12,20,605251
1194367,23,12,22,151333
1194479,22,13,21,908083
1194543,21,9,20,22423
1194687,22,12,21,302747
1195423,21,12,20,605867
1195455,21,11,20,201961
1195839,22,10,21,33671
1195967,23,13,22,454607
1196063,22,13,21,909287
1196351,23,13,22,454753
1196479,22,10,21,33689
1196591,21,11,20,202153
1196799,24,14,23,682385
1196863,21,11,20,202199
1197023,22,11,21,101113
1197183,21,11,20,202253
1197215,22,13,21,910163
1197567,24,14,23,682823
1197935,22,13,21,910711
1197983,22,13,21,910747
1198335,21,12,20,607343
1198575,22,13,21,911197
1198703,24,14,23,683471
1199087,23,12,22,151931
1199215,21,12,20,607789
1199311,22,12,21,303919
1199519,21,12,20,607943
1200287,23,12,22,152083
1200447,24,13,23,228155
1200687,21,10,20,67615
1200927,24,14,23,684739
1201391,24,14,23,685003
1201823,23,13,22,456833
1202111,22,13,21,913885
1202143,21,10,20,67697
1202207,24,14,23,685469
1202239,24,14,23,685487
1202287,22,12,21,304673
1202383,24,13,23,228523
1202495,22,13,21,914177
1202671,22,13,21,914311
1202735,21,11,20,203191
1203183,24,12,23,76225
1203327,24,14,23,686107
1203711,22,13,21,915101
1203871,22,13,21,915223
1204079,22,8,21,3767
1204127,23,13,22,457709
1204383,24,12,23,76301
1204639,22,12,21,305269
1204719,24,13,23,228967
1205407,22,13,21,916391
1205631,22,13,21,916561
1205743,24,14,23,687485
1205759,23,13,22,458329
1205919,24,13,23,229195
1205967,21,11,20,203737
1206015,21,10,20,67915
1206479,23,13,22,458603
1206511,23,13,22,458615
1206591,22,13,21,917291
1206991,22,10,21,33985
1207279,23,12,22,152969
1207423,22,13,21,917923
1207711,21,12,20,612095
1207919,22,13,21,918301
1208015,21,11,20,204083
1208511,22,13,21,918751
1208559,22,13,21,918787
1208959,22,13,21,919091
1209759,22,13,21,919699
1210063,21,10,20,68143
1210223,24,10,23,8519
1210927,21,11,20,204575
1211087,22,11,21,102301
1211135,22,11,21,102305
1211263,21,12,20,613895
1211455,22,13,21,920989
1212063,22,13,21,921451
1212095,22,13,21,921475
1212319,23,13,22,460823
1212399,21,12,20,614471
1213167,23,12,22,153715
1213183,23,11,22,51239
1213423,22,12,21,307495
1213471,22,12,21,307507
1213599,21,12,20,615079
1213855,22,13,21,922813
1214335,23,12,22,153863
1214463,22,13,21,923275
1214783,22,13,21,923519
1215103,23,13,22,461881
1215231,22,10,21,34217
1215343,22,13,21,923945
1215983,22,13,21,924431
1216111,22,13,21,924529
1216127,24,12,23,77045
1216239,21,12,20,616417
1216367,22,10,21,34249
1216735,22,13,21,925003
1216751,22,13,21,925015
1217007,24,14,23,693907
1217151,24,14,23,693989
1217231,24,11,23,25705
1217407,21,12,20,617009
1217471,23,13,22,462781
1217567,22,12,21,308545
1217775,22,13,21,925793
1218175,22,12,21,308699
1218431,24,12,23,77191
1218463,24,8,23,953
1218559,22,13,21,926389
1218623,24,14,23,694829
1219055,24,14,23,695075
1219647,22,13,21,927217
1219695,22,13,21,927253
1219711,22,13,21,927265
1219823,23,13,22,463675
1219967,24,13,23,231865
1220031,24,13,23,231877
1220079,22,13,21,927545
1220223,23,12,22,154609
1220287,22,13,21,927703
1220639,21,12,20,618647
1221023,24,14,23,696197
1221247,21,12,20,618955
1221615,22,12,21,309571
1221663,22,12,21,309583
1222015,22,13,21,929017
1222383,21,12,20,619531
1222975,21,12,20,619831
1223295,21,12,20,619993
1223711,23,12,22,155051
1224447,24,14,23,698149
1224607,22,10,21,34481
1225199,22,11,21,103493
1225215,24,14,23,698587
1225663,23,13,22,465895
1225727,24,14,23,698879
1225839,24,13,23,232981
1226367,22,12,21,310775
1226431,23,13,22,466187
1226783,21,12,20,621761
1226863,24,14,23,699527
1227231,23,12,22,155497
1227247,23,11,22,51833
1227375,21,12,20,622061
1227391,21,12,20,622069
1227583,23,13,22,466625
1227647,23,13,22,466649
1227807,24,12,23,77785
1227839,22,13,21,933445
1227903,22,13,21,933493
1227935,22,13,21,933517
1228031,23,13,22,466795
1228079,22,12,21,311209
1228271,22,13,21,933773
1228479,22,13,21,933931
1228847,22,13,21,934211
1229503,22,13,21,934709
1230079,22,13,21,935147
1230271,22,13,21,935293
1230303,21,12,20,623545
1230335,21,12,20,623561
1230575,21,12,20,623683
1230751,23,10,22,17327
1231343,24,11,23,26003
1231471,21,12,20,624137
1231999,24,14,23,702455
1232175,22,12,21,312247
1232319,23,13,22,468425
1232575,22,13,21,937045
1232687,21,6,20,857
1232927,21,12,20,624875
1233055,24,14,23,703057
1233103,24,14,23,703085
1233407,22,12,21,312559
1233599,22,13,21,937823
1233791,22,13,21,937969
1233855,21,12,20,625345
1234079,24,13,23,234547
1234175,22,13,21,938261
1234303,24,14,23,703769
1234367,22,13,21,938407
1234383,21,12,20,625613
1234991,23,13,22,469441
1235567,21,12,20,626213
1235583,21,12,20,626221
1235903,24,14,23,704681
1236079,22,13,21,939709
1236127,22,13,21,939745
1236159,21,12,20,626513
1236447,21,12,20,626659
1236463,21,11,20,208889
1236511,22,13,21,940037
1236671,24,14,23,705119
1236927,22,12,21,313451
1237039,21,12,20,626959
1237055,21,9,20,23221
1237103,22,13,21,940487
1237311,22,13,21,940645
1237439,24,14,23,705557
1237695,22,13,21,940937
1238271,22,13,21,941375
1238495,24,14,23,706159
1238511,21,10,20,69745
1238575,23,13,22,470803
1238687,22,12,21,313897
1239103,21,11,20,209335
1239151,24,13,23,235511
1239743,23,13,22,471247
1239999,21,12,20,628459
1240303,21,12,20,628613
1240319,24,13,23,235733
1240367,22,12,21,314323
1240511,23,13,22,471539
1240527,21,12,20,628727
1240687,24,12,23,78601
1240767,22,13,21,943273
1240815,22,13,21,943309
1241135,21,12,20,629035
1241199,22,13,21,943601
1241343,24,14,23,707783
1241391,21,12,20,629165
1241631,23,13,22,471965
1241647,23,13,22,471971
1241711,21,12,20,629327
1241759,21,12,20,629351
1242047,21,12,20,629497
1242111,23,13,22,472147
1242143,24,14,23,708239
1242223,24,13,23,236095
1242303,21,12,20,629627
1242335,22,13,21,944465
1242623,21,12,20,629789
1242655,24,13,23,236177
1242879,23,13,22,472439
1243199,21,10,20,70009
1243375,22,12,21,315085
1243455,24,13,23,236329
1243519,22,13,21,945365
1243583,22,13,21,945413
1243967,24,14,23,709279
1244319,22,13,21,945973
1244399,21,12,20,630689
1244415,21,12,20,630697
1244639,21,12,20,630811
1244879,24,14,23,709799
1244911,22,13,21,946423
1245119,22,12,21,315527
1245215,23,13,22,473327
1245247,21,11,20,210373
1245503,22,13,21,946873
1245855,21,12,20,631427
1246431,21,8,20,7799
1246463,21,12,20,631735
1246671,21,12,20,631841
1246751,21,8,20,7801
1246847,24,14,23,710921
1246879,22,12,21,315973
1246911,22,8,21,3901
1247071,21,5,20,289
1247391,24,13,23,237077
1248415,24,14,23,711815
1248463,24,13,23,237281
1248495,21,12,20,632765
1248511,21,12,20,632773
1248799,22,13,21,949379
1249007,22,13,21,949537
1249055,23,13,22,474787
1249327,21,12,20,633187
1249439,22,13,21,949865
1249503,23,10,22,17591
1249583,21,12,20,633317
1249695,24,13,23,237515
1249823,23,13,22,475079
1249903,21,12,20,633479
1249919,23,13,22,475115
1249951,21,12,20,633503
1249983,21,10,20,70391
1250351,22,12,21,316853
1250463,24,13,23,237661
1250687,23,11,22,52823
1251023,23,13,22,475535
1251263,24,12,23,79271
1251439,21,9,20,23491
1251487,23,13,22,475711
1251567,22,12,21,317161
1251583,22,12,21,317165
1251711,22,13,21,951593
1252031,24,13,23,237959
1252543,22,13,21,952225
1252735,22,10,21,35273
1252863,24,13,23,238117
1252895,21,10,20,70555
1253055,23,10,22,17641
1253103,22,13,21,952651
1253439,21,11,20,211757
1253487,21,11,20,211765
1253535,22,13,21,952979
1253599,24,11,23,26473
1253695,22,13,21,953101
1253791,23,13,22,476587
1254655,21,12,20,635887
1254879,22,13,21,954001
1254911,22,13,21,954025
1255535,21,11,20,212111
1255631,22,12,21,318191
1255679,22,12,21,318203
1256063,22,13,21,954901
1256095,21,12,20,636617
1256191,24,14,23,716249
1256559,24,14,23,716459
1257791,24,14,23,717161
1258495,21,11,20,212611
1258543,22,12,21,318929
1258623,22,12,21,318949
1258719,21,10,20,70883
1258911,23,12,22,159511
1258959,22,13,21,957103
1258975,22,13,21,957115
1259007,22,13,21,957139
1259039,21,10,20,70901
1259199,22,10,21,35455
1259631,21,11,20,212803
1259743,22,11,21,106411
1259839,24,13,23,239443
1259903,21,11,20,212849
1260159,22,13,21,958015
1260223,21,11,20,212903
1260271,24,13,23,239525
1260415,24,14,23,718657
1260863,24,14,23,718913
1260959,22,12,21,319541
1261295,22,13,21,958879
1261727,22,13,21,959207
1261983,23,13,22,479701
1262063,24,14,23,719597
1262463,24,14,23,719825
1262527,22,13,21,959815
1262719,24,14,23,719971
1263055,22,13,21,960217
1263071,22,13,21,960229
1263087,24,14,23,720181
1263151,21,12,20,640193
1263871,22,12,21,320279
1264031,24,14,23,720719
1264255,22,13,21,961129
1264287,21,12,20,640769
1264367,24,14,23,720911
1264447,22,12,21,320425
1264575,24,13,23,240343
1264751,23,11,22,53417
1264847,21,12,20,641053
1264879,22,13,21,961603
1265055,22,12,21,320579
1265135,23,13,22,480899
1265199,21,12,20,641231
1265567,24,14,23,721595
1266303,23,13,22,481343
1266799,22,10,21,35669
1267135,23,12,22,160553
1267167,22,13,21,963343
1267823,21,11,20,214187
1268159,21,12,20,642731
1268671,23,13,22,482243
1268975,22,13,21,964717
1269215,24,13,23,241225
1269295,21,12,20,643307
1269375,22,13,21,965021
1269807,23,13,22,482675
1269919,21,11,20,214541
1270175,21,12,20,643753
1270207,21,12,20,643769
1270239,24,14,23,724259
1270591,23,12,22,160991
1270751,21,12,20,644045
1270911,22,12,21,322063
1271103,22,13,21,966335
1271679,22,13,21,966773
1272559,23,13,22,483721
1272687,24,13,23,241885
1272703,22,12,21,322517
1272815,21,12,20,645091
1273247,22,12,21,322655
1273327,23,13,22,484013
1273391,21,12,20,645383
1274303,21,12,20,645845
1274351,24,13,23,242201
1274751,24,12,23,80759
1274847,21,12,20,646121
1274911,23,13,22,484615
1275199,21,8,20,7979
1275343,24,14,23,727169
1275359,22,13,21,969571
1275439,21,12,20,646421
1275519,24,13,23,242423
1275967,24,14,23,727525
1276031,24,14,23,727561
1276111,24,14,23,727607
1276399,22,13,21,970361
1276415,22,13,21,970373
1276655,21,10,20,71893
1276799,22,12,21,323555
1276863,23,13,22,485357
1277247,23,13,22,485503
1277823,24,13,23,242861
1277999,23,13,22,485789
1278063,23,13,22,485813
1278399,21,12,20,647921
1278463,23,13,22,485965
1278511,22,12,21,323989
1278703,21,11,20,216025
1278879,22,13,21,972247
1278959,21,12,20,648205
1279135,22,11,21,108049
1279471,22,13,21,972697
1279535,24,14,23,729559
1279727,22,9,21,12011
1279743,22,12,21,324301
1279871,21,12,20,648667
1280447,21,12,20,648959
1280703,24,14,23,730225
1281055,22,13,21,973901
1281215,24,14,23,730517
1281279,22,13,21,974071
1281343,21,10,20,72157
1282047,24,14,23,730991
1283039,21,12,20,650273
1283071,22,13,21,975433
1283119,24,14,23,731603
1283327,24,13,23,243907
1283951,21,12,20,650735
1283967,21,12,20,650743
1284063,24,12,23,81349
1284143,22,13,21,976249
1284159,22,13,21,976261
1284351,24,14,23,732305
1284607,22,13,21,976601
1284655,23,12,22,162773
1284735,23,9,22,6029
1284815,21,12,20,651173
1285055,23,13,22,488471
1285423,23,13,22,488611
1285759,21,11,20,217217
1285871,23,10,22,18103
1286623,23,13,22,489067
1286783,22,11,21,108695
1286911,21,12,20,652235
1287071,22,13,21,978475
1287135,22,13,21,978523
1287151,21,12,20,652357
1287199,21,12,20,652381
1287487,21,10,20,72503
1287727,22,13,21,978973
1287887,22,12,21,326365
1287919,22,11,21,108791
1287935,22,12,21,326377
1288047,21,12,20,652811
1288511,22,11,21,108841
1288831,24,11,23,27217
1288895,22,13,21,979861
1288911,21,12,20,653249
1288991,24,14,23,734951
1289247,21,12,20,653419
1289263,21,7,20,2689
1289471,22,13,21,980299
1289711,24,14,23,735361
1290175,23,13,22,490417
1290431,22,13,21,981029
1290655,22,13,21,981199
1290719,21,10,20,72685
1290943,23,13,22,490709
1291567,22,13,21,981893
1291727,24,14,23,736511
1291823,22,13,21,982087
1291903,21,11,20,218255
1292143,21,12,20,654887
1292159,21,12,20,654895
1292335,22,13,21,982477
1292447,22,13,21,982561
1292495,24,14,23,736949
1292735,24,13,23,245695
1292767,21,11,20,218401
1292927,23,11,22,54607
1293055,21,12,20,655349
1293311,23,13,22,491609
1293343,21,12,20,655495
1293503,24,12,23,81947
1293615,21,12,20,655633
1293695,24,14,23,737633
1293727,24,14,23,737651
1293759,24,14,23,737669
1293791,22,9,21,12143
1293983,22,13,21,983729
1294271,24,13,23,245987
1294783,24,14,23,738253
1294847,21,12,20,656257
1294895,24,14,23,738317
1295359,22,13,21,984775
1295839,24,11,23,27365
1296111,22,11,21,109483
1296495,22,13,21,985639
1296799,23,13,22,492935
1296831,23,13,22,492947
1297087,22,13,21,986089
1297103,21,12,20,657401
1297263,22,12,21,328741
1297407,24,13,23,246583
1297663,24,14,23,739895
1297711,21,12,20,657709
1297951,23,13,22,493373
1298207,22,13,21,986941
1298287,21,12,20,658001
1298335,21,12,20,658025
1298463,22,12,21,329045
1298479,22,9,21,12187
1298543,24,13,23,246799
1298671,22,13,21,987293
1298943,21,12,20,658333
1299231,22,13,21,987719
1299935,23,10,22,18301
1299967,24,14,23,741209
1300415,22,13,21,988619
1300687,23,13,22,494413
1300735,23,13,22,494431
1300975,21,12,20,659363
1301103,23,12,22,164857
1301119,23,11,22,54953
1301199,22,13,21,989215
1301487,23,13,22,494717
1301535,21,12,20,659647
1301983,22,11,21,109979
1302431,21,12,20,660101
1302575,22,11,21,110029
1303327,21,8,20,8155
1303551,22,13,21,991003
1304191,24,14,23,743617
1304271,24,14,23,743663
1304703,24,14,23,743909
1304735,22,13,21,991903
1304783,24,13,23,247985
1304991,23,13,22,496049
1305039,22,13,21,992135
1305295,24,14,23,744247
1305375,23,13,22,496195
1305407,23,13,22,496207
1305535,22,11,21,110279
1305583,24,13,23,248137
1305727,22,13,21,992657
1305903,21,12,20,661861
1306143,23,13,22,496487
1306271,22,13,21,993071
1306399,22,13,21,993169
1306479,21,12,20,662153
1306527,21,12,20,662177
1306559,21,10,20,73577
1306671,22,11,21,110375
1306927,23,12,22,165595
1307039,22,13,21,993655
1307247,22,12,21,331271
1307583,24,11,23,27613
1307695,21,9,20,24547
1307807,24,14,23,745679
1307839,22,12,21,331421
1308063,22,13,21,994433
1308159,23,12,22,165751
1308607,22,13,21,994847
1308927,23,13,22,497545
1309439,22,13,21,995479
1309471,21,10,20,73741
1309631,22,10,21,36875
1309679,23,13,22,497831
1309823,22,13,21,995771
1310111,23,13,22,497995
1310175,22,11,21,110671
1310655,21,11,20,221423
1310831,24,14,23,747403
1310879,23,13,22,498287
1310959,22,13,21,996635
1311647,23,12,22,166193
1311711,24,14,23,747905
1311727,22,13,21,997219
1312159,22,13,21,997547
1312191,22,13,21,997571
1312415,21,12,20,665161
1312671,21,12,20,665291
1313023,21,9,20,24647
1313183,23,13,22,499163
1313231,22,13,21,998363
1313263,21,12,20,665591
1313535,24,14,23,748945
1313599,23,13,22,499321
1313919,22,13,21,998885
1314031,23,12,22,166495
1314047,23,11,22,55499
1314671,24,14,23,749593
1314863,22,11,21,111067
1315071,22,13,21,999761
1315119,23,12,22,166633
1315439,22,12,21,333347
1315487,22,12,21,333359
1315567,23,13,22,500069
1315615,21,10,20,74087
1315871,22,13,21,1000369
1315887,21,11,20,222307
1315967,23,13,22,500221
1316095,22,10,21,37057
1316735,23,13,22,500513
1316799,21,11,20,222461
1317103,21,12,20,667537
1317119,21,11,20,222515
1317183,24,14,23,751025
1317615,22,13,21,1001695
1317871,23,13,22,500945
1318015,24,14,23,751499
1318303,23,13,22,501109
1318335,23,13,22,501121
1318719,24,14,23,751901
1318975,24,14,23,752047
1319407,24,14,23,752293
1319471,23,13,22,501553
1319743,22,13,21,1003313
1319967,22,13,21,1003483
1320063,24,13,23,250889
1320191,22,11,21,111517
1320607,24,14,23,752977
1320831,24,13,23,251035
1320863,21,12,20,669443
1321023,23,12,22,167381
1321167,21,11,20,223199
1321215,21,11,20,223207
1321423,21,12,20,669727
1321631,24,12,23,83729
1321711,22,13,21,1004809
1321791,21,12,20,669913
1321855,23,13,22,502459
1322191,24,14,23,753881
1322303,22,13,21,1005259
1322399,21,9,20,24823
1322431,24,13,23,251339
1322911,24,14,23,754291
1323215,21,10,20,74515
1323455,24,14,23,754601
1323503,22,13,21,1006171
1323567,24,13,23,251555
1323711,22,12,21,335443
1323903,22,13,21,1006475
1324079,21,11,20,223691
1324447,21,11,20,223753
1324591,24,14,23,755249
1326111,23,13,22,504077
1326383,22,13,21,1008361
1326399,22,13,21,1008373
1326495,21,11,20,224099
1326527,23,13,22,504235
1326623,22,12,21,336181
1326783,21,12,20,672443
1326799,22,13,21,1008677
1326975,22,13,21,1008811
1327167,22,12,21,336319
1327327,21,12,20,672719
1327663,23,13,22,504667
1327935,22,13,21,1009541
1327999,22,13,21,1009589
1328095,24,14,23,757247
1328847,23,13,22,505117
1329263,23,12,22,168425
1329407,21,11,20,224591
1329631,23,13,22,505415
1329647,23,13,22,505421
1329903,22,13,21,1011037
1329983,21,12,20,674065
1330175,22,12,21,337081
1330207,24,13,23,252817
1330383,23,11,22,56189
1330479,22,13,21,1011475
1330495,24,14,23,758615
1330591,21,11,20,224791
1330719,22,12,21,337219
1330879,21,12,20,674519
1330943,22,13,21,1011827
1331423,21,12,20,674795
1331679,22,13,21,1012387
1331711,22,13,21,1012411
1331903,22,12,21,337519
1331935,22,6,21,463
1332095,22,13,21,1012703
1332255,22,13,21,1012825
1332783,23,12,22,168871
1332863,24,14,23,759965
1332895,22,13,21,1013311
1332943,24,13,23,253337
1333455,24,14,23,760303
1333807,22,13,21,1014005
1334143,24,13,23,253565
1334255,24,14,23,760759
1334575,22,13,21,1014589
1334591,22,13,21,1014601
1334815,22,12,21,338257
1334943,24,13,23,253717
1334975,21,12,20,676595
1335167,22,13,21,1015039
1335455,24,14,23,761443
1335711,24,11,23,28207
1335775,22,13,21,1015501
1335855,21,12,20,677041
1335935,23,13,22,507811
1336127,21,12,20,677179
1336287,23,12,22,169315
1336303,23,9,22,6271
1336447,21,12,20,677341
1336991,22,13,21,1016425
1337039,23,13,22,508231
1337583,22,13,21,1016875
1337759,22,10,21,37667
1337791,22,12,21,339011
1337983,22,13,21,1017179
1338351,22,11,21,113051
1338783,21,11,20,226175
1338927,22,12,21,339299
1338991,23,13,22,508973
1339087,22,13,21,1018019
1339327,24,14,23,763651
1339551,22,12,21,339457
1339583,24,13,23,254599
1339615,21,12,20,678947
1339871,24,14,23,763961
1339903,22,13,21,1018639
1339935,21,12,20,679109
1340383,24,12,23,84917
1340639,22,12,21,339733
1340719,24,13,23,254815
1340959,23,12,22,169907
1340975,23,12,22,169909
1341087,22,13,21,1019539
1341119,21,12,20,679709
1341311,22,9,21,12589
1341551,24,12,23,84991
1341663,24,14,23,764983
1341679,22,13,21,1019989
1341999,22,13,21,1020233
1342207,24,14,23,765293
1342335,21,11,20,226775
1342447,22,10,21,37799
1342623,21,12,20,680471
1342655,22,13,21,1020731
1342975,23,13,22,510487
1343183,21,12,20,680755
1343519,24,13,23,255347
1343647,22,12,21,340495
1343711,23,13,22,510767
1343967,22,13,21,1021729
1344047,21,12,20,681193
1344383,21,10,20,75707
1344495,23,11,22,56785
1345183,22,13,21,1022653
1345231,21,12,20,681793
1345407,22,11,21,113647
1345775,22,13,21,1023103
1345839,21,7,20,2807
1345983,22,12,21,341087
1346319,24,4,23,13
1346751,22,13,21,1023845
1347183,23,13,22,512087
1347199,24,14,23,768139
1347279,21,12,20,682831
1347327,21,12,20,682855
1347615,23,13,22,512251
1347743,22,12,21,341533
1347823,24,13,23,256165
1348079,24,14,23,768641
1348335,22,12,21,341683
1348351,22,12,21,341687
1348479,21,11,20,227813
1348831,22,12,21,341809
1349023,24,13,23,256393
1349151,23,12,22,170945
1349279,22,13,21,1025767
1349311,21,12,20,683861
1349503,22,11,21,113993
1349599,21,12,20,684007
1349839,22,13,21,1026193
1349871,22,13,21,1026217
1350191,21,12,20,684307
1350351,23,12,22,171097
1350383,23,12,22,171101
1350399,23,12,22,171103
1350431,22,13,21,1026643
1350687,22,9,21,12677
1350783,23,13,22,513455
1350815,21,12,20,684623
1350847,22,13,21,1026959
1351039,24,14,23,770329
1351167,23,13,22,513601
1351327,24,13,23,256831
1351583,24,14,23,770639
1351615,24,14,23,770657
1351663,21,10,20,76117
1351727,24,13,23,256907
1351999,21,12,20,685223
1352351,24,14,23,771077
1352447,22,12,21,342725
1352687,23,11,22,57131
1352735,23,11,22,57133
1353215,22,13,21,1028759
1353423,21,12,20,685945
1353471,21,12,20,685969
1353967,22,13,21,1029331
1354527,22,13,21,1029757
1354751,24,14,23,772445
1354783,22,11,21,114439
1355055,23,9,22,6359
1355071,23,12,22,171695
1355375,23,13,22,515201
1355423,23,13,22,515219
1355807,23,13,22,515365
1356287,24,14,23,773321
1356911,24,14,23,773677
1356927,22,13,21,1031581
1356991,23,13,22,515815
1357263,22,13,21,1031837
1357311,22,13,21,1031873
1357679,22,12,21,344051
1357695,22,11,21,114685
1357791,21,12,20,688159
1358031,22,13,21,1032421
1358079,22,13,21,1032457
1358575,23,12,22,172139
1358591,23,12,22,172141
1358623,24,14,23,774653
1358655,22,13,21,1032895
1358879,22,11,21,114785
1358975,23,13,22,516569
1359167,24,12,23,86107
1360063,22,8,21,4255
1360111,23,13,22,517001
1360191,21,12,20,689375
1360623,22,12,21,344797
1361311,23,13,22,517457
1361343,23,13,22,517469
1361359,22,13,21,1034951
1361391,22,13,21,1034975
1361983,22,13,21,1035425
1362399,22,12,21,345247
1362559,21,12,20,690575
1362639,24,12,23,86327
1362719,22,13,21,1035985
1363135,21,10,20,76763
1363183,22,13,21,1036337
1363199,22,13,21,1036349
1363247,23,11,22,57577
1363263,23,12,22,172733
1363391,22,13,21,1036495
1363455,21,10,20,76781
1363615,23,13,22,518333
1363695,21,12,20,691151
1363999,21,11,20,230435
1364127,24,14,23,777791
1364175,24,13,23,259273
1364271,21,9,20,25609
1364447,23,12,22,172883
1364479,23,11,22,57629
1364591,21,9,20,25615
1365151,24,14,23,778375
1365183,23,13,22,518929
1365439,24,13,23,259513
1365503,22,13,21,1038101
1365551,24,14,23,778603
1365631,23,12,22,173033
1366047,21,10,20,76927
1366079,22,13,21,1038539
1366463,24,14,23,779123
1366639,21,11,20,230881
1367071,22,11,21,115477
1367167,23,13,22,519683
1367231,21,11,20,230981
1367279,22,13,21,1039451
1367455,22,13,21,1039585
1367535,23,13,22,519823
1367599,24,14,23,779771
1368303,23,13,22,520115
1368543,24,12,23,86701
1369407,22,12,21,347023
1369503,23,13,22,520571
1369551,22,13,21,1041179
1369839,21,12,20,694265
1370175,22,13,21,1041653
1370735,21,10,20,77191
1371439,23,11,22,57923
1371583,22,13,21,1042723
1371759,24,14,23,782143
1372015,24,12,23,86921
1372351,22,10,21,38641
1372415,24,13,23,260839
1372463,21,11,20,231865
1372639,23,12,22,173921
1372719,22,13,21,1043587
1372783,21,11,20,231919
1373311,22,13,21,1044037
1373375,21,11,20,232019
1373695,21,11,20,232073
1373951,22,13,21,1044523
1374527,24,14,23,783721
1374687,22,12,21,348361
1374847,21,12,20,696803
1375039,24,14,23,784013
1375903,22,10,21,38741
1376303,21,12,20,697541
1376319,24,13,23,261581
1377007,24,14,23,785135
1377599,22,12,21,349099
1377743,21,11,20,232757
1377759,21,12,20,698279
1377951,24,11,23,29099
1378047,22,13,21,1047637
1378207,22,12,21,349253
1378367,21,12,20,698587
1378431,22,13,21,1047929
1378799,22,12,21,349403
1378975,21,9,20,25885
1379007,22,13,21,1048367
1379567,21,11,20,233065
1379775,22,13,21,1048951
1379791,21,10,20,77701
1379951,22,10,21,38855
1380047,23,13,22,524579
1380079,23,13,22,524591
1380463,23,13,22,524737
1380591,22,10,21,38873
1380655,21,11,20,233249
1380975,21,11,20,233303
1381023,21,11,20,233311
1381311,21,12,20,700079
1381375,22,13,21,1050167
1381935,22,13,21,1050593
1382095,22,13,21,1050715
1382143,22,13,21,1050751
1382335,24,14,23,788173
1382367,23,13,22,525461
1382447,21,12,20,700655
1383167,24,14,23,788647
1383199,23,12,22,175259
1383295,22,13,21,1051627
1383679,21,12,20,701279
1383903,21,12,20,701393
1383935,24,14,23,789085
1383983,24,14,23,789113
1384255,22,13,21,1052357
1384383,23,12,22,175409
1384559,24,13,23,263147
1385087,22,13,21,1052989
1385119,21,10,20,78001
1385215,24,14,23,789815
1385439,22,13,21,1053257
1385471,22,13,21,1053281
1386223,22,13,21,1053853
1386239,22,13,21,1053865
1386351,24,14,23,790463
1386399,22,12,21,351329
1386559,21,12,20,702739
1386607,22,13,21,1054145
1386959,22,11,21,117157
1387135,23,13,22,527273
1387167,21,11,20,234349
1387295,24,12,23,87889
1387455,21,12,20,703193
1387775,21,12,20,703355
1388239,23,13,22,527693
1388351,21,8,20,8687
1388591,21,12,20,703769
1388671,21,8,20,8689
1389087,24,14,23,792023
1389567,22,13,21,1056395
1390127,22,13,21,1056821
1390335,22,13,21,1056979
1390703,22,13,21,1057259
1390719,22,13,21,1057271
1390975,23,13,22,528733
1391231,24,13,23,264415
1391295,22,13,21,1057709
1391391,23,12,22,176297
1391423,23,10,22,19589
1391487,24,14,23,793391
1391743,22,10,21,39187
1391871,21,12,20,705431
1392623,22,13,21,1058719
1392671,22,13,21,1058755
1392703,21,12,20,705853
1392863,22,12,21,352967
1393631,22,13,21,1059485
1393791,24,14,23,794705
1393823,24,14,23,794723
1393919,21,12,20,706469
1394111,24,14,23,794887
1394143,23,13,22,529937
1394559,23,13,22,530095
1394815,21,10,20,78547
1395135,24,13,23,265157
1395359,21,11,20,235733
1395567,22,13,21,1060957
1395647,24,14,23,795763
1396207,22,13,21,1061443
1396511,21,12,20,707783
1396671,24,12,23,88483
1396959,22,12,21,354005
1396991,22,12,21,354013
1397439,21,12,20,708253
1397503,24,13,23,265607
1397535,22,12,21,354151
1397695,23,13,22,531287
1397727,21,9,20,26237
1397807,24,12,23,88555
1398015,21,12,20,708545
1398783,22,12,21,354467
1398895,22,13,21,1063487
1399295,24,14,23,797843
1399503,22,13,21,1063949
1399551,22,13,21,1063985
1399775,24,13,23,266039
1400287,22,13,21,1064545
1400319,22,13,21,1064569
1400351,21,12,20,709729
1400511,22,12,21,354905
1400639,21,10,20,78875
1400863,22,13,21,1064983
1400879,22,13,21,1064995
1400959,21,10,20,78893
1401583,23,13,22,532765
1401599,23,13,22,532771
1401663,22,11,21,118399
1401823,21,11,20,236825
1401887,22,13,21,1065761
1401983,23,11,22,59213
1402367,23,13,22,533063
1402735,24,14,23,799805
1403135,23,12,22,177785
1403199,24,14,23,800069
1403647,22,13,21,1067099
1403759,22,13,21,1067185
1403839,22,13,21,1067245
1403935,23,13,22,533659
1404143,24,13,23,266869
1404351,23,10,22,19771
1404399,22,13,21,1067671
1404415,22,13,21,1067683
1404463,21,11,20,237271
1404975,22,13,21,1068109
1405151,22,12,21,356081
1405487,23,10,22,19787
1405567,24,14,23,801419
1405727,22,12,21,356227
1405823,24,14,23,801565
1405919,21,11,20,237517
1406175,21,12,20,712681
1406207,21,12,20,712697
1406415,24,13,23,267301
1406495,21,12,20,712843
1406511,21,11,20,237617
1406655,23,12,22,178231
1406943,22,9,21,13205
1407007,23,13,22,534827
1407087,21,12,20,713143
1407695,22,13,21,1070177
1407743,22,13,21,1070213
1408255,23,13,22,535301
1408303,22,13,21,1070639
1408559,21,10,20,79321
1408639,23,13,22,535447
1409471,21,11,20,238117
1409583,24,11,23,29767
1409695,24,14,23,803773
1409775,23,13,22,535879
1409791,23,13,22,535885
1409951,24,13,23,267973
1410207,24,14,23,804065
1410303,22,13,21,1072159
1410543,23,13,22,536171
1410559,23,13,22,536177
1410687,22,13,21,1072451
1410975,24,14,23,804503
1411519,21,11,20,238463
1411583,24,13,23,268283
1411695,23,13,22,536609
1411791,21,9,20,26501
1411951,22,13,21,1073413
1412095,24,14,23,805141
1412351,24,13,23,268429
1412511,23,12,22,178973
1412591,22,13,21,1073899
1412607,24,14,23,805433
1412815,22,11,21,119341
1413279,21,12,20,716281
1413567,21,10,20,79603
1413615,22,13,21,1074677
1413631,22,13,21,1074689
1414111,21,11,20,238901
1414367,21,12,20,716833
1414383,22,13,21,1075261
1414399,24,14,23,806455
1414447,24,14,23,806483
1414687,21,12,20,716995
1414847,23,12,22,179269
1414863,23,10,22,19919
1415135,22,11,21,119537
1415231,23,13,22,537953
1415647,23,13,22,538111
1415727,22,11,21,119587
1415887,21,11,20,239201
1416063,23,12,22,179423
1416351,22,12,21,358919
1416431,23,13,22,538409
1416687,22,13,21,1077013
1416831,23,13,22,538561
1417711,22,13,21,1077791
1417919,22,13,21,1077949
1417967,21,12,20,718657
1417983,21,11,20,239555
1418479,22,13,21,1078375
1418959,24,11,23,29965
1419135,21,12,20,719249
1419583,24,14,23,809411
1419967,23,13,22,539753
1419983,21,11,20,239893
1420015,24,14,23,809657
1420031,21,10,20,79967
1420159,24,12,23,89971
1420271,21,12,20,719825
1420751,22,13,21,1080103
1420783,24,14,23,810095
1421039,22,12,21,360107
1421167,21,9,20,26677
1421423,22,13,21,1080613
1421471,24,14,23,810487
1421551,24,14,23,810533
1421807,22,13,21,1080905
1421983,24,14,23,810779
1422015,22,13,21,1081063
1422207,22,12,21,360403
1422751,24,14,23,811217
1422975,22,13,21,1081793
1423007,22,13,21,1081817
1423215,21,11,20,240439
1423327,22,11,21,120229
1423807,24,14,23,811819
1423839,23,13,22,541225
1423855,23,13,22,541231
1424111,21,12,20,721771
1424127,21,11,20,240593
1424383,22,13,21,1082863
1424575,24,14,23,812257
1424623,23,13,22,541523
1424879,22,13,21,1083241
1424927,22,13,21,1083277
1425087,24,14,23,812549
1425279,21,12,20,722363
1425455,24,14,23,812759
1425727,22,12,21,361295
1426079,22,13,21,1084153
1426111,22,13,21,1084177
1426159,21,12,20,722809
1426303,22,12,21,361441
1426335,24,13,23,271087
1426415,21,12,20,722939
1426431,24,13,23,271105
1426943,24,14,23,813607
1427071,21,12,20,723271
1427311,21,10,20,80377
1427567,24,13,23,271321
1427695,22,13,21,1085381
1428079,24,14,23,814255
1428159,23,13,22,542867
1428175,21,11,20,241277
1428479,22,13,21,1085977
1428511,21,12,20,724001
1428799,21,12,20,724147
1429023,22,13,21,1086391
1429231,22,12,21,362183
1429359,21,11,20,241477
1429615,22,13,21,1086841
1429727,24,14,23,815195
1430207,22,13,21,1087291
1431023,22,8,21,4477
1431167,21,12,20,725347
1431423,21,12,20,725477
1432031,21,12,20,725785
1432879,21,12,20,726215
1433119,22,13,21,1089505
1434095,21,10,20,80759
1434111,21,12,20,726839
1434303,22,13,21,1090405
1434495,22,12,21,363517
1434943,21,12,20,727261
1435007,24,13,23,272735
1435103,22,12,21,363671
1435375,24,12,23,90935
1435551,21,9,20,26947
1435775,24,13,23,272881
1435807,24,13,23,272887
1436143,24,13,23,272951
1436351,23,13,22,545981
1436655,22,13,21,1092193
1436831,24,14,23,819245
1437167,23,10,22,20233
1437183,23,12,22,182099
1437215,22,13,21,1092619
1437551,21,11,20,242861
1437599,21,11,20,242869
1437807,22,13,21,1093069
1438175,21,12,20,728899
1438207,21,12,20,728915
1438943,22,13,21,1093933
1439023,21,12,20,729329
1439103,24,14,23,820541
1439871,23,13,22,547319
1439951,22,13,21,1094699
1440127,22,13,21,1094833
1440223,21,12,20,729937
1440383,22,12,21,365009
1440447,24,13,23,273769
1440799,21,12,20,730229
1440959,22,12,21,365155
1441023,24,14,23,821635
1441151,22,13,21,1095611
1441327,24,14,23,821809
1441695,21,10,20,81187
1441727,22,13,21,1096049
1441903,24,14,23,822137
1441951,22,13,21,1096219
1442015,24,13,23,274067
1442303,21,12,20,730991
1442751,22,12,21,365609
1442783,24,13,23,274213
1442815,24,13,23,274219
1443135,21,12,20,731413
1443295,22,12,21,365747
1443311,22,10,21,40639
1443711,22,13,21,1097557
1443743,21,11,20,243907
1443951,24,13,23,274435
1444335,21,11,20,244007
1444927,21,8,20,9041
1444975,24,14,23,823889
1445055,22,12,21,366193
1445087,22,7,21,1507
1445167,21,12,20,732443
1445247,21,8,20,9043
1445375,23,12,22,183137
1445407,22,13,21,1098847
1445887,22,13,21,1099211
1446047,22,13,21,1099333
1446095,23,13,22,549685
1446207,24,14,23,824591
1446639,22,13,21,1099783
1446847,22,12,21,366647
1446959,22,13,21,1100027
1447295,23,13,22,550141
1447327,23,13,22,550153
1447583,21,12,20,733667
1447807,22,13,21,1100671
1447999,22,10,21,40771
1448063,23,13,22,550433
1448143,24,14,23,825695
1448191,22,13,21,1100963
1448319,22,13,21,1101061
1448559,22,12,21,367081
1448687,24,13,23,275335
1448927,22,13,21,1101523
1449519,22,13,21,1101973
1449631,21,12,20,734705
1449919,21,12,20,734851
1450047,24,14,23,826781
1450111,24,14,23,826817
1450911,22,10,21,40853
1451247,23,12,22,183881
1451391,21,10,20,81733
1451423,24,13,23,275855
1451935,21,11,20,245291
1452095,22,11,21,122659
1452191,24,13,23,276001
1452239,22,13,21,1104041
1452271,21,12,20,736043
1452287,22,13,21,1104077
1452479,24,14,23,828167
1452703,24,14,23,828295
1452735,24,14,23,828313
1452783,23,13,22,552227
1452991,24,12,23,92051
1453087,22,13,21,1104685
1453215,24,14,23,828587
1453247,22,12,21,368269
1453727,21,12,20,736781
1454015,21,12,20,736927
1454127,24,12,23,92123
1454271,21,12,20,737057
1454303,21,9,20,27299
1454319,21,12,20,737081
1454383,22,12,21,368557
1454527,24,13,23,276445
1454703,23,12,22,184319
1455151,22,13,21,1106255
1455215,22,13,21,1106303
1455519,23,13,22,553267
1456351,22,13,21,1107167
1456383,24,14,23,830393
1456927,21,12,20,738403
1457119,22,13,21,1107751
1457183,22,13,21,1107799
1457215,21,10,20,82061
1457407,22,12,21,369323
1457455,23,13,22,554003
1457471,23,13,22,554009
1457535,21,10,20,82079
1457567,22,13,21,1108091
1457823,21,12,20,738857
1458239,23,11,22,61589
1458335,22,13,21,1108675
1458399,21,11,20,246383
1458415,21,12,20,739157
1458687,23,13,22,554471
1458943,22,13,21,1109137
1459311,21,8,20,9131
1459455,23,12,22,184921
1459871,21,12,20,739895
1460079,24,14,23,832501
1460479,22,13,21,1110305
1460703,22,13,21,1110475
1460927,22,10,21,41135
1460975,23,13,22,555341
1461359,23,13,22,555487
1461567,24,13,23,277783
1461663,22,13,21,1111205
1461967,24,13,23,277859
1462207,21,12,20,741079
1462463,21,12,20,741209
1462495,21,11,20,247075
1462511,21,12,20,741233
1462591,24,14,23,833933
1462943,23,12,22,185363
1462975,23,11,22,61789
1462991,22,13,21,1112215
1463071,21,12,20,741517
1463343,21,12,20,741655
1463455,22,13,21,1112567
1463839,22,9,21,13739
1463935,24,13,23,278233
1463999,21,9,20,27481
1464063,22,13,21,1113029
1464479,24,14,23,835009
1464559,21,12,20,742271
1464815,24,14,23,835201
1465327,24,14,23,835493
1465455,21,10,20,82525
1465471,21,12,20,742733
1465663,23,13,22,557123
1465759,24,14,23,835739
1466015,24,14,23,835885
1466047,21,11,20,247675
1466527,24,14,23,836177
1466815,24,14,23,836341
1466847,23,13,22,557573
1467391,22,10,21,41317
1467711,22,13,21,1115803
1468271,22,13,21,1116229
1468543,22,12,21,372145
1468671,21,12,20,744355
1469087,22,12,21,372283
1469167,23,13,22,558455
1469247,21,12,20,744647
1469855,22,13,21,1117433
1469983,23,10,22,20695
1470143,21,10,20,82789
1470655,24,14,23,838531
1470687,21,11,20,248459
1470767,24,14,23,838595
1470943,24,13,23,279565
1471183,22,13,21,1118443
1471263,21,12,20,745669
1471455,24,14,23,838987
1471599,21,10,20,82871
1471711,24,11,23,31079
1471743,24,12,23,93239
1471967,24,14,23,839279
1472031,22,11,21,124343
1472191,21,11,20,248713
1472623,22,11,21,124393
1472639,22,12,21,373183
1472831,22,13,21,1119695
1473007,22,13,21,1119829
1473343,21,12,20,746723
1473407,22,13,21,1120133
1473663,21,12,20,746885
1473855,23,13,22,560237
1474287,23,13,22,560401
1474543,22,13,21,1120997
1475039,23,13,22,560687
1475055,23,13,22,560693
1475199,22,13,21,1121495
1475551,22,12,21,373921
1475743,22,13,21,1121909
1476255,23,13,22,561149
1476735,22,12,21,374221
1476847,24,13,23,280687
1477503,24,14,23,842435
1477615,24,12,23,93611
1477759,24,14,23,842581
1477871,24,14,23,842645
1478047,21,12,20,749107
1478079,21,12,20,749123
1478271,24,14,23,842873
1478383,24,13,23,280979
1478815,24,11,23,31229
1478895,24,14,23,843229
1479199,21,10,20,83299
1479295,22,13,21,1124609
1479551,24,13,23,281201
1479839,21,10,20,83335
1480223,22,11,21,125035
1480239,22,12,21,375109
1480383,21,11,20,250097
1480575,24,14,23,844187
1480911,23,13,22,562919
1480943,23,13,22,562931
1481199,22,13,21,1126057
1481535,21,12,20,750875
1481695,23,12,22,187739
1481887,21,11,20,250351
1482447,21,12,20,751337
1482559,22,12,21,375697
1482655,24,13,23,281791
1482687,24,13,23,281797
1482783,22,13,21,1127261
1482879,23,12,22,187889
1483231,23,13,22,563801
1483311,21,12,20,751775
1483391,22,13,21,1127723
1484255,24,13,23,282095
1484527,22,13,21,1128587
1485119,22,13,21,1129037
1485247,23,12,22,188189
1485599,23,13,22,564701
1485631,23,13,22,564713
1485695,21,12,20,752983
1486079,24,14,23,847325
1486271,21,12,20,753275
1486383,23,12,22,188333
1486543,21,12,20,753413
1486591,21,12,20,753437
1486783,23,13,22,565151
1487407,21,12,20,753851
1487615,23,12,22,188489
1487743,21,12,20,754021
1487839,22,12,21,377035
1488351,23,13,22,565747
1488639,21,12,20,754475
1488927,24,13,23,282983
1489103,23,13,22,566033
1489151,23,13,22,566051
1489215,21,10,20,83863
1489519,23,13,22,566191
1489535,23,13,22,566197
1489615,22,12,21,377485
1489647,22,11,21,125831
1489695,24,13,23,283129
1489951,24,14,23,849533
1490239,24,14,23,849697
1490639,21,12,20,755489
1490671,21,10,20,83945
1490751,22,12,21,377773
1491071,23,12,22,188927
1491263,21,11,20,251935
1491391,22,12,21,377935
1491583,24,14,23,850463
1491695,24,11,23,31501
1491839,21,12,20,756097
1491903,23,13,22,567097
1491951,22,12,21,378077
1492287,23,9,22,7003
1492351,22,13,21,1134535
1492383,22,13,21,1134559
1492687,21,12,20,756527
1492719,22,13,21,1134815
1493711,24,14,23,851677
1493743,22,10,21,42059
1493791,23,13,22,567815
1493951,22,13,21,1135751
1494335,22,11,21,126227
1494767,21,11,20,252527
1494783,21,12,20,757589
1494943,24,14,23,852379
1495071,22,13,21,1136603
1495247,22,13,21,1136737
1495295,22,13,21,1136773
1495455,24,14,23,852671
1495599,21,12,20,758003
1495679,21,10,20,84227
1495759,23,12,22,189521
1495807,23,12,22,189527
1495839,22,13,21,1137187
1495999,24,13,23,284327
1496303,22,13,21,1137539
1496447,22,13,21,1137649
1496511,24,14,23,853273
1496527,23,13,22,568855
1496623,24,14,23,853337
1496703,22,11,21,126427
1496783,21,12,20,758603
1496959,23,12,22,189673
1497023,22,13,21,1138087
1497055,21,12,20,758741
1497295,23,13,22,569147
1497647,24,14,23,853921
1497711,23,13,22,569305
1497727,23,13,22,569311
1497855,22,12,21,379573
1498047,22,13,21,1138865
1498303,24,13,23,284765
1498431,22,10,21,42191
1498527,23,13,22,569615
1498591,22,13,21,1139279
1498623,24,14,23,854477
1499183,22,13,21,1139729
1499359,22,13,21,1139863
1499615,24,14,23,855043
1499695,23,13,22,570059
1500031,21,12,20,760249
1500127,24,14,23,855335
1500479,23,11,22,63373
1500575,22,13,21,1140787
1500911,21,11,20,253565
1500927,21,12,20,760703
1501295,24,14,23,856001
1501903,22,12,21,380599
1501951,22,12,21,380611
1501983,23,13,22,570929
1502143,22,13,21,1141979
1502447,23,13,22,571105
1502463,24,14,23,856667
1502671,22,13,21,1142381
1502831,24,14,23,856877
1503087,24,14,23,857023
1503279,22,13,21,1142843
1503487,22,13,21,1143001
1503535,23,13,22,571519
1503711,22,11,21,127019
1503855,22,13,21,1143281
1503903,22,13,21,1143317
1504447,22,13,21,1143731
1504639,22,13,21,1143877
1504735,21,10,20,84737
1504767,23,13,22,571987
1504975,21,12,20,762755
1505135,23,12,22,190709
1505215,22,13,21,1144315
1505503,23,13,22,572267
1505535,23,13,22,572279
1505903,21,12,20,763225
1505919,21,11,20,254411
1506335,23,12,22,190861
1506367,24,14,23,858893
1506415,22,13,21,1145227
1506495,21,12,20,763525
1506543,24,13,23,286331
1506783,22,13,21,1145507
1507023,22,13,21,1145689
1507567,24,14,23,859577
1507807,22,10,21,42455
1507823,22,12,21,382099
1507839,22,12,21,382103
1507999,22,13,21,1146431
1508031,22,13,21,1146455
1508607,22,13,21,1146893
1508671,23,11,22,63719
1508767,22,13,21,1147015
1508815,24,13,23,286763
1508831,21,11,20,254903
1509071,23,13,22,573623
1509583,24,13,23,286909
1509839,24,14,23,860873
1510143,22,12,21,382687
1510335,24,14,23,861155
1510511,22,13,21,1148341
1510591,21,12,20,765601
1510607,24,14,23,861311
1510639,23,13,22,574219
1510655,23,13,22,574225
1510703,22,12,21,382829
1510895,21,12,20,765755
1510911,21,12,20,765763
1511103,22,13,21,1148791
1511119,22,13,21,1148803
1511167,22,13,21,1148839
1511279,22,12,21,382975
1511359,22,9,21,14185
1511471,22,13,21,1149071
1511679,22,13,21,1149229
1511727,23,13,22,574633
1511839,24,14,23,862013
1512047,22,13,21,1149509
1512095,22,13,21,1149545
1512383,21,11,20,255503
1513215,24,13,23,287599
1513407,24,14,23,862907
1513439,22,13,21,1150567
1513471,24,14,23,862943
1513695,23,13,22,575381
1514095,21,12,20,767377
1514175,24,14,23,863345
1514239,24,14,23,863381
1514431,21,10,20,85283
1514607,24,14,23,863591
1514911,23,13,22,575843
1514975,21,11,20,255941
1514991,21,12,20,767831
1515455,22,11,21,128011
1515727,23,8,22,2371
1516015,22,12,21,384175
1516799,22,13,21,1153121
1517215,22,12,21,384479
1517311,23,13,22,576755
1518367,24,14,23,865735
1518399,24,14,23,865753
1518463,23,13,22,577193
1518527,21,11,20,256541
1518703,22,13,21,1154569
1518751,22,13,21,1154605
1518783,21,12,20,769753
1519087,21,12,20,769907
1519519,22,12,21,385063
1519551,22,11,21,128357
1519663,21,11,20,256733
1519919,21,12,20,770329
1520031,23,13,22,577789
1520159,24,13,23,288919
1520239,21,12,20,770491
1520287,21,12,20,770515
1520415,23,9,22,7135
1520511,22,13,21,1155943
1520799,23,13,22,578081
1520895,21,9,20,28549
1521711,21,10,20,85693
1521871,22,10,21,42851
1521903,22,12,21,385667
1522303,24,14,23,867979
1522463,22,11,21,128603
1522847,24,14,23,868289
1522943,21,11,20,257287
1523359,24,12,23,96509
1523439,24,14,23,868627
1523583,24,14,23,868709
1523695,24,13,23,289591
1524415,24,14,23,869183
1524607,22,13,21,1159057
1524895,24,13,23,289819
1524991,21,11,20,257633
1525119,23,12,22,193241
1525231,21,12,20,773021
1525295,24,13,23,289895
1525407,22,12,21,386555
1525663,24,12,23,96655
1525823,21,12,20,773321
1525919,23,13,22,580027
1526175,22,13,21,1160249
1526431,24,13,23,290111
1526559,22,10,21,42983
1526767,22,13,21,1160699
1526991,23,13,22,580435
1527343,22,13,21,1161137
1527743,22,11,21,129049
1527967,22,13,21,1161611
1527999,24,12,23,96803
1528127,22,13,21,1161733
1528479,21,12,20,774667
1528607,23,11,22,64561
1528703,22,13,21,1162171
1528879,22,11,21,129145
1529087,21,11,20,258325
1529919,21,12,20,775397
1530095,22,12,21,387743
1530175,23,13,22,581645
1530271,21,8,20,9575
1530303,22,13,21,1163387
1530431,24,6,23,133
1530863,22,13,21,1163813
1531391,23,13,22,582107
1531439,22,13,21,1164251
1531935,24,13,23,291157
1532127,23,12,22,194129
1532223,24,14,23,873635
1532543,23,13,22,582545
1532607,21,12,20,776759
1532895,23,13,22,582679
1533311,23,12,22,194279
1533343,23,10,22,21587
1533423,21,12,20,777173
1533439,22,13,21,1165771
1534015,24,14,23,874657
1534207,22,11,21,129595
1534271,24,13,23,291601
1534591,22,13,21,1166647
1534623,21,12,20,777781
1534655,21,12,20,777797
1534783,22,12,21,388931
1534959,22,13,21,1166927
1535535,22,13,21,1167365
1535695,24,14,23,875615
1535727,24,14,23,875633
1535775,21,10,20,86485
1536111,21,12,20,778535
1536415,21,10,20,86521
1536447,23,13,22,584029
1536639,24,13,23,292051
1536799,23,11,22,64907
1536895,24,14,23,876299
1537279,21,11,20,259709
1537487,22,13,21,1168849
1537583,23,13,22,584461
1537663,24,14,23,876737
1538047,23,12,22,194879
1538079,22,13,21,1169299
1538111,21,12,20,779549
1538271,22,12,21,389815
1538431,21,12,20,779711
1538751,21,12,20,779873
1538879,22,12,21,389969
1539135,23,12,22,195017
1539183,23,12,22,195023
1539199,23,12,22,195025
1539263,22,13,21,1170199
1539455,22,12,21,390115
1539583,23,13,22,585221
1539967,24,14,23,878051
1540543,24,13,23,292793
1541023,24,14,23,878653
1541103,23,13,22,585799
1541119,21,12,20,781073
1541151,23,13,22,585817
1541631,22,13,21,1171999
1541679,21,12,20,781357
1542015,22,13,21,1172291
1542207,22,13,21,1172437
1542271,21,12,20,781657
1542559,21,10,20,86867
1542591,22,13,21,1172729
1542767,22,13,21,1172863
1542783,22,13,21,1172875
1542847,21,12,20,781949
1543279,24,12,23,97771
1543359,22,13,21,1173313
1543423,24,14,23,880021
1543583,22,11,21,130387
1543679,24,13,23,293389
1543727,21,12,20,782395
1543807,22,13,21,1173653
1544175,22,8,21,4831
1544223,23,13,22,586985
1544303,21,12,20,782687
1544415,24,12,23,97843
1544895,21,12,20,782987
1545183,24,13,23,293675
1545247,24,13,23,293687
1545455,23,13,22,587453
1545679,22,13,21,1175077
1545775,21,12,20,783433
1545855,23,13,22,587605
1546095,22,13,21,1175393
1546111,22,13,21,1175405
1546207,24,14,23,881609
1546239,23,12,22,195917
1546687,21,12,20,783895
1546959,23,13,22,588025
1547071,22,12,21,392045
1547247,21,10,20,87131
1547327,23,12,22,196055
1547375,23,12,22,196061
1547455,22,13,21,1176427
1547503,22,13,21,1176463
1547519,22,13,21,1176475
1547647,22,12,21,392191
1547775,23,13,22,588335
1547807,21,12,20,784463
1548095,21,12,20,784609
1548415,21,12,20,784771
1548735,21,12,20,784933
1548847,22,12,21,392495
1549055,22,13,21,1177643
1549183,24,9,23,3635
1549295,23,13,22,588913
1549311,21,12,20,785225
1549343,23,13,22,588931
1549551,24,13,23,294505
1549823,22,13,21,1178227
1550191,22,13,21,1178507
1550463,24,14,23,884035
1550495,21,12,20,785825
1550575,24,14,23,884099
1550783,21,12,20,785971
1551055,24,13,23,294791
1551231,22,11,21,131033
1551343,21,11,20,262085
1551391,22,13,21,1179419
1551519,24,12,23,98293
1551807,22,12,21,393245
1551823,24,13,23,294937
1551919,21,12,20,786547
1552415,23,13,22,590099
1552943,22,12,21,393533
1553279,23,11,22,65603
1553343,22,13,21,1180903
1553375,21,12,20,787285
1553519,22,12,21,393679
1553567,22,12,21,393691
1553599,23,13,22,590549
1553631,21,12,20,787415
1553871,22,13,21,1181305
1553919,22,13,21,1181341
1553951,21,12,20,787577
1554111,22,12,21,393829
1554287,22,13,21,1181621
1554303,22,13,21,1181633
1555199,23,13,22,591157
1555487,22,13,21,1182533
1555647,24,14,23,886991
1555695,22,13,21,1182691
1555759,24,13,23,295685
1556223,24,12,23,98591
1556287,21,12,20,788761
1556415,24,14,23,887429
1556463,22,10,21,43825
1556527,24,13,23,295831
1556607,21,12,20,788923
1556927,21,12,20,789085
1556991,24,13,23,295919
1557151,23,13,22,591899
1557183,23,13,22,591911
1557247,24,14,23,887903
1557487,21,11,20,263123
1557503,24,14,23,888049
1557663,22,12,21,394729
1557967,22,13,21,1184419
1558015,24,14,23,888341
1558223,22,12,21,394871
1558271,22,12,21,394883
1558559,24,8,23,1219
1558639,24,14,23,888697
1558719,21,7,20,3251
1559151,24,14,23,888989
1559807,22,13,21,1185817
1559855,23,13,22,592927
1560319,23,12,22,197701
1560431,24,13,23,296573
1560895,24,12,23,98887
1561087,23,13,22,593395
1561135,22,12,21,395609
1561343,21,12,20,791323
1561631,21,10,20,87941
1561711,22,12,21,395755
1561759,22,12,21,395767
1561791,23,13,22,593663
1562111,22,13,21,1187569
1562319,22,12,21,395909
1562479,21,12,20,791899
1562495,21,11,20,263969
1562591,23,12,22,197989
1562671,22,13,21,1187995
1562943,22,12,21,396067
1563119,22,13,21,1188335
1563391,21,12,20,792361
1563679,22,13,21,1188761
1563807,23,12,22,198143
1563887,22,13,21,1188919
1564191,23,13,22,594575
1564543,21,10,20,88105
1564575,23,13,22,594721
1564607,23,13,22,594733
1564703,22,10,21,44057
1565423,21,12,20,793391
1565567,24,11,23,33061
1566159,22,13,21,1190647
1566335,21,12,20,793853
1566367,24,13,23,297701
1566447,24,14,23,893149
1566463,22,12,21,396959
1566847,22,13,21,1191169
1566879,24,14,23,893395
1566927,24,14,23,893423
1567039,22,12,21,397105
1567439,21,12,20,794413
1567487,21,12,20,794437
1567935,24,9,23,3679
1567999,22,13,21,1192045
1568047,23,13,22,596041
1568367,22,13,21,1192325
1568495,23,12,22,198737
1568671,24,13,23,298139
1569183,24,14,23,894709
1569407,22,12,21,397705
1570015,23,13,22,596789
1570335,22,13,21,1193821
1570431,21,12,20,795929
1570495,24,14,23,895457
1570511,22,12,21,397985
1570671,21,12,20,796051
1570815,24,14,23,895639
1570847,23,10,22,22115
1570943,22,13,21,1194283
1571135,22,12,21,398143
1571567,21,12,20,796505
1571871,21,11,20,265553
1572031,23,11,22,66395
1572095,24,14,23,896369
1572303,22,8,21,4919
1572463,21,8,20,9839
1573183,23,12,22,199331
1573375,21,11,20,265807
1573855,22,13,21,1196497
1574399,23,10,22,22165
1574527,21,12,20,798005
1574815,22,13,21,1197227
1575039,22,13,21,1197397
1575071,22,13,21,1197421
1575407,22,13,21,1197677
1575535,23,10,22,22181
1575679,21,12,20,798589
1576143,22,13,21,1198237
1576239,21,11,20,266291
1576255,21,12,20,798881
1576447,22,11,21,133163
1576735,22,13,21,1198687
1576815,21,12,20,799165
1576863,21,12,20,799189
1577119,23,13,22,599489
1577151,21,9,20,29605
1577375,22,13,21,1199173
1577599,22,12,21,399781
1578223,24,14,23,899863
1578287,21,10,20,88879
1578447,24,10,23,11111
1578543,22,13,21,1200061
1579135,22,13,21,1200511
1579247,24,13,23,300149
1579487,21,12,20,800519
1579759,24,14,23,900739
1580591,23,13,22,600809
1580783,24,12,23,100147
1580863,22,13,21,1201825
1581183,24,13,23,300517
1581471,22,13,21,1202287
1581551,21,12,20,801565
1581807,23,13,22,601271
1582015,24,12,23,100225
1582207,24,14,23,902135
1582399,21,12,20,801995
1582559,23,12,22,200519
1582639,24,14,23,902381
1583007,22,13,21,1203455
1583551,24,13,23,300967
1583567,22,13,21,1203881
1583775,24,14,23,903029
1584063,24,14,23,903193
1584319,24,11,23,33457
1584335,22,13,21,1204465
1584575,24,14,23,903485
1584591,22,10,21,44617
1584623,22,12,21,401561
1584751,21,10,20,89243
1585055,21,12,20,803341
1585199,24,14,23,903841
1585343,21,11,20,267829
1585455,24,11,23,33481
1585599,22,13,21,1205425
1585631,21,12,20,803633
1585711,24,14,23,904133
1585775,22,11,21,133951
1586111,23,12,22,200969
1586175,24,14,23,904397
1586655,24,12,23,100519
1586735,22,13,21,1206289
1586943,24,14,23,904835
1587007,22,7,21,1655
1587311,24,14,23,905045
1587327,22,13,21,1206739
1587919,22,13,21,1207189
1587951,22,13,21,1207213
1588191,24,13,23,301849
1588463,23,10,22,22363
1588895,21,11,20,268429
1588927,22,13,21,1207955
1589183,21,12,20,805433
1589471,22,13,21,1208369
1589663,22,13,21,1208515
1589919,22,10,21,44767
1590015,23,13,22,604391
1590239,22,13,21,1208953
1590767,23,12,22,201559
1590911,22,13,21,1209463
1590943,21,11,20,268775
1591167,23,13,22,604829
1591199,21,12,20,806455
1591359,24,12,23,100817
1592127,24,13,23,302597
1592255,22,12,21,403495
1592639,22,13,21,1210777
1592991,21,10,20,89707
1593023,22,13,21,1211069
1593535,21,11,20,269213
1593567,22,13,21,1211483
1593583,21,11,20,269221
1594015,22,11,21,134647
1594063,24,13,23,302965
1594751,24,14,23,909287
1594815,22,13,21,1212431
1595007,22,13,21,1212577
1595087,24,14,23,909479
1595327,21,12,20,808547
1595455,23,12,22,202153
1595551,24,14,23,909743
1595599,21,12,20,808685
1595631,21,11,20,269567
1595871,23,13,22,606617
1596159,22,13,21,1213453
1596223,21,9,20,29963
1596287,24,14,23,910163
1596351,22,12,21,404533
1597119,22,13,21,1214183
1597311,24,14,23,910747
1597679,21,10,20,89971
1597887,24,14,23,911075
1597951,22,13,21,1214815
1597999,24,13,23,303713
1598271,22,13,21,1215059
1598495,22,13,21,1215229
1598591,23,13,22,607651
1598719,22,12,21,405133
1598847,21,12,20,810331
1598959,23,12,22,202597
1599343,23,13,22,607937
1599359,23,13,22,607943
1599695,21,12,20,810761
1600159,23,11,22,67583
1600255,22,13,21,1216567
1600319,21,11,20,270359
1600543,23,13,22,608393
1601471,21,12,20,811661
1601759,22,13,21,1217711
1602015,22,13,21,1217905
1602031,22,13,21,1217917
1602047,24,14,23,913447
1602079,23,13,22,608977
1602239,22,12,21,406025
1602431,22,13,21,1218221
1602527,24,14,23,913721
1602591,22,13,21,1218343
1602687,21,10,20,90253
1602815,24,14,23,913885
1603263,23,13,22,609427
1603647,23,12,22,203191
1603695,24,14,23,914387
1603791,21,12,20,812837
1604079,23,13,22,609737
1604303,22,13,21,1219645
1604351,22,13,21,1219681
1604383,21,12,20,813137
1604415,21,11,20,271051
1604543,22,12,21,406609
1604671,21,12,20,813283
1604735,21,11,20,271105
1604767,22,13,21,1219997
1604911,22,13,21,1220107
1604991,21,12,20,813445
1605151,22,12,21,406763
1605311,21,12,20,813607
1605327,22,13,21,1220423
1605439,24,9,23,3767
1605503,22,13,21,1220557
1605663,24,14,23,915509
1605759,22,9,21,15071
1606127,22,13,21,1221031
1606399,23,13,22,610619
1607071,21,12,20,814499
1607375,24,13,23,305495
1607679,21,12,20,814807
1607807,24,11,23,33953
1607919,24,14,23,916795
1608383,23,12,22,203791
1608687,24,14,23,917233
1608703,22,12,21,407663
1608735,23,13,22,611507
1608911,24,12,23,101929
1609199,24,14,23,917525
1609423,22,13,21,1223537
1609471,22,13,21,1223573
1609839,22,12,21,407951
1609935,21,12,20,815951
1609951,21,12,20,815959
1610143,24,12,23,102007
1610223,22,13,21,1224145
1610239,22,13,21,1224157
1610287,21,9,20,30227
1610431,22,12,21,408101
1610447,24,13,23,306079
1610527,21,12,20,816251
1611007,22,12,21,408247
1611199,24,14,23,918665
1611311,24,11,23,34027
1611423,24,14,23,918793
1611455,23,13,22,612541
1611743,22,13,21,1225301
1611775,21,12,20,816883
1611903,23,10,22,22693
1612271,23,13,22,612851
1612287,23,13,22,612857
1612335,22,13,21,1225751
1612607,21,11,20,272435
1612863,21,12,20,817435
1612911,21,12,20,817459
1612959,22,13,21,1226225
1613103,22,13,21,1226335
1613183,21,12,20,817597
1613343,22,12,21,408839
1613359,22,10,21,45427
1613503,21,12,20,817759
1613727,22,13,21,1226809
1613759,22,13,21,1226833
1613951,22,11,21,136331
1614143,22,13,21,1227125
1614239,23,12,22,204533
1614319,22,13,21,1227259
1614383,21,11,20,272735
1614847,24,12,23,102305
1615263,21,12,20,818651
1615615,24,13,23,307061
1616127,24,14,23,921475
1616319,22,11,21,136531
1617343,21,11,20,273235
1617455,22,11,21,136627
1617855,22,13,21,1229947
1618127,21,12,20,820103
1618415,22,13,21,1230373
1618431,22,13,21,1230385
1618479,21,11,20,273427
1618911,23,11,22,68375
1619055,21,12,20,820573
1619167,22,12,21,410315
1619247,23,13,22,615503
1619487,24,12,23,102599
1619647,21,12,20,820873
1619663,21,9,20,30403
1619935,22,13,21,1231529
1620463,23,13,22,615965
1620767,22,13,21,1232161
1620959,22,10,21,45641
1621151,21,12,20,821635
1621183,22,13,21,1232477
1621311,24,14,23,924431
1621631,24,14,23,924613
1621711,21,11,20,273973
1621823,24,11,23,34249
1622143,22,11,21,137023
1622335,22,13,21,1233353
1622463,23,11,22,68525
1623423,24,13,23,308545
1623759,21,11,20,274319
1624479,22,12,21,411661
1624559,24,13,23,308761
1624703,22,13,21,1235153
1624783,24,14,23,926411
1624831,23,9,22,7625
1625071,22,12,21,411811
1625503,24,14,23,926821
1625839,22,13,21,1236017
1625855,21,11,20,274673
1626015,24,14,23,927113
1626671,21,11,20,274811
1626863,22,12,21,412265
1626879,22,11,21,137423
1627007,21,12,20,824603
1627247,21,12,20,824725
1627295,21,12,20,824749
1627519,23,13,22,618647
1627855,21,11,20,275011
1628127,21,11,20,275057
1628639,24,14,23,928609
1628927,24,11,23,34399
1629039,21,8,20,10193
1629167,22,12,21,412849
1629343,21,12,20,825787
1630319,24,14,23,929567
1630431,24,13,23,309877
1630527,21,12,20,826387
1630687,24,14,23,929777
1630959,22,12,21,413303
1631999,21,11,20,275711
1632111,22,10,21,45955
1632671,22,12,21,413737
1632975,23,11,22,68969
1633023,23,11,22,68971
1633599,24,12,23,103493
1634031,21,12,20,828163
1634159,24,14,23,931757
1635023,22,10,21,46037
1635359,23,12,22,207209
1635711,23,13,22,621761
1636047,21,11,20,276395
1636207,22,11,21,138211
1636575,22,13,21,1244179
1636591,24,14,23,933143
1636671,21,12,20,829501
1636847,24,14,23,933289
1636991,22,13,21,1244495
1637103,24,12,23,103715
1637247,24,14,23,933517
1637359,22,12,21,414925
1637439,24,13,23,311209
1637759,22,13,21,1245079
1638127,21,12,20,830239
1638383,21,12,20,830369
1638431,21,12,20,830393
1638447,23,13,22,622801
1638463,24,14,23,934211
1638639,24,13,23,311437
1638719,21,12,20,830539
1639295,21,12,20,830831
1639327,22,13,21,1246271
1639903,22,13,21,1246709
1640063,23,12,22,207805
1640511,22,13,21,1247171
1640911,24,13,23,311869
1640927,22,12,21,415829
1641215,23,11,22,69317
1641279,22,13,21,1247755
1641327,21,10,20,92429
1641583,23,13,22,623993
1641599,23,13,22,623999
1641919,24,14,23,936181
1642175,24,13,23,312109
1642351,23,11,22,69365
1642495,22,13,21,1248679
1642527,21,12,20,832469
1642975,24,12,23,104087
1643135,21,12,20,832777
1643423,21,8,20,10283
1643455,22,13,21,1249409
1643551,23,12,22,208247
1643567,24,14,23,937121
1643583,23,7,22,857
1643647,22,13,21,1249555
1643903,23,13,22,624875
1644287,24,14,23,937531
1644543,24,13,23,312559
1644591,22,13,21,1250273
1644767,22,13,21,1250407
1644799,24,14,23,937823
1645023,22,12,21,416867
1645039,22,10,21,46319
1645055,22,12,21,416875
1645679,24,13,23,312775
1645759,21,12,20,834107
1645823,22,13,21,1251209
1646047,24,13,23,312845
1646079,21,12,20,834269
1646287,23,13,22,625781
1646319,21,12,20,834391
1646575,21,12,20,834521
1646623,21,12,20,834545
1646703,24,14,23,938909
1646815,24,13,23,312991
1647087,23,11,22,69565
1647423,23,13,22,626213
1647743,22,13,21,1252669
1647935,22,12,21,417605
1648095,21,12,20,835291
1648111,21,9,20,30937
1648127,21,12,20,835307
1648703,22,13,21,1253399
1649439,24,14,23,940469
1649471,24,14,23,940487
1649535,22,13,21,1254031
1649775,23,13,22,627107
1649823,23,13,22,627125
1649919,22,13,21,1254323
1650159,21,11,20,278779
1650591,23,11,22,69713
1650927,24,14,23,941317
1651231,22,13,21,1255321
1651327,24,14,23,941545
1651391,23,13,22,627721
1651583,24,13,23,313897
1651823,22,13,21,1255771
1651839,24,14,23,941837
1651871,22,13,21,1255807
1651903,21,12,20,837221
1652175,21,12,20,837359
1652191,21,12,20,837367
1652223,21,12,20,837383
1652767,21,12,20,837659
1652799,21,9,20,31025
1652959,22,13,21,1256635
1653359,21,12,20,837959
1654015,22,13,21,1257437
1654175,24,14,23,943169
1654207,22,13,21,1257583
1654255,21,10,20,93157
1654431,24,14,23,943315
1654767,24,14,23,943507
1654847,23,13,22,629035
1654943,24,14,23,943607
1655343,22,13,21,1258447
1655615,23,13,22,629327
1655679,23,13,22,629351
1655711,21,10,20,93239
1655743,21,12,20,839167
1655935,22,13,21,1258897
1655967,22,13,21,1258921
1656063,23,13,22,629497
1656271,21,12,20,839435
1656303,21,11,20,279817
1656319,21,12,20,839459
1656735,22,11,21,139945
1656895,21,11,20,279917
1656943,22,13,21,1259663
1657279,24,14,23,944939
1657455,21,12,20,840035
1657791,21,12,20,840205
1657855,24,13,23,315089
1657967,23,13,22,630221
1658047,21,12,20,840335
1658111,24,14,23,945413
1658367,21,12,20,840497
1658399,23,13,22,630385
1658655,22,13,21,1260965
1658815,24,14,23,945815
1659071,24,14,23,945961
1659199,23,13,22,630689
1659583,23,13,22,630835
1659951,24,14,23,946463
1660063,22,13,21,1262035
1660159,24,13,23,315527
1660367,21,12,20,841511
1660383,21,12,20,841519
1660463,22,13,21,1262339
1660959,21,12,20,841811
1660991,21,11,20,280609
1661247,22,13,21,1262935
1661487,23,13,22,631559
1661727,24,12,23,105275
1661887,21,12,20,842281
1661919,24,14,23,947585
1662015,22,9,21,15599
1662191,21,12,20,842435
1662335,23,9,22,7801
1662495,24,13,23,315971
1663007,24,14,23,948205
1663615,22,13,21,1264735
1664159,22,13,21,1265149
1664383,22,11,21,140591
1664495,21,11,20,281201
1664671,23,12,22,210923
1664719,22,13,21,1265575
1665343,22,13,21,1266049
1665471,23,13,22,633073
1665487,22,12,21,422053
1665647,21,12,20,844187
1665663,24,13,23,316573
1665919,24,14,23,949865
1666511,21,12,20,844625
1666671,22,12,21,422353
1666767,24,13,23,316783
1666799,24,13,23,316789
1667007,23,12,22,211219
1667231,24,13,23,316871
1667263,22,12,21,422503
1667711,22,13,21,1267849
1667743,21,12,20,845249
1668479,22,10,21,46979
1668639,22,13,21,1268555
1669183,21,11,20,281993
1669231,22,13,21,1269005
1669327,23,12,22,211513
1669359,23,12,22,211517
1669439,22,13,21,1269163
1669679,23,13,22,634673
1669743,23,13,22,634697
1670079,21,12,20,846433
1670207,22,11,21,141083
1670335,24,13,23,317461
1670383,21,12,20,846587
1670527,23,11,22,70555
1670655,22,13,21,1270087
1670815,22,12,21,423403
1670895,23,13,22,635135
1671327,23,13,22,635299
1671711,23,8,22,2615
1671807,22,13,21,1270963
1671839,21,12,20,847325
1672351,22,13,21,1271377
1672959,24,14,23,953879
1673327,21,10,20,94231
1673535,22,13,21,1272277
1673919,21,11,20,282793
1674047,23,12,22,212111
1674351,24,14,23,954673
1674367,22,12,21,424303
1674431,23,13,22,636479
1674703,21,12,20,848777
1674751,22,13,21,1273201
1674783,21,10,20,94313
1674863,22,12,21,424429
1674943,22,10,21,47161
1675375,21,11,20,283039
1675471,22,12,21,424583
1675487,22,11,21,141529
1675503,22,12,21,424591
1675903,22,13,21,1274077
1675967,21,11,20,283139
1676015,23,13,22,637081
1676031,23,13,22,637087
1676063,22,12,21,424733
1676399,23,9,22,7867
1676415,23,12,22,212411
1676511,24,13,23,318635
1676543,21,12,20,849709
1676831,22,13,21,1274783
1677311,22,11,21,141683
1677535,23,10,22,23617
1677695,21,10,20,94477
1678015,21,10,20,94495
1678063,22,13,21,1275719
1678079,22,13,21,1275731
1678399,22,11,21,141775
1678447,22,11,21,141779
1678719,23,11,22,70901
1678879,21,11,20,283631
1679039,22,11,21,141829
1679055,24,14,23,957355
1679407,22,13,21,1276741
1679999,22,13,21,1277191
1680031,21,12,20,851477
1680111,24,13,23,319319
1680191,22,12,21,425779
1680383,21,11,20,283885
1680511,24,12,23,106465
1680623,24,14,23,958249
1680799,22,12,21,425933
1680943,21,12,20,851939
1681135,22,13,21,1278055
1681279,24,13,23,319541
1681727,22,13,21,1278505
1682047,24,13,23,319687
1682159,22,13,21,1278833
1682303,24,14,23,959207
1682415,24,13,23,319757
1682543,22,10,21,47375
1682591,24,14,23,959371
1682751,22,13,21,1279283
1682895,24,14,23,959545
1683663,22,12,21,426659
1683871,21,12,20,853423
1684127,22,13,21,1280329
1684415,24,13,23,320137
1684591,23,11,22,71149
1684607,23,12,22,213449
1684703,21,11,20,284615
1684927,22,12,21,426979
1684959,23,13,22,640481
1685023,21,11,20,284669
1685039,21,12,20,854015
1685183,24,11,23,35587
1685951,21,12,20,854477
1686143,23,13,22,640931
1686255,22,13,21,1281947
1686655,22,12,21,427417
1686847,22,13,21,1282397
1686975,23,12,22,213749
1687295,24,14,23,962053
1687423,22,13,21,1282835
1687599,22,13,21,1282969
1687711,21,10,20,95041
1688111,23,12,22,213893
1688511,23,13,22,641831
1688559,22,13,21,1283699
1689055,24,13,23,321019
1689135,21,12,20,856091
1689215,22,13,21,1284197
1689327,22,13,21,1284283
1689727,21,12,20,856391
1690015,21,12,20,856537
1690047,21,12,20,856553
1690079,23,13,22,642427
1690111,23,13,22,642439
1690479,24,14,23,963869
1690559,22,13,21,1285219
1690607,21,12,20,856837
1690655,24,13,23,321323
1690879,23,13,22,642731
1690943,22,13,21,1285511
1691183,21,12,20,857129
1691679,24,14,23,964553
1691967,24,14,23,964717
1692127,22,13,21,1286411
1692143,22,13,21,1286423
1692783,23,11,22,71495
1692831,23,11,22,71497
1693119,22,12,21,429055
1693311,22,13,21,1287311
1693567,23,13,22,643753
1694143,21,12,20,858629
1694255,22,12,21,429343
1694335,23,13,22,644045
1694447,24,14,23,966131
1694655,22,13,21,1288333
1694703,21,12,20,858913
1694879,22,11,21,143167
1695023,22,13,21,1288613
1695199,22,13,21,1288747
1695215,22,13,21,1288759
1695279,21,12,20,859205
1695471,22,9,21,15913
1695551,21,12,20,859343
1695791,22,13,21,1289197
1695871,21,12,20,859505
1696191,21,12,20,859667
1696223,22,13,21,1289525
1696255,22,13,21,1289549
1696495,21,11,20,286607
1696927,24,10,23,11945
1697023,22,13,21,1290133
1697087,23,13,22,645091
1697487,23,12,22,215081
1697519,24,14,23,967883
1697855,23,13,22,645383
1698207,21,12,20,860689
1698287,24,14,23,968321
1698543,21,10,20,95651
1698751,22,13,21,1291447
1699071,23,13,22,645845
1699263,24,12,23,107653
1699375,24,14,23,968941
1699567,22,11,21,143563
1699887,22,13,21,1292311
1700287,21,12,20,861743
1700319,22,13,21,1292639
1700351,22,13,21,1292663
1700399,24,12,23,107725
1700799,24,13,23,323251
1701055,24,14,23,969899
1701167,24,13,23,323321
1701823,24,14,23,970337
1701887,24,14,23,970373
1702207,23,11,22,71893
1702367,24,13,23,323549
1702511,24,14,23,970729
1702639,21,11,20,287645
1702655,21,12,20,862943
1702895,21,12,20,863065
1702943,23,13,22,647317
1703231,21,10,20,95915
1703391,22,13,21,1294975
1703471,21,12,20,863357
1703663,22,11,21,143909
1703999,22,13,21,1295437
1704159,24,14,23,971669
1704255,22,11,21,143959
1704447,22,13,21,1295777
1704831,22,12,21,432023
1705279,23,13,22,648205
1705599,21,11,20,288145
1705727,23,12,22,216125
1706111,23,13,22,648521
1706303,24,10,23,12011
1706623,22,10,21,48053
1707215,23,13,22,648941
1707263,23,13,22,648959
1707311,22,13,21,1297955
1707327,21,11,20,288437
1707551,24,14,23,973603
1707567,22,13,21,1298149
1707807,24,13,23,324583
1708079,22,13,21,1298539
1708447,23,13,22,649409
1708479,21,12,20,865895
1708527,24,14,23,974159
1708671,24,11,23,36083
1709087,21,12,20,866203
1709535,22,9,21,16045
1709615,23,13,22,649853
1709727,22,13,21,1299791
1709775,24,12,23,108319
1709935,21,12,20,866633
1710527,22,13,21,1300399
1710559,21,11,20,288983
1710879,22,13,21,1300667
1711775,24,13,23,325337
1711855,22,11,21,144601
1711935,23,13,22,650735
1712063,22,13,21,1301567
1712111,24,12,23,108467
1712191,22,13,21,1301665
1712239,22,13,21,1301701
1712255,22,13,21,1301713
1712543,24,13,23,325483
1712575,24,13,23,325489
1712607,21,10,20,96443
1712831,24,14,23,976613
1713087,24,14,23,976759
1713407,22,13,21,1302589
1713471,21,11,20,289475
1713567,24,14,23,977033
1713631,22,11,21,144751
1714031,21,12,20,868709
1714223,22,8,21,5363
1714287,23,13,22,651629
1714415,22,13,21,1303355
1714543,24,6,23,149
1714623,22,13,21,1303513
1714943,21,12,20,869171
1714975,22,13,21,1303781
1715135,24,14,23,977927
1715407,23,13,22,652055
1715711,24,12,23,108695
1715871,23,13,22,652231
1716159,22,13,21,1304681
1716271,24,14,23,978575
1716335,24,14,23,978611
1716415,24,13,23,326219
1716639,23,13,22,652523
1716703,21,11,20,290021
1716719,21,12,20,870071
1717247,24,13,23,326377
1717727,22,11,21,145097
1718127,24,14,23,979633
1718303,22,12,21,435437
1718383,24,13,23,326593
1718527,22,13,21,1306481
1718655,22,13,21,1306579
1718767,21,12,20,871109
1718895,22,12,21,435587
1718975,23,13,22,653411
1719071,22,13,21,1306895
1719263,24,14,23,980281
1719839,24,14,23,980609
1720559,23,13,22,654013
1721279,22,11,21,145397
1721855,22,12,21,436337
1722015,22,13,21,1309133
1722223,21,12,20,872861
1722239,22,13,21,1309303
1722431,24,14,23,982087
1722783,22,13,21,1309717
1722863,21,12,20,873185
1722991,22,12,21,436625
1723247,23,12,22,218345
1723263,24,14,23,982561
1723327,23,11,22,72785
1723375,22,13,21,1310167
1723583,22,12,21,436775
1723599,23,13,22,655169
1724319,21,12,20,873923
1724351,22,13,21,1310909
1724415,22,13,21,1310957
1724575,22,13,21,1311079
1724655,24,13,23,327785
1725135,24,14,23,983629
1725183,22,13,21,1311541
1725215,23,13,22,655783
1725311,24,14,23,983729
1725487,22,13,21,1311773
1725903,22,12,21,437363
1725919,22,11,21,145789
1726111,21,12,20,874831
1726319,22,13,21,1312405
1726463,23,13,22,656257
1726495,22,12,21,437513
1726511,22,10,21,48613
1726703,22,13,21,1312697
1726959,21,12,20,875261
1727231,23,13,22,656549
1727423,24,11,23,36479
1727471,22,13,21,1313281
1727615,23,13,22,656695
1727903,22,13,21,1313609
1728159,21,12,20,875869
1728287,22,8,21,5407
1728415,21,12,20,875999
1728671,22,13,21,1314193
1728767,21,8,20,10817
1728927,24,13,23,328597
1729007,21,12,20,876299
1729567,23,13,22,657437
1730207,21,12,20,876907
1730431,22,13,21,1315531
1730623,22,12,21,438559
1730799,21,12,20,877207
1730815,22,13,21,1315823
1731183,22,12,21,438701
1731327,24,13,23,329053
1731359,21,10,20,97499
1731391,22,13,21,1316261
1731439,23,12,22,219383
1731567,22,13,21,1316395
1731615,22,13,21,1316431
1731839,22,10,21,48763
1732207,21,12,20,877921
1732543,21,11,20,292697
1732799,21,12,20,878221
1732815,21,9,20,32527
1732847,21,12,20,878245
1733407,23,13,22,658897
1733663,24,13,23,329497
1733887,24,14,23,988619
1734591,21,10,20,97681
1734863,21,11,20,293089
1734895,21,12,20,879283
1734911,21,10,20,97699
1735455,21,11,20,293189
1735487,22,13,21,1319375
1735807,23,13,22,659809
1735919,22,12,21,439901
1736351,21,12,20,880021
1736575,23,13,22,660101
1736607,21,12,20,880151
1736767,24,12,23,110029
1737375,23,12,22,220135
1737455,22,13,21,1320871
1737631,22,12,21,440335
1737711,23,13,22,660533
1737759,23,13,22,660551
1738223,22,12,21,440485
1738623,22,13,21,1321759
1738959,21,10,20,97927
1739263,22,13,21,1322245
1739647,22,13,21,1322537
1739759,24,14,23,991967
1739807,22,13,21,1322659
1739983,24,14,23,992095
1740191,22,13,21,1322951
1740223,22,13,21,1322975
1740239,24,12,23,110249
1740399,21,12,20,882073
1740415,22,13,21,1323121
1740527,24,14,23,992405
1740575,22,10,21,49009
1740703,24,13,23,330835
1741007,21,11,20,294127
1741039,21,12,20,882397
1741055,21,10,20,98045
1741215,24,14,23,992797
1741295,23,13,22,661895
1741311,23,13,22,661901
1741599,21,11,20,294227
1741695,24,14,23,993071
1742079,23,11,22,73577
1742463,23,13,22,662339
1742719,22,13,21,1324873
1742831,21,7,20,3635
1742911,22,12,21,441673
1743359,22,13,21,1325359
1743679,22,13,21,1325603
1743743,22,13,21,1325651
1743999,21,12,20,883897
1744063,24,14,23,994421
1744175,24,13,23,331495
1744287,21,10,20,98227
1744511,22,13,21,1326235
1745007,24,12,23,110551
1745455,22,13,21,1326953
1745567,23,12,22,221173
1745663,24,14,23,995333
1745823,22,12,21,442411
1745903,23,13,22,663647
1745919,24,14,23,995479
1745951,23,13,22,663665
1746303,21,12,20,885065
1746335,21,11,20,295027
1746431,24,14,23,995771
1747055,22,12,21,442723
1747071,22,12,21,442727
1747839,22,13,21,1328765
1747967,23,12,22,221477
1747999,22,13,21,1328887
1748175,22,10,21,49223
1748415,22,13,21,1329203
1748687,23,13,22,664705
1748719,23,13,22,664717
1748735,23,13,22,664723
1749199,21,11,20,295511
1749407,22,11,21,147773
1749503,23,13,22,665015
1749551,22,13,21,1330067
1749887,23,13,22,665161
1750015,22,12,21,443473
1750143,21,12,20,887011
1750319,22,13,21,1330651
1750559,24,14,23,998125
1750655,23,13,22,665453
1750783,22,13,21,1331003
1750911,22,13,21,1331101
1751071,24,14,23,998417
1751151,22,12,21,443761
1751519,22,13,21,1331563
1751871,21,12,20,887887
1752047,24,9,23,4111
1752095,22,13,21,1332001
1752127,21,12,20,888017
1752191,21,12,20,888049
1752447,21,12,20,888179
1752607,23,12,22,222065
1752703,24,14,23,999347
1752767,21,12,20,888341
1752783,24,13,23,333131
1753503,22,10,21,49373
1753727,22,13,21,1333241
1753983,24,13,23,333359
1754495,24,14,23,1000369
1754559,21,12,20,889249
1754575,24,14,23,1000415
1754607,24,14,23,1000433
1754671,22,12,21,444653
1754831,22,13,21,1334081
1755247,22,12,21,444799
1755263,22,12,21,444803
1755551,24,11,23,37073
1755839,22,12,21,444949
1756143,23,11,22,74171
1756159,23,12,22,222515
1756463,23,13,22,667661
1756607,21,12,20,890287
1756719,24,12,23,111293
1756863,21,12,20,890417
1756927,23,13,22,667837
1757055,22,8,21,5497
1757295,23,12,22,222659
1757695,23,13,22,668129
1757743,22,13,21,1336295
1758143,24,14,23,1002449
1758655,21,12,20,891325
1758927,22,13,21,1337195
1759167,24,14,23,1003033
1759199,23,13,22,668701
1759679,23,12,22,222961
1759711,24,14,23,1003343
1760127,21,10,20,99119
1760287,22,13,21,1338229
1760367,21,12,20,892193
1760447,24,14,23,1003763
1760815,23,12,22,223105
1761087,22,12,21,446279
1761215,23,13,22,669467
1761263,21,9,20,33061
1761503,24,14,23,1004365
1761727,22,12,21,446441
1762303,22,12,21,446587
1762335,24,14,23,1004839
1762687,22,13,21,1340053
1762783,23,13,22,670063
1763071,22,13,21,1340345
1763199,23,10,22,24823
1763791,22,13,21,1340893
1764655,23,13,22,670775
1764671,24,14,23,1006171
1764799,21,12,20,894439
1764863,22,13,21,1341707
1764895,24,12,23,111811
1764975,22,13,21,1341793
1765023,22,13,21,1341829
1765055,21,12,20,894569
1765823,22,12,21,447479
1765919,21,12,20,895007
1765935,21,12,20,895015
1766127,24,12,23,111889
1766511,21,12,20,895307
1767039,24,14,23,1007521
1767119,22,13,21,1343423
1767167,21,12,20,895639
1767663,24,13,23,335959
1768175,24,14,23,1008169
1768431,24,11,23,37345
1768511,22,13,21,1344481
1768607,21,12,20,896369
1768639,23,13,22,672289
1768687,24,14,23,1008461
1768831,24,13,23,336181
1769007,23,12,22,224143
1769151,22,13,21,1344967
1769343,22,10,21,49819
1769407,23,13,22,672581
1769455,21,11,20,298933
1769631,24,12,23,112111
1769711,22,13,21,1345393
1770223,23,12,22,224297
1770367,21,11,20,299087
1770431,24,13,23,336485
1770799,24,8,23,1385
1770911,24,14,23,1009729
1770959,24,14,23,1009757
1771119,22,7,21,1847
1771167,24,13,23,336625
1771263,21,12,20,897715
1771423,24,14,23,1010021
1771519,22,13,21,1346767
1771983,22,13,21,1347121
1772223,24,14,23,1010477
1772479,22,13,21,1347497
1772575,23,10,22,24955
1772671,22,13,21,1347643
1772735,24,13,23,336923
1773039,22,13,21,1347923
1773055,22,13,21,1347935
1773247,24,14,23,1011061
1773295,21,12,20,898745
1773567,24,13,23,337081
1774015,22,12,21,449555
1774047,24,14,23,1011517
1774079,24,14,23,1011535
1774111,21,12,20,899159
1774591,24,14,23,1011827
1774623,22,11,21,149903
1774639,24,13,23,337285
1774751,21,12,20,899483
1775311,21,12,20,899767
1775471,24,12,23,112481
1775551,22,13,21,1349833
1775615,22,13,21,1349881
1775647,21,9,20,33331
1775871,24,13,23,337519
1776239,24,13,23,337589
1776367,22,12,21,450151
1776751,22,13,21,1350745
1776943,22,10,21,50033
1777135,22,13,21,1351037
1777279,23,12,22,225191
1777647,21,11,20,300317
1777695,21,11,20,300325
1777983,21,12,20,901121
1778303,21,12,20,901283
1778495,22,13,21,1352071
1778815,23,13,22,676157
1778927,22,13,21,1352399
1779439,21,12,20,901859
1779567,23,12,22,225481
1779919,23,13,22,676577
1779967,23,13,22,676595
1780175,22,13,21,1353349
1780335,21,9,20,33419
1780351,21,12,20,902321
1780463,22,12,21,451189
1780479,22,12,21,451193
1781055,22,12,21,451339
1781231,22,13,21,1354151
1781791,21,10,20,100339
1781999,24,14,23,1016051
1782271,22,10,21,50183
1782383,22,13,21,1355027
1782431,22,13,21,1355063
1782655,24,14,23,1016425
1782911,24,13,23,338857
1783087,23,10,22,25103
1783199,22,13,21,1355647
1783839,21,11,20,301363
1783935,24,14,23,1017155
1784127,21,12,20,904235
1784287,23,12,22,226079
1784431,21,11,20,301463
1784447,21,12,20,904397
1784991,22,13,21,1357009
1785151,22,12,21,452377
1785247,24,13,23,339301
1785279,24,13,23,339307
1785503,24,14,23,1018049
1785583,21,12,20,904973
1785791,24,14,23,1018213
1786351,22,12,21,452681
1786415,24,13,23,339523
1786687,22,13,21,1358299
1787007,23,13,22,679271
1787359,21,12,20,905873
1787375,23,13,22,679411
1787391,21,11,20,301963
1787439,24,14,23,1019153
1787759,23,12,22,226519
1787807,24,14,23,1019363
1788159,23,13,22,679709
1788383,24,12,23,113299
1788527,21,11,20,302155
1788543,21,12,20,906473
1788575,24,14,23,1019801
1788655,22,12,21,453265
1788783,21,12,20,906595
1789119,21,11,20,302255
1789343,23,13,22,680159
1789391,21,9,20,33589
1789423,21,12,20,906919
1789439,21,11,20,302309
1789551,24,9,23,4199
1789647,22,13,21,1360549
1789855,22,12,21,453569
1790143,24,14,23,1020695
1790175,24,14,23,1020713
1790207,24,14,23,1020731
1790431,22,12,21,453715
1790591,21,12,20,907511
1790623,22,13,21,1361291
1791167,21,10,20,100867
1791423,22,13,21,1361899
1791439,21,11,20,302647
1791487,21,10,20,100885
1792031,21,11,20,302747
1792063,23,13,22,681193
1792495,23,12,22,227119
1792559,22,13,21,1362763
1792799,24,14,23,1022209
1793343,22,12,21,454453
1793503,21,12,20,908987
1793951,22,12,21,454607
1794095,21,12,20,909287
1794367,22,13,21,1364137
1794527,22,12,21,454753
1794543,22,12,21,454757
1794719,21,9,20,33689
1794751,22,13,21,1364429
1794879,22,13,21,1364527
1795199,23,13,22,682385
1795311,24,14,23,1023641
1795535,21,10,20,101113
1795567,23,13,22,682525
1795743,22,11,21,151687
1795791,24,13,23,341305
1796223,24,13,23,341387
1796303,24,14,23,1024207
1796719,21,11,20,303539
1796735,24,14,23,1024453
1796767,23,13,22,682981
1796799,23,13,22,682993
1796975,21,12,20,910747
1796991,24,13,23,341533
1797055,21,12,20,910787
1797535,23,13,22,683273
1797583,21,11,20,303685
1797615,21,12,20,911071
1797791,24,10,23,12655
1797839,22,13,21,1366777
1797871,22,13,21,1366801
1798191,21,12,20,911363
1798255,22,13,21,1367093
1798335,23,11,22,75953
1798815,21,11,20,303893
1799039,22,13,21,1367689
1799647,21,12,20,912101
1800255,23,13,22,684307
1800319,23,13,22,684331
1800431,22,11,21,152083
1800575,22,13,21,1368857
1800751,22,13,21,1368991
1800895,24,13,23,342275
1801087,23,13,22,684623
1801407,24,14,23,1027117
1801455,21,11,20,304339
1801887,23,11,22,76103
1801967,22,13,21,1369915
1802143,22,12,21,456683
1802287,21,12,20,913439
1802687,24,14,23,1027847
1802719,22,12,21,456829
1802799,24,13,23,342637
1802911,21,11,20,304585
1803167,21,12,20,913885
1803231,24,13,23,342719
1803263,24,13,23,342725
1803759,21,12,20,914185
1803823,23,13,22,685663
1804031,24,13,23,342871
1804991,23,13,22,686107
1805295,22,13,21,1372445
1805423,24,14,23,1029407
1805567,21,12,20,915101
1805775,21,11,20,305069
1805871,22,13,21,1372883
1805935,24,11,23,38137
1806031,22,13,21,1373005
1806447,22,13,21,1373321
1806559,24,14,23,1030055
1806575,23,11,22,76301
1806975,23,13,22,686861
1807039,22,13,21,1373771
1807231,22,13,21,1373917
1807327,24,14,23,1030493
1807407,22,12,21,458017
1808351,22,13,21,1374769
1808431,21,12,20,916553
1808447,21,12,20,916561
1808639,22,12,21,458329
1808831,22,13,21,1375133
1808943,22,13,21,1375219
1809183,22,12,21,458467
1809343,21,12,20,917015
1809375,22,13,21,1375547
1809951,22,13,21,1375985
1810127,24,14,23,1032089
1810239,24,13,23,344051
1810559,22,13,21,1376447
1810879,23,13,22,688345
1811103,21,11,20,305969
1811135,21,12,20,917923
1811359,21,12,20,918037
1811583,24,14,23,1032919
1811839,24,12,23,114785
1811935,22,13,21,1377493
1812175,24,13,23,344419
1812639,24,13,23,344507
1812735,22,12,21,459367
1812927,22,13,21,1378247
1813183,21,12,20,918961
1813199,24,14,23,1033841
1813279,22,12,21,459505
1813471,21,8,20,11347
1813663,24,14,23,1034105
1813759,21,12,20,919253
1813791,21,6,20,1261
1814063,22,13,21,1379111
1814639,21,12,20,919699
1815231,21,12,20,919999
1815295,22,13,21,1380047
1815487,24,14,23,1035145
1815519,23,13,22,690109
1815679,22,11,21,153371
1815775,22,13,21,1380413
1815967,23,12,22,230093
1816031,22,13,21,1380607
1816543,22,13,21,1380997
1816623,21,12,20,920705
1816703,21,10,20,102305
1816783,22,12,21,460393
1816831,22,12,21,460405
1817407,22,11,21,153517
1817599,21,12,20,921199
1817711,24,12,23,115157
1817791,22,13,21,1381945
1817855,24,14,23,1036495
1817903,24,14,23,1036523
1817983,22,12,21,460697
1818015,22,12,21,460705
1818143,21,12,20,921475
1818159,21,9,20,34129
1818303,23,12,22,230389
1818367,24,14,23,1036787
1818751,22,13,21,1382675
1819071,23,13,22,691459
1819135,24,14,23,1037225
1819391,22,13,21,1383161
1819455,23,10,22,25615
1819583,22,13,21,1383307
1819615,21,10,20,102469
1819647,21,12,20,922237
1819679,24,13,23,345845
1819775,22,10,21,51239
1820207,21,11,20,307507
1820783,21,12,20,922813
1820799,21,11,20,307607
1821375,21,12,20,923113
1821471,22,12,21,461581
1821551,24,13,23,346201
1821695,21,12,20,923275
1822111,22,12,21,461743
1822239,21,12,20,923551
1822255,21,11,20,307853
1822335,22,13,21,1385399
1822495,21,12,20,923681
1822575,24,14,23,1039187
1822751,24,13,23,346429
1822831,21,12,20,923851
1822927,23,12,22,230975
1822975,23,12,22,230981
1823039,24,14,23,1039451
1823167,21,9,20,34223
1823439,22,13,21,1386239
1823487,22,13,21,1386275
1824191,23,11,22,77045
1824623,22,13,21,1387139
1825215,21,11,20,308353
1825391,22,13,21,1387723
1825727,23,13,22,693989
1825759,21,10,20,102815
1825983,22,13,21,1388173
1826031,24,14,23,1041157
1826207,22,12,21,462781
1826287,24,13,23,347101
1826351,21,11,20,308545
1826623,21,11,20,308591
1826943,21,11,20,308645
1826975,24,14,23,1041695
1827263,21,11,20,308699
1827535,21,8,20,11435
1827567,22,13,21,1389377
1827695,23,7,22,953
1827839,21,12,20,926389
1828255,24,12,23,115825
1828303,24,14,23,1042453
1828479,23,13,22,695035
1828927,22,13,21,1390411
1829023,21,12,20,926989
1829583,23,13,22,695455
1829631,23,13,22,695473
1829871,21,12,20,927419
1830047,23,12,22,231877
1830335,22,11,21,154609
1830431,21,12,20,927703
1830591,24,12,23,115973
1830687,21,12,20,927833
1830815,24,14,23,1043885
1831167,23,12,22,232019
1831215,22,13,21,1392151
1831327,21,12,20,928157
1831359,21,11,20,309391
1831455,22,12,21,464111
1831471,22,11,21,154705
1831535,23,13,22,696197
1831679,24,14,23,1044377
1831935,24,14,23,1044523
1832047,22,12,21,464261
1832095,22,12,21,464273
1832127,24,13,23,348211
1832447,22,13,21,1393087
1832815,22,13,21,1393367
1833519,23,10,22,25813
1833583,24,14,23,1045463
1833679,21,10,20,103261
1833855,22,12,21,464719
1834543,21,11,20,309929
1835039,24,14,23,1046293
1835071,23,13,22,697541
1835167,21,12,20,930103
1835503,23,13,22,697705
1835775,21,10,20,103379
1835935,22,13,21,1395739
1836015,21,12,20,930533
1836495,22,13,21,1396165
1836671,23,13,22,698149
1836799,22,11,21,155155
1836911,21,9,20,34481
1836927,21,12,20,930995
1837471,21,12,20,931271
1837823,23,13,22,698587
1838319,22,13,21,1397551
1838399,24,13,23,349403
1838719,24,14,23,1048391
1838879,24,14,23,1048483
1838959,23,13,22,699019
1839007,23,13,22,699037
1839407,22,13,21,1398379
1839423,23,12,22,233065
1839551,21,11,20,310775
1839647,22,12,21,466187
1839727,23,13,22,699311
1839775,23,13,22,699329
1839823,21,10,20,103607
1839855,21,12,20,932479
1840287,22,12,21,466349
1840847,22,11,21,155497
1841007,21,11,20,311021
1841023,21,12,20,933071
1841311,24,14,23,1049869
1841391,24,14,23,1049915
1841471,22,12,21,466649
1841631,22,13,21,1400069
1841903,21,12,20,933517
1842047,22,12,21,466795
1842079,22,7,21,1921
1842159,21,12,20,933647
1842927,24,14,23,1050791
1843183,24,14,23,1050937
1843263,23,13,22,700655
1843311,23,13,22,700673
1843615,24,14,23,1051183
1843695,23,13,22,700819
1844159,24,14,23,1051493
1844255,21,12,20,934709
1844543,22,13,21,1402283
1844783,22,13,21,1402465
1844895,23,13,22,701275
1845103,21,11,20,311713
1845119,21,12,20,935147
1845311,22,13,21,1402867
1845359,22,13,21,1402903
1845727,24,14,23,1052387
1845759,24,14,23,1052405
1845919,22,13,21,1403329
1845999,21,12,20,935593
1846015,21,11,20,311867
1846127,22,9,21,17327
1846303,21,12,20,935747
1846591,21,12,20,935893
1846783,24,14,23,1052989
1847199,23,13,22,702151
1847711,22,13,21,1404691
1847775,24,13,23,351185
1847935,22,12,21,468287
1847999,23,13,22,702455
1848319,22,13,21,1405153
1848799,24,14,23,1054139
1849455,22,13,21,1406017
1849567,24,14,23,1054577
1849583,23,13,22,703057
1849663,22,12,21,468725
1850047,22,13,21,1406467
1850399,21,12,20,937823
1850671,21,12,20,937961
1850687,21,12,20,937969
1850911,24,13,23,351781
1851119,23,12,22,234547
1851263,21,12,20,938261
1851295,21,9,20,34751
1851375,22,12,21,469159
1851455,23,13,22,703769
1852799,22,13,21,1408559
1853295,21,11,20,313097
1853343,22,13,21,1408973
1853503,24,14,23,1056821
1853551,22,13,21,1409131
1853855,23,13,22,704681
1853919,21,12,20,939607
1854079,24,12,23,117461
1854111,22,13,21,1409557
1854191,21,12,20,939745
1854271,24,14,23,1057259
1854319,22,11,21,156635
1854447,24,13,23,352453
1854495,21,12,20,939899
1854767,21,12,20,940037
1855007,23,13,22,705119
1855391,21,11,20,313451
1855647,24,13,23,352681
1855967,21,12,20,940645
1855999,21,12,20,940661
1856127,22,12,21,470363
1856191,23,13,22,705569
1856543,21,12,20,940937
1856895,22,13,21,1411673
1857071,22,13,21,1411807
1857471,22,13,21,1412111
1857647,22,13,21,1412245
1857743,23,13,22,706159
1858031,21,11,20,313897
1858159,23,12,22,235439
1858543,23,13,22,706463
1858863,21,12,20,942113
1858879,21,12,20,942121
1859055,22,10,21,52345
1859455,21,12,20,942413
1859487,21,11,20,314143
1859615,22,12,21,471247
1859743,23,13,22,706919
1859807,22,13,21,1413887
1860063,21,12,20,942721
1860079,21,11,20,314243
1860143,24,14,23,1060607
1860511,23,9,22,8731
1860575,22,13,21,1414471
1860991,22,13,21,1414787
1862079,23,13,22,707807
1862127,21,10,20,104863
1862399,24,14,23,1061893
1862511,22,11,21,157327
1863151,22,11,21,157381
1863167,22,12,21,472147
1863215,23,13,22,708239
1863615,23,13,22,708391
1863983,23,12,22,236177
1864191,21,12,20,944813
1864303,22,12,21,472435
1864671,22,13,21,1417585
1864735,24,14,23,1063225
1864927,24,13,23,354445
1865007,21,12,20,945227
1865183,23,12,22,236329
1865247,22,13,21,1418023
1865263,22,13,21,1418035
1865375,21,12,20,945413
1865727,22,13,21,1418387
1865759,24,12,23,118201
1865839,22,13,21,1418473
1865935,23,13,22,709273
1865951,23,13,22,709279
1866527,24,13,23,354749
1866815,22,13,21,1419215
1866863,22,13,21,1419251
1867135,23,13,22,709729
1867455,22,13,21,1419701
1867679,21,11,20,315527
1867823,22,12,21,473327
1867839,24,14,23,1064995
1867935,23,13,22,710033
1868223,22,13,21,1420285
1868255,21,12,20,946873
1868527,24,13,23,355129
1868703,23,11,22,78925
1868831,22,13,21,1420747
1869039,22,12,21,473635
1869183,24,14,23,1065761
1869215,22,13,21,1421039
1869295,24,11,23,39475
1869471,21,12,20,947489
1869519,24,14,23,1065953
1869823,22,13,21,1421501
1869983,24,14,23,1066217
1870047,21,8,20,11701
1870063,21,12,20,947789
1870207,22,8,21,5851
1870271,23,13,22,710921
1870367,21,7,20,3901
1870959,22,13,21,1422365
1871055,24,14,23,1066829
1871087,23,12,22,237077
1871311,24,14,23,1066975
1871487,23,13,22,711383
1872031,24,13,23,355795
1872079,22,13,21,1423217
1872095,22,13,21,1423229
1872287,24,14,23,1067531
1872543,22,12,21,474523
1872623,23,13,22,711815
1872639,23,13,22,711821
1872671,22,13,21,1423667
1872863,22,13,21,1423813
1872927,22,13,21,1423861
1873199,21,12,20,949379
1873279,21,10,20,105491
1873343,22,13,21,1424177
1873359,23,12,22,237365
1873439,22,13,21,1424251
1873535,22,13,21,1424323
1873567,21,12,20,949565
1873919,22,13,21,1424615
1873967,24,12,23,118721
1874127,21,12,20,949849
1874159,21,12,20,949865
1874639,22,13,21,1425163
1874671,22,13,21,1425187
1874687,22,13,21,1425199
1874719,21,12,20,950149
1874879,22,12,21,475115
1875007,22,13,21,1425443
1875055,22,13,21,1425479
1875247,24,14,23,1069219
1875327,23,13,22,712843
1875615,21,12,20,950603
1875647,22,13,21,1425929
1876031,22,10,21,52823
1876079,24,14,23,1069693
1876191,21,10,20,105655
1876735,24,13,23,356689
1876895,23,11,22,79271
1876991,24,14,23,1070213
1877231,22,12,21,475711
1877375,21,11,20,317165
1877407,22,13,21,1427267
1877759,24,14,23,1070651
1878255,21,12,20,951941
1878735,22,13,21,1428277
1878767,22,13,21,1428301
1878815,21,12,20,952225
1879199,22,13,21,1428629
1879295,23,12,22,238117
1879359,22,13,21,1428751
1879503,22,12,21,476287
1879583,22,9,21,17641
1879663,21,12,20,952655
1879711,21,12,20,952679
1879743,21,9,20,35285
1880271,22,13,21,1429445
1880303,21,12,20,952979
1880767,22,11,21,158869
1881199,23,13,22,715075
1881247,23,13,22,715093
1881631,24,14,23,1072859
1881727,22,13,21,1430551
1881967,23,13,22,715367
1882319,21,12,20,954001
1882335,21,10,20,106001
1882367,21,12,20,954025
1882495,22,10,21,53005
1882815,23,10,22,26507
1882831,24,14,23,1073543
1882863,22,13,21,1431415
1882879,22,13,21,1431427
1883199,21,11,20,318149
1883295,22,13,21,1431743
1883375,24,12,23,119317
1883455,22,13,21,1431865
1883519,21,11,20,318203
1883679,22,11,21,159115
1883839,21,11,20,318257
1883903,22,13,21,1432205
1884399,21,12,20,955055
1884831,22,12,21,477637
1884911,24,13,23,358243
1885167,24,14,23,1074875
1885343,24,13,23,358325
1885599,21,12,20,955663
1885935,24,14,23,1075313
1885951,23,13,22,716881
1886319,23,11,22,79669
1886655,24,14,23,1075723
1886687,23,13,22,717161
1886911,24,11,23,39847
1886927,22,13,21,1434505
1887007,21,12,20,956377
1887231,22,11,21,159415
1887343,21,10,20,106283
1887551,22,13,21,1434979
1887775,22,11,21,159461
1887791,24,14,23,1076371
1887903,21,12,20,956831
1887935,21,11,20,318949
1888111,22,13,21,1435405
1888367,22,11,21,159511
1888463,21,12,20,957115
1888511,21,12,20,957139
1888575,22,13,21,1435757
1888671,23,12,22,239305
1888735,22,13,21,1435879
1888799,21,9,20,35455
1889151,22,13,21,1436195
1889391,23,13,22,718189
1889439,23,13,22,718207
1889919,22,13,21,1436779
1889951,22,13,21,1436803
1890415,24,10,23,13307
1890559,24,14,23,1077949
1890623,23,13,22,718657
1891439,21,11,20,319541
1891455,21,12,20,958631
1891487,22,13,21,1437971
1891743,21,12,20,958777
1891807,24,14,23,1078661
1892287,22,13,21,1438579
1892591,21,12,20,959207
1892671,22,13,21,1438871
1892831,22,13,21,1438993
1893343,23,12,22,239897
1893375,23,11,22,79967
1893695,23,13,22,719825
1893791,21,12,20,959815
1894047,22,13,21,1439917
1894527,23,12,22,240047
1894639,22,13,21,1440367
1894719,24,13,23,360107
1895231,24,14,23,1080613
1895743,24,14,23,1080905
1895967,22,11,21,160153
1895983,22,12,21,480463
1896047,23,13,22,720719
1896127,21,11,20,320333
1896175,22,13,21,1441535
1896223,24,12,23,120131
1896303,22,13,21,1441633
1896351,22,13,21,1441669
1896687,24,13,23,360481
1896703,21,12,20,961291
1896863,23,12,22,240343
1896927,22,13,21,1442107
1896943,24,14,23,1081589
1896991,21,11,20,320479
1897087,24,13,23,360557
1897199,24,14,23,1081735
1897343,24,14,23,1081817
1897583,21,11,20,320579
1897599,21,12,20,961745
1898111,24,14,23,1082255
1898623,24,12,23,120283
1898735,22,13,21,1443481
1898815,23,13,22,721771
1899247,24,14,23,1082903
1899679,21,11,20,320933
1899903,24,14,23,1083277
1899935,24,14,23,1083295
1900271,22,13,21,1444649
1900479,22,13,21,1444807
1900527,24,13,23,361211
1900703,22,11,21,160553
1900863,22,13,21,1445099
1900991,24,12,23,120433
1901215,24,14,23,1084025
1901439,22,13,21,1445537
1901535,23,12,22,240935
1901727,21,10,20,107093
1901887,23,13,22,722939
1902495,24,13,23,361585
1903007,22,12,21,482243
1903087,23,13,22,723395
1903919,24,14,23,1085567
1904063,21,12,20,965021
1904335,21,12,20,965159
1904639,24,14,23,1085977
1904671,23,13,22,723997
1904687,24,14,23,1086005
1905119,24,14,23,1086251
1905183,21,11,20,321863
1905391,22,11,21,160949
1905711,22,13,21,1448785
1905823,21,11,20,321971
1906431,21,12,20,966221
1906543,24,14,23,1087063
1906623,23,13,22,724739
1906655,21,12,20,966335
1906943,22,13,21,1449721
1907407,23,12,22,241679
1907439,23,11,22,80561
1907487,22,13,21,1450135
1907583,21,12,20,966805
1907679,22,12,21,483427
1907695,22,12,21,483431
1907839,23,13,22,725201
1907903,22,13,21,1450451
1908031,24,9,23,4477
1908191,24,14,23,1088003
1908223,23,13,22,725347
1908271,22,12,21,483577
1908463,22,13,21,1450877
1908671,22,13,21,1451035
1908767,24,13,23,362777
1909055,21,11,20,322517
1909503,22,12,21,483889
1909695,22,13,21,1451813
1910239,22,13,21,1452227
1910271,22,13,21,1452251
1910527,21,12,20,968297
1910655,22,12,21,484181
1910991,22,13,21,1452799
1911039,22,13,21,1452835
1911103,21,10,20,107621
1911503,24,12,23,121099
1911535,24,11,23,40367
1911583,22,13,21,1453249
1912127,23,11,22,80759
1912527,21,12,20,969311
1912767,22,13,21,1454149
1913279,23,12,22,242423
1913791,22,13,21,1454927
1913903,22,13,21,1455013
1913983,22,13,21,1455073
1914047,23,13,22,727561
1914271,24,13,23,363823
1914319,22,13,21,1455329
1914335,22,13,21,1455341
1914367,22,13,21,1455365
1914495,23,10,22,26953
1914623,21,12,20,970373
1914735,22,12,21,485215
1914911,22,13,21,1455779
1915135,22,13,21,1455949
1915199,21,11,20,323555
1915503,22,13,21,1456229
1915599,23,12,22,242717
1915679,22,13,21,1456363
1915871,22,12,21,485503
1916095,24,14,23,1092509
1916319,22,13,21,1456849
1916351,24,14,23,1092655
1916655,21,11,20,323801
1916799,23,12,22,242869
1916863,24,14,23,1092947
1916911,21,12,20,971533
1916959,21,12,20,971557
1917151,23,13,22,728741
1917407,24,9,23,4499
1917487,24,14,23,1093303
1917695,22,12,21,485965
1917887,22,13,21,1458041
1918399,23,13,22,729215
1918415,22,13,21,1458443
1918463,22,13,21,1458479
1918703,21,10,20,108049
1919231,22,13,21,1459063
1919455,22,11,21,162137
1919599,22,13,21,1459343
1919615,21,11,20,324301
1919935,23,13,22,729799
1920031,22,12,21,486557
1920191,22,13,21,1459793
1920415,22,13,21,1459963
1920447,22,13,21,1459987
1920511,24,13,23,365009
1920879,24,12,23,121693
1920959,22,13,21,1460377
1921247,24,13,23,365149
1921279,24,13,23,365155
1921503,23,11,22,81155
1921663,21,11,20,324647
1921743,22,12,21,486991
1921823,23,13,22,730517
1922079,24,12,23,121769
1922095,22,13,21,1461241
1922303,24,14,23,1096049
1922511,22,13,21,1461557
1922527,22,13,21,1461569
1923071,23,13,22,730991
1923103,22,13,21,1462007
1923583,22,12,21,487457
1923711,21,10,20,108331
1923871,24,14,23,1096943
1924335,22,13,21,1462943
1924415,24,11,23,40639
1924511,22,13,21,1463077
1924607,21,12,20,975433
1924639,24,14,23,1097381
1924991,23,12,22,243907
1925151,21,12,20,975709
1926655,21,12,20,976471
1926863,24,14,23,1098649
1926943,21,7,20,4019
1927023,22,12,21,488329
1927103,22,8,21,6029
1927375,24,14,23,1098941
1927423,22,13,21,1465291
1927791,22,13,21,1465571
1928063,22,13,21,1465777
1928175,24,14,23,1099397
1928607,22,13,21,1466191
1928655,24,13,23,366557
1928703,21,12,20,977509
1929119,24,12,23,122215
1929727,23,12,22,244507
1929887,24,13,23,366791
1929919,24,13,23,366797
1929935,22,12,21,489067
1930015,23,13,22,733631
1930111,23,13,22,733667
1930175,21,10,20,108695
1930543,22,12,21,489221
1930703,21,12,20,978523
1930719,21,11,20,326177
1930943,22,13,21,1467967
1931007,22,13,21,1468015
1931295,21,12,20,978823
1931311,21,9,20,36253
1932159,22,13,21,1468891
1932223,24,13,23,367235
1932527,22,13,21,1469171
1932767,21,10,20,108841
1932831,23,13,22,734701
1933247,23,10,22,27217
1933359,21,11,20,326623
1933791,24,11,23,40837
1933983,23,13,22,735139
1934847,21,12,20,980623
1935103,22,13,21,1471129
1935263,22,12,21,490417
1935983,21,12,20,981199
1936159,24,9,23,4543
1936239,21,12,20,981329
1936255,22,13,21,1472005
1936383,23,13,22,736051
1936591,22,13,21,1472261
1936799,22,13,21,1472419
1936879,21,12,20,981653
1937455,21,10,20,109105
1937823,22,13,21,1473197
1938303,23,13,22,736781
1938655,24,14,23,1105373
1938671,21,12,20,982561
1938687,23,13,22,736927
1938735,22,12,21,491297
1938895,21,12,20,982675
1939103,23,12,22,245695
1939135,22,13,21,1474195
1939391,22,10,21,54607
1939503,21,11,20,327661
1939951,22,12,21,491605
1940255,23,11,22,81947
1940287,24,14,23,1106303
1940351,22,13,21,1475119
1940415,21,11,20,327815
1940607,24,14,23,1106485
1940639,23,13,22,737669
1940687,21,8,20,12143
1940719,21,12,20,983599
1940975,21,12,20,983729
1941151,22,12,21,491909
1941407,23,12,22,245987
1941919,22,13,21,1476311
1942143,24,14,23,1107361
1942175,23,13,22,738253
1942255,24,14,23,1107425
1942655,24,14,23,1107653
1942767,21,12,20,984637
1942783,21,10,20,109405
1942911,24,14,23,1107799
1943087,22,13,21,1477199
1943279,24,14,23,1108009
1943423,24,14,23,1108091
1943759,23,10,22,27365
1943791,23,12,22,246289
1944223,24,14,23,1108547
1944447,22,13,21,1478233
1944559,24,14,23,1108739
1944831,21,11,20,328561
1945023,24,14,23,1109003
1945039,21,12,20,985789
1945199,22,12,21,492935
1945247,22,12,21,492947
1945327,23,13,22,739451
1945375,21,9,20,36517
1945759,23,13,22,739615
1945839,22,12,21,493097
1945855,22,9,21,18263
1946015,22,13,21,1479425
1946159,24,14,23,1109651
1946495,23,13,22,739895
1946671,24,10,23,13703
1947183,22,13,21,1480313
1947695,21,11,20,329045
1947903,24,11,23,41135
1948095,23,13,22,740503
1948783,24,14,23,1111147
1948863,23,13,22,740795
1948911,21,12,20,987751
1949167,21,12,20,987881
1949919,22,12,21,494131
1949935,22,12,21,494135
1950015,23,13,22,741233
1950367,21,12,20,988489
1950399,21,12,20,988505
1950623,21,12,20,988619
1951103,22,12,21,494431
1951279,22,13,21,1483427
1951871,22,13,21,1483877
1951999,23,10,22,27481
1952543,24,11,23,41233
1952623,22,13,21,1484449
1952751,23,13,22,742273
1952799,24,14,23,1113437
1952895,22,12,21,494885
1952975,21,10,20,109979
1953263,22,13,21,1484935
1953439,22,12,21,495023
1953519,23,13,22,742565
1953567,21,11,20,330037
1953823,22,13,21,1485361
1953999,22,11,21,165055
1954015,22,12,21,495169
1954047,22,11,21,165059
1954495,21,12,20,990581
1954543,24,13,23,371477
1954943,24,12,23,123851
1955199,22,12,21,495469
1955535,24,14,23,1114997
1956287,23,13,22,743617
1956335,24,14,23,1115453
1956591,22,13,21,1487465
1956847,24,13,23,371915
1956991,22,12,21,495923
1957055,23,13,22,743909
1957279,24,11,23,41333
1957359,24,14,23,1116037
1957407,21,12,20,992057
1957423,23,13,22,744049
1957567,22,12,21,496069
1957695,22,13,21,1488305
1958015,24,13,23,372137
1958111,22,12,21,496207
1958127,22,12,21,496211
1958303,21,10,20,110279
1958335,22,13,21,1488791
1958591,21,12,20,992657
1958783,24,13,23,372283
1959327,22,11,21,165505
1959391,23,13,22,744797
1959663,22,13,21,1489801
1960063,21,12,20,993403
1960351,24,13,23,372581
1960639,21,12,20,993695
1960895,24,14,23,1118053
1961279,22,13,21,1491029
1961375,23,10,22,27613
1961407,24,14,23,1118345
1961471,22,13,21,1491175
1961663,24,14,23,1118491
1961727,24,14,23,1118527
1961759,21,11,20,331421
1962031,24,14,23,1118701
1962095,21,12,20,994433
1962239,22,11,21,165751
1962287,24,13,23,372949
1962399,21,11,20,331529
1962431,22,13,21,1491905
1962543,24,14,23,1118993
1962607,22,13,21,1492039
1962975,24,14,23,1119239
1963039,22,13,21,1492367
1963199,22,13,21,1492489
1963231,21,12,20,995009
1963311,24,14,23,1119431
1963391,22,12,21,497545
1963519,24,13,23,373183
1963551,21,12,20,995171
1963711,23,12,22,248813
1964159,21,12,20,995479
1964255,24,12,23,124441
1964415,21,12,20,995609
1964511,24,14,23,1120115
1964735,21,12,20,995771
1964799,22,13,21,1493705
1965167,22,12,21,497995
1965247,23,13,22,747023
1965535,24,14,23,1120699
1965615,23,13,22,747163
1966111,24,14,23,1121027
1967071,21,12,20,996955
1967103,21,12,20,996971
1967567,23,13,22,747905
1967583,23,13,22,747911
1968239,21,12,20,997547
1968287,21,12,20,997571
1968543,21,11,20,332567
1969087,22,13,21,1496965
1969263,22,12,21,499033
1969311,22,12,21,499045
1969391,24,13,23,374299
1969599,23,12,22,249559
1969663,22,13,21,1497403
1969695,21,12,20,998285
1969855,22,12,21,499183
1969903,24,14,23,1123189
1970335,21,12,20,998609
1970623,22,13,21,1498133
1970655,22,13,21,1498157
1970799,22,13,21,1498267
1970847,22,13,21,1498303
1971071,22,10,21,55499
1971135,23,13,22,749261
1971231,22,13,21,1498595
1971919,24,14,23,1124339
1972351,21,12,20,999631
1972607,21,12,20,999761
1972735,23,13,22,749869
1972927,21,12,20,999923
1973119,23,11,22,83335
1973215,21,12,20,1000069
1973231,21,11,20,333359
1973407,22,12,21,500083
1973727,22,13,21,1500493
1973807,21,12,20,1000369
1973919,24,14,23,1125479
1974143,21,9,20,37057
1974255,24,14,23,1125671
1974319,24,14,23,1125707
1974975,22,13,21,1501441
1975279,21,10,20,111235
1975535,22,13,21,1501867
1976175,23,13,22,751177
1976191,21,11,20,333859
1976479,21,12,20,1001723
1976991,23,13,22,751487
1977023,23,13,22,751499
1977087,22,13,21,1503047
1977279,22,13,21,1503193
1977455,22,12,21,501109
1977503,22,12,21,501121
1977535,24,13,23,375847
1977855,24,14,23,1127723
1978063,22,12,21,501263
1978415,22,13,21,1504057
1978479,22,13,21,1504105
1978559,24,14,23,1128125
1978671,24,13,23,376063
1978687,22,12,21,501421
1978815,21,12,20,1002907
1978863,22,13,21,1504397
1978911,23,12,22,250739
1978991,22,13,21,1504495
1979071,22,13,21,1504555
1979423,24,14,23,1128617
1980159,23,12,22,250897
1980287,21,10,20,111517
1980911,23,13,22,752977
1981135,21,12,20,1004083
1981167,21,12,20,1004099
1981407,21,12,20,1004221
1981439,22,13,21,1506355
1981695,23,13,22,753275
1981983,22,13,21,1506769
1982335,21,11,20,334897
1982447,23,11,22,83729
1982623,21,12,20,1004837
1982783,22,12,21,502459
1983231,21,12,20,1005145
1983647,23,12,22,251339
1983679,23,8,22,3103
1983743,22,13,21,1508107
1984367,23,13,22,754291
1985007,24,13,23,377267
1985151,24,14,23,1131883
1985183,23,13,22,754601
1985519,24,14,23,1132093
1985535,22,13,21,1509469
1985567,21,11,20,335443
1985695,24,14,23,1132193
1985855,21,12,20,1006475
1986079,22,13,21,1509883
1986463,22,13,21,1510175
1986719,24,14,23,1132777
1986799,24,14,23,1132823
1986879,22,12,21,503497
1987231,22,13,21,1510759
1987279,21,12,20,1007197
1987615,21,11,20,335789
1987839,22,13,21,1511221
1987887,21,9,20,37315
1988143,24,13,23,377863
1988223,21,12,20,1007675
1988255,22,13,21,1511537
1989103,23,13,22,756091
1989407,22,13,21,1512413
1989663,21,10,20,112045
1989823,22,10,21,56027
1989935,21,11,20,336181
1990303,23,13,22,756547
1990527,21,11,20,336281
1990559,22,13,21,1513289
1990687,23,11,22,84077
1991151,22,13,21,1513739
1991423,24,14,23,1135459
1991647,24,13,23,378529
1991839,23,12,22,252377
1991935,24,14,23,1135751
1991999,21,12,20,1009589
1992351,22,13,21,1514651
1992559,21,12,20,1009873
1992943,22,13,21,1515101
1993023,23,12,22,252527
1993151,22,13,21,1515259
1993375,23,13,22,757715
1993455,21,12,20,1010327
1994031,21,10,20,112291
1994239,23,11,22,84227
1994287,22,13,21,1516123
1994351,24,13,23,379043
1994911,22,13,21,1516597
1994943,23,13,22,758311
1994991,23,13,22,758329
1995071,24,14,23,1137539
1995231,21,12,20,1011227
1995247,21,12,20,1011235
1995263,21,11,20,337081
1995391,23,12,22,252827
1995471,21,12,20,1011349
1995743,23,13,22,758615
1996031,22,13,21,1517449
1996079,21,11,20,337219
1996287,22,10,21,56209
1996415,21,12,20,1011827
1996831,22,11,21,168673
1996927,23,13,22,759065
1997039,22,13,21,1518215
1997263,21,8,20,12497
1997295,21,12,20,1012273
1997903,21,5,20,463
1998143,21,12,20,1012703
1998463,24,14,23,1139473
1998495,23,13,22,759661
1998543,24,14,23,1139519
1998751,22,13,21,1519517
1998911,24,14,23,1139729
1999007,22,13,21,1519711
1999295,23,13,22,759965
1999343,21,12,20,1013311
1999599,24,14,23,1140121
2000335,22,10,21,56323
2000383,22,11,21,168973
2000767,24,14,23,1140787
2001023,24,13,23,380311
2001215,23,12,22,253565
2001343,22,13,21,1521487
2001519,22,11,21,169069
2001535,22,12,21,507211
2001727,22,13,21,1521779
2001903,22,13,21,1521913
2002047,23,13,22,761011
2002383,24,14,23,1141709
2002415,23,12,22,253717
2002591,21,9,20,37591
2003183,23,13,22,761443
2003247,22,10,21,56405
2003567,23,10,22,28207
2003647,24,14,23,1142429
2003695,22,13,21,1523275
2003711,22,13,21,1523287
2003903,22,12,21,507811
2003935,23,13,22,761729
2004095,22,13,21,1523579
2004271,21,11,20,338603
2004431,22,11,21,169315
2004527,24,13,23,380977
2004639,21,11,20,338665
2005039,24,14,23,1143223
2005471,24,14,23,1143469
2005487,21,12,20,1016425
2005551,24,14,23,1143515
2005759,24,13,23,381211
2005983,22,13,21,1525015
2006687,21,11,20,339011
2006943,21,12,20,1017163
2006975,21,12,20,1017179
2007151,24,14,23,1144427
2007167,22,13,21,1525915
2007279,21,9,20,37679
2007519,21,12,20,1017455
2007807,22,13,21,1526401
2007871,23,13,22,763225
2008191,22,13,21,1526693
2008303,23,11,22,84821
2009327,21,11,20,339457
2009535,22,13,21,1527715
2009551,21,10,20,113165
2009807,23,13,22,763961
2009839,23,13,22,763973
2010095,22,13,21,1528141
2010143,24,14,23,1146133
2010431,24,13,23,382099
2010575,23,11,22,84917
2010671,22,13,21,1528579
2010735,21,11,20,339695
2010783,21,11,20,339703
2011071,21,12,20,1019255
2011375,21,11,20,339803
2011903,22,13,21,1529515
2011967,21,8,20,12589
2012095,22,12,21,509887
2012127,23,13,22,764843
2012287,22,13,21,1529807
2012607,23,13,22,765025
2013039,22,13,21,1530379
2013903,24,13,23,382759
2013983,21,12,20,1020731
2014015,22,13,21,1531121
2014271,24,13,23,382829
2014335,24,13,23,382841
2014447,22,11,21,170161
2014463,22,12,21,510487
2014527,23,13,22,765755
2014591,22,13,21,1531559
2014655,22,13,21,1531607
2014703,24,12,23,127637
2014911,23,13,22,765901
2014927,24,14,23,1148861
2015039,24,13,23,382975
2015167,21,12,20,1021331
2015279,23,12,22,255347
2015359,22,13,21,1532143
2015471,21,11,20,340495
2015679,23,13,22,766193
2015791,22,13,21,1532471
2015903,24,11,23,42571
2015999,22,13,21,1532629
2016127,24,14,23,1149545
2016159,22,12,21,510917
2016239,24,13,23,383203
2016511,23,12,22,255503
2016639,21,12,20,1022077
2016703,24,13,23,383291
2017727,24,14,23,1150457
2017759,22,13,21,1533967
2017951,22,10,21,56819
2017999,23,13,22,767075
2018111,21,10,20,113647
2018175,22,13,21,1534283
2018751,22,13,21,1534721
2018863,24,14,23,1151105
2018975,21,11,20,341087
2019007,24,13,23,383729
2019183,23,13,22,767525
2019807,24,13,23,383881
2020047,22,13,21,1535707
2020095,22,13,21,1535743
2020127,21,12,20,1023845
2020607,24,12,23,128011
2020735,21,12,20,1024153
2020799,23,13,22,768139
2021247,22,13,21,1536619
2021311,21,12,20,1024445
2021423,22,12,21,512251
2021503,22,9,21,18973
2021583,21,12,20,1024583
2021935,23,13,22,768571
2022143,24,13,23,384325
2022511,24,13,23,384395
2022527,21,11,20,341687
2023535,23,12,22,256393
2023647,21,12,20,1025629
2023663,21,11,20,341879
2023903,23,13,22,769319
2024255,21,10,20,113993
2024575,21,10,20,114011
2024703,23,12,22,256541
2025167,22,13,21,1539599
2025583,22,12,21,513305
2025599,22,11,21,171103
2025679,21,12,20,1026659
2026031,21,8,20,12677
2026175,22,12,21,513455
2026191,23,13,22,770189
2026239,23,13,22,770207
2026271,21,12,20,1026959
2026751,22,12,21,513601
2026943,22,13,21,1540949
2027039,24,14,23,1155767
2027295,24,14,23,1155913
2027375,23,13,22,770639
2027423,23,13,22,770657
2028063,22,13,21,1541801
2028079,22,13,21,1541813
2028271,24,14,23,1156469
2028543,22,12,21,514055
2028655,22,13,21,1542251
2028671,21,11,20,342725
2028927,21,12,20,1028305
2029103,22,10,21,57133
2029215,24,13,23,385669
2029311,22,13,21,1542749
2029423,22,13,21,1542835
2029503,21,12,20,1028597
2029695,22,11,21,171449
2029791,21,12,20,1028743
2029823,21,12,20,1028759
2029951,24,12,23,128603
2030271,22,12,21,514493
2030559,23,9,22,9529
2030623,22,13,21,1543747
2030703,21,12,20,1029205
2030751,24,13,23,385961
2031039,24,14,23,1158047
2031775,24,14,23,1158467
2032063,24,14,23,1158631
2032111,23,13,22,772439
2032127,23,13,22,772445
2032175,21,10,20,114439
2032607,22,11,21,171695
2032639,22,12,21,515093
2033055,21,12,20,1030397
2033407,22,13,21,1545863
2033567,22,13,21,1545985
2033775,22,12,21,515381
2033871,21,12,20,1030811
2034111,23,10,22,28637
2034143,24,14,23,1159817
2034159,22,13,21,1546435
2034175,24,14,23,1159835
2034431,23,13,22,773321
2034799,21,12,20,1031281
2034879,24,14,23,1160237
2034895,22,12,21,515665
2034991,24,13,23,386767
2035135,21,11,20,343817
2035231,23,12,22,257875
2035391,21,12,20,1031581
2035487,22,12,21,515815
2035567,23,13,22,773753
2035967,21,12,20,1031873
2036127,22,12,21,515977
2036255,22,13,21,1548029
2036703,22,10,21,57347
2036895,22,13,21,1548515
2037455,22,13,21,1548941
2037615,24,14,23,1161797
2037887,22,11,21,172141
2037919,22,12,21,516431
2037967,23,13,22,774665
2037983,21,12,20,1032895
2038319,21,10,20,114785
2038383,24,14,23,1162235
2038463,22,12,21,516569
2038559,24,13,23,387445
2038751,23,11,22,86107
2039199,21,12,20,1033511
2039967,23,12,22,258475
2040127,24,13,23,387743
2040223,22,12,21,517015
2040303,23,13,22,775553
2040447,22,13,21,1551215
2041151,24,14,23,1163813
2041471,24,14,23,1163995
2041503,23,13,22,776009
2041551,21,10,20,114967
2041583,22,13,21,1552079
2041759,22,13,21,1552213
2041919,24,14,23,1164251
2042015,22,12,21,517469
2042495,24,13,23,388193
2042575,24,14,23,1164625
2042655,23,13,22,776447
2042751,21,12,20,1035311
2042991,21,12,20,1035433
2043039,21,12,20,1035457
2043087,22,12,21,517741
2043391,22,13,21,1553453
2043599,21,11,20,345247
2043807,23,13,22,776885
2044095,22,13,21,1553989
2044351,22,11,21,172687
2044447,21,12,20,1036171
2044623,23,9,22,9595
2044799,21,12,20,1036349
2045087,21,12,20,1036495
2045343,24,14,23,1166203
2045695,21,11,20,345601
2045919,21,10,20,115213
2046191,23,13,22,777791
2046207,23,13,22,777797
2046271,22,13,21,1555643
2046591,23,13,22,777943
2046671,22,11,21,172883
2046719,22,10,21,57629
2046943,23,11,22,86453
2047279,24,14,23,1167307
2047647,22,13,21,1556689
2047727,23,13,22,778375
2048159,23,12,22,259513
2048223,22,13,21,1557127
2048415,22,12,21,519091
2048767,24,11,23,43265
2048895,21,12,20,1038425
2049183,21,12,20,1038571
2049407,22,13,21,1558027
2049439,22,13,21,1558051
2049503,24,13,23,389525
2049695,23,13,22,779123
2049951,22,13,21,1558441
2050527,24,14,23,1169159
2050767,22,10,21,57743
2050927,22,13,21,1559183
2051567,22,13,21,1559669
2051951,24,14,23,1169971
2052287,22,13,21,1560217
2052319,22,13,21,1560241
2052335,22,13,21,1560253
2052351,22,13,21,1560265
2052415,21,12,20,1040209
2052735,22,13,21,1560557
2052815,23,11,22,86701
2052991,21,12,20,1040501
2053151,24,14,23,1170655
2053503,22,13,21,1561141
2054143,22,13,21,1561627
2054383,23,13,22,780905
2054463,21,12,20,1041247
2055039,21,12,20,1041539
2055583,23,13,22,781361
2055647,22,13,21,1562771
2055807,24,12,23,130241
2055871,22,13,21,1562941
2056239,22,13,21,1563221
2056415,22,13,21,1563355
2056831,21,12,20,1042447
2057023,24,14,23,1172863
2057375,21,12,20,1042723
2057455,22,13,21,1564145
2057599,22,13,21,1564255
2057663,22,13,21,1564303
2058111,24,12,23,130387
2058303,23,13,22,782395
2058559,21,12,20,1043323
2058703,24,14,23,1173821
2058879,21,12,20,1043485
2058991,22,12,21,521771
2059071,23,13,22,782687
2059119,22,13,21,1565411
2059199,22,13,21,1565471
2059759,22,13,21,1565897
2060143,22,10,21,58007
2060191,24,14,23,1174669
2060335,22,13,21,1566335
2060511,22,13,21,1566469
2060927,21,12,20,1044523
2061007,23,11,22,87047
2061343,22,12,21,522367
2061791,23,13,22,783721
2061951,22,12,21,522521
2062015,24,13,23,391903
2062335,22,13,21,1567855
2062559,23,13,22,784013
2062847,24,12,23,130687
2063039,24,14,23,1176293
2063423,22,13,21,1568683
2063471,22,13,21,1568719
2063487,22,13,21,1568731
2063551,21,12,20,1045853
2063679,22,12,21,522959
2063743,23,13,22,784463
2063855,21,9,20,38741
2063871,21,12,20,1046015
2064255,22,12,21,523105
2064415,21,12,20,1046291
2064431,22,13,21,1569449
2064447,22,13,21,1569461
2064879,22,11,21,174421
2064895,22,12,21,523267
2065311,23,13,22,785059
2065407,24,14,23,1177643
2066751,21,12,20,1047475
2066927,23,10,22,29099
2067071,21,12,20,1047637
2067311,21,11,20,349253
2067327,23,13,22,785825
2067487,24,12,23,130981
2067567,22,13,21,1571833
2067647,21,12,20,1047929
2067711,23,13,22,785971
2067951,21,11,20,349361
2067967,21,12,20,1048091
2068511,21,12,20,1048367
2068543,21,8,20,12943
2068703,22,13,21,1572697
2068863,21,7,20,4315
2069279,24,14,23,1179851
2069951,22,13,21,1573645
2070047,24,14,23,1180289
2070527,22,13,21,1574083
2070591,24,13,23,393533
2070735,24,14,23,1180681
2070767,24,14,23,1180699
2071023,24,11,23,43735
2071359,24,13,23,393679
2071423,24,13,23,393691
2071487,22,13,21,1574813
2071615,22,13,21,1574911
2071663,22,13,21,1574947
2071679,24,14,23,1181219
2071711,22,13,21,1574983
2071743,21,12,20,1050005
2071855,22,12,21,525031
2071935,23,13,22,787577
2072047,21,11,20,350053
2072063,21,12,20,1050167
2072255,22,13,21,1575397
2072383,24,14,23,1181621
2072479,22,11,21,175063
2072623,21,12,20,1050451
2072687,22,13,21,1575725
2072735,24,14,23,1181821
2073055,22,12,21,525335
2073135,23,13,22,788033
2073279,22,13,21,1576175
2073503,23,13,22,788173
2073983,24,14,23,1182533
2074015,24,14,23,1182551
2074111,21,12,20,1051205
2074527,24,10,23,14603
2074687,21,10,20,116833
2074735,23,13,22,788641
2074751,23,13,22,788647
2074783,24,14,23,1182989
2075327,24,13,23,394433
2075647,22,13,21,1577975
2075807,22,13,21,1578097
2075903,23,13,22,789085
2076095,24,13,23,394579
2076399,22,13,21,1578547
2076703,21,12,20,1052519
2076783,22,13,21,1578839
2076863,24,12,23,131575
2077183,22,12,21,526381
2077231,24,13,23,394795
2077375,22,13,21,1579289
2077631,21,12,20,1052989
2077695,24,13,23,394883
2077807,23,13,22,789809
2077855,23,13,22,789827
2077887,21,12,20,1053119
2077999,24,12,23,131647
2078159,21,12,20,1053257
2078207,21,12,20,1053281
2078399,24,13,23,395017
2078767,24,13,23,395087
2078831,24,13,23,395099
2079343,24,14,23,1185589
2079743,22,13,21,1581089
2079855,24,14,23,1185881
2080239,21,11,20,351437
2080287,22,13,21,1581503
2080463,22,13,21,1581637
2080511,22,13,21,1581673
2080703,22,12,21,527273
2080799,24,13,23,395473
2080815,21,12,20,1054603
2080831,21,10,20,117179
2081087,22,13,21,1582111
2081695,21,11,20,351683
2081791,23,13,22,791323
2082175,23,11,22,87941
2082255,21,12,20,1055333
2082511,23,13,22,791597
2082559,23,13,22,791615
2082767,24,6,23,181
2082927,23,13,22,791755
2083839,22,13,21,1584203
2084095,21,12,20,1056265
2084159,24,14,23,1188335
2084383,22,13,21,1584617
2084559,24,14,23,1188563
2084591,22,13,21,1584775
2084607,22,13,21,1584787
2084639,24,13,23,396203
2084975,22,13,21,1585067
2085103,24,12,23,132097
2085183,22,13,21,1585225
2085999,23,13,22,792923
2086015,24,14,23,1189393
2086047,23,13,22,792941
2086079,21,12,20,1057271
2086271,24,11,23,44057
2086351,24,14,23,1189585
2086399,21,12,20,1057433
2086527,24,14,23,1189685
2086607,24,13,23,396577
2086847,23,12,22,264415
2086879,22,13,21,1586515
2086959,21,12,20,1057717
2087119,22,12,21,528899
2087135,22,9,21,19589
2087167,22,12,21,528911
2087231,23,13,22,793391
2087295,21,9,20,39181
2087615,21,9,20,39187
2088095,22,13,21,1587439
2088175,21,12,20,1058333
2088447,23,13,22,793853
2089119,22,13,21,1588217
2089183,23,11,22,88237
2089663,21,11,20,353029
2089983,23,13,22,794437
2090239,21,12,20,1059379
2090399,24,14,23,1191893
2090447,21,12,20,1059485
2090463,22,13,21,1589239
2090495,22,13,21,1589263
2090735,23,13,22,794723
2090751,23,13,22,794729
2091167,23,13,22,794887
2091215,22,12,21,529937
2091471,23,12,22,265001
2091487,24,14,23,1192513
2091711,21,11,20,353375
2091807,22,12,21,530087
2091839,22,12,21,530095
2092015,22,13,21,1590419
2092031,24,14,23,1192823
2092143,24,9,23,4909
2092287,21,12,20,1060417
2092543,24,13,23,397705
2092575,22,13,21,1590845
2092703,23,12,22,265157
2092735,24,14,23,1193225
2092783,22,13,21,1591003
2092799,24,14,23,1193261
2093167,21,11,20,353621
2093279,24,10,23,14735
2093359,24,14,23,1193581
2093471,23,13,22,795763
2093535,24,14,23,1193681
2093567,24,14,23,1193699
2093807,22,13,21,1591781
2093823,22,13,21,1591793
2094543,22,13,21,1592341
2094591,24,14,23,1194283
2095039,23,12,22,265453
2095215,21,10,20,117989
2095327,22,11,21,176993
2095359,22,12,21,530987
2095423,23,13,22,796505
2095487,21,11,20,354013
2095743,22,13,21,1593253
2095807,21,11,20,354067
2095935,22,12,21,531133
2096239,23,11,22,88535
2096255,23,12,22,265607
2096543,22,12,21,531287
2096879,22,13,21,1594117
2097311,22,13,21,1594445
2097391,23,12,22,265751
2097471,22,13,21,1594567
2097903,22,13,21,1594895
2098111,22,13,21,1595053
2098159,23,13,22,797545
2098591,23,12,22,265903
2098655,22,13,21,1595467
2099071,22,13,21,1595783
2099407,22,12,21,532013
2099615,22,13,21,1596197
2099663,23,12,22,266039
2100031,22,12,21,532171
2100095,24,14,23,1197421
2100159,23,13,22,798305
2100207,24,14,23,1197485
2100351,24,12,23,133063
2100463,24,14,23,1197631
2100543,24,14,23,1197677
2100927,23,11,22,88733
2100975,24,14,23,1197923
2101887,24,13,23,399481
2101999,22,13,21,1598009
2102207,22,13,21,1598167
2102399,22,12,21,532771
2102511,23,13,22,799199
2102943,24,14,23,1199045
2102975,22,10,21,59213
2103167,22,13,21,1598897
2103519,22,11,21,177685
2104047,23,13,22,799783
2104303,22,13,21,1599761
2104559,22,13,21,1599955
2104735,22,12,21,533363
2104767,22,12,21,533371
2104799,23,13,22,800069
2104959,22,13,21,1600259
2105071,22,13,21,1600345
2105279,24,14,23,1200377
2105903,22,12,21,533659
2106303,22,13,21,1601281
2106399,23,13,22,800677
2106495,22,12,21,533809
2106527,22,9,21,19771
2106847,22,13,21,1601695
2107135,24,14,23,1201435
2107263,22,13,21,1602011
2107871,22,13,21,1602473
2108351,23,13,22,801419
2108447,22,13,21,1602911
2108527,24,11,23,44527
2108735,23,13,22,801565
2108863,22,12,21,534409
2109487,23,13,22,801851
2109919,24,14,23,1203023
2109983,22,11,21,178231
2109999,22,12,21,534697
2110399,22,13,21,1604395
2110623,22,11,21,178285
2110943,22,13,21,1604809
2111215,22,8,21,6605
2111519,24,14,23,1203935
2111967,22,13,21,1605587
2112287,24,14,23,1204373
2112383,22,12,21,535301
2112543,22,13,21,1606025
2112767,22,13,21,1606195
2112831,24,13,23,401561
2112959,22,12,21,535447
2113231,24,12,23,133879
2113407,23,13,22,803341
2114031,24,13,23,401789
2114095,22,12,21,535735
2114239,23,13,22,803657
2114367,24,12,23,133951
2114495,22,13,21,1607509
2114687,22,12,21,535885
2114719,22,11,21,178631
2115055,22,13,21,1607935
2115279,22,12,21,536035
2115647,22,13,21,1608385
2115903,22,9,21,19859
2116063,22,13,21,1608701
2116223,24,14,23,1206617
2116335,24,13,23,402227
2116543,23,13,22,804533
2116639,22,13,21,1609139
2116911,23,13,22,804673
2117359,23,10,22,29809
2117375,23,12,22,268283
2118111,23,13,22,805129
2118143,23,13,22,805141
2118527,23,12,22,268429
2118911,23,13,22,805433
2119135,22,13,21,1611037
2119215,24,14,23,1208323
2119375,22,12,21,537073
2119743,22,13,21,1611499
2119999,22,11,21,179077
2120239,24,12,23,134323
2120575,22,12,21,537377
2120639,24,13,23,403045
2120703,24,13,23,403057
2121007,24,13,23,403115
2121215,24,14,23,1209463
2121599,23,13,22,806455
2122207,24,13,23,403343
2122719,24,14,23,1210321
2122911,22,11,21,179323
2123007,24,13,23,403495
2123247,22,13,21,1614163
2123471,22,12,21,538111
2123503,22,10,21,59791
2123903,22,13,21,1614661
2124031,24,14,23,1211069
2124095,22,11,21,179423
2124399,24,14,23,1211279
2125279,22,8,21,6649
2125519,23,12,22,269315
2126335,23,13,22,808255
2126463,22,11,21,179623
2127103,23,13,22,808547
2127151,22,13,21,1617131
2127391,24,14,23,1212985
2127519,23,13,22,808705
2127903,24,14,23,1213277
2127935,22,13,21,1617727
2127999,22,13,21,1617775
2128511,24,10,23,14983
2128671,24,14,23,1213715
2129135,24,14,23,1213979
2129439,23,13,22,809435
2129951,22,12,21,539753
2130911,22,13,21,1619989
2131327,22,13,21,1620305
2131423,23,10,22,30007
2131615,24,13,23,405131
2132127,22,13,21,1620913
2132207,23,13,22,810487
2132287,22,11,21,180115
2132607,23,11,22,90071
2132671,22,13,21,1621327
2132927,24,14,23,1216141
2132975,23,13,22,810779
2132991,23,13,22,810785
2133199,22,13,21,1621729
2133407,24,14,23,1216415
2133439,24,14,23,1216433
2134047,22,12,21,540791
2134127,23,13,22,811217
2134431,22,13,21,1622665
2134719,24,13,23,405721
2135087,24,13,23,405791
2135295,23,13,22,811661
2135343,22,13,21,1623359
2135711,23,13,22,811819
2136111,24,14,23,1217957
2136319,24,13,23,406025
2136831,24,14,23,1218367
2136863,23,13,22,812257
2137055,24,13,23,406165
2137279,23,12,22,270805
2137567,22,10,21,60187
2137599,22,12,21,541691
2137631,23,13,22,812549
2137759,22,13,21,1625195
2138527,22,13,21,1625779
2139135,22,13,21,1626241
2139343,22,7,21,2231
2139647,23,12,22,271105
2140399,23,13,22,813601
2140415,23,13,22,813607
2140959,24,13,23,406907
2141119,22,10,21,60287
2141167,23,13,22,813893
2141503,24,14,23,1221031
2141679,22,12,21,542725
2141807,22,13,21,1628273
2141855,22,13,21,1628309
2142239,22,12,21,542867
2142255,22,10,21,60319
2142447,22,13,21,1628759
2142623,22,13,21,1628893
2143167,23,11,22,90517
2143423,22,12,21,543167
2143455,23,13,22,814763
2143647,22,13,21,1629671
2143695,24,12,23,135809
2143775,22,13,21,1629769
2144255,22,13,21,1630133
2144463,24,13,23,407573
2144975,22,13,21,1630681
2145007,24,14,23,1223029
2145391,22,13,21,1630997
2145519,24,14,23,1223321
2145695,24,13,23,407807
2145775,24,14,23,1223467
2145951,24,14,23,1223567
2146351,22,11,21,181303
2146543,22,13,21,1631873
2147007,24,14,23,1224169
2147071,23,13,22,816137
2147311,22,13,21,1632457
2147743,22,13,21,1632785
2147791,23,12,22,272137
2147823,23,12,22,272141
2147887,24,14,23,1224671
2148767,24,13,23,408391
2149359,23,13,22,817007
2149791,23,13,22,817171
2150047,22,13,21,1634537
2150607,22,13,21,1634963
2150655,22,13,21,1634999
2150879,24,14,23,1226377
2151615,22,12,21,545243
2151679,24,14,23,1226833
2151935,24,12,23,136331
2152495,23,11,22,90911
2152511,23,12,22,272735
2153199,22,13,21,1636933
2153599,22,13,21,1637237
2153711,23,12,22,272887
2153967,22,12,21,545839
2154015,24,14,23,1228165
2154735,22,13,21,1638101
2155247,23,13,22,819245
2155775,22,11,21,182099
2155935,22,13,21,1639013
2155983,23,12,22,273175
2156607,24,12,23,136627
2157695,24,14,23,1230263
2157727,22,13,21,1640375
2157775,24,9,23,5063
2157887,22,13,21,1640497
2158367,24,14,23,1230647
2158847,22,13,21,1641227
2159087,22,13,21,1641409
2159647,22,13,21,1641835
2159743,24,13,23,410477
2159775,24,13,23,410483
2159871,22,10,21,60815
2160031,24,14,23,1231595
2160767,24,14,23,1232015
2161023,24,14,23,1232161
2161087,24,14,23,1232197
2161135,23,13,22,821483
2161391,22,13,21,1643161
2161535,23,13,22,821635
2161647,24,13,23,410839
2162431,22,13,21,1643951
2162671,24,14,23,1233101
2162751,22,12,21,548065
2162799,22,12,21,548077
2163103,23,9,22,10151
2163135,24,14,23,1233365
2163183,22,13,21,1644523
2163199,22,13,21,1644535
2164351,22,13,21,1645411
2165215,24,13,23,411517
2165439,23,12,22,274373
2166063,22,13,21,1646713
2166079,22,13,21,1646725
2166207,23,13,22,823411
2166271,24,14,23,1235153
2166479,22,13,21,1647029
2166559,23,11,22,91505
2166895,22,12,21,549115
2167103,22,13,21,1647503
2167263,22,13,21,1647625
2167791,23,8,22,3391
2167807,23,12,22,274673
2167839,22,13,21,1648063
2168575,23,13,22,824311
2168799,22,13,21,1648793
2169151,24,13,23,412265
2169311,23,13,22,824591
2169343,23,13,22,824603
2169631,24,14,23,1237069
2169727,23,13,22,824749
2170911,24,14,23,1237799
2170943,22,12,21,550141
2170991,22,12,21,550153
2171295,23,11,22,91705
2172223,24,13,23,412849
2172543,24,14,23,1238729
2172575,22,13,21,1651663
2173647,24,14,23,1239359
2173935,22,10,21,61211
2174159,24,11,23,45913
2174671,22,13,21,1653257
2175167,23,13,22,826817
2175455,22,13,21,1653853
2175615,23,13,22,826987
2175647,24,14,23,1240499
2175999,23,12,22,275711
2176559,24,12,23,137891
2176767,23,13,22,827425
2177135,23,12,22,275855
2177151,23,12,22,275857
2177263,22,13,21,1655227
2177407,22,12,21,551779
2177727,24,12,23,137965
2178351,24,14,23,1242041
2178719,23,13,22,828167
2178815,24,14,23,1242305
2179055,23,13,22,828295
2179103,23,13,22,828313
2179183,24,14,23,1242515
2179487,23,11,22,92051
2180063,24,12,23,138113
2180767,22,13,21,1657891
2181567,22,12,21,552833
2182655,24,14,23,1244495
2183023,24,14,23,1244705
2183359,23,13,22,829931
2183407,23,13,22,829949
2184223,24,14,23,1245389
2184575,23,13,22,830393
2185087,22,10,21,61525
2185327,23,12,22,276893
2185455,22,13,21,1661455
2185839,22,13,21,1661747
2185935,24,12,23,138485
2186015,22,13,21,1661881
2186207,22,12,21,554009
2186879,24,14,23,1246903
2187295,23,13,22,831427
2187423,22,12,21,554317
2187759,24,14,23,1247405
2188015,22,12,21,554467
2188031,22,12,21,554471
2188223,22,13,21,1663559
2188799,22,13,21,1663997
2188959,22,13,21,1664119
2189183,22,11,21,184921
2189775,24,13,23,416185
2190143,22,13,21,1665019
2190799,24,14,23,1249139
2190847,23,13,22,832777
2191263,24,14,23,1249403
2191295,22,13,21,1665895
2191551,23,13,22,833045
2191663,22,13,21,1666175
2191983,23,13,22,833209
2192031,24,14,23,1249841
2192415,23,11,22,92597
2192847,22,13,21,1667075
2193087,24,14,23,1250443
2193407,24,13,23,416875
2193439,22,13,21,1667525
2193615,22,13,21,1667659
2193631,22,13,21,1667671
2193647,22,13,21,1667683
2193919,24,14,23,1250917
2194175,24,12,23,139007
2194207,22,13,21,1668109
2194239,22,13,21,1668133
2194367,24,14,23,1251173
2194463,22,10,21,61789
2194543,24,13,23,417091
2195071,22,12,21,556255
2195103,23,13,22,834395
2195919,23,7,22,1145
2196207,22,12,21,556543
2196223,22,12,21,556547
2196719,23,13,22,835009
2196991,22,13,21,1670225
2197119,23,12,22,278387
2198127,22,13,21,1671089
2198335,22,13,21,1671247
2198383,24,13,23,417821
2198559,22,11,21,185713
2198639,23,13,22,835739
2198655,23,13,22,835745
2198767,22,13,21,1671575
2199023,23,13,22,835885
2199151,24,13,23,417967
2199759,23,13,22,836165
2199791,23,13,22,836177
2200223,23,13,22,836341
2200271,22,12,21,557573
2200351,24,13,23,418195
2200703,22,13,21,1673047
2200815,24,13,23,418283
2201023,23,13,22,836645
2201039,22,13,21,1673303
2201807,24,14,23,1255415
2201839,24,14,23,1255433
2202079,22,12,21,558031
2202111,22,11,21,186013
2202431,22,13,21,1674361
2202495,24,14,23,1255807
2202863,22,13,21,1674689
2202927,23,11,22,93041
2203119,24,13,23,418721
2203263,22,12,21,558331
2203775,24,14,23,1256537
2203807,24,14,23,1256555
2204207,22,13,21,1675711
2204479,23,13,22,837959
2204607,24,14,23,1257011
2204799,22,13,21,1676161
2204911,23,13,22,838123
2205087,24,13,23,419095
2206143,24,14,23,1257887
2206367,22,13,21,1677353
2206879,23,13,22,838871
2207167,22,13,21,1677961
2207183,23,13,22,838987
2207279,24,14,23,1258535
2207743,24,14,23,1258799
2207935,24,14,23,1258909
2207951,23,13,22,839279
2208255,24,11,23,46633
2208303,22,13,21,1678825
2208895,22,13,21,1679275
2208927,22,13,21,1679299
2209071,22,11,21,186601
2209215,23,13,22,839759
2210271,22,12,21,560107
2210287,22,12,21,560111
2210623,22,13,21,1680589
2211055,22,13,21,1680917
2211263,22,13,21,1681075
2211535,23,13,22,840641
2211583,23,13,22,840659
2212399,22,13,21,1681939
2212767,22,13,21,1682219
2213023,22,13,21,1682413
2213535,23,10,22,31163
2213583,22,13,21,1682839
2213631,22,13,21,1682875
2213951,24,14,23,1262339
2214351,22,9,21,20783
2214383,22,12,21,561149
2215151,24,14,23,1263023
2216127,22,10,21,62399
2216175,24,14,23,1263607
2216255,23,13,22,842435
2216351,22,13,21,1684943
2216495,22,13,21,1685053
2216639,23,13,22,842581
2217087,24,14,23,1264127
2217407,23,13,22,842873
2217679,22,13,21,1685953
2218223,23,10,22,31229
2218303,22,13,21,1686427
2218543,23,13,22,843305
2218991,24,14,23,1265213
2220159,24,14,23,1265879
2220671,22,13,21,1688227
2220735,24,13,23,422069
2221023,22,13,21,1688495
2221775,22,13,21,1689067
2221823,22,13,21,1689103
2222207,22,13,21,1689395
2222399,22,13,21,1689541
2222495,24,14,23,1267211
2222543,22,11,21,187739
2222575,22,12,21,563225
2222783,22,13,21,1689833
2223551,22,13,21,1690417
2223615,24,14,23,1267849
2223663,23,13,22,845251
2223775,22,11,21,187843
2224239,24,13,23,422735
2224687,22,13,21,1691281
2224767,22,13,21,1691341
2225119,22,13,21,1691609
2225263,24,14,23,1268789
2225375,24,13,23,422951
2225695,22,13,21,1692047
2225871,22,13,21,1692181
2226031,24,14,23,1269227
2226303,22,13,21,1692509
2226383,23,12,22,282095
2226399,24,14,23,1269437
2226879,22,13,21,1692947
2227711,22,13,21,1693579
2228207,22,13,21,1693957
2228447,22,12,21,564713
2228463,22,11,21,188239
2228671,22,13,21,1694309
2229055,22,9,21,20921
2229119,23,13,22,847325
2229215,22,13,21,1694723
2229247,22,13,21,1694747
2229375,24,9,23,5231
2230015,22,13,21,1695331
2230383,22,13,21,1695611
2230431,22,13,21,1695647
2230735,22,11,21,188431
2231103,23,11,22,94231
2231423,22,11,21,188489
2231839,23,13,22,848359
2232479,24,13,23,424301
2232527,22,12,21,565747
2233391,23,12,22,282983
2233471,23,11,22,94331
2233503,24,14,23,1273487
2233727,22,12,21,566051
2233759,22,12,21,566059
2233791,24,14,23,1273651
2234063,22,13,21,1698409
2234303,22,12,21,566197
2234495,22,13,21,1698737
2234623,23,12,22,283139
2234751,24,13,23,424733
2235071,22,13,21,1699175
2235087,22,13,21,1699187
2235359,23,13,22,849697
2235951,24,13,23,424961
2236399,22,13,21,1700185
2236447,22,13,21,1700221
2236463,22,13,21,1700233
2236639,22,12,21,566789
2237183,24,13,23,425195
2237247,22,11,21,188981
2237375,23,13,22,850463
2237407,24,14,23,1275713
2237439,24,14,23,1275731
2237855,22,12,21,567097
2238207,24,14,23,1276169
2238431,22,8,21,7003
2238623,22,13,21,1701875
2238719,24,12,23,141829
2239183,22,13,21,1702301
2239983,22,13,21,1702909
2239999,22,13,21,1702921
2240959,22,13,21,1703651
2241135,24,14,23,1277839
2241567,22,13,21,1704113
2241583,23,12,22,284021
2241775,22,13,21,1704271
2241951,22,12,21,568135
2242415,23,13,22,852379
2242591,24,13,23,426223
2242783,23,12,22,284173
2242879,24,14,23,1278833
2243119,22,9,21,21053
2243183,23,13,22,852671
2243279,22,13,21,1705415
2243311,22,13,21,1705439
2243551,23,13,22,852811
2243999,23,12,22,284327
2244031,23,11,22,94777
2244303,24,14,23,1279645
2244767,23,13,22,853273
2245167,23,11,22,94825
2245439,22,11,21,189673
2245503,24,14,23,1280329
2245759,24,11,23,47425
2246127,24,13,23,426895
2246719,23,13,22,854015
2247151,24,14,23,1281269
2247535,22,13,21,1708651
2247791,22,12,21,569615
2247871,23,13,22,854453
2247935,23,13,22,854477
2247999,22,13,21,1709003
2248095,24,12,23,142423
2248191,22,13,21,1709149
2248559,22,13,21,1709429
2249263,24,10,23,15833
2249375,24,14,23,1282537
2249423,23,13,22,855043
2250191,23,13,22,855335
2250367,22,13,21,1710803
2250687,24,14,23,1283285
2250719,22,10,21,63373
2251263,24,13,23,427871
2251311,22,11,21,190169
2252287,24,14,23,1284197
2254063,22,13,21,1713613
2254079,22,13,21,1713625
2254143,23,13,22,856837
2254543,23,11,22,95221
2254591,23,10,22,31741
2254703,24,13,23,428525
2254911,23,13,22,857129
2255471,24,13,23,428671
2255599,22,13,21,1714781
2255727,22,13,21,1714879
2256191,24,14,23,1286423
2256335,22,13,21,1715341
2256367,22,13,21,1715365
2256495,24,14,23,1286597
2256591,22,11,21,190615
2256799,22,13,21,1715693
2257375,22,13,21,1716131
2257391,22,13,21,1716143
2257567,22,13,21,1716277
2257599,22,13,21,1716301
2257615,23,13,22,858157
2258559,22,13,21,1717031
2258639,24,10,23,15899
2259007,24,13,23,429343
2259439,24,13,23,429425
2259503,22,11,21,190861
2259839,24,12,23,143167
2260031,24,14,23,1288613
2260207,24,13,23,429571
2260287,22,13,21,1718345
2260511,22,13,21,1718515
2260975,24,12,23,143239
2261055,22,13,21,1718929
2261487,22,13,21,1719257
2261663,22,13,21,1719391
2261919,23,13,22,859793
2262175,24,12,23,143315
2262431,24,14,23,1289981
2262511,24,13,23,430009
2262943,24,13,23,430091
2263743,24,13,23,430243
2264063,22,13,21,1721215
2264255,24,14,23,1291021
2264271,23,13,22,860687
2264527,22,13,21,1721569
2264815,22,12,21,573929
2265199,22,13,21,1722079
2265503,23,13,22,861155
2265567,24,14,23,1291769
2265791,22,13,21,1722529
2265983,22,12,21,574225
2267135,24,14,23,1292663
2268127,24,14,23,1293229
2268271,24,14,23,1293311
2268703,22,13,21,1724743
2269087,22,13,21,1725035
2269119,22,13,21,1725059
2269215,24,12,23,143761
2269295,22,13,21,1725193
2269663,22,13,21,1725473
2269823,23,12,22,287599
2269855,22,13,21,1725619
2270111,23,13,22,862907
2270207,23,13,22,862943
2270959,23,12,22,287743
2271343,23,13,22,863375
2271359,23,13,22,863381
2271551,24,12,23,143909
2271871,22,12,21,575717
2272255,22,13,21,1727443
2272895,24,14,23,1295947
2273215,22,13,21,1728173
2273983,22,13,21,1728757
2274527,22,13,21,1729171
2274767,24,14,23,1297015
2274847,23,13,22,864707
2275359,22,12,21,576601
2275951,22,12,21,576751
2275967,22,12,21,576755
2276127,22,13,21,1730387
2276415,24,14,23,1297955
2276479,24,14,23,1297991
2276511,24,14,23,1298009
2276847,24,14,23,1298201
2276895,22,13,21,1730971
2277311,22,13,21,1731287
2277503,24,14,23,1298575
2277599,23,13,22,865753
2278079,24,14,23,1298903
2278783,23,13,22,866203
2278847,24,14,23,1299341
2278879,22,12,21,577493
2278911,22,12,21,577501
2278959,24,13,23,433135
2279151,23,12,22,288781
2279295,22,13,21,1732795
2279535,23,13,22,866489
2279551,23,13,22,866495
2280047,22,12,21,577789
2280127,24,13,23,433357
2280447,22,13,21,1733671
2280703,24,14,23,1300399
2280991,22,13,21,1734085
2281007,22,13,21,1734097
2281151,24,14,23,1300655
2281263,22,6,21,793
2281503,23,12,22,289079
2281583,22,13,21,1734535
2281695,24,13,23,433655
2282223,22,13,21,1735021
2282239,24,14,23,1301275
2282271,23,13,22,867529
2282431,22,12,21,578393
2282623,22,13,21,1735325
2282751,24,14,23,1301567
2282959,22,12,21,578527
2283007,24,14,23,1301713
2283455,23,13,22,867979
2283727,22,13,21,1736165
2283967,22,13,21,1736347
2284143,22,12,21,578827
2284159,22,12,21,578831
2284271,23,13,22,868289
2284319,24,14,23,1302461
2284655,24,14,23,1302653
2284735,22,12,21,578977
2285023,23,12,22,289525
2285039,23,11,22,96509
2285087,24,14,23,1302899
2285103,22,13,21,1737211
2285375,23,13,22,868709
2285631,24,9,23,5363
2285695,22,13,21,1737661
2285727,22,13,21,1737685
2285791,23,13,22,868867
2285887,24,14,23,1303355
2286319,22,13,21,1738135
2286591,23,13,22,869171
2286623,23,13,22,869183
2287087,22,10,21,64397
2287679,22,11,21,193241
2287823,22,13,21,1739279
2288415,22,13,21,1739729
2288575,23,12,22,289975
2288671,22,13,21,1739923
2288879,22,12,21,580027
2288959,23,13,22,870071
2289103,24,12,23,145021
2289183,22,13,21,1740313
2289391,24,14,23,1305353
2289711,23,12,22,290119
2289823,24,14,23,1305599
2289967,22,12,21,580303
2290111,23,13,22,870509
2290335,24,12,23,145099
2290415,22,13,21,1741249
2290623,22,12,21,580469
2290879,23,12,22,290267
2291071,24,13,23,435437
2291135,24,13,23,435449
2291199,22,12,21,580615
2291391,22,13,21,1741991
2291647,23,13,22,871093
2291775,22,10,21,64529
2291935,22,13,21,1742405
2291967,22,13,21,1742429
2292095,24,14,23,1306895
2292159,24,14,23,1306931
2292463,23,13,22,871403
2292847,23,13,22,871549
2292895,24,14,23,1307351
2292975,22,12,21,581065
2292991,22,12,21,581069
2293039,24,13,23,435811
2293183,22,13,21,1743353
2293215,23,12,22,290563
2293295,22,13,21,1743439
2293919,22,13,21,1743913
2294431,23,12,22,290717
2294511,22,13,21,1744363
2295007,24,8,23,1795
2295039,24,12,23,145397
2295199,23,13,22,872443
2295247,22,12,21,581641
2295327,22,8,21,7181
2295647,23,5,22,133
2296015,22,13,21,1745507
2296287,22,13,21,1745713
2296319,22,13,21,1745737
2296943,24,13,23,436553
2297071,22,12,21,582103
2297087,22,12,21,582107
2297151,23,13,22,873185
2297535,23,13,22,873331
2297903,23,12,22,291157
2298111,24,13,23,436775
2298159,22,12,21,582379
2298303,23,13,22,873623
2298335,23,13,22,873635
2298351,23,13,22,873641
2298367,23,13,22,873647
2298479,24,12,23,145615
2298607,22,13,21,1747477
2299759,22,13,21,1748353
2300015,22,9,21,21587
2300127,22,13,21,1748633
2300383,22,13,21,1748827
2300415,22,13,21,1748851
2300655,23,13,22,874517
2301087,23,13,22,874681
2301343,22,13,21,1749557
2301471,23,10,22,32401
2301567,22,13,21,1749727
2301759,24,14,23,1312405
2302015,24,11,23,48613
2302271,24,14,23,1312697
2303295,22,13,21,1751041
2303855,22,13,21,1751467
2303871,24,14,23,1313609
2304111,22,11,21,194629
2304479,22,13,21,1751941
2304639,24,14,23,1314047
2304671,22,12,21,584029
2304751,24,13,23,438037
2304895,22,13,21,1752257
2305183,24,13,23,438119
2305343,23,13,22,876299
2305695,24,14,23,1314649
2306527,23,13,22,876749
2306591,22,13,21,1753547
2306943,23,13,22,876907
2307071,22,11,21,194879
2307231,22,13,21,1754033
2307295,23,10,22,32483
2307615,22,10,21,64975
2307631,24,14,23,1315753
2308207,22,11,21,194975
2308479,23,11,22,97499
2308575,22,13,21,1755055
2308799,22,11,21,195025
2310463,23,13,22,878245
2311135,24,14,23,1317751
2311327,22,13,21,1757147
2311647,24,14,23,1318043
2311727,22,12,21,585817
2312047,22,13,21,1757695
2312671,22,13,21,1758169
2312863,22,12,21,586105
2313247,24,14,23,1318955
2313423,22,12,21,586247
2314559,24,13,23,439901
2314719,23,13,22,879863
2315135,23,13,22,880021
2316399,22,11,21,195667
2316607,22,13,21,1761161
2316735,23,12,22,293543
2316783,22,13,21,1761295
2317007,24,14,23,1321099
2317039,24,14,23,1321117
2317087,23,13,22,880763
2317183,22,13,21,1761599
2317439,24,14,23,1321345
2317551,24,14,23,1321409
2317631,24,13,23,440485
2317871,23,12,22,293687
2317951,24,14,23,1321637
2318239,23,13,22,881201
2318495,24,11,23,48961
2318751,22,12,21,587597
2318783,22,12,21,587605
2318831,24,13,23,440713
2318975,22,13,21,1762961
2319327,22,12,21,587743
2319519,22,13,21,1763375
2319743,24,14,23,1322659
2320255,24,14,23,1322951
2320703,22,13,21,1764275
2320847,22,13,21,1764385
2321023,23,13,22,882259
2321391,23,12,22,294133
2321967,24,12,23,147103
2322367,24,13,23,441385
2322879,22,12,21,588643
2323071,22,13,21,1766075
2323423,22,12,21,588781
2323759,24,14,23,1324949
2323775,23,8,22,3635
2324015,22,12,21,588931
2324479,24,14,23,1325359
2324991,24,14,23,1325651
2325231,22,10,21,65471
2325247,24,14,23,1325797
2325279,23,13,22,883877
2325615,24,14,23,1326007
2325695,23,13,22,884035
2326015,22,13,21,1768313
2326431,23,13,22,884315
2326559,22,13,21,1768727
2326975,22,12,21,589681
2327007,24,13,23,442267
2327279,23,11,22,98293
2327535,22,12,21,589823
2327935,22,13,21,1769773
2328447,23,12,22,295027
2328895,22,13,21,1770503
2329215,23,13,22,885373
2329407,24,13,23,442723
2329631,24,14,23,1328297
2329727,22,13,21,1771135
2329919,22,10,21,65603
2330111,22,13,21,1771427
2330655,22,13,21,1771841
2330831,22,13,21,1771975
2331119,24,14,23,1329145
2331423,22,13,21,1772425
2331583,23,13,22,886273
2331615,22,12,21,590857
2331775,24,13,23,443173
2332543,24,12,23,147773
2332735,24,14,23,1330067
2333391,22,12,21,591307
2333471,23,13,22,886991
2333759,24,14,23,1330651
2333887,23,13,22,887149
2334207,22,13,21,1774541
2334335,23,11,22,98591
2334367,24,14,23,1330997
2334767,22,13,21,1774967
2335487,23,12,22,295919
2335551,22,13,21,1775563
2335727,22,12,21,591899
2335775,22,12,21,591911
2335871,23,13,22,887903
2336127,22,13,21,1776001
2336159,22,13,21,1776025
2336255,23,13,22,888049
2336303,24,14,23,1332101
2336623,23,12,22,296063
2337023,23,13,22,888341
2337471,24,14,23,1332767
2337487,22,12,21,592345
2337823,23,12,22,296215
2337839,23,7,22,1219
2338303,24,14,23,1333241
2338559,24,14,23,1333387
2338847,22,13,21,1778069
2339007,24,14,23,1333643
2339023,22,13,21,1778203
2339295,22,10,21,65867
2339775,23,13,22,889387
2340031,22,13,21,1778969
2340143,24,14,23,1334291
2340255,22,13,21,1779139
2340287,22,13,21,1779163
2340351,24,13,23,444803
2340479,22,11,21,197701
2340719,24,12,23,148291
2340911,24,14,23,1334729
2341119,24,13,23,444949
2341343,23,11,22,98887
2341631,22,12,21,593395
2341919,24,12,23,148367
2341951,22,13,21,1780429
2341999,22,13,21,1780465
2342143,23,13,22,890287
2342191,22,12,21,593537
2342591,22,13,21,1780915
2342959,22,13,21,1781195
2343423,22,12,21,593849
2344191,22,13,21,1782131
2344399,23,13,22,891145
2345199,24,14,23,1337173
2345679,22,12,21,594421
2345759,24,13,23,445831
2346111,24,14,23,1337693
2346287,22,12,21,594575
2346399,23,13,22,891905
2346687,22,13,21,1784029
2346703,22,13,21,1784041
2346783,24,14,23,1338077
2346863,22,12,21,594721
2346911,22,12,21,594733
2347215,22,13,21,1784431
2347247,24,14,23,1338341
2347263,22,13,21,1784467
2347519,22,12,21,594887
2348223,22,13,21,1785197
2348287,22,13,21,1785245
2349103,23,13,22,892933
2349551,23,12,22,297701
2349615,22,13,21,1786255
2350191,22,13,21,1786693
2350239,24,14,23,1340047
2350319,23,13,22,893395
2350495,24,13,23,446731
2350783,24,14,23,1340357
2351007,22,12,21,595771
2351215,22,13,21,1787471
2351903,23,8,22,3679
2352383,22,13,21,1788359
2352543,22,13,21,1788481
2352591,23,13,22,894259
2353263,24,13,23,447257
2354175,22,13,21,1789721
2354335,22,13,21,1789843
2354431,24,13,23,447479
2354479,22,12,21,596651
2354879,22,13,21,1790257
2355055,22,12,21,596797
2355103,22,12,21,596809
2355135,22,10,21,66313
2355455,22,13,21,1790695
2355743,23,13,22,895457
2356223,23,13,22,895639
2356271,22,9,21,22115
2356335,24,13,23,447841
2358047,22,10,21,66395
2358143,23,13,22,896369
2358431,22,13,21,1792957
2359231,22,11,21,199285
2359279,23,13,22,896801
2359615,24,14,23,1345393
2359935,24,13,23,448525
2360191,22,13,21,1794295
2360991,22,12,21,598301
2361247,23,12,22,299183
2361471,24,13,23,448817
2361599,22,9,21,22165
2361839,24,12,23,149629
2362495,24,14,23,1347035
2362527,24,14,23,1347053
2362575,24,13,23,449027
2363167,23,13,22,898279
2363711,22,13,21,1796971
2363807,24,13,23,449261
2363935,23,13,22,898571
2364463,22,11,21,199727
2364575,24,13,23,449407
2364975,24,13,23,449483
2365375,24,11,23,49951
2365599,23,13,22,899203
2365679,22,12,21,599489
2365695,22,11,21,199831
2366335,23,13,22,899483
2367471,23,13,22,899915
2367519,23,13,22,899933
2367615,22,13,21,1799939
2367647,22,13,21,1799963
2367807,22,13,21,1800085
2367903,23,13,22,900079
2368991,24,14,23,1350739
2369439,23,12,22,300221
2369743,22,11,21,200173
2369791,22,11,21,200177
2369983,22,13,21,1801739
2370367,22,12,21,600677
2370975,22,9,21,22253
2371071,23,13,22,901283
2371791,23,10,22,33391
2371903,24,14,23,1352399
2372223,23,13,22,901721
2372335,22,13,21,1803527
2372655,22,11,21,200419
2373023,23,11,22,100225
2373663,22,13,21,1804537
2373759,23,13,22,902305
2373951,24,13,23,451189
2374255,22,13,21,1804987
2374975,24,14,23,1354151
2375071,22,11,21,200623
2375359,23,12,22,300971
2375375,24,14,23,1354379
2375407,22,13,21,1805863
2375663,23,13,22,903029
2376095,23,13,22,903193
2376511,24,14,23,1355027
2376575,24,14,23,1355063
2377199,24,14,23,1355419
2377215,22,13,21,1807237
2377599,22,13,21,1807529
2377983,22,11,21,200869
2378175,22,13,21,1807967
2378351,22,13,21,1808101
2378367,22,13,21,1808113
2378479,24,14,23,1356149
2378559,22,12,21,602753
2378943,22,13,21,1808551
2379167,22,11,21,200969
2379263,23,13,22,904397
2379311,24,14,23,1356623
2379455,24,12,23,150745
2379999,23,12,22,301559
2380415,23,13,22,904835
2380543,22,13,21,1809767
2381263,22,13,21,1810315
2381567,24,14,23,1357909
2381855,22,13,21,1810765
2382383,24,14,23,1358375
2382447,22,13,21,1811215
2382591,24,13,23,452831
2382815,22,13,21,1811495
2383151,24,14,23,1358813
2383487,22,13,21,1812005
2383551,23,12,22,302009
2383903,23,13,22,906161
2384351,24,14,23,1359497
2384431,22,12,21,604241
2384703,23,12,22,302155
2384927,24,13,23,453275
2385023,22,12,21,604391
2385135,23,13,22,906629
2385791,22,13,21,1813757
2385983,22,13,21,1813903
2386399,22,13,21,1814219
2386543,22,13,21,1814329
2386687,23,13,22,907219
2386975,22,13,21,1814657
2387359,22,11,21,201661
2387407,23,13,22,907493
2387455,23,13,22,907511
2388191,23,12,22,302597
2388271,22,13,21,1815643
2388511,22,12,21,605275
2388591,23,13,22,907943
2388639,23,13,22,907961
2388719,24,14,23,1361987
2389023,23,13,22,908107
2389471,22,13,21,1816555
2389695,22,12,21,605575
2390047,22,13,21,1816993
2390079,24,14,23,1362763
2390255,24,14,23,1362863
2390527,22,13,21,1817357
2390735,24,13,23,454379
2390911,22,11,21,201961
2391199,24,12,23,151489
2391279,22,13,21,1817929
2391343,23,13,22,908989
2391759,23,12,22,303049
2391935,24,13,23,454607
2392047,24,14,23,1363885
2392111,23,13,22,909281
2392127,23,13,22,909287
2392575,23,13,22,909457
2392623,22,12,21,606317
2392735,24,13,23,454759
2392831,22,13,21,1819109
2392959,23,10,22,33689
2393023,24,14,23,1364441
2393247,24,14,23,1364569
2393327,23,13,22,909743
2393599,22,13,21,1819693
2393647,24,14,23,1364797
2393759,24,14,23,1364861
2393807,22,12,21,606617
2394415,22,7,21,2497
2394623,22,13,21,1820471
2394735,22,13,21,1820557
2394815,24,14,23,1365463
2395167,22,13,21,1820885
2395327,24,14,23,1365755
2395375,22,13,21,1821043
2395599,23,13,22,910607
2395903,24,12,23,151787
2396671,24,13,23,455507
2396831,23,13,22,911075
2396879,22,13,21,1822187
2397647,22,13,21,1822771
2397887,22,12,21,607651
2398063,24,14,23,1367315
2398175,24,12,23,151931
2398255,22,13,21,1823233
2398719,22,13,21,1823585
2398767,23,12,22,303937
2399167,23,13,22,911963
2399535,23,13,22,912103
2400239,22,10,21,67583
2400287,24,14,23,1368583
2400367,23,13,22,912419
2400575,24,12,23,152083
2400751,23,13,22,912565
2401519,23,13,22,912857
2401999,22,12,21,608693
2402047,22,12,21,608705
2402415,22,13,21,1826395
2402431,22,13,21,1826407
2402623,24,14,23,1369915
2402975,22,13,21,1826821
2403103,24,14,23,1370189
2403455,24,14,23,1370389
2403583,22,13,21,1827283
2403791,23,13,22,913721
2404543,22,13,21,1828013
2404847,24,13,23,457061
2405375,22,13,21,1828645
2405503,24,14,23,1371557
2405679,22,13,21,1828877
2405839,24,14,23,1371749
2406447,22,13,21,1829461
2406511,22,13,21,1829509
2406607,24,14,23,1372187
2406895,22,13,21,1829801
2407663,22,13,21,1830385
2408095,22,13,21,1830713
2409119,24,13,23,457873
2409375,24,14,23,1373765
2410031,22,13,21,1832185
2410623,22,13,21,1832635
2410991,22,13,21,1832915
2411711,23,10,22,33953
2411775,24,14,23,1375133
2412031,22,10,21,67915
2412079,23,13,22,916871
2412319,22,13,21,1833925
2412575,22,11,21,203791
2412783,22,13,21,1834277
2412847,23,9,22,11323
2412959,22,13,21,1834411
2413167,22,9,21,22649
2414079,24,14,23,1376447
2414623,24,10,23,16997
2414847,23,13,22,917923
2415215,23,11,22,102007
2416447,22,13,21,1837063
2416767,23,13,22,918653
2416799,23,13,22,918665
2417087,22,13,21,1837549
2417631,22,13,21,1837963
2417903,24,14,23,1378627
2418047,22,13,21,1838279
2418303,24,14,23,1378855
2418415,22,12,21,612853
2418751,24,14,23,1379111
2418815,22,13,21,1838863
2419151,22,13,21,1839119
2419183,22,13,21,1839143
2419519,23,13,22,919699
2419839,22,13,21,1839641
2420175,24,14,23,1379923
2420271,23,13,22,919985
2420383,22,13,21,1840055
2420511,22,13,21,1840153
2421039,23,11,22,102253
2421151,22,13,21,1840639
2421183,22,13,21,1840663
2421359,22,11,21,204533
2421407,24,14,23,1380625
2421487,23,13,22,920447
2421727,22,13,21,1841077
2421887,24,14,23,1380899
2421951,22,11,21,204583
2422175,22,13,21,1841417
2422271,23,11,22,102305
2422911,22,13,21,1841977
2423423,23,12,22,307061
2423487,24,14,23,1381811
2423871,22,13,21,1842707
2423935,22,13,21,1842755
2424191,23,13,22,921475
2424223,23,13,22,921487
2424367,24,13,23,460771
2424879,22,12,21,614491
2425071,22,13,21,1843619
2425279,22,13,21,1843777
2425823,22,13,21,1844191
2425855,24,14,23,1383161
2425887,22,13,21,1844239
2426111,24,14,23,1383307
2426335,24,12,23,153715
2426623,24,14,23,1383599
2426943,23,12,22,307507
2426991,24,14,23,1383809
2427295,23,13,22,922655
2427343,22,13,21,1845347
2427711,23,13,22,922813
2428031,22,13,21,1845869
2428143,23,11,22,102553
2428367,22,10,21,68375
2428543,23,13,22,923129
2428927,23,13,22,923275
2429231,23,11,22,102599
2429375,22,13,21,1846891
2429551,22,11,21,205225
2429599,22,11,21,205229
2429983,24,14,23,1385515
2430079,23,13,22,923713
2430335,22,13,21,1847621
2430591,22,13,21,1847815
2430831,23,13,22,923999
2430975,22,13,21,1848107
2431103,22,13,21,1848205
2431695,22,13,21,1848655
2431967,23,13,22,924431
2431983,23,13,22,924437
2432111,22,13,21,1848971
2432447,23,13,22,924613
2432479,22,12,21,616417
2432639,24,13,23,462343
2432831,24,14,23,1387139
2433247,22,13,21,1849835
2433583,23,13,22,925045
2433663,24,14,23,1387613
2433695,22,10,21,68525
2433855,22,13,21,1850297
2434175,24,13,23,462635
2434799,24,14,23,1388261
2434943,24,13,23,462781
2435135,23,12,22,308545
2435231,24,14,23,1388507
2435551,23,13,22,925793
2435583,23,13,22,925805
2435743,24,11,23,51437
2435791,22,13,21,1851769
2435839,22,13,21,1851805
2436031,22,12,21,617317
2436351,23,12,22,308699
2436543,24,13,23,463085
2437167,22,12,21,617605
2437247,22,8,21,7625
2437567,22,13,21,1853119
2437679,24,13,23,463301
2438175,22,13,21,1853581
2438255,23,13,22,926821
2438703,24,14,23,1390487
2439023,23,13,22,927113
2439391,23,13,22,927253
2439647,24,13,23,463675
2439871,24,14,23,1391153
2439887,22,13,21,1854883
2440159,23,13,22,927545
2440303,24,14,23,1391399
2440447,24,12,23,154609
2440639,23,13,22,927727
2440911,22,13,21,1855661
2441087,22,13,21,1855795
2441279,22,12,21,618647
2441711,22,13,21,1856269
2441775,23,13,22,928159
2441983,24,13,23,464119
2442047,22,13,21,1856525
2442207,24,14,23,1392485
2442495,22,12,21,618955
2442959,23,13,22,928609
2443119,24,13,23,464335
2443391,23,10,22,34399
2444143,24,14,23,1393589
2444319,24,13,23,464563
2444399,22,13,21,1858313
2445007,22,13,21,1858775
2445055,22,13,21,1858811
2445087,24,12,23,154903
2445167,22,13,21,1858897
2445215,22,13,21,1858933
2446015,22,12,21,619847
2446031,23,13,22,929777
2446367,22,13,21,1859809
2446495,23,13,22,929953
2446591,22,12,21,619993
2447055,24,13,23,465083
2447567,24,14,23,1395541
2447855,24,13,23,465235
2447919,22,13,21,1860989
2448079,24,14,23,1395833
2448367,24,14,23,1395997
2448687,22,13,21,1861573
2448927,22,12,21,620585
2449215,23,10,22,34481
2449279,22,13,21,1862023
2449311,22,13,21,1862047
2449343,22,13,21,1862071
2449535,22,10,21,68971
2449903,22,13,21,1862497
2450399,23,11,22,103493
2451103,24,14,23,1397557
2451151,23,13,22,931723
2452415,24,14,23,1398305
2453039,22,11,21,207209
2453199,22,13,21,1865003
2453231,22,13,21,1865027
2453407,22,13,21,1865161
2453439,24,14,23,1398889
2453551,24,14,23,1398953
2454015,22,13,21,1865623
2454223,23,13,22,932891
2454495,24,11,23,51833
2454751,22,12,21,622061
2454783,22,12,21,622069
2454831,24,13,23,466561
2455071,23,12,22,311071
2455087,23,11,22,103691
2455663,24,12,23,155573
2455871,23,13,22,933517
2456111,22,13,21,1867217
2456319,24,14,23,1400531
2457135,22,10,21,69185
2457327,22,13,21,1868141
2457503,22,13,21,1868275
2458095,22,13,21,1868725
2458239,23,13,22,934417
2459007,23,13,22,934709
2459711,24,14,23,1402465
2460095,22,11,21,207805
2460367,24,9,23,5773
2460479,24,14,23,1402903
2460527,24,14,23,1402931
2461311,24,14,23,1403377
2461423,22,13,21,1871255
2461855,22,12,21,623861
2462143,23,10,22,34663
2462191,24,14,23,1403879
2462335,24,13,23,467987
2462767,22,13,21,1872277
2462847,24,14,23,1404253
2462943,22,12,21,624137
2462959,24,14,23,1404317
2463263,23,12,22,312109
2463391,22,13,21,1872751
2463615,24,14,23,1404691
2463999,22,13,21,1873213
2464239,24,13,23,468349
2464463,23,11,22,104087
2465263,24,14,23,1405631
2465439,24,13,23,468577
2465695,22,13,21,1874503
2466431,23,13,22,937531
2466495,24,14,23,1406333
2466543,22,12,21,625049
2466559,22,11,21,208351
2467199,23,13,22,937823
2467295,22,13,21,1875719
2467567,23,13,22,937963
2467711,22,12,21,625345
2468079,22,13,21,1876315
2468095,22,13,21,1876327
2468319,24,14,23,1407373
2468479,22,13,21,1876619
2468607,24,10,23,17377
2468847,22,12,21,625633
2469487,23,13,22,938693
2469535,23,13,22,938711
2469743,24,9,23,5795
2469887,22,13,21,1877689
2469999,24,14,23,1408331
2471391,22,13,21,1878833
2471791,22,11,21,208793
2472575,22,13,21,1879733
2472687,23,12,22,313303
2472703,23,11,22,104435
2472991,24,14,23,1410037
2473023,23,13,22,940037
2473071,23,13,22,940055
2473343,22,13,21,1880317
2473375,22,13,21,1880341
2473503,24,14,23,1410329
2473855,23,12,22,313451
2474207,23,13,22,940487
2474223,23,13,22,940493
2474735,22,12,21,627125
2474943,22,13,21,1881533
2474991,23,12,22,313595
2475247,24,13,23,470441
2475391,23,13,22,940937
2475487,22,13,21,1881947
2475503,22,13,21,1881959
2475647,24,12,23,156839
2475759,23,13,22,941077
2475887,22,10,21,69713
2476095,22,13,21,1882409
2476271,24,14,23,1411907
2476671,24,14,23,1412135
2476751,24,11,23,52303
2476991,23,13,22,941545
2477087,22,12,21,627721
2477183,24,13,23,470809
2477295,22,13,21,1883321
2477375,23,12,22,313897
2477471,22,13,21,1883455
2477727,23,13,22,941825
2477759,23,13,22,941837
2479231,22,13,21,1884793
2479487,24,13,23,471247
2479743,23,12,22,314197
2479999,22,12,21,628459
2480191,22,13,21,1885523
2480607,22,12,21,628613
2480767,22,13,21,1885961
2481087,24,13,23,471551
2481263,23,13,22,943169
2481279,23,13,22,943175
2481455,24,12,23,157207
2481631,23,13,22,943309
2481647,23,13,22,943315
2481855,24,13,23,471697
2482223,24,13,23,471767
2482399,23,13,22,943601
2482415,23,13,22,943607
2482687,24,12,23,157285
2482879,24,14,23,1415675
2483519,22,12,21,629351
2484127,22,9,21,23315
2484287,22,13,21,1888637
2485119,22,13,21,1889269
2485183,23,13,22,944659
2485871,24,14,23,1417381
2485951,23,13,22,944951
2486127,24,11,23,52501
2486319,23,13,22,945091
2486383,24,14,23,1417673
2486751,23,12,22,315085
2486783,23,12,22,315089
2486815,22,13,21,1890559
2487167,23,13,22,945413
2487231,22,13,21,1890875
2487407,22,13,21,1891009
2487423,22,13,21,1891021
2487455,22,13,21,1891045
2487519,24,14,23,1418321
2487599,22,12,21,630385
2487999,22,13,21,1891459
2488543,22,13,21,1891873
2488799,22,12,21,630689
2489151,24,14,23,1419251
2489215,22,13,21,1892383
2489375,22,12,21,630835
2489455,23,13,22,946283
2489503,23,13,22,946301
2489791,22,13,21,1892821
2489823,23,13,22,946423
2490271,23,10,22,35059
2490431,24,13,23,473327
2491711,22,12,21,631427
2491775,24,14,23,1420747
2492287,24,14,23,1421039
2492319,22,11,21,210527
2492623,24,14,23,1421231
2492911,22,11,21,210577
2493119,22,13,21,1895351
2493503,22,8,21,7801
2493599,24,13,23,473929
2493695,22,13,21,1895789
2493743,23,12,22,315971
2493823,23,8,22,3901
2493887,22,13,21,1895935
2494143,23,13,22,948065
2494511,23,13,22,948205
2494575,23,13,22,948229
2494623,24,14,23,1422371
2495007,22,13,21,1896787
2495487,22,13,21,1897151
2495647,22,13,21,1897273
2496159,23,12,22,316277
2496559,24,14,23,1423475
2496735,22,13,21,1898101
2496831,22,13,21,1898173
2496895,24,14,23,1423667
2497695,23,13,22,949415
2497791,24,14,23,1424177
2498047,24,14,23,1424323
2498095,24,14,23,1424351
2498207,22,12,21,633073
2498495,23,12,22,316573
2498671,24,13,23,474893
2498879,23,13,22,949865
2499551,22,13,21,1900241
2499583,22,13,21,1900265
2499839,24,13,23,475115
2499967,22,10,21,70391
2500511,22,11,21,211219
2500719,22,13,21,1901129
2500847,23,12,22,316871
2500863,24,14,23,1425929
2501663,24,14,23,1426385
2501743,24,13,23,475477
2502303,22,12,21,634111
2502351,23,13,22,951185
2502847,22,12,21,634249
2502879,22,9,21,23491
2502895,22,12,21,634261
2502975,24,13,23,475711
2503071,22,13,21,1902917
2503199,22,13,21,1903015
2503295,22,13,21,1903087
2503679,22,13,21,1903379
2503839,22,13,21,1903501
2504447,22,13,21,1903963
2504815,22,13,21,1904243
2505023,22,13,21,1904401
2505087,23,13,22,952225
2505407,22,13,21,1904693
2505503,23,12,22,317461
2505599,24,14,23,1428629
2505791,22,10,21,70555
2505919,23,13,22,952541
2506111,24,10,23,17641
2506399,22,12,21,635149
2506479,24,13,23,476377
2506975,22,11,21,211765
2506991,22,12,21,635299
2507071,23,13,22,952979
2507887,23,8,22,3923
2507935,22,13,21,1906615
2508447,24,12,23,158917
2509215,24,13,23,476897
2509439,23,13,22,953879
2509807,23,13,22,954019
2510031,22,13,21,1908209
2510239,24,14,23,1431275
2510527,24,14,23,1431439
2510783,24,12,23,159065
2511007,23,13,22,954475
2511039,22,12,21,636325
2511071,22,11,21,212111
2511087,22,12,21,636337
2511487,22,13,21,1909315
2511647,22,12,21,636479
2511871,24,14,23,1432205
2511919,24,12,23,159137
2512575,23,9,22,11791
2512639,24,14,23,1432643
2513007,22,13,21,1910471
2513215,22,13,21,1910629
2513519,24,13,23,477715
2513615,22,13,21,1910933
2514031,22,10,21,70787
2514047,22,12,21,637087
2514623,22,11,21,212411
2515359,22,13,21,1912259
2515695,23,13,22,956257
2515711,23,13,22,956263
2516127,22,13,21,1912843
2516847,24,14,23,1435043
2517247,23,12,22,318949
2517311,22,13,21,1913743
2517823,24,12,23,159511
2517871,24,14,23,1435627
2517999,23,13,22,957133
2518719,22,10,21,70919
2519263,22,11,21,212803
2519663,22,13,21,1915531
2519679,22,13,21,1915543
2519839,22,12,21,638555
2519935,24,14,23,1436803
2520767,23,11,22,106465
2521583,24,14,23,1437743
2521919,23,12,22,319541
2521983,24,14,23,1437971
2522239,22,12,21,639163
2522271,24,14,23,1438135
2522751,23,13,22,958939
2523119,24,14,23,1438619
2523183,22,13,21,1918207
2523807,24,14,23,1439011
2523887,23,13,22,959371
2524143,22,13,21,1918937
2524191,22,13,21,1918973
2524319,24,14,23,1439303
2524399,22,13,21,1919131
2524799,22,13,21,1919435
2525055,23,13,22,959815
2525503,22,13,21,1919971
2525823,23,13,22,960107
2526063,22,13,21,1920397
2526623,23,12,22,320137
2526655,23,12,22,320141
2526703,22,13,21,1920883
2526975,24,14,23,1440817
2527775,23,10,22,35587
2527903,22,13,21,1921795
2528191,23,13,22,961007
2528287,22,13,21,1922087
2528895,22,13,21,1922549
2528959,23,11,22,106811
2529247,24,14,23,1442113
2529327,23,13,22,961439
2529759,23,13,22,961603
2530111,23,12,22,320579
2530239,22,13,21,1923571
2530463,22,11,21,213749
2530799,22,13,21,1923997
2530943,23,13,22,962053
2531023,22,12,21,641389
2531359,24,14,23,1443317
2531647,24,14,23,1443481
2532335,22,13,21,1925165
2532383,22,13,21,1925201
2533695,24,14,23,1444649
2534047,23,13,22,963233
2534271,24,12,23,160553
2534431,23,13,22,963379
2534847,23,12,22,321179
2534895,24,14,23,1445333
2535119,22,12,21,642427
2535167,22,12,21,642439
2535983,23,12,22,321323
2536319,22,12,21,642731
2536383,23,13,22,964121
2537087,22,13,21,1928777
2537215,23,12,22,321479
2537343,24,13,23,482243
2537519,23,13,22,964553
2537919,24,14,23,1447057
2537951,23,13,22,964717
2538687,24,14,23,1447495
2538751,23,13,22,965021
2538799,22,13,21,1930079
2538991,22,13,21,1930225
2539215,22,12,21,643465
2539247,22,10,21,71497
2539567,22,13,21,1930663
2539839,22,11,21,214541
2540415,22,12,21,643769
2540447,24,13,23,482833
2540799,22,13,21,1931599
2542591,24,14,23,1449721
2542895,22,13,21,1933193
2543343,22,11,21,214837
2543359,22,12,21,644515
2543391,23,13,22,966785
2543727,24,14,23,1450369
2543871,24,14,23,1450451
2544127,22,13,21,1934129
2544175,23,12,22,322361
2544255,23,10,22,35819
2544895,22,13,21,1934713
2545359,23,12,22,322511
2545631,22,12,21,645091
2545711,23,13,22,967667
2546719,24,13,23,484025
2547407,24,14,23,1452467
2547647,22,13,21,1936805
2547823,22,13,21,1936939
2548415,22,13,21,1937389
2548607,22,12,21,645845
2548991,22,13,21,1937827
2549407,22,13,21,1938143
2549487,24,11,23,53839
2550207,22,13,21,1938751
2550463,23,13,22,969473
2551087,22,13,21,1939421
2551247,24,14,23,1454657
2551343,22,13,21,1939615
2551583,23,13,22,969899
2551919,22,13,21,1940053
2551967,22,13,21,1940089
2552223,24,13,23,485071
2552479,24,14,23,1455359
2552511,24,14,23,1455377
2552799,23,13,22,970361
2552831,23,13,22,970373
2553215,24,14,23,1455779
2553311,22,10,21,71893
2553551,23,12,22,323549
2554063,22,13,21,1941683
2554095,22,13,21,1941707
2554239,22,13,21,1941817
2554479,22,12,21,647333
2554495,22,11,21,215779
2554559,24,13,23,485515
2555071,22,12,21,647483
2555439,24,14,23,1457047
2555839,22,13,21,1943033
2556015,24,14,23,1457375
2556127,24,13,23,485813
2556351,23,13,22,971711
2556927,24,13,23,485965
2557183,24,14,23,1458041
2557407,22,11,21,216025
2557599,22,13,21,1944371
2558063,24,13,23,486181
2558367,22,13,21,1944955
2559087,24,14,23,1459127
2559167,22,12,21,648521
2559471,23,12,22,324299
2559487,23,12,22,324301
2559519,22,13,21,1945831
2559775,23,13,22,973013
2560207,23,13,22,973177
2560255,24,14,23,1459793
2560623,24,14,23,1460003
2560767,22,13,21,1946779
2560959,22,11,21,216325
2561071,22,13,21,1947011
2561439,23,13,22,973645
2562207,23,13,22,973937
2562287,22,13,21,1947935
2562303,22,13,21,1947947
2562431,22,13,21,1948045
2562671,22,12,21,649409
2562767,24,13,23,487075
2563007,23,10,22,36083
2563055,22,13,21,1948519
2563567,24,12,23,162409
2563711,24,14,23,1461763
2564255,22,13,21,1949431
2564511,23,13,22,974813
2564863,22,13,21,1949893
2565535,24,13,23,487601
2566015,22,13,21,1950769
2566303,24,13,23,487747
2566351,22,13,21,1951025
2566399,22,13,21,1951061
2566607,24,13,23,487805
2566863,23,13,22,975707
2567103,24,11,23,54211
2567327,24,14,23,1463825
2567359,22,12,21,650597
2567375,24,13,23,487951
2567663,23,12,22,325337
2567807,22,13,21,1952131
2568239,24,11,23,54235
2568495,22,12,21,650885
2568815,23,12,22,325483
2568863,23,12,22,325489
2569247,23,13,22,976613
2569263,22,13,21,1953239
2569343,22,13,21,1953299
2569471,24,9,23,6029
2569631,23,13,22,976759
2570095,22,13,21,1953871
2570287,22,10,21,72371
2570719,24,14,23,1465759
2571519,22,11,21,217217
2571679,22,13,21,1955075
2572447,22,13,21,1955659
2572703,23,13,22,977927
2573567,23,11,22,108695
2573807,22,12,21,652231
2574191,24,14,23,1467739
2574399,22,12,21,652381
2574591,22,13,21,1957289
2575167,22,13,21,1957727
2575391,22,13,21,1957897
2575519,23,13,22,978997
2575775,22,13,21,1958189
2576159,24,14,23,1468861
2576239,23,13,22,979271
2576703,24,14,23,1469171
2577055,23,12,22,326527
2577135,24,14,23,1469417
2577439,23,13,22,979727
2577535,24,14,23,1469645
2577855,23,13,22,979885
2578495,22,12,21,653419
2578847,24,8,23,2017
2578927,24,14,23,1470439
2578943,22,13,21,1960597
2579439,24,14,23,1470731
2579759,23,13,22,980609
2580095,22,13,21,1961473
2580127,24,14,23,1471123
2580351,24,13,23,490417
2581183,24,12,23,163525
2581311,23,13,22,981199
2581631,22,13,21,1962641
2581999,22,12,21,654307
2582399,22,13,21,1963225
2583199,22,12,21,654611
2583231,22,12,21,654619
2583279,23,13,22,981947
2583423,22,13,21,1964003
2583967,22,13,21,1964417
2584111,24,14,23,1473395
2584351,22,10,21,72767
2584479,23,13,22,982403
2584687,24,12,23,163747
2584895,23,13,22,982561
2584991,22,10,21,72785
2585087,24,13,23,491317
2585631,23,13,22,982841
2585855,24,11,23,54607
2585903,22,13,21,1965889
2586687,22,12,21,655495
2586735,24,14,23,1474891
2587135,22,13,21,1966825
2587327,22,12,21,655657
2587519,22,13,21,1967117
2587967,23,13,22,983729
2588655,22,13,21,1967981
2589183,23,13,22,984191
2589231,22,13,21,1968419
2589695,22,12,21,656257
2590255,22,12,21,656399
2590463,22,13,21,1969355
2590623,22,13,21,1969477
2590783,24,14,23,1477199
2590847,22,12,21,656549
2591135,23,10,22,36479
2591423,22,12,21,656695
2591775,22,13,21,1970353
2592303,23,12,22,328459
2592383,24,14,23,1478111
2592463,24,13,23,492719
2593471,23,12,22,328607
2593487,24,14,23,1478741
2593663,24,13,23,492947
2594095,22,13,21,1972117
2594255,24,14,23,1479179
2594351,22,12,21,657437
2594463,24,13,23,493099
2594687,24,14,23,1479425
2595263,24,12,23,164417
2595327,22,13,21,1973053
2595375,23,13,22,986545
2595823,23,10,22,36545
2596143,23,13,22,986837
2596511,22,13,21,1973953
2596671,22,12,21,658025
2596895,22,13,21,1974245
2596991,23,12,22,329053
2597311,22,12,21,658187
2597343,23,13,22,987293
2597887,22,12,21,658333
2598607,22,13,21,1975547
2598655,22,13,21,1975583
2599071,22,12,21,658633
2599359,23,12,22,329353
2600495,23,12,22,329497
2600559,22,13,21,1977031
2600607,22,13,21,1977067
2601151,22,13,21,1977481
2601199,22,13,21,1977517
2601471,24,13,23,494431
2601951,22,12,21,659363
2602015,24,14,23,1483603
2602207,24,12,23,164857
2602287,22,13,21,1978345
2602495,24,14,23,1483877
2602527,22,12,21,659509
2602863,24,14,23,1484087
2602975,24,13,23,494717
2603039,24,13,23,494729
2603631,23,13,22,989683
2604063,24,14,23,1484771
2604351,24,14,23,1484935
2604703,22,13,21,1980181
2604863,22,12,21,660101
2605183,23,12,22,330091
2605279,22,13,21,1980619
2605295,22,13,21,1980631
2605503,22,12,21,660263
2606063,22,11,21,220135
2606719,24,14,23,1486285
2607295,22,7,21,2719
2607599,24,14,23,1486787
2607983,22,13,21,1982675
2608255,22,13,21,1982881
2608799,22,13,21,1983295
2609183,22,13,21,1983587
2609359,24,14,23,1487791
2609375,22,13,21,1983733
2609391,22,13,21,1983745
2609919,23,12,22,330691
2610111,24,13,23,496073
2610207,22,10,21,73495
2610303,23,13,22,992219
2610639,23,13,22,992347
2611055,23,12,22,330835
2611071,23,11,22,110279
2611135,22,13,21,1985071
2611199,22,13,21,1985119
2611407,23,13,22,992639
2611455,23,13,22,992657
2611823,23,13,22,992797
2611967,22,12,21,661901
2612351,22,13,21,1985995
2612415,24,13,23,496511
2612527,24,14,23,1489597
2612927,22,13,21,1986433
2612991,24,14,23,1489861
2613119,22,10,21,73577
2613487,22,13,21,1986859
2613727,24,14,23,1490281
2613759,24,14,23,1490299
2614911,22,12,21,662647
2615759,22,13,21,1988587
2616015,22,12,21,662927
2616063,22,12,21,662939
2616095,23,13,22,994421
2616127,23,13,22,994433
2616447,22,13,21,1989109
2616559,23,13,22,994597
2616575,24,14,23,1491905
2616783,22,13,21,1989365
2616943,24,14,23,1492115
2616991,22,13,21,1989523
2617599,24,14,23,1492489
2617647,23,13,22,995011
2617967,22,13,21,1990265
2618015,22,13,21,1990301
2618495,23,13,22,995333
2618559,22,13,21,1990715
2618783,22,13,21,1990885
2618879,23,13,22,995479
2618911,24,14,23,1493237
2619007,22,12,21,663685
2619247,23,12,22,331873
2619327,22,13,21,1991299
2619647,23,13,22,995771
2620143,22,12,21,663973
2620223,24,13,23,497995
2620447,23,11,22,110675
2620543,22,13,21,1992223
2620655,24,13,23,498077
2620831,23,13,22,996221
2620863,23,13,22,996233
2621679,22,13,21,1993087
2621951,22,11,21,221477
2622111,22,13,21,1993415
2622367,23,13,22,996805
2622719,22,13,21,1993877
2622879,22,13,21,1993999
2622927,24,13,23,498509
2623103,22,12,21,664723
2623615,24,14,23,1495919
2623647,24,14,23,1495937
2623695,24,13,23,498655
2623951,22,13,21,1994815
2623983,24,14,23,1496129
2624255,22,12,21,665015
2624319,23,13,22,997547
2624383,23,13,22,997571
2624639,22,13,21,1995337
2624671,22,13,21,1995361
2624719,24,14,23,1496549
2624751,23,13,22,997711
2624815,22,11,21,221719
2624831,22,12,21,665161
2624959,24,13,23,498895
2625071,24,14,23,1496749
2625391,22,12,21,665303
2625439,22,12,21,665315
2625727,24,9,23,6161
2625791,22,13,21,1996213
2625839,23,13,22,998125
2625951,24,14,23,1497251
2626159,22,13,21,1996493
2626207,22,13,21,1996529
2626687,23,13,22,998447
2626863,24,10,23,18491
2627119,24,14,23,1497917
2628063,24,12,23,166495
2628767,22,13,21,1998475
2629023,23,13,22,999335
2629055,23,13,22,999347
2629855,24,14,23,1499477
2630127,22,12,21,666503
2630191,23,13,22,999779
2630463,22,13,21,1999765
2630975,23,12,22,333359
2631743,23,13,22,1000369
2632479,24,14,23,1500973
2633327,23,10,22,37073
2633423,22,13,21,2002015
2633455,22,13,21,2002039
2633631,22,12,21,667391
2634047,22,13,21,2002489
2634207,22,12,21,667537
2634431,22,13,21,2002781
2636415,24,14,23,1503217
2636495,24,14,23,1503263
2636527,24,14,23,1503281
2636671,24,13,23,501121
2637247,23,13,22,1002461
2637343,22,13,21,2004995
2637471,24,11,23,55697
2637519,22,13,21,2005129
2637551,24,14,23,1503865
2637759,22,12,21,668437
2637887,22,13,21,2005409
2638143,22,13,21,2005603
2638383,23,13,22,1002893
2638655,22,13,21,2005993
2638975,24,13,23,501559
2639407,24,13,23,501641
2639519,22,11,21,222961
2639567,23,13,22,1003343
2639775,24,12,23,167237
2639983,23,13,22,1003501
2640543,24,13,23,501857
2640895,22,13,21,2007695
2641439,22,13,21,2008109
2641455,22,13,21,2008121
2641567,23,10,22,37189
2641599,24,14,23,1506173
2641663,22,13,21,2008279
2641855,24,14,23,1506319
2641919,24,14,23,1506355
2642111,24,11,23,55795
2642623,22,13,21,2009009
2642815,22,13,21,2009155
2642991,24,14,23,1506967
2643503,23,13,22,1004839
2643823,24,14,23,1507441
2643903,23,12,22,334997
2644175,22,12,21,670063
2644207,22,11,21,223357
2644415,22,13,21,2010371
2644527,22,13,21,2010457
2644591,24,14,23,1507879
2644735,24,14,23,1507961
2644799,22,9,21,24823
2645535,22,13,21,2011223
2645551,22,13,21,2011235
2646255,23,10,22,37255
2647007,23,13,22,1006171
2647071,24,14,23,1509293
2647423,23,12,22,335443
2647519,22,13,21,2012731
2647759,23,13,22,1006457
2648271,22,12,21,671101
2648511,22,13,21,2013485
2648895,22,11,21,223753
2649647,22,13,21,2014349
2649807,22,13,21,2014471
2650047,22,12,21,671551
2650271,22,13,21,2014823
2650559,23,13,22,1007521
2650607,24,14,23,1511309
2651007,24,14,23,1511537
2651263,22,10,21,74651
2651359,22,13,21,2015651
2651679,23,13,22,1007947
2651695,23,13,22,1007953
2652367,22,12,21,672139
2652543,24,14,23,1512413
2652719,22,13,21,2016685
2652879,24,14,23,1512605
2652959,22,12,21,672289
2652991,22,11,21,224099
2653247,23,12,22,336181
2653311,23,11,22,112063
2653343,24,14,23,1512869
2653567,22,12,21,672443
2653631,24,14,23,1513033
2653887,24,12,23,168131
2654079,24,14,23,1513289
2654367,22,13,21,2017937
2654655,24,13,23,504539
2655167,22,13,21,2018545
2655647,23,12,22,336485
2656255,24,12,23,168281
2656703,22,13,21,2019713
2657135,23,13,22,1010021
2657215,23,13,22,1010051
2657535,24,14,23,1515259
2658047,24,14,23,1515551
2658335,23,13,22,1010477
2658463,22,13,21,2021051
2658527,24,12,23,168425
2658815,24,14,23,1515989
2658863,22,9,21,24955
2659055,22,13,21,2021501
2659071,22,13,21,2021513
2659103,23,12,22,336923
2659263,22,13,21,2021659
2659295,24,13,23,505421
2659551,22,13,21,2021879
2659871,23,13,22,1011061
2660207,22,13,21,2022377
2660319,24,14,23,1516847
2660351,23,12,22,337081
2661071,23,13,22,1011517
2661103,23,13,22,1011529
2661119,23,13,22,1011535
2661183,22,11,21,224791
2661439,23,12,22,337219
2661487,23,12,22,337225
2661567,22,13,21,2023411
2661759,22,12,21,674519
2661871,23,13,22,1011821
2661887,23,13,22,1011827
2662719,24,14,23,1518215
2662959,22,11,21,224941
2663167,22,13,21,2024627
2663839,23,12,22,337523
2663935,22,13,21,2025211
2664303,22,13,21,2025491
2665087,24,14,23,1519565
2665167,24,13,23,506537
2665199,24,13,23,506543
2665343,24,14,23,1519711
2665791,23,13,22,1013311
2665919,22,11,21,225191
2665967,24,13,23,506689
2666527,23,13,22,1013591
2666703,24,12,23,168943
2666991,24,14,23,1520651
2667055,22,11,21,225287
2667631,22,12,21,676007
2667711,23,13,22,1014041
2667983,22,13,21,2028289
2668031,22,13,21,2028325
2668223,22,12,21,676157
2668239,22,9,21,25043
2668399,22,13,21,2028605
2669055,22,13,21,2029103
2669295,23,13,22,1014643
2669311,23,13,22,1014649
2669727,23,12,22,338269
2669759,24,14,23,1522229
2669823,22,13,21,2029687
2670063,23,13,22,1014935
2671103,24,13,23,507665
2671343,22,13,21,2030843
2671519,22,13,21,2030977
2671615,24,14,23,1523287
2671871,24,13,23,507811
2672079,22,13,21,2031403
2672095,24,14,23,1523561
2672111,22,13,21,2031427
2672127,24,14,23,1523579
2672335,22,11,21,225733
2672703,22,13,21,2031877
2673119,22,13,21,2032193
2673263,24,14,23,1524227
2673903,22,13,21,2032789
2673983,23,13,22,1016425
2674431,23,11,22,112955
2674543,24,13,23,508319
2675167,23,13,22,1016875
2675247,22,11,21,225979
2675583,23,12,22,339011
2675823,22,12,21,678083
2675871,22,12,21,678095
2675903,23,13,22,1017155
2675967,23,13,22,1017179
2676223,22,13,21,2034553
2676351,23,13,22,1017325
2676431,22,11,21,226079
2676703,23,11,22,113051
2676799,22,13,21,2034991
2677231,22,13,21,2035319
2677615,22,8,21,8377
2677919,23,12,22,339307
2677999,22,13,21,2035903
2678255,23,13,22,1018049
2678399,24,14,23,1527155
2678687,23,13,22,1018213
2679103,23,12,22,339457
2679487,23,13,22,1018517
2680127,22,13,21,2037521
2680271,22,13,21,2037631
2680575,22,11,21,226429
2680895,22,13,21,2038105
2680943,22,13,21,2038141
2680959,24,14,23,1528615
2680991,24,14,23,1528633
2681535,22,13,21,2038591
2682607,23,12,22,339901
2682783,24,13,23,509885
2682991,23,13,22,1019849
2683295,24,14,23,1529947
2683359,23,13,22,1019989
2683839,24,14,23,1530257
2683903,22,13,21,2040391
2684623,22,11,21,226771
2685247,22,12,21,680471
2685311,23,13,22,1020731
2685407,22,13,21,2041535
2685439,24,14,23,1531169
2685631,22,13,21,2041705
2686207,24,14,23,1531607
2686959,22,12,21,680905
2687007,22,12,21,680917
2687087,24,13,23,510703
2687295,23,12,22,340495
2687967,24,14,23,1532611
2687999,22,13,21,2043505
2688319,22,13,21,2043749
2688479,24,14,23,1532903
2688927,22,13,21,2044211
2689135,22,13,21,2044369
2689519,22,13,21,2044661
2689727,22,13,21,2044819
2689903,22,10,21,75739
2690031,23,13,22,1022525
2690591,24,13,23,511369
2691103,22,12,21,681955
2691183,23,13,22,1022963
2691711,22,12,21,682109
2691999,23,8,22,4211
2692095,22,13,21,2046619
2693279,22,13,21,2047519
2693503,23,13,22,1023845
2693823,22,13,21,2047933
2693839,24,14,23,1535959
2693919,23,13,22,1024003
2694335,23,12,22,341387
2694639,24,14,23,1536415
2694655,22,12,21,682855
2694895,24,12,23,170729
2695103,23,13,22,1024453
2695151,22,12,21,682981
2695199,22,12,21,682993
2695231,24,13,23,512251
2695327,24,13,23,512269
2696159,22,13,21,2049709
2696191,22,13,21,2049733
2696319,24,14,23,1537373
2696671,23,12,22,341683
2696687,23,9,22,12655
2696703,23,12,22,341687
2697119,22,13,21,2050439
2697327,22,13,21,2050597
2697375,22,13,21,2050633
2698367,22,13,21,2051387
2698735,22,11,21,227963
2699199,24,13,23,513005
2699711,24,14,23,1539307
2700031,24,13,23,513163
2700287,22,13,21,2052847
2700479,22,12,21,684331
2700767,24,12,23,171101
2700799,24,12,23,171103
2700847,22,13,21,2053273
2701343,23,12,22,342275
2701375,23,9,22,12677
2701423,22,13,21,2053711
2701439,22,13,21,2053723
2701567,24,13,23,513455
2701695,23,13,22,1026959
2701935,24,12,23,171175
2702015,22,13,21,2054161
2702111,23,13,22,1027117
2702591,24,14,23,1540949
2702831,22,10,21,76103
2703039,22,13,21,2054939
2703583,22,13,21,2055353
2704351,22,13,21,2055937
2704847,23,12,22,342719
2704879,23,11,22,114241
2704895,23,12,22,342725
2705471,24,11,23,57133
2706031,23,12,22,342869
2706367,22,12,21,685823
2706943,22,12,21,685969
2707135,22,13,21,2058053
2707231,24,14,23,1543595
2707679,22,13,21,2058467
2707711,22,13,21,2058491
2708255,22,13,21,2058905
2708943,24,12,23,171619
2709503,22,13,21,2059853
2709535,23,12,22,343313
2709567,23,11,22,114439
2709615,22,13,21,2059939
2710223,22,13,21,2060401
2710463,22,12,21,686861
2710767,23,12,22,343469
2710943,24,13,23,515237
2710975,24,13,23,515243
2711167,23,13,22,1030559
2711231,22,13,21,2061167
2711423,24,14,23,1545985
2711711,24,13,23,515383
2711967,24,14,23,1546295
2711999,24,14,23,1546313
2712111,24,13,23,515459
2712255,24,14,23,1546459
2712303,23,13,22,1030991
2712319,23,13,22,1030997
2712735,24,14,23,1546733
2713071,23,11,22,114587
2713855,23,13,22,1031581
2714223,23,12,22,343907
2714351,22,13,21,2063539
2715087,22,12,21,688033
2715759,24,14,23,1548457
2715871,22,13,21,2064695
2716159,24,14,23,1548685
2716191,23,13,22,1032469
2716319,22,12,21,688345
2716447,22,13,21,2065133
2717311,22,13,21,2065789
2717375,23,13,22,1032919
2717759,23,11,22,114785
2717807,24,14,23,1549625
2718207,23,13,22,1033235
2718415,22,13,21,2066629
2718463,22,13,21,2066665
2718655,22,12,21,688937
2718879,22,13,21,2066981
2718959,23,12,22,344507
2719039,22,13,21,2067103
2719359,23,13,22,1033673
2719439,22,13,21,2067407
2720255,22,13,21,2068027
2720415,22,12,21,689383
2720495,23,13,22,1034105
2720511,23,13,22,1034111
2721407,22,13,21,2068903
2721487,24,13,23,517241
2722031,24,14,23,1552033
2722111,24,14,23,1552079
2722495,23,11,22,114985
2722687,24,13,23,517469
2722799,24,14,23,1552471
2723231,23,13,22,1035145
2723279,22,12,21,690109
2723359,22,10,21,76681
2723583,22,13,21,2070557
2723951,22,11,21,230093
2724479,24,14,23,1553429
2724543,22,11,21,230143
2724559,24,13,23,517825
2725119,22,12,21,690575
2725535,24,14,23,1554031
2725567,23,13,22,1036033
2726271,22,10,21,76763
2726335,24,14,23,1554487
2726367,23,13,22,1036337
2726591,24,10,23,19193
2726783,23,13,22,1036495
2727071,22,13,21,2073209
2727455,22,11,21,230389
2727551,23,13,22,1036787
2727839,24,14,23,1555345
2727983,24,14,23,1555427
2728255,22,13,21,2074109
2728415,22,13,21,2074231
2728607,22,12,21,691459
2728959,24,11,23,57629
2729519,23,12,22,345845
2729631,22,13,21,2075155
2731759,22,13,21,2076773
2732223,23,13,22,1038563
2732527,22,13,21,2077357
2732927,22,13,21,2077661
2733279,22,11,21,230881
2733599,24,11,23,57727
2733695,22,13,21,2078245
2734319,22,13,21,2078719
2734527,22,12,21,692959
2734559,23,13,22,1039451
2734575,23,13,22,1039457
2735423,24,14,23,1559669
2735775,23,13,22,1039913
2736063,22,13,21,2080045
2736287,22,10,21,77045
2736447,22,13,21,2080337
2736623,24,14,23,1560353
2737023,22,13,21,2080775
2737711,23,12,22,346883
2737791,24,14,23,1561019
2738303,24,12,23,173479
2738591,22,12,21,693989
2738623,22,12,21,693997
2738671,24,13,23,520507
2738815,22,13,21,2082137
2739183,22,12,21,694139
2739759,22,12,21,694285
2739951,22,13,21,2083001
2740127,24,14,23,1562351
2740463,23,13,22,1041695
2742207,24,13,23,521179
2742479,22,13,21,2084923
2742527,22,13,21,2084959
2742719,22,12,21,695035
2743231,24,14,23,1564121
2743279,22,12,21,695177
2743551,24,14,23,1564303
2743599,24,14,23,1564331
2743855,22,12,21,695323
2744367,24,14,23,1564769
2744447,22,12,21,695473
2744767,23,12,22,347777
2744799,24,14,23,1565015
2744831,24,14,23,1565033
2745071,22,11,21,231877
2745215,22,13,21,2087003
2745599,24,14,23,1565471
2745823,22,13,21,2087465
2746575,22,13,21,2088037
2746783,22,12,21,696065
2747119,23,10,22,38675
2747167,22,13,21,2088487
2747199,22,13,21,2088511
2747519,23,13,22,1044377
2747903,23,13,22,1044523
2749855,23,13,22,1045265
2750671,22,13,21,2091151
2750719,22,13,21,2091187
2751103,22,13,21,2091479
2751215,24,11,23,58099
2751295,22,13,21,2091625
2751471,22,12,21,697253
2751615,24,13,23,522967
2751679,22,13,21,2091917
2751807,23,10,22,38741
2751903,22,13,21,2092087
2752047,22,12,21,697399
2752447,22,13,21,2092501
2752559,23,13,22,1046293
2752575,24,14,23,1569449
2753471,22,13,21,2093279
2753951,24,13,23,523411
2754015,22,13,21,2093693
2754175,23,11,22,116323
2754207,24,14,23,1570379
2754623,22,13,21,2094155
2754767,22,13,21,2094265
2755519,24,13,23,523709
2755775,22,13,21,2095031
2756031,24,14,23,1571419
2756095,23,13,22,1047637
2756143,24,14,23,1571483
2756815,23,13,22,1047911
2756863,23,13,22,1047929
2757055,24,12,23,174667
2757567,22,13,21,2096393
2757663,23,12,22,349411
2757679,22,13,21,2096479
2758015,23,13,22,1048367
2758047,23,13,22,1048379
2758079,23,13,22,1048391
2758399,24,14,23,1572769
2758511,22,12,21,699037
2758591,24,13,23,524293
2758703,22,13,21,2097257
2758911,22,13,21,2097415
2759135,22,11,21,233065
2759279,22,13,21,2097695
2759935,22,13,21,2098193
2760095,22,13,21,2098315
2760127,22,13,21,2098339
2760159,24,13,23,524591
2760815,24,14,23,1574147
2760927,24,13,23,524737
2761183,23,10,22,38873
2761263,22,13,21,2099203
2761967,23,13,22,1049869
2761983,24,14,23,1574813
2762047,22,11,21,233311
2762607,22,12,21,700075
2762959,22,13,21,2100493
2763007,22,13,21,2100529
2763519,23,12,22,350153
2763551,24,14,23,1575707
2763583,24,14,23,1575725
2763967,22,13,21,2101259
2764031,22,13,21,2101307
2764223,22,13,21,2101453
2765103,22,13,21,2102123
2765295,24,12,23,175189
2765343,24,14,23,1576729
2765359,22,13,21,2102317
2765423,23,13,22,1051183
2765871,22,13,21,2102707
2766239,23,13,22,1051493
2766287,24,14,23,1577267
2767071,22,13,21,2103619
2767343,22,12,21,701275
2767743,22,13,21,2104129
2768127,22,13,21,2104421
2768287,22,13,21,2104543
2768591,23,13,22,1052387
2768639,23,13,22,1052405
2769007,23,13,22,1052545
2770079,24,14,23,1579429
2770175,23,13,22,1052989
2770591,24,14,23,1579721
2770639,22,13,21,2106331
2770687,22,13,21,2106367
2770799,22,12,21,702151
2770847,24,14,23,1579867
2771199,22,13,21,2106757
2771359,24,14,23,1580159
2771439,22,12,21,702313
2772079,23,13,22,1053713
2772383,22,13,21,2107657
2772735,24,13,23,526981
2772767,22,13,21,2107949
2772895,23,12,22,351341
2772927,24,14,23,1581053
2772991,24,14,23,1581089
2773663,23,13,22,1054315
2773759,24,14,23,1581527
2774015,22,13,21,2108897
2774063,24,14,23,1581701
2774271,24,13,23,527273
2774735,22,13,21,2109445
2774895,24,14,23,1582175
2775535,22,12,21,703351
2775935,22,13,21,2110357
2776735,22,12,21,703655
2777343,22,8,21,8689
2777583,23,12,22,351935
2778783,23,12,22,352087
2779263,22,13,21,2112887
2779375,24,12,23,176081
2779455,24,14,23,1584775
2779807,22,13,21,2113301
2779935,23,10,22,39137
2779967,24,14,23,1585067
2780287,24,14,23,1585249
2780575,22,13,21,2113885
2780783,22,12,21,704681
2781119,23,11,22,117461
2781375,22,12,21,704831
2781391,22,9,21,26105
2781423,22,12,21,704843
2781823,24,14,23,1586125
2782367,24,14,23,1586435
2782623,24,14,23,1586581
2783167,22,10,21,78365
2783359,22,13,21,2116001
2783439,23,11,22,117559
2783471,23,12,22,352681
2783487,23,10,22,39187
2784127,22,13,21,2116585
2784927,22,12,21,705731
2784959,24,14,23,1587913
2785183,24,12,23,176449
2785263,22,13,21,2117449
2785311,22,13,21,2117485
2785839,24,14,23,1588415
2786271,22,13,21,2118215
2786463,22,13,21,2118361
2787327,24,14,23,1589263
2787455,22,13,21,2119115
2787839,24,14,23,1589555
2788463,24,14,23,1589911
2788975,22,12,21,706757
2789407,22,13,21,2120599
2789583,22,11,21,235637
2789599,24,14,23,1590559
2789615,22,12,21,706919
2789631,22,10,21,78547
2790175,22,11,21,235687
2790959,22,13,21,2121779
2791407,22,7,21,2911
2791743,24,14,23,1591781
2792415,23,13,22,1061443
2792575,22,12,21,707669
2792863,23,10,22,39319
2792959,22,13,21,2123299
2793279,22,13,21,2123543
2793503,22,13,21,2123713
2793599,23,13,22,1061893
2794111,22,13,21,2124175
2794223,24,13,23,531065
2794431,23,13,22,1062209
2794879,22,12,21,708253
2794911,22,11,21,236087
2795215,24,14,23,1593761
2795247,22,13,21,2125039
2795391,24,13,23,531287
2795839,22,13,21,2125489
2795967,23,13,22,1062793
2796159,24,13,23,531433
2796415,24,14,23,1594445
2796527,24,13,23,531503
2796703,24,14,23,1594609
2797039,22,13,21,2126401
2797103,23,13,22,1063225
2797599,22,13,21,2126827
2797775,22,11,21,236329
2798335,23,13,22,1063693
2798559,22,13,21,2127557
2798719,23,12,22,354613
2798783,22,13,21,2127727
2799055,23,13,22,1063967
2799103,23,13,22,1063985
2799151,24,14,23,1596005
2799487,24,14,23,1596197
2800239,23,13,22,1064417
2800255,23,13,22,1064423
2800335,22,13,21,2128907
2800703,22,12,21,709729
2800767,22,12,21,709745
2801023,23,12,22,354905
2801343,22,12,21,709891
2801407,24,14,23,1597291
2801471,22,13,21,2129771
2801535,22,13,21,2129819
2801711,24,14,23,1597465
2801791,23,13,22,1065007
2802111,22,13,21,2130257
2802431,24,13,23,532625
2802671,22,13,21,2130683
2802943,24,14,23,1598167
2803135,22,12,21,710345
2803167,24,13,23,532765
2803199,24,13,23,532771
2803327,22,13,21,2131181
2803439,22,13,21,2131267
2803775,23,13,22,1065761
2804335,24,13,23,532987
2804767,24,13,23,533069
2804975,23,13,22,1066217
2805439,22,12,21,710929
2805791,22,13,21,2133055
2806079,24,14,23,1599955
2806479,23,13,22,1066789
2806527,23,13,22,1066807
2806975,22,13,21,2133955
2807231,22,12,21,711383
2807247,23,13,22,1067081
2807295,23,13,22,1067099
2807679,23,13,22,1067245
2807871,24,13,23,533659
2808431,23,13,22,1067531
2808447,23,13,22,1067537
2808527,24,14,23,1601351
2808575,22,13,21,2135171
2808703,24,10,23,19771
2808863,24,14,23,1601543
2808943,22,12,21,711817
2809071,24,13,23,533887
2809135,22,13,21,2135597
2809311,22,13,21,2135731
2809839,24,9,23,6593
2809903,22,13,21,2136181
2810367,22,13,21,2136533
2811263,24,14,23,1602911
2811343,24,13,23,534319
2812367,24,14,23,1603541
2812623,22,13,21,2138249
2812671,22,13,21,2138285
2812863,22,13,21,2138431
2813167,23,13,22,1069331
2813375,24,12,23,178235
2813391,22,13,21,2138833
2813599,24,14,23,1604243
2813631,22,12,21,713005
2813999,22,13,21,2139295
2814255,23,13,22,1069745
2814463,22,13,21,2139647
2814511,24,12,23,178307
2814575,22,13,21,2139733
2814623,22,13,21,2139769
2814655,22,13,21,2139793
2814911,24,13,23,534997
2815087,23,12,22,356687
2815167,22,13,21,2140183
2815279,24,13,23,535067
2815487,23,13,22,1070213
2815743,24,12,23,178385
2815855,23,13,22,1070353
2816767,24,14,23,1606049
2817055,23,13,22,1070809
2817183,22,12,21,713905
2817279,24,13,23,535447
2817503,22,13,21,2141959
2817567,22,13,21,2142007
2818159,22,13,21,2142457
2818543,22,13,21,2142749
2818559,22,13,21,2142761
2818719,22,13,21,2142883
2818943,22,11,21,238117
2819327,22,13,21,2143345
2819839,23,12,22,357289
2820863,22,13,21,2144513
2821119,22,13,21,2144707
2821359,23,13,22,1072445
2821375,23,13,22,1072451
2821423,22,13,21,2144939
2821663,24,14,23,1608841
2821871,22,12,21,715093
2821999,22,13,21,2145377
2822191,22,13,21,2145523
2822255,22,13,21,2145571
2822447,23,13,22,1072859
2822687,24,12,23,178825
2822767,22,13,21,2145961
2822815,22,13,21,2145997
2823327,23,12,22,357731
2823839,22,13,21,2146775
2823887,24,12,23,178901
2824223,22,9,21,26507
2825711,24,14,23,1611149
2825887,24,13,23,537083
2825967,24,14,23,1611295
2826223,24,11,23,59683
2826399,24,14,23,1611541
2826559,22,12,21,716281
2826735,22,13,21,2148977
2826879,23,12,22,358181
2827199,24,14,23,1611997
2827231,23,13,22,1074677
2827263,23,13,22,1074689
2827519,22,13,21,2149573
2827935,22,13,21,2149889
2828015,23,12,22,358325
2828527,22,13,21,2150339
2828751,24,14,23,1612883
2828911,22,9,21,26551
2828927,22,12,21,716881
2828959,24,13,23,537667
2829983,23,13,22,1075723
2830239,22,13,21,2151641
2830367,23,10,22,39847
2830527,24,13,23,537965
2831839,24,14,23,1614643
2831871,24,14,23,1614661
2831919,23,13,22,1076459
2832415,22,11,21,239255
2832623,22,13,21,2153453
2832703,23,12,22,358919
2833007,22,11,21,239305
2833023,22,12,21,717919
2834159,22,12,21,718207
2834671,23,13,22,1077505
2835423,23,13,22,1077791
2835839,23,13,22,1077949
2835935,22,12,21,718657
2835967,22,11,21,239555
2836127,22,13,21,2156117
2836927,22,13,21,2156725
2837103,22,11,21,239651
2837119,22,12,21,718957
2837359,23,12,22,359509
2837695,22,11,21,239701
2837711,23,13,22,1078661
2837743,24,14,23,1618009
2837967,24,9,23,6659
2837999,24,12,23,179795
2838063,22,13,21,2157589
2838223,24,14,23,1618283
2838767,24,13,23,539531
2839167,24,12,23,179869
2839279,22,13,21,2158513
2839743,23,10,22,39979
2839935,24,13,23,539753
2839967,24,13,23,539759
2840015,22,11,21,239897
2840063,22,10,21,79967
2840223,24,14,23,1619423
2840607,22,11,21,239947
2840815,22,13,21,2159681
2841023,22,13,21,2159839
2841295,23,13,22,1080023
2841327,23,13,22,1080035
2841567,22,13,21,2160253
2841727,23,13,22,1080187
2842079,23,12,22,360107
2842159,22,13,21,2160703
2842623,22,13,21,2161055
2842671,24,12,23,180091
2842847,23,13,22,1080613
2843039,24,13,23,540343
2843071,24,13,23,540349
2843295,23,9,22,13343
2843327,24,14,23,1621193
2843375,22,13,21,2161627
2843391,22,13,21,2161639
2843615,23,13,22,1080905
2844031,23,13,22,1081063
2844111,22,10,21,80081
2845295,22,11,21,240343
2845503,22,13,21,2163245
2845551,23,12,22,360547
2845631,23,12,22,360557
2845679,22,13,21,2163379
2846015,23,13,22,1081817
2846255,22,13,21,2163817
2846767,23,12,22,360701
2846831,24,14,23,1623191
2847167,23,13,22,1082255
2847711,24,13,23,541231
2847967,24,14,23,1623839
2848223,22,12,21,721771
2848303,23,13,22,1082687
2848767,23,13,22,1082863
2848991,22,13,21,2165897
2849487,23,13,22,1083137
2849535,23,13,22,1083155
2849599,22,13,21,2166359
2849855,23,13,22,1083277
2849903,23,13,22,1083295
2849919,23,13,22,1083301
2850031,22,11,21,240743
2850175,22,13,21,2166797
2850431,22,13,21,2166991
2851487,23,11,22,120433
2851583,22,13,21,2167867
2851743,22,12,21,722663
2851823,23,13,22,1084025
2852335,22,12,21,722813
2852479,24,13,23,542137
2852735,22,13,21,2168743
2853311,22,13,21,2169181
2853343,22,13,21,2169205
2853871,24,14,23,1627205
2854095,24,14,23,1627333
2854143,22,12,21,723271
2854335,22,13,21,2169959
2854351,24,11,23,60277
2854607,24,14,23,1627625
2855071,24,14,23,1627889
2855327,24,14,23,1628035
2855391,23,13,22,1085381
2855631,22,13,21,2170945
2855807,24,14,23,1628309
2856383,24,13,23,542879
2856815,22,13,21,2171845
2856831,22,13,21,2171857
2856959,23,13,22,1085977
2857007,22,12,21,723997
2857023,22,12,21,724001
2857407,24,14,23,1629221
2857439,22,13,21,2172319
2857679,23,13,22,1086251
2857791,22,13,21,2172587
2857919,24,12,23,181057
2858047,23,13,22,1086391
2858095,23,13,22,1086409
2858367,22,13,21,2173025
2858687,24,13,23,543317
2859567,22,13,21,2173937
2859679,23,11,22,120779
2859711,23,12,22,362341
2859775,22,13,21,2174095
2859935,22,12,21,724739
2859999,24,14,23,1630699
2860015,23,13,22,1087139
2860063,23,13,22,1087157
2860511,24,14,23,1630991
2860911,22,13,21,2174959
2861759,22,12,21,725201
2862047,23,8,22,4477
2862111,22,13,21,2175871
2862335,22,12,21,725347
2862367,22,6,21,995
2862527,22,13,21,2176187
2862799,23,13,22,1088197
2862847,23,13,22,1088215
2863215,23,12,22,362785
2863599,23,13,22,1088501
2863663,22,13,21,2177051
2864239,22,13,21,2177489
2864287,22,13,21,2177525
2864351,24,14,23,1633181
2864831,22,13,21,2177939
2864895,22,13,21,2177987
2865007,22,13,21,2178073
2865023,22,13,21,2178085
2865119,24,14,23,1633619
2865199,22,12,21,726073
2865279,22,10,21,80677
2865647,22,13,21,2178559
2865919,23,13,22,1089383
2866207,22,13,21,2178985
2866719,23,12,22,363229
2866735,23,9,22,13453
2866895,24,13,23,544877
2867951,24,14,23,1635233
2868191,22,10,21,80759
2868223,22,12,21,726839
2868383,22,13,21,2180639
2868783,22,11,21,242327
2868943,22,13,21,2181065
2868991,22,13,21,2181101
2869359,22,12,21,727127
2869375,22,11,21,242377
2869743,22,13,21,2181673
2869951,22,12,21,727277
2869967,24,13,23,545461
2870271,23,12,22,363679
2870575,23,13,22,1091153
2870719,24,14,23,1636811
2870831,24,11,23,60625
2871039,23,13,22,1091329
2871071,22,12,21,727561
2871199,24,13,23,545695
2871407,23,12,22,363823
2871743,22,9,21,26953
2871807,23,13,22,1091621
2871855,22,13,21,2183279
2872431,22,13,21,2183717
2872479,22,13,21,2183753
2873039,22,13,21,2184179
2873279,24,14,23,1638271
2873311,23,13,22,1092193
2873663,22,13,21,2184653
2873791,23,11,22,121375
2873823,24,14,23,1638581
2873839,22,13,21,2184787
2873855,24,14,23,1638599
2874143,23,13,22,1092509
2874335,24,10,23,20233
2874399,22,13,21,2185213
2874527,23,13,22,1092655
2874559,24,14,23,1639001
2874927,23,11,22,121423
2875199,22,11,21,242869
2875295,23,13,22,1092947
2875839,22,11,21,242923
2876111,23,8,22,4499
2876415,22,12,21,728915
2877183,22,13,21,2187329
2877599,22,12,21,729215
2877759,22,13,21,2187767
2877935,22,13,21,2187901
2878447,23,12,22,364715
2878767,23,13,22,1094267
2878783,24,14,23,1641409
2879007,24,12,23,182393
2879215,23,13,22,1094437
2879263,22,12,21,729637
2879343,24,13,23,547243
2879903,22,12,21,729799
2879935,22,11,21,243269
2880127,22,13,21,2189567
2881231,22,13,21,2190407
2881743,24,13,23,547699
2881855,22,13,21,2190881
2882255,22,10,21,81155
2882687,24,14,23,1643635
2883119,23,11,22,121769
2883311,24,13,23,547997
2883743,24,12,23,182693
2883807,22,13,21,2192365
2883823,24,14,23,1644283
2883903,23,13,22,1096219
2884351,23,10,22,40607
2884591,22,12,21,730987
2885023,24,14,23,1644967
2885055,24,14,23,1644985
2885071,24,14,23,1644995
2885279,24,13,23,548371
2885487,23,9,22,13541
2885503,23,12,22,365609
2885535,22,13,21,2193679
2886047,24,12,23,182839
2886095,24,14,23,1645579
2886127,22,13,21,2194129
2887151,22,13,21,2194907
2887887,22,13,21,2195467
2888127,22,11,21,243961
2888159,24,14,23,1646755
2888319,22,13,21,2195795
2889087,22,13,21,2196379
2889119,22,13,21,2196403
2889583,24,11,23,61021
2890207,24,14,23,1647923
2890479,22,12,21,732479
2891247,22,13,21,2198021
2891999,22,13,21,2198593
2892831,22,12,21,733075
2893215,22,13,21,2199517
2893279,23,13,22,1099783
2893679,23,11,22,122215
2893695,23,12,22,366647
2893727,22,13,21,2199907
2894287,22,13,21,2200333
2894575,22,12,21,733517
2894591,22,11,21,244507
2894655,24,13,23,550153
2894879,23,12,22,366797
2895087,24,13,23,550235
2895167,22,12,21,733667
2895343,22,13,21,2201135
2896111,24,14,23,1651289
2896367,24,14,23,1651435
2896543,22,13,21,2202047
2896767,24,14,23,1651663
2896831,23,13,22,1101133
2897343,22,13,21,2202655
2899247,22,12,21,734701
2899263,22,12,21,734705
2899647,22,13,21,2204407
2899839,22,12,21,734851
2899871,22,9,21,27217
2900191,22,13,21,2204821
2900927,24,13,23,551345
2901487,23,13,22,1102903
2901871,23,11,22,122561
2901919,24,14,23,1654601
2902495,24,12,23,183881
2902687,24,14,23,1655039
2902767,22,12,21,735593
2902975,22,13,21,2206937
2903071,23,12,22,367835
2903151,22,13,21,2207071
2903343,22,12,21,735739
2903743,22,13,21,2207521
2903807,24,14,23,1655677
2903967,22,11,21,245299
2904287,22,13,21,2207935
2904543,22,12,21,736043
2904575,22,12,21,736051
2905119,22,12,21,736189
2905567,24,13,23,552227
2906175,23,13,22,1104685
2906223,24,14,23,1657055
2906607,23,11,22,122761
2906911,24,14,23,1657447
2907071,22,13,21,2210051
2907439,22,12,21,736777
2907455,22,12,21,736781
2907839,22,13,21,2210635
2907903,22,13,21,2210683
2908031,22,12,21,736927
2908063,22,11,21,245645
2908639,22,12,21,737081
2908655,22,11,21,245695
2908863,22,13,21,2211413
2908991,22,13,21,2211511
2909311,23,13,22,1105877
2909439,22,13,21,2211851
2909679,23,13,22,1106017
2910447,24,14,23,1659463
2910703,24,10,23,20489
2910847,24,14,23,1659691
2910911,23,13,22,1106485
2911951,24,14,23,1660321
2912367,22,13,21,2214077
2912479,22,13,21,2214163
2912767,22,12,21,738127
2912799,23,13,22,1107203
2912959,22,13,21,2214527
2913583,23,12,22,369167
2913951,22,12,21,738427
2913983,23,13,22,1107653
2914367,23,13,22,1107799
2914687,22,13,21,2215841
2915007,24,13,23,554021
2915263,22,13,21,2216279
2915487,22,13,21,2216449
2915519,24,14,23,1662355
2915871,22,13,21,2216741
2916031,24,14,23,1662647
2916047,22,13,21,2216875
2916255,22,11,21,246337
2916335,23,13,22,1108547
2916799,24,14,23,1663085
2916831,22,12,21,739157
2916911,24,13,23,554383
2917375,24,13,23,554471
2917535,23,13,22,1109003
2917631,24,14,23,1663559
2917935,23,13,22,1109155
2918047,22,12,21,739465
2918399,24,14,23,1663997
2918623,22,8,21,9131
2918639,22,12,21,739615
2918943,24,7,23,761
2919103,23,13,22,1109599
2919423,22,13,21,2219441
2919535,24,14,23,1664645
2919983,22,13,21,2219867
2920143,22,13,21,2219989
2920175,22,13,21,2220013
2920191,22,13,21,2220025
2920559,22,13,21,2220305
2920671,24,14,23,1665293
2921151,22,13,21,2220755
2921439,24,14,23,1665731
2921503,24,14,23,1665767
2921727,22,13,21,2221193
2921775,23,12,22,370205
2921855,23,10,22,41135
2922143,22,12,21,740503
2922175,23,13,22,1110767
2922463,22,13,21,2221753
2922703,22,12,21,740645
2922735,22,12,21,740653
2922943,22,13,21,2222117
2923055,22,13,21,2222203
2923295,22,12,21,740795
2923679,22,13,21,2222677
2924063,22,13,21,2222969
2924191,23,12,22,370511
2924239,24,14,23,1667327
2924575,23,13,22,1111679
2924863,22,13,21,2223577
2924959,23,13,22,1111825
2924991,23,13,22,1111837
2925183,24,13,23,555955
2925695,24,14,23,1668157
2925951,24,11,23,61789
2926287,24,13,23,556165
2926319,24,13,23,556171
2926751,24,13,23,556253
2926831,22,12,21,741691
2926911,23,13,22,1112567
2927231,22,13,21,2225377
2927311,24,14,23,1669079
2927343,24,14,23,1669097
2927391,22,12,21,741833
2927775,24,14,23,1669343
2928127,23,13,22,1113029
2928287,24,12,23,185515
2928319,24,9,23,6871
2928847,24,14,23,1669955
2928879,23,12,22,371105
2929055,24,13,23,556691
2929887,22,13,21,2227397
2930655,22,13,21,2227981
2930719,22,13,21,2228029
2930895,22,12,21,742721
2930911,22,10,21,82525
2930943,22,12,21,742733
2931311,22,13,21,2228479
2931327,22,13,21,2228491
2931711,24,14,23,1671587
2932095,22,11,21,247675
2932415,23,11,22,123851
2932479,24,14,23,1672025
2933055,22,13,21,2229805
2934239,22,13,21,2230705
2934271,22,13,21,2230729
2935199,22,13,21,2231435
2935407,22,13,21,2231593
2935423,22,13,21,2231605
2935583,22,12,21,743909
2935791,22,13,21,2231885
2935919,23,10,22,41333
2936559,22,13,21,2232469
2936687,24,14,23,1674425
2937039,23,12,22,372139
2937087,23,12,22,372145
2937151,24,14,23,1674689
2937375,22,9,21,27569
2937583,22,13,21,2233247
2937791,22,13,21,2233405
2938319,22,13,21,2233807
2938735,22,13,21,2234123
2938943,24,14,23,1675711
2939519,22,13,21,2234719
2939631,24,13,23,558701
2939887,22,13,21,2234999
2940031,24,12,23,186259
2940143,24,14,23,1676395
2940319,22,12,21,745109
2940975,23,13,22,1117913
2941167,24,12,23,186331
2941679,22,13,21,2236361
2941823,24,14,23,1677353
2942191,23,13,22,1118375
2942367,24,12,23,186407
2942415,24,14,23,1677691
2942591,23,13,22,1118527
2942623,24,14,23,1677809
2942703,24,13,23,559285
2943391,22,13,21,2237663
2943935,24,13,23,559519
2944239,22,13,21,2238307
2944447,24,14,23,1678849
2944463,23,13,22,1119239
2944703,24,11,23,62185
2944927,24,14,23,1679123
2945071,24,13,23,559735
2945279,23,12,22,373183
2945567,22,11,21,248813
2945583,24,14,23,1679497
2945695,23,13,22,1119707
2945983,22,13,21,2239633
2946079,23,13,22,1119853
2946159,22,11,21,248863
2946175,22,12,21,746593
2946815,24,14,23,1680199
2947695,24,14,23,1680701
2947711,22,13,21,2240947
2948079,22,13,21,2241227
2948335,22,13,21,2241421
2948351,22,13,21,2241433
2948575,24,13,23,560401
2949167,23,13,22,1121027
2950303,22,10,21,83071
2950399,23,13,22,1121495
2950623,22,13,21,2243161
2950783,23,13,22,1121641
2951231,22,13,21,2243623
2951647,22,13,21,2243939
2952447,22,13,21,2244547
2952511,24,13,23,561149
2952639,22,12,21,748231
2952911,24,12,23,187075
2953119,23,13,22,1122529
2953759,22,11,21,249505
2954175,22,13,21,2245861
2954271,23,13,22,1122967
2954399,22,11,21,249559
2954959,24,14,23,1684843
2955007,22,12,21,748831
2955135,24,14,23,1684943
2955311,22,13,21,2246725
2955743,22,13,21,2247053
2955775,22,13,21,2247077
2956159,22,12,21,749123
2956543,22,13,21,2247661
2957039,24,14,23,1686029
2958271,24,14,23,1686731
2958591,23,13,22,1124609
2958655,22,13,21,2249267
2959103,22,12,21,749869
2959423,22,13,21,2249851
2959487,22,13,21,2249899
2959679,22,10,21,83335
2960319,24,13,23,562633
2960383,24,13,23,562645
2960575,24,14,23,1688045
2960639,22,13,21,2250775
2960895,24,14,23,1688227
2961343,24,14,23,1688483
2961455,24,13,23,562849
2961711,24,14,23,1688693
2961887,24,13,23,562931
2962431,24,14,23,1689103
2962479,24,14,23,1689131
2962911,24,14,23,1689377
2962943,24,14,23,1689395
2963199,22,12,21,750907
2963567,24,14,23,1689751
2963711,24,14,23,1689833
2963775,22,11,21,250351
2964079,24,14,23,1690043
2964511,24,14,23,1690289
2964735,22,13,21,2253889
2965231,23,11,22,125237
2965487,22,12,21,751487
2965535,22,12,21,751499
2965567,23,13,22,1127261
2966783,23,13,22,1127723
2967087,22,13,21,2255677
2967279,22,10,21,83549
2968191,24,11,23,62681
2968783,22,13,21,2256967
2969071,24,14,23,1692889
2969135,23,13,22,1128617
2969375,22,13,21,2257417
2970239,22,11,21,250897
2970303,23,13,22,1129061
2971087,24,14,23,1694039
2971583,22,13,21,2259095
2971855,23,13,22,1129651
2972095,24,13,23,564871
2972287,23,10,22,41845
2973087,24,14,23,1695179
2973183,22,12,21,753437
2973231,24,13,23,565087
2973727,22,12,21,753575
2973743,24,14,23,1695553
2974111,22,13,21,2261017
2974143,22,13,21,2261041
2975231,24,12,23,188489
2975391,23,13,22,1130995
2975519,22,7,21,3103
2975855,24,14,23,1696757
2976207,22,13,21,2262611
2976511,24,14,23,1697131
2977279,22,12,21,754475
2977391,22,13,21,2263511
2977727,23,13,22,1131883
2977983,22,13,21,2263961
2978239,22,13,21,2264155
2978543,23,13,22,1132193
2979039,24,13,23,566191
2979071,24,13,23,566197
2979279,23,12,22,377491
2979295,23,11,22,125831
2979359,22,13,21,2265007
2979871,24,12,23,188783
2979951,22,13,21,2265457
2980047,23,13,22,1132765
2980079,23,13,22,1132777
2980639,24,13,23,566495
2981343,22,10,21,83945
2981535,22,13,21,2266661
2981567,22,13,21,2266685
2981935,22,11,21,251885
2981951,24,14,23,1700233
2982895,22,13,21,2267695
2983327,22,13,21,2268023
2983551,24,14,23,1701145
2983807,24,13,23,567097
2983935,22,13,21,2268485
2984063,24,14,23,1701437
2984767,23,13,22,1134559
2984815,22,12,21,756385
2984831,24,14,23,1701875
2985087,22,13,21,2269361
2985167,24,14,23,1702067
2985455,22,12,21,756547
2985583,22,13,21,2269739
2986031,22,10,21,84077
2986143,24,13,23,567541
2986191,22,13,21,2270201
2986223,22,13,21,2270225
2986399,24,14,23,1702769
2986783,22,13,21,2270651
2987135,23,13,22,1135459
2987247,22,12,21,757001
2987471,23,12,22,378529
2987551,22,13,21,2271235
2987567,24,14,23,1703435
2987887,23,13,22,1135745
2987903,23,13,22,1135751
2988079,24,11,23,63101
2988991,22,11,21,252481
2989551,22,12,21,757585
2990191,24,14,23,1704931
2990911,22,13,21,2273789
2991087,22,13,21,2273923
2991135,22,13,21,2273959
2991343,22,12,21,758039
2991359,22,10,21,84227
2991519,22,13,21,2274251
2991983,24,13,23,568651
2992607,23,13,22,1137539
2993183,24,13,23,568879
2993407,23,11,22,126427
2993615,22,12,21,758615
2993951,24,9,23,7025
2994383,22,13,21,2276429
2995327,23,13,22,1138573
2995647,22,13,21,2277389
2996095,23,13,22,1138865
2996975,22,13,21,2278399
2997055,24,13,23,569615
2997279,23,13,22,1139315
2997375,22,13,21,2278703
2997407,22,13,21,2278727
2997487,24,12,23,189899
2997551,22,13,21,2278837
2997695,23,13,22,1139473
2997743,22,12,21,759661
2998079,24,14,23,1709429
2998143,22,13,21,2279287
2998767,22,13,21,2279761
2998783,22,13,21,2279773
2998831,23,13,22,1139905
2998943,22,12,21,759965
2998975,22,12,21,759973
2999023,24,13,23,569989
2999199,23,12,22,380015
2999279,22,13,21,2280151
2999711,24,14,23,1710359
2999935,22,13,21,2280649
3000447,24,14,23,1710779
3001551,23,10,22,42257
3001647,22,13,21,2281951
3001663,22,13,21,2281963
3002271,22,13,21,2282425
3002879,22,13,21,2282887
3003071,22,12,21,761011
3003263,22,13,21,2283179
3003839,22,13,21,2283617
3004031,22,13,21,2283763
3004287,23,13,22,1141979
3004895,24,13,23,571105
3004975,22,13,21,2284481
3005183,24,14,23,1713479
3005471,23,13,22,1142429
3005743,22,13,21,2285065
3005983,22,12,21,761749
3006367,22,13,21,2285539
3006783,22,13,21,2285855
3006975,22,13,21,2286001
3007167,22,12,21,762049
3007807,23,13,22,1143317
3008207,23,13,22,1143469
3008639,23,12,22,381211
3009839,22,13,21,2288179
3009855,24,14,23,1716143
3010079,24,14,23,1716271
3010335,24,11,23,63571
3010671,22,12,21,762937
3010975,23,11,22,127169
3011039,22,13,21,2289091
3011071,22,13,21,2289115
3011311,24,14,23,1716973
3011807,22,12,21,763225
3012047,24,14,23,1717393
3012127,23,12,22,381653
3012223,24,14,23,1717493
3012735,24,12,23,190865
3012815,24,14,23,1717831
3012991,22,12,21,763525
3013311,23,12,22,381803
3013663,23,13,22,1145543
3014015,24,14,23,1718515
3014639,24,13,23,572957
3014815,24,14,23,1718971
3015167,22,13,21,2292229
3015359,24,14,23,1719281
3015551,22,13,21,2292521
3015647,23,12,22,382099
3015679,23,12,22,382103
3015999,23,13,22,1146431
3016063,23,13,22,1146455
3016351,22,13,21,2293129
3016447,23,13,22,1146601
3016815,23,12,22,382247
3016863,23,12,22,382253
3017119,22,11,21,254857
3017663,24,14,23,1720595
3018031,22,13,21,2294407
3018271,22,12,21,764863
3018495,24,14,23,1721069
3018751,24,14,23,1721215
3018783,23,13,22,1147489
3018911,22,12,21,765025
3019199,24,14,23,1721471
3019231,24,14,23,1721489
3019823,24,14,23,1721827
3020447,22,13,21,2296243
3020767,24,14,23,1722365
3021039,22,13,21,2296693
3021055,24,14,23,1722529
3021183,22,12,21,765601
3021503,23,12,22,382841
3021791,22,12,21,765755
3021807,22,11,21,255253
3022015,22,13,21,2297435
3022303,24,14,23,1723241
3022335,23,13,22,1148839
3022383,22,12,21,765905
3022719,23,9,22,14185
3022783,22,13,21,2298019
3022879,24,13,23,574523
3023855,23,10,22,42571
3024383,22,13,21,2299235
3024767,22,11,21,255503
3025055,23,12,22,383291
3025135,22,13,21,2299807
3025359,23,13,22,1149989
3025727,22,13,21,2300257
3026591,23,13,22,1150457
3026879,22,13,21,2301133
3027183,24,13,23,575341
3027391,23,12,22,383587
3027439,24,14,23,1726169
3028159,23,13,22,1151053
3028431,22,13,21,2302313
3028479,22,13,21,2302349
3028863,22,10,21,85283
3029023,22,13,21,2302763
3029615,22,13,21,2303213
3029711,23,12,22,383881
3029743,23,12,22,383885
3029791,22,13,21,2303347
3029983,22,12,21,767831
3030127,23,13,22,1151801
3030431,24,14,23,1727875
3030687,24,13,23,576007
3030719,24,13,23,576013
3030911,23,11,22,128011
3030975,24,14,23,1728185
3031199,22,12,21,768139
3031279,23,13,22,1152239
3031807,22,12,21,768293
3032527,22,13,21,2305427
3032575,22,13,21,2305463
3032735,22,13,21,2305585
3033567,24,14,23,1729663
3033711,22,13,21,2306327
3033919,22,13,21,2306485
3033967,23,13,22,1153261
3034111,24,14,23,1729973
3034143,22,11,21,256295
3034303,22,13,21,2306777
3034431,23,12,22,384479
3034623,24,13,23,576755
3034815,23,13,22,1153583
3035071,22,13,21,2307361
3035327,24,13,23,576889
3035855,22,12,21,769319
3035935,23,13,22,1154009
3036191,24,11,23,64117
3036207,22,13,21,2308225
3036415,24,14,23,1731287
3036463,22,9,21,28499
3036623,22,13,21,2308541
3036799,23,12,22,384779
3037215,22,13,21,2308991
3037423,22,13,21,2309149
3037983,24,14,23,1732181
3038239,22,10,21,85547
3038335,23,13,22,1154921
3038447,22,13,21,2309927
3038463,22,13,21,2309939
3039103,23,11,22,128357
3039791,22,13,21,2310949
3040063,24,13,23,577789
3040383,22,13,21,2311399
3040495,24,13,23,577871
3040575,22,12,21,770515
3041135,22,12,21,770657
3041343,22,13,21,2312129
3041487,24,14,23,1734179
3041519,24,14,23,1734197
3041535,22,13,21,2312275
3041903,22,13,21,2312555
3042031,24,12,23,192721
3042111,22,13,21,2312713
3042159,23,13,22,1156375
3042463,24,13,23,578245
3042607,23,10,22,42835
3042767,24,13,23,578303
3042799,24,13,23,578309
3043487,24,14,23,1735319
3043807,23,12,22,385667
3043823,23,12,22,385669
3043839,23,11,22,128557
3043871,22,13,21,2314051
3043999,24,13,23,578537
3044047,22,12,21,771395
3044127,23,13,22,1157123
3044511,22,13,21,2314537
3044655,22,11,21,257183
3044991,23,12,22,385817
3045839,22,8,21,9529
3045871,22,12,21,771857
3046207,22,13,21,2315827
3046479,22,5,21,353
3046527,23,13,22,1158035
3046559,23,13,22,1158047
3046639,22,13,21,2316155
3047327,24,14,23,1737509
3047983,22,13,21,2317177
3048095,23,13,22,1158631
3048351,22,13,21,2317457
3048943,22,13,21,2317907
3049167,22,13,21,2318077
3050911,22,13,21,2319403
3050943,22,13,21,2319427
3051167,22,9,21,28637
3051215,23,13,22,1159817
3051263,23,13,22,1159835
3051839,24,13,23,580027
3052847,22,11,21,257875
3053215,23,11,22,128953
3053535,23,13,22,1160699
3053631,22,13,21,2321471
3053887,22,13,21,2321665
3054063,22,12,21,773933
3054399,22,13,21,2322055
3054831,24,14,23,1741787
3055263,22,11,21,258079
3055311,24,13,23,580687
3055519,23,12,22,387151
3055551,23,12,22,387155
3055855,22,9,21,28681
3055935,23,13,22,1161611
3056175,22,13,21,2323405
3056255,24,14,23,1742599
3056287,23,13,22,1161745
3056543,22,13,21,2323685
3056767,24,14,23,1742891
3057199,22,13,21,2324183
3057359,22,13,21,2324305
3057391,24,14,23,1743247
3057407,22,13,21,2324341
3057775,22,13,21,2324621
3057791,22,13,21,2324633
3057903,23,11,22,129151
3058127,22,10,21,86107
3058559,22,13,21,2325217
3058671,24,14,23,1743977
3058687,23,13,22,1162657
3059135,22,13,21,2325655
3059311,22,11,21,258421
3059359,22,11,21,258425
3059407,23,13,22,1162931
3059455,23,13,22,1162949
3059647,24,12,23,193837
3059951,22,11,21,258475
3060271,22,13,21,2326519
3060351,22,13,21,2326579
3060415,24,13,23,581657
3060543,22,8,21,9575
3060607,23,13,22,1163387
3060735,22,13,21,2326871
3061295,22,13,21,2327297
3061439,24,14,23,1745555
3061503,22,13,21,2327455
3061727,23,13,22,1163813
3061759,24,14,23,1745737
3061871,22,13,21,2327735
3062207,23,13,22,1163995
3062559,23,12,22,388043
3062895,24,14,23,1746385
3063327,23,13,22,1164421
3063743,23,12,22,388193
3064047,22,11,21,258821
3064575,24,14,23,1747343
3065215,22,12,21,776759
3065391,22,13,21,2330411
3065551,22,13,21,2330533
3065967,22,13,21,2330849
3065983,22,13,21,2330861
3066495,23,13,22,1165625
3066559,22,13,21,2331299
3066687,24,10,23,21587
3066879,23,13,22,1165771
3067423,24,13,23,582989
3067551,22,11,21,259117
3067647,23,13,22,1166063
3067935,24,14,23,1749259
3068015,23,13,22,1166203
3068463,22,13,21,2332747
3068703,22,12,21,777643
3069167,24,14,23,1749961
3069311,22,12,21,777797
3069647,22,13,21,2333647
3069887,22,12,21,777943
3069919,23,13,22,1166927
3070159,24,12,23,194503
3070399,23,13,22,1167109
3071103,22,11,21,259417
3071535,23,13,22,1167541
3071807,22,13,21,2335289
3072127,24,13,23,583883
3072159,24,13,23,583889
3072223,22,12,21,778535
3072239,22,11,21,259513
3072447,22,13,21,2335775
3072831,22,10,21,86521
3072895,24,13,23,584029
3073023,22,13,21,2336213
3073151,23,10,22,43265
3073439,24,14,23,1752397
3073583,24,14,23,1752479
3073791,22,13,21,2336797
3074255,23,12,22,389525
3074607,22,8,21,9619
3075007,24,14,23,1753291
3075519,24,14,23,1753583
3076143,24,14,23,1753939
3076543,22,13,21,2338889
3076655,24,14,23,1754231
3077311,24,14,23,1754605
3077503,22,12,21,779873
3077839,22,13,21,2339875
3077887,24,14,23,1754933
3078079,22,12,21,780019
3078367,24,12,23,195023
3078399,24,12,23,195025
3078767,24,13,23,585145
3078911,22,13,21,2340689
3079279,22,12,21,780323
3079359,23,13,22,1170515
3079647,24,14,23,1755937
3079727,23,13,22,1170655
3080223,24,14,23,1756265
3080239,22,13,21,2341699
3080943,23,13,22,1171117
3081455,22,13,21,2342623
3081631,22,12,21,780919
3082303,24,13,23,585817
3082447,23,12,22,390563
3083375,22,12,21,781361
3083711,23,11,22,130241
3083759,22,13,21,2344375
3083775,22,13,21,2344387
3083967,22,12,21,781511
3083983,24,14,23,1758409
3084543,22,12,21,781657
3084735,22,13,21,2345117
3084831,24,14,23,1758893
3084927,24,14,23,1758947
3085039,24,13,23,586337
3086031,24,14,23,1759577
3086383,23,13,22,1173185
3086895,22,10,21,86917
3087087,22,13,21,2346905
3087615,23,13,22,1173653
3087775,24,12,23,195619
3087855,22,13,21,2347489
3087999,23,13,22,1173799
3088895,22,13,21,2348279
3090287,23,13,22,1174669
3090335,24,14,23,1762031
3090911,24,13,23,587453
3091183,22,13,21,2350019
3091199,22,13,21,2350031
3091567,22,12,21,783437
3091615,22,12,21,783449
3091647,24,13,23,587593
3091711,24,13,23,587605
3091775,22,13,21,2350469
3091951,22,13,21,2350603
3091967,24,14,23,1762961
3092175,22,11,21,261197
3092671,24,14,23,1763363
3092783,24,13,23,587809
3092975,22,13,21,2351381
3093023,23,12,22,391903
3093103,22,13,21,2351479
3093151,22,13,21,2351515
3093375,22,12,21,783895
3094271,23,11,22,130687
3094495,22,10,21,87131
3095007,23,13,22,1176463
3095023,23,13,22,1176469
3095871,22,13,21,2353583
3096639,22,13,21,2354167
3097071,22,13,21,2354495
3097471,22,12,21,784933
3097759,23,12,22,392503
3098095,23,13,22,1177637
3098239,24,14,23,1766537
3098479,23,13,22,1177783
3098687,24,13,23,588931
3099119,24,13,23,589013
3099375,22,13,21,2356247
3099631,24,14,23,1767331
3100143,24,14,23,1767623
3100447,23,13,22,1178531
3100575,22,13,21,2357159
3100831,24,14,23,1768015
3100911,24,14,23,1768061
3100991,22,12,21,785825
3101087,24,13,23,589387
3101151,22,13,21,2357597
3101311,24,14,23,1768289
3101343,22,13,21,2357743
3101375,22,13,21,2357767
3101567,22,12,21,785971
3102079,24,14,23,1768727
3102367,22,13,21,2358521
3102783,23,13,22,1179419
3103167,24,14,23,1769347
3103215,23,13,22,1179583
3103615,23,12,22,393245
3103679,24,14,23,1769639
3104063,22,13,21,2359811
3104287,22,13,21,2359981
3104303,24,14,23,1769995
3104415,23,13,22,1180039
3104447,24,14,23,1770077
3104671,22,13,21,2360273
3104815,24,14,23,1770287
3105247,22,13,21,2360711
3105263,22,13,21,2360723
3105279,24,14,23,1770551
3105471,22,13,21,2360881
3105951,23,12,22,393541
3106287,23,13,22,1180751
3106303,24,14,23,1771135
3107055,22,13,21,2362085
3107135,23,12,22,393691
3107455,22,12,21,787463
3107487,23,13,22,1181207
3107519,23,13,22,1181219
3108975,22,13,21,2363545
3109087,24,14,23,1772723
3109103,23,13,22,1181821
3109503,23,12,22,393991
3110111,22,13,21,2364409
3110431,24,13,23,591163
3110943,24,14,23,1773781
3110975,23,13,22,1182533
3111023,23,13,22,1182551
3111295,22,13,21,2365309
3112127,22,12,21,788647
3112431,24,9,23,7303
3112863,22,13,21,2366501
3112991,23,12,22,394433
3113023,24,14,23,1774967
3113439,22,13,21,2366939
3114367,24,13,23,591911
3114543,23,13,22,1183889
3114879,24,14,23,1776025
3115135,24,13,23,592057
3115327,23,12,22,394729
3115647,22,12,21,789539
3115711,23,13,22,1184333
3116223,22,12,21,789685
3116527,23,11,22,131627
3116543,23,12,22,394883
3116591,22,13,21,2369335
3117167,22,13,21,2369773
3117215,22,13,21,2369809
3117439,22,7,21,3251
3117759,22,13,21,2370223
3118127,22,13,21,2370503
3118303,22,13,21,2370637
3118527,24,14,23,1778105
3118639,24,13,23,592723
3119359,22,13,21,2371439
3119551,22,13,21,2371585
3119903,22,13,21,2371853
3120063,24,14,23,1778981
3120319,22,12,21,790723
3120383,24,14,23,1779163
3120639,24,12,23,197701
3120671,22,13,21,2372437
3120831,24,14,23,1779419
3121199,23,12,22,395473
3121263,24,14,23,1779665
3121279,22,13,21,2372899
3121599,23,13,22,1186571
3121903,22,13,21,2373373
3121919,24,14,23,1780039
3122175,24,13,23,593395
3122687,22,12,21,791323
3123055,24,14,23,1780687
3123071,22,13,21,2374261
3123263,22,10,21,87941
3123455,22,13,21,2374553
3123647,22,13,21,2374699
3123999,22,13,21,2374967
3124255,24,14,23,1781371
3124783,22,13,21,2375563
3125279,24,12,23,197995
3126207,22,12,21,792215
3126239,23,13,22,1188335
3126303,23,13,22,1188359
3126495,22,13,21,2376865
3126687,23,13,22,1188505
3126735,22,12,21,792349
3126783,22,12,21,792361
3126815,24,13,23,594277
3127503,22,13,21,2377631
3127551,22,13,21,2377667
3128047,24,13,23,594511
3128383,24,13,23,594575
3128559,24,14,23,1783825
3128703,22,13,21,2378543
3128735,22,13,21,2378567
3128815,24,11,23,66073
3129023,23,13,22,1189393
3129039,24,14,23,1784099
3129151,24,13,23,594721
3129215,24,13,23,594733
3129391,23,12,22,396511
3129407,23,10,22,44057
3129471,22,13,21,2379127
3129791,23,13,22,1189685
3130095,22,13,21,2379601
3130271,22,11,21,264415
3130815,24,13,23,595037
3130831,22,12,21,793387
3131007,23,13,22,1190147
3131807,24,14,23,1785677
3131839,24,14,23,1785695
3132191,22,13,21,2381195
3132447,22,13,21,2381389
3132671,22,12,21,793853
3132831,22,13,21,2381681
3132863,22,13,21,2381705
3133119,24,13,23,595475
3133647,23,13,22,1191151
3133695,23,13,22,1191169
3134207,22,13,21,2382727
3134655,24,12,23,198589
3134975,22,12,21,794437
3135343,22,13,21,2383591
3135535,22,12,21,794579
3135967,22,13,21,2384065
3135999,22,13,21,2384089
3136191,22,9,21,29435
3136255,24,13,23,596071
3136623,24,13,23,596141
3136751,22,12,21,794887
3136815,23,13,22,1192355
3136927,22,13,21,2384795
3137231,23,13,22,1192513
3138047,23,13,22,1192823
3138287,22,13,21,2385829
3138815,23,12,22,397705
3138879,22,13,21,2386279
3139023,22,12,21,795463
3139199,23,13,22,1193261
3140287,22,11,21,265261
3140303,23,13,22,1193681
3140351,23,13,22,1193699
3140767,23,13,22,1193857
3140863,22,12,21,795929
3141151,24,14,23,1791005
3141887,23,13,22,1194283
3142175,22,13,21,2388785
3142383,24,14,23,1791707
3142767,22,13,21,2389235
3142815,22,13,21,2389271
3142959,22,13,21,2389381
3143119,24,14,23,1792127
3143295,24,13,23,597409
3143423,22,13,21,2389733
3143535,22,13,21,2389819
3143791,22,10,21,88519
3143807,24,14,23,1792519
3144063,24,11,23,66395
3144159,22,13,21,2390293
3144319,24,14,23,1792811
3144383,22,11,21,265607
3144431,24,13,23,597625
3144575,22,13,21,2390609
3144687,24,14,23,1793021
3144863,24,13,23,597707
3145455,24,14,23,1793459
3145887,24,14,23,1793705
3146175,24,14,23,1793869
3146687,24,14,23,1794161
3146751,22,11,21,265807
3147071,22,13,21,2392507
3147391,23,13,22,1196375
3147679,24,14,23,1794727
3147887,22,11,21,265903
3147903,22,12,21,797713
3148191,24,14,23,1795019
3148543,23,13,22,1196813
3149007,22,12,21,797993
3149343,23,11,22,133013
3149599,22,12,21,798143
3149679,23,13,22,1197245
3149727,23,13,22,1197263
3150143,23,13,22,1197421
3150239,22,12,21,798305
3150367,22,13,21,2395013
3151007,22,13,21,2395499
3151071,24,10,23,22181
3151391,22,10,21,88733
3151407,22,12,21,798601
3152191,22,13,21,2396399
3152351,22,13,21,2396521
3152575,22,11,21,266299
3152767,22,13,21,2396837
3153567,22,13,21,2397445
3153727,22,12,21,799189
3154047,23,12,22,399635
3154239,24,13,23,599489
3154335,22,12,21,799343
3154415,23,13,22,1199045
3154559,22,13,21,2398199
3155263,22,13,21,2398735
3155695,22,13,21,2399063
3156127,22,11,21,266599
3156207,24,13,23,599863
3156415,23,12,22,399935
3156607,24,13,23,599939
3156687,24,14,23,1799863
3156863,24,14,23,1799963
3157199,22,12,21,800069
3157663,22,13,21,2400559
3157919,23,13,22,1200377
3157951,23,13,22,1200389
3158255,22,13,21,2401009
3158655,22,13,21,2401313
3159599,22,12,21,800677
3160191,22,12,21,800827
3160383,22,13,21,2402627
3160703,23,13,22,1201435
3161791,24,14,23,1802773
3161839,23,13,22,1201867
3162047,24,13,23,600973
3162095,22,13,21,2403929
3162271,23,11,22,133559
3162351,22,13,21,2404123
3162527,22,12,21,801419
3163071,24,14,23,1803503
3163103,22,12,21,801565
3163615,24,13,23,601271
3164063,22,13,21,2405425
3164607,23,12,22,400973
3164639,24,14,23,1804397
3165311,22,13,21,2406373
3165679,22,13,21,2406653
3166063,24,14,23,1805209
3166143,23,13,22,1203503
3166431,24,14,23,1805419
3166847,22,13,21,2407541
3166975,23,12,22,401273
3167007,22,13,21,2407663
3167279,23,13,22,1203935
3167359,23,13,22,1203965
3167711,24,14,23,1806149
3168191,22,13,21,2408563
3168463,23,13,22,1204385
3168879,23,13,22,1204543
3169023,22,12,21,803065
3169247,23,12,22,401561
3169407,22,13,21,2409487
3169759,22,13,21,2409755
3170335,22,13,21,2410193
3170351,22,13,21,2410205
3170943,24,14,23,1807991
3171135,24,14,23,1808101
3171359,22,12,21,803657
3171711,22,13,21,2411239
3172223,24,12,23,200969
3172479,24,14,23,1808867
3172559,24,13,23,602971
3173103,22,11,21,268033
3173119,22,12,21,804103
3173311,22,13,21,2412455
3173887,22,13,21,2412893
3174303,24,14,23,1809907
3174335,23,13,22,1206617
3174447,22,13,21,2413319
3174703,23,13,22,1206757
3175023,22,13,21,2413757
3175199,22,13,21,2413891
3175455,22,12,21,804695
3175903,23,13,22,1207213
3176063,22,11,21,268283
3176655,23,13,22,1207499
3176927,24,10,23,22363
3177167,22,12,21,805129
3177215,22,12,21,805141
3177471,24,14,23,1811713
3177535,22,13,21,2415667
3177775,22,12,21,805283
3177791,22,11,21,268429
3177855,23,13,22,1207955
3177919,23,13,22,1207979
3177983,24,14,23,1812005
3178175,22,13,21,2416153
3178367,22,12,21,805433
3178543,22,13,21,2416433
3178719,24,14,23,1812425
3179263,24,12,23,201415
3179487,24,14,23,1812863
3179759,22,13,21,2417357
3179839,23,10,22,44767
3179935,22,13,21,2417491
3180031,24,13,23,604391
3180543,22,13,21,2417953
3181055,23,12,22,403057
3181167,24,13,23,604607
3181599,24,12,23,201563
3181727,22,13,21,2418853
3181807,23,13,22,1209457
3181823,23,13,22,1209463
3182191,24,14,23,1814405
3182799,22,13,21,2419669
3182815,22,13,21,2419681
3183087,22,12,21,806629
3183103,22,12,21,806633
3183263,22,13,21,2420021
3183311,23,12,22,403343
3183391,22,13,21,2420119
3184079,23,13,22,1210321
3184639,22,13,21,2421067
3185599,22,13,21,2421797
3185727,22,13,21,2421895
3185775,22,13,21,2421931
3185791,24,14,23,1816457
3185967,22,12,21,807359
3186047,23,13,22,1211069
3186367,22,13,21,2422381
3186383,22,13,21,2422393
3187167,22,11,21,269221
3187183,22,12,21,807667
3187391,22,13,21,2423159
3187759,22,8,21,9973
3187951,22,13,21,2423585
3188127,22,13,21,2423719
3189407,24,13,23,606173
3189439,24,13,23,606179
3189631,23,13,22,1212431
3190015,23,13,22,1212577
3190223,22,13,21,2425313
3190431,24,14,23,1819103
3190479,22,13,21,2425507
3190527,22,13,21,2425543
3190719,24,14,23,1819267
3190895,22,13,21,2425823
3190991,22,13,21,2425897
3191103,22,13,21,2425981
3191199,24,14,23,1819541
3191279,22,12,21,808705
3191295,22,12,21,808709
3191679,22,13,21,2426419
3191919,23,13,22,1213301
3192111,24,12,23,202229
3192511,24,13,23,606763
3192575,24,13,23,606775
3192767,23,9,22,14983
3192831,24,14,23,1820471
3192879,24,13,23,606833
3193855,22,13,21,2428073
3193967,24,14,23,1821119
3194015,22,13,21,2428195
3194815,22,11,21,269867
3195551,22,13,21,2429363
3195775,22,13,21,2429533
3195903,23,13,22,1214815
3197135,22,9,21,30007
3197423,23,12,22,405131
3198751,24,13,23,607949
3198911,22,10,21,90071
3199391,23,13,22,1216141
3199471,24,14,23,1824257
3199871,22,13,21,2432647
3200047,22,10,21,90103
3200111,23,13,22,1216415
3200127,24,14,23,1824631
3200159,23,13,22,1216433
3200959,23,11,22,135193
3201231,22,11,21,270409
3201775,24,14,23,1825571
3202175,24,14,23,1825799
3202207,22,13,21,2434423
3203311,24,14,23,1826447
3203391,22,13,21,2435323
3203967,22,13,21,2435761
3204063,23,13,22,1217917
3204479,23,12,22,406025
3204511,24,14,23,1827131
3205247,23,13,22,1218367
3205279,23,13,22,1218379
3205327,22,11,21,270755
3205375,22,10,21,90253
3205583,23,12,22,406165
3205615,23,12,22,406169
3205919,22,11,21,270805
3206127,22,13,21,2437403
3206703,22,13,21,2437841
3206815,23,12,22,406321
3206895,22,13,21,2437987
3207583,23,13,22,1219255
3207967,23,10,22,45163
3208159,24,13,23,609737
3209151,23,11,22,135539
3209439,24,14,23,1829941
3209471,22,11,21,271105
3209535,23,13,22,1219997
3209839,22,13,21,2440225
3210303,23,12,22,406763
3210431,22,13,21,2440675
3210623,22,12,21,813607
3210991,22,13,21,2441101
3211295,24,13,23,610333
3211503,23,12,22,406915
3211583,22,13,21,2441551
3212159,22,13,21,2441989
3212255,23,13,22,1221031
3212271,23,13,22,1221037
3212703,23,11,22,135689
3213183,22,13,21,2442767
3213375,24,14,23,1832185
3213519,22,11,21,271447
3213727,22,13,21,2443181
3213775,23,12,22,407203
3214143,22,12,21,814499
3214463,24,12,23,203645
3214527,22,13,21,2443789
3214655,24,14,23,1832915
3214751,22,10,21,90517
3214831,24,13,23,611005
3215055,24,14,23,1833143
3215087,24,14,23,1833161
3215359,22,12,21,814807
3215391,23,13,22,1222223
3215999,24,13,23,611227
3216511,22,12,21,815099
3216767,24,12,23,203791
3217279,22,13,21,2445881
3217407,23,12,22,407663
3217535,24,13,23,611519
3217855,24,14,23,1834739
3218031,22,13,21,2446453
3218127,23,13,22,1223263
3218399,22,13,21,2446733
3218415,22,13,21,2446745
3218543,23,12,22,407807
3218623,22,13,21,2446903
3218847,22,11,21,271897
3218927,23,13,22,1223567
3218943,23,13,22,1223573
3218991,22,13,21,2447183
3219183,22,13,21,2447329
3219439,24,13,23,611881
3219679,23,12,22,407951
3220223,22,13,21,2448119
3220511,23,13,22,1224169
3220607,22,12,21,816137
3220959,22,13,21,2448679
3220991,22,13,21,2448703
3221375,22,13,21,2448995
3222559,22,13,21,2449895
3222719,22,13,21,2450017
3222783,24,14,23,1837549
3223855,22,13,21,2450881
3223999,23,13,22,1225495
3224031,24,14,23,1838261
3224175,24,13,23,612781
3224607,24,13,23,612863
3224687,22,12,21,817171
3224767,23,13,22,1225787
3225039,22,13,21,2451781
3225055,22,13,21,2451793
3225087,22,13,21,2451817
3225455,22,13,21,2452097
3225631,22,13,21,2452231
3225823,22,12,21,817459
3226223,22,13,21,2452681
3226319,23,13,22,1226377
3226591,22,13,21,2452961
3226655,22,13,21,2453009
3227071,22,12,21,817775
3227519,23,13,22,1226833
3228207,22,12,21,818063
3228415,22,13,21,2454347
3228479,24,12,23,204533
3228607,22,13,21,2454493
3228799,22,12,21,818213
3229135,22,13,21,2454895
3229183,22,13,21,2454931
3229567,24,14,23,1841417
3230319,22,13,21,2455795
3230655,23,13,22,1228025
3230751,22,13,21,2456123
3230911,22,13,21,2456245
3231023,23,13,22,1228165
3231439,23,12,22,409441
3232255,23,13,22,1228633
3232415,24,13,23,614347
3232463,22,13,21,2457425
3232639,23,11,22,136531
3232703,24,14,23,1843205
3232927,22,12,21,819259
3233231,22,13,21,2458009
3233247,22,13,21,2458021
3233327,24,14,23,1843561
3233823,22,13,21,2458459
3234303,22,13,21,2458823
3234351,24,12,23,204905
3234687,22,11,21,273235
3234751,24,13,23,614791
3235055,22,13,21,2459395
3235119,24,13,23,614861
3235711,23,13,22,1229947
3235951,24,13,23,615019
3236543,23,13,22,1230263
3237375,24,14,23,1845869
3237583,22,12,21,820439
3237743,22,13,21,2461439
3237999,22,13,21,2461633
3238511,22,13,21,2462023
3238559,22,13,21,2462059
3238591,22,13,21,2462083
3238943,24,14,23,1846763
3239631,23,12,22,410479
3239663,23,12,22,410483
3239967,22,9,21,30409
3240047,23,13,22,1231595
3240447,23,13,22,1231747
3240655,22,13,21,2463653
3240959,22,13,21,2463883
3241263,22,13,21,2464115
3241503,24,14,23,1848223
3241631,23,13,22,1232197
3242015,24,14,23,1848515
3242303,22,12,21,821635
3242367,23,13,22,1232477
3242687,22,13,21,2465197
3242783,24,14,23,1848953
3242815,24,14,23,1848971
3243247,22,13,21,2465623
3243759,24,12,23,205501
3244063,22,11,21,274027
3244335,23,8,22,5075
3244527,24,13,23,616649
3244655,22,8,21,10151
3244671,22,12,21,822235
3244703,23,13,22,1233365
3245055,22,13,21,2466997
3245215,22,12,21,822373
3245551,24,14,23,1850531
3245615,22,13,21,2467423
3245727,24,13,23,616877
3245983,22,13,21,2467703
3246207,22,13,21,2467873
3246319,23,13,22,1233979
3247567,24,13,23,617227
3247663,24,13,23,617245
3247855,23,12,22,411521
3248159,22,11,21,274373
3248767,22,12,21,823273
3249343,22,9,21,30497
3249407,23,13,22,1235153
3249455,22,13,21,2470343
3249663,24,9,23,7625
3249711,22,13,21,2470537
3249823,23,13,22,1235311
3250335,22,13,21,2471011
3250623,23,13,22,1235615
3250671,22,13,21,2471267
3250799,24,10,23,22883
3250943,24,14,23,1853605
3251391,23,11,22,137323
3251711,22,11,21,274673
3251871,22,13,21,2472179
3252031,22,13,21,2472301
3252127,23,13,22,1236187
3252671,22,13,21,2472787
3252863,22,12,21,824311
3252895,23,13,22,1236479
3253711,23,9,22,15269
3253727,23,12,22,412265
3253759,23,11,22,137423
3253807,22,13,21,2473651
3253999,22,12,21,824599
3254431,22,13,21,2474125
3254511,23,13,22,1237093
3254591,22,12,21,824749
3254911,23,12,22,412415
3255615,24,14,23,1856269
3255919,22,13,21,2475257
3255967,22,13,21,2475293
3256351,22,11,21,275065
3256559,22,13,21,2475743
3256735,22,13,21,2475877
3256943,22,10,21,91705
3257311,22,13,21,2476315
3257535,22,11,21,275165
3257807,24,11,23,68797
3257903,22,13,21,2476765
3258815,23,13,22,1238729
3259007,24,12,23,206467
3259039,24,8,23,2549
3259119,24,14,23,1858267
3259199,24,14,23,1858313
3259631,24,14,23,1858559
3260223,22,13,21,2478529
3260287,24,14,23,1858933
3260543,24,13,23,619693
3260639,22,13,21,2478845
3260655,22,13,21,2478857
3260863,22,13,21,2479015
3261375,24,12,23,206617
3261423,24,14,23,1859581
3261599,24,14,23,1859681
3261823,22,13,21,2479745
3261855,22,13,21,2479769
3261903,23,11,22,137767
3261919,23,12,22,413303
3261999,22,13,21,2479879
3262191,22,12,21,826675
3262463,22,13,21,2480231
3262591,22,13,21,2480329
3262879,24,13,23,620137
3262911,24,13,23,620143
3263167,24,14,23,1860575
3263423,22,12,21,826987
3263471,23,13,22,1240499
3263615,22,13,21,2481107
3264047,24,13,23,620359
3264159,22,13,21,2481521
3264735,22,13,21,2481959
3264991,24,14,23,1861615
3265071,24,14,23,1861661
3265183,22,10,21,91937
3265279,24,13,23,620593
3265727,22,11,21,275857
3265791,24,14,23,1862071
3265919,22,13,21,2482859
3266047,24,11,23,68971
3266415,24,13,23,620809
3267007,23,13,22,1241843
3267327,22,13,21,2483929
3267519,22,12,21,828025
3267711,22,13,21,2484221
3267823,23,11,22,138017
3268063,22,12,21,828163
3268079,22,12,21,828167
3268143,23,13,22,1242275
3268223,23,13,22,1242305
3268287,22,13,21,2484659
3268415,22,13,21,2484757
3268655,22,12,21,828313
3268831,22,13,21,2485073
3268847,22,13,21,2485085
3269055,22,13,21,2485243
3270095,23,11,22,138113
3270271,22,13,21,2486167
3270719,24,12,23,207209
3270975,24,14,23,1865027
3271327,23,10,22,46055
3271375,22,13,21,2487007
3271423,22,13,21,2487043
3271615,22,12,21,829063
3272751,22,12,21,829351
3273151,22,13,21,2488357
3273343,24,14,23,1866377
3273663,23,12,22,414791
3273855,24,13,23,622223
3274111,22,13,21,2489087
3274367,22,13,21,2489281
3274431,23,13,22,1244665
3274447,24,14,23,1867007
3274879,24,14,23,1867253
3275263,23,13,22,1244981
3275519,22,13,21,2490157
3275759,24,13,23,622585
3275887,22,13,21,2490437
3276223,24,13,23,622673
3276255,22,12,21,830239
3276335,23,13,22,1245389
3276479,24,14,23,1868165
3276783,24,14,23,1868339
3276863,22,12,21,830393
3277247,24,14,23,1868603
3278847,24,14,23,1869515
3279615,22,13,21,2493271
3279983,22,13,21,2493551
3280031,22,13,21,2493587
3280127,24,12,23,207805
3280175,24,14,23,1870273
3280319,23,13,22,1246903
3280575,22,13,21,2494001
3280591,22,13,21,2494013
3280751,22,13,21,2494135
3280799,22,13,21,2494171
3280943,22,12,21,831427
3281343,22,13,21,2494585
3281951,22,13,21,2495047
3282687,23,13,22,1247803
3282799,24,13,23,623923
3282911,22,13,21,2495777
3283167,24,13,23,623993
3283743,24,14,23,1872307
3284127,22,13,21,2496701
3285023,24,14,23,1873037
3285055,22,12,21,832469
3285103,22,12,21,832481
3285487,22,13,21,2497735
3286271,22,12,21,832777
3286895,23,13,22,1249403
3287279,24,14,23,1874323
3287759,24,14,23,1874597
3287791,24,14,23,1874615
3287807,22,13,21,2499499
3288175,22,13,21,2499779
3288223,22,13,21,2499815
3288559,24,14,23,1875053
3288623,22,10,21,92597
3288783,22,13,21,2500241
3288991,22,13,21,2500399
3289407,22,13,21,2500715
3289503,24,12,23,208399
3289583,22,13,21,2500849
3289631,23,13,22,1250443
3290079,23,10,22,46319
3290111,23,12,22,416875
3290271,24,13,23,625343
3290671,24,11,23,69491
3290879,23,13,22,1250917
3291247,23,12,22,417019
3291263,23,11,22,139007
3291519,22,12,21,834107
3291631,23,13,22,1251203
3291839,24,12,23,208547
3292463,24,14,23,1877279
3293119,22,13,21,2503537
3293183,24,14,23,1877689
3293215,23,13,22,1251805
3293311,22,10,21,92729
3293503,22,13,21,2503829
3293631,23,10,22,46369
3293695,24,14,23,1877981
3294175,24,11,23,69565
3294367,23,13,22,1252243
3295087,23,13,22,1252517
3295135,23,13,22,1252535
3295647,22,12,21,835153
3295679,22,11,21,278387
3296239,22,12,21,835303
3296767,24,14,23,1879733
3297135,24,14,23,1879943
3297183,22,13,21,2506627
3297439,22,12,21,835607
3297599,22,13,21,2506943
3298975,22,13,21,2507989
3299439,23,12,22,418057
3299535,22,13,21,2508415
3299583,22,13,21,2508451
3299647,24,13,23,627125
3299823,23,13,22,1254317
3300319,22,11,21,278779
3300335,22,12,21,836341
3300671,24,14,23,1881959
3300991,24,14,23,1882141
3301023,23,13,22,1254773
3301279,22,13,21,2509741
3301535,22,12,21,836645
3301791,23,12,22,418355
3301871,22,13,21,2510191
3302559,23,13,22,1255357
3302639,24,14,23,1883081
3302783,24,13,23,627721
3302911,22,13,21,2510981
3303071,22,13,21,2511103
3303295,24,14,23,1883455
3303631,22,13,21,2511529
3303663,22,13,21,2511553
3303743,23,13,22,1255807
3304143,23,10,22,46517
3304175,24,14,23,1883957
3304431,22,12,21,837379
3304575,23,13,22,1256123
3304911,24,14,23,1884377
3304943,24,14,23,1884395
3305375,24,14,23,1884641
3305663,23,13,22,1256537
3305711,23,13,22,1256555
3306111,23,13,22,1256707
3306143,24,14,23,1885079
3306175,24,14,23,1885097
3306911,23,13,22,1257011
3306959,22,13,21,2514059
3307375,22,10,21,93125
3307759,22,13,21,2514667
3308031,24,14,23,1886155
3308287,24,11,23,69863
3308927,22,13,21,2515555
3308959,22,13,21,2515579
3309215,23,13,22,1257887
3309247,23,13,22,1257899
3309471,22,13,21,2515969
3310047,24,14,23,1887305
3310319,22,12,21,838871
3310335,22,11,21,279625
3310623,24,12,23,209737
3311487,22,12,21,839167
3311615,23,13,22,1258799
3311935,23,13,22,1258921
3312255,22,13,21,2518085
3312383,23,10,22,46633
3312495,24,13,23,629567
3312671,24,14,23,1888801
3313135,23,13,22,1259377
3313263,24,13,23,629713
3313279,22,12,21,839621
3313519,23,10,22,46649
3313887,23,13,22,1259663
3313903,23,13,22,1259669
3314383,22,11,21,279967
3314623,22,13,21,2519885
3314719,23,12,22,419993
3314927,24,13,23,630029
3315327,24,12,23,210035
3315583,22,12,21,840205
3315615,22,8,21,10373
3315919,24,14,23,1890653
3315951,24,14,23,1890671
3316543,24,14,23,1891009
3316607,24,14,23,1891045
3316799,24,13,23,630385
3316863,24,13,23,630397
3316975,22,13,21,2521673
3317119,22,13,21,2521783
3317183,22,13,21,2521831
3317231,24,13,23,630467
3317375,22,12,21,840659
3317439,23,13,22,1261013
3318767,24,12,23,210253
3319167,24,13,23,630835
3320303,22,9,21,31163
3320863,22,12,21,841543
3321279,24,14,23,1893709
3321759,23,10,22,46765
3321791,24,14,23,1894001
3322047,24,14,23,1894147
3322415,24,14,23,1894357
3322559,24,14,23,1894439
3322815,22,13,21,2526113
3322991,22,13,21,2526247
3323007,22,13,21,2526259
3323183,24,14,23,1894795
3323359,24,14,23,1894895
3323583,22,13,21,2526697
3323647,24,14,23,1895059
3323775,22,12,21,842281
3324159,24,14,23,1895351
3324383,22,12,21,842435
3324399,22,11,21,280813
3324735,22,13,21,2527573
3324799,22,13,21,2527621
3324959,22,12,21,842581
3325183,22,13,21,2527913
3325231,23,12,22,421325
3325311,22,13,21,2528011
3325631,23,13,22,1264127
3325999,23,13,22,1264267
3326879,22,13,21,2529203
3327231,23,13,22,1264735
3327903,22,10,21,93703
3328495,22,11,21,281159
3328799,24,14,23,1897997
3329471,22,13,21,2531173
3329567,24,14,23,1898435
3329663,24,14,23,1898489
3330287,24,14,23,1898845
3330751,23,13,22,1266073
3330799,24,14,23,1899137
3330943,24,13,23,633073
3331183,22,13,21,2532475
3331199,24,14,23,1899365
3331231,22,13,21,2532511
3331519,23,13,22,1266365
3331791,24,14,23,1899703
3332143,22,13,21,2533205
3332303,24,14,23,1899995
3333151,22,12,21,844657
3333279,24,13,23,633517
3333535,24,14,23,1900697
3334079,24,12,23,211223
3334255,23,13,22,1267405
3334271,24,14,23,1901117
3334303,24,14,23,1901135
3334703,24,14,23,1901363
3334847,24,13,23,633815
3335423,23,13,22,1267849
3335727,22,13,21,2535929
3335839,23,12,22,422669
3336303,22,13,21,2536367
3336687,22,11,21,281851
3336703,24,14,23,1902503
3336895,22,13,21,2536817
3337471,22,13,21,2537255
3337519,24,12,23,211441
3337663,22,13,21,2537401
3337727,24,14,23,1903087
3337839,22,12,21,845845
3337919,24,13,23,634399
3338351,24,13,23,634481
3338783,22,13,21,2538253
3338799,22,13,21,2538265
3339263,22,13,21,2538617
3339375,22,13,21,2538703
3339487,24,13,23,634697
3339807,22,13,21,2539031
3340031,22,13,21,2539201
3340511,24,14,23,1904675
3340527,23,12,22,423263
3340543,24,14,23,1904693
3340607,22,13,21,2539639
3340991,22,13,21,2539931
3342063,23,13,22,1270373
3342367,22,13,21,2540977
3342655,24,13,23,635299
3343359,22,13,21,2541731
3344031,23,12,22,423707
3344063,23,8,22,5231
3344079,24,14,23,1906709
3344127,22,13,21,2542315
3344495,22,13,21,2542595
3344543,22,13,21,2542631
3345535,24,14,23,1907539
3345615,22,13,21,2543447
3345903,24,14,23,1907749
3345951,23,13,22,1271851
3346159,24,13,23,635965
3346207,22,13,21,2543897
3346463,22,13,21,2544091
3346591,24,13,23,636047
3346655,22,10,21,94231
3346847,22,13,21,2544383
3346975,22,13,21,2544481
3347071,22,13,21,2544553
3347183,24,14,23,1908479
3347503,23,12,22,424147
3347615,22,13,21,2544967
3347839,22,11,21,282793
3348175,22,13,21,2545393
3348415,22,12,21,848525
3348639,22,13,21,2545745
3348719,23,12,22,424301
3348735,23,12,22,424303
3348863,24,13,23,636479
3349183,22,13,21,2546159
3349567,22,10,21,94313
3349695,24,13,23,636637
3349887,23,10,22,47161
3349919,24,14,23,1910039
3350015,22,13,21,2546791
3350207,22,10,21,94331
3350255,23,13,22,1273487
3350687,23,13,22,1273651
3350751,22,11,21,283039
3350943,22,13,21,2547497
3351167,22,13,21,2547667
3352031,24,13,23,637081
3352063,24,13,23,637087
3352303,22,13,21,2548531
3352319,24,14,23,1911407
3352735,22,13,21,2548859
3352831,24,12,23,212411
3353039,22,12,21,849697
3353055,24,14,23,1911827
3353807,22,13,21,2549675
3355247,24,14,23,1913077
3355695,23,12,22,425185
3355775,23,12,22,425195
3355839,22,13,21,2551219
3356063,22,12,21,850463
3356111,23,13,22,1275713
3356127,23,13,22,1275719
3356159,23,13,22,1275731
3356895,23,11,22,141779
3356991,22,13,21,2552095
3357311,23,13,22,1276169
3357423,22,13,21,2552423
3358111,23,12,22,425491
3358415,24,14,23,1914883
3358447,23,13,22,1276601
3358879,23,13,22,1276765
3359135,22,13,21,2553725
3359551,24,14,23,1915531
3359679,23,13,22,1277069
3360207,24,13,23,638635
3360927,24,14,23,1916315
3361407,24,13,23,638863
3361599,23,12,22,425933
3361647,22,13,21,2555635
3361727,22,13,21,2555695
3361903,22,11,21,283981
3362031,23,13,22,1277963
3362111,22,13,21,2555987
3362207,24,12,23,213005
3362287,22,13,21,2556121
3363455,22,13,21,2557009
3363487,24,14,23,1917775
3363951,23,10,22,47359
3364287,22,12,21,852547
3364319,23,13,22,1278833
3364479,22,13,21,2557787
3365423,24,14,23,1918879
3365823,22,13,21,2558809
3366047,22,10,21,94777
3366367,22,13,21,2559223
3366399,24,14,23,1919435
3366959,22,13,21,2559673
3367743,22,12,21,853423
3368255,23,13,22,1280329
3369711,22,13,21,2561765
3369839,22,13,21,2561863
3369855,23,12,22,426979
3369919,22,13,21,2561923
3370479,22,13,21,2562349
3371055,22,13,21,2562787
3371487,22,13,21,2563115
3371503,22,13,21,2563127
3371903,22,12,21,854477
3372063,22,13,21,2563553
3372511,23,13,22,1281947
3372671,22,13,21,2564015
3373551,24,13,23,641171
3373951,24,12,23,213749
3374015,22,13,21,2565037
3374399,22,13,21,2565329
3374831,24,14,23,1924243
3374975,22,13,21,2565767
3375151,22,13,21,2565901
3375215,22,13,21,2565949
3375423,22,10,21,95041
3375615,22,13,21,2566253
3375663,23,12,22,427715
3376031,23,13,22,1283285
3376287,24,11,23,71299
3376511,24,14,23,1925201
3376623,24,13,23,641755
3376879,23,9,22,15847
3376895,23,12,22,427871
3378431,23,13,22,1284197
3378735,24,14,23,1926469
3378895,22,12,21,856249
3378927,22,11,21,285419
3379903,24,14,23,1927135
3380095,22,12,21,856553
3380223,24,13,23,642439
3380479,22,13,21,2569951
3381215,22,12,21,856837
3381295,24,13,23,642643
3381759,24,13,23,642731
3381807,22,12,21,856987
3381887,22,9,21,31741
3382207,22,13,21,2571265
3382239,24,14,23,1928467
3382575,22,13,21,2571545
3382783,24,14,23,1928777
3383023,22,10,21,95255
3383231,22,13,21,2572043
3383775,22,13,21,2572457
3383935,23,11,22,142921
3383999,22,13,21,2572627
3384223,23,13,22,1286399
3384287,23,13,22,1286423
3385039,23,12,22,428903
3385071,23,11,22,142969
3385087,23,12,22,428909
3385663,24,11,23,71497
3385983,22,11,21,286015
3386623,23,13,22,1287311
3387327,22,13,21,2575157
3387423,24,14,23,1931423
3387503,22,13,21,2575291
3387807,23,13,22,1287761
3387903,22,13,21,2575595
3388095,22,13,21,2575741
3388975,23,13,22,1288205
3389407,22,12,21,858913
3389599,24,13,23,644221
3389887,22,13,21,2577103
3390079,22,11,21,286361
3390239,22,13,21,2577371
3390463,22,13,21,2577541
3390527,24,14,23,1933193
3390655,22,12,21,859229
3390943,23,9,22,15913
3391007,22,13,21,2577955
3391135,24,13,23,644513
3391423,22,13,21,2578271
3391615,24,14,23,1933813
3392159,24,14,23,1934123
3392191,24,14,23,1934141
3392447,24,14,23,1934287
3392511,23,13,22,1289549
3392991,22,11,21,286607
3393263,23,11,22,143315
3393647,23,13,22,1289981
3393951,22,13,21,2580193
3393983,22,13,21,2580217
3394239,24,13,23,645103
3394415,23,12,22,430091
3394543,22,13,21,2580643
3394559,22,13,21,2580655
3395103,22,13,21,2581069
3395263,24,14,23,1935893
3395615,23,12,22,430243
3395631,23,9,22,15935
3395695,22,13,21,2581519
3396351,24,14,23,1936513
3396383,23,13,22,1291021
3396799,24,14,23,1936769
3396863,24,14,23,1936805
3397087,22,10,21,95651
3397487,24,14,23,1937161
3397567,23,13,22,1291471
3397839,22,13,21,2583149
3397887,22,13,21,2583185
3398255,22,12,21,861155
3398271,22,11,21,287053
3398351,23,13,22,1291769
3398639,22,13,21,2583757
3398767,24,14,23,1937891
3398847,22,12,21,861305
3399135,23,11,22,143563
3399199,24,14,23,1938137
3400447,22,13,21,2585131
3400703,23,13,22,1292663
3401791,24,14,23,1939615
3401887,23,13,22,1293113
3401935,22,13,21,2586263
3401967,24,14,23,1939715
3402143,22,13,21,2586421
3402191,23,13,22,1293229
3402527,22,13,21,2586713
3402559,22,13,21,2586737
3402623,24,14,23,1940089
3402687,23,11,22,143713
3402735,22,13,21,2586871
3402879,24,13,23,646745
3403295,22,13,21,2587297
3403423,23,13,22,1293697
3403551,24,13,23,646873
3403823,23,11,22,143761
3404079,22,12,21,862631
3404191,23,13,22,1293989
3404735,22,11,21,287599
3404991,23,12,22,431431
3405215,24,13,23,647189
3405311,22,12,21,862943
3405759,23,13,22,1294585
3406079,22,13,21,2589413
3406591,23,13,22,1294901
3406655,22,13,21,2589851
3406783,24,10,23,23981
3406831,22,13,21,2589985
3406975,23,13,22,1295047
3407007,24,14,23,1942589
3407263,22,13,21,2590313
3407327,23,11,22,143909
3407487,22,13,21,2590483
3408031,22,13,21,2590897
3408111,23,13,22,1295479
3408799,22,12,21,863827
3408879,23,13,22,1295771
3409311,23,13,22,1295935
3409343,23,13,22,1295947
3409359,22,12,21,863969
3409791,22,13,21,2592235
3410127,22,13,21,2592491
3410335,22,13,21,2592649
3410383,23,13,22,1296343
3410751,22,13,21,2592965
3411183,22,12,21,864431
3411199,22,11,21,288145
3412015,23,11,22,144107
3412223,24,13,23,648521
3412271,22,12,21,864707
3412591,24,12,23,216197
3412719,22,13,21,2594461
3413023,24,13,23,648673
3413119,22,13,21,2594765
3413247,23,10,22,48053
3413887,22,13,21,2595349
3414767,23,13,22,1298009
3415023,22,13,21,2596213
3415455,22,13,21,2596541
3415487,22,13,21,2596565
3416383,24,14,23,1947935
3416623,22,13,21,2597429
3416815,24,14,23,1948181
3416895,24,13,23,649409
3417119,23,13,22,1298903
3417215,22,13,21,2597879
3417407,24,14,23,1948519
3417983,22,13,21,2598463
3418175,22,12,21,866203
3418783,22,12,21,866357
3418863,24,13,23,649783
3419007,22,13,21,2599241
3419167,22,13,21,2599363
3419455,23,13,22,1299791
3419583,22,13,21,2599679
3420575,24,14,23,1950325
3420655,23,13,22,1300247
3420719,22,13,21,2600543
3420863,24,12,23,216721
3421055,23,13,22,1300399
3422703,22,13,21,2602051
3422911,24,14,23,1951657
3423103,22,13,21,2602355
3423263,22,13,21,2602477
3423535,24,13,23,650671
3423679,22,13,21,2602793
3423743,24,14,23,1952131
3423775,23,12,22,433811
3424127,23,13,22,1301567
3424815,22,13,21,2603657
3425023,24,14,23,1952861
3425407,22,13,21,2604107
3425791,24,14,23,1953299
3425999,22,13,21,2604557
3426415,22,12,21,868291
3426783,22,13,21,2605153
3426799,22,13,21,2605165
3426927,24,14,23,1953947
3426975,22,12,21,868433
3427327,23,12,22,434261
3427359,22,13,21,2605591
3427535,22,11,21,289525
3427631,23,13,22,1302899
3427871,24,12,23,217165
3428095,23,13,22,1303075
3428831,23,13,22,1303355
3428863,23,13,22,1303367
3429247,23,13,22,1303513
3429407,24,13,23,651787
3429935,22,12,21,869183
3430047,23,13,22,1303817
3430095,22,13,21,2607671
3430431,24,14,23,1955945
3431119,24,14,23,1956337
3431295,22,13,21,2608583
3431743,24,13,23,652231
3431967,23,12,22,434849
3432063,24,14,23,1956875
3432095,22,13,21,2609191
3432319,23,13,22,1304681
3432863,22,11,21,289975
3433087,22,13,21,2609945
3433439,22,12,21,870071
3433455,22,9,21,32225
3433855,24,14,23,1957897
3434143,24,13,23,652687
3434191,22,13,21,2610785
3434367,24,14,23,1958189
3434735,23,13,22,1305599
3434911,24,10,23,24179
3434943,24,12,23,217613
3435135,23,13,22,1305751
3435503,23,11,22,145099
3436079,24,12,23,217685
3436143,22,13,21,2612269
3436239,23,13,22,1306171
3436703,23,12,22,435449
3436735,22,13,21,2612719
3436783,22,13,21,2612755
3437055,23,13,22,1306481
3437535,22,12,21,871109
3437791,23,12,22,435587
3437871,22,13,21,2613583
3438111,22,12,21,871255
3438127,22,12,21,871259
3438239,23,13,22,1306931
3438335,24,14,23,1960451
3438591,24,14,23,1960597
3438703,22,12,21,871405
3439103,24,14,23,1960889
3439151,24,13,23,653639
3439727,24,14,23,1961245
3439807,23,13,22,1307527
3440127,22,13,21,2615297
3440287,22,13,21,2615419
3440671,22,13,21,2615711
3440863,22,13,21,2615857
3441087,22,12,21,872009
3441119,24,13,23,654013
3441407,24,14,23,1962203
3441647,22,11,21,290717
3441695,24,14,23,1962367
3442175,24,14,23,1962641
3442559,23,11,22,145397
3442927,23,13,22,1308713
3443311,24,14,23,1963289
3443471,22,4,21,133
3443743,24,14,23,1963535
3444223,22,13,21,2618411
3444335,22,13,21,2618497
3444767,22,13,21,2618825
3444895,23,12,22,436487
3444975,22,13,21,2618983
3445487,24,12,23,218281
3445535,24,14,23,1964557
3445727,22,12,21,873185
3445983,23,12,22,436625
3446063,22,13,21,2619811
3446175,22,13,21,2619895
3446303,22,12,21,873331
3446399,24,14,23,1965049
3446431,23,13,22,1310045
3446655,24,11,23,72785
3446991,24,13,23,655129
3447023,24,13,23,655135
3447279,24,14,23,1965551
3447503,22,12,21,873635
3447535,22,12,21,873643
3447551,22,12,21,873647
3447583,23,13,22,1310483
3447871,24,14,23,1965889
3447935,22,13,21,2621233
3447999,23,13,22,1310641
3448319,22,13,21,2621525
3448479,22,13,21,2621647
3448879,22,13,21,2621951
3449599,23,12,22,437083
3449839,22,11,21,291409
3449887,22,11,21,291413
3450271,24,14,23,1967257
3450367,23,13,22,1311541
3451119,23,13,22,1311827
3451551,24,14,23,1967987
3451599,22,12,21,874673
3451631,22,12,21,874681
3451935,23,11,22,145793
3452207,22,9,21,32401
3452223,22,12,21,874831
3452399,22,13,21,2624627
3452527,22,13,21,2624725
3452575,22,13,21,2624761
3452959,22,13,21,2625053
3453119,24,14,23,1968881
3453167,22,13,21,2625211
3453951,24,14,23,1969355
3454143,22,13,21,2625953
3454255,24,14,23,1969529
3454463,24,13,23,656549
3454831,24,12,23,218873
3455023,24,14,23,1969967
3455087,24,14,23,1970003
3455231,24,13,23,656695
3455727,22,12,21,875719
3455743,22,12,21,875723
3455807,23,13,22,1313609
3456031,24,11,23,72983
3456127,22,13,21,2627461
3456303,22,11,21,291955
3456319,22,12,21,875869
3457263,22,13,21,2628325
3457775,23,12,22,438119
3458463,22,13,21,2629237
3458495,22,13,21,2629261
3458511,23,13,22,1314637
3458543,23,13,22,1314649
3459135,24,13,23,657437
3459791,22,12,21,876749
3459871,24,13,23,657577
3460335,24,13,23,657665
3460399,22,11,21,292301
3460415,22,12,21,876907
3460543,23,13,22,1315409
3460591,24,14,23,1973141
3460767,22,13,21,2630989
3460895,24,14,23,1973315
3460975,22,12,21,877049
3461327,22,13,21,2631415
3461359,24,14,23,1973579
3461375,22,13,21,2631451
3461599,22,12,21,877207
3461631,22,11,21,292405
3462015,24,14,23,1973953
3462335,22,13,21,2632181
3462527,24,14,23,1974245
3462591,22,13,21,2632375
3462783,22,12,21,877507
3462815,24,14,23,1974409
3463231,23,13,22,1316431
3464319,22,13,21,2633689
3464351,24,14,23,1975285
3464431,23,13,22,1316887
3464607,24,13,23,658477
3464687,22,13,21,2633969
3465151,24,14,23,1975741
3465455,22,13,21,2634553
3465663,24,14,23,1976033
3465695,22,12,21,878245
3466655,22,13,21,2635465
3466703,23,13,22,1317751
3468591,22,11,21,292993
3468735,23,13,22,1318523
3469167,22,12,21,879125
3469215,22,12,21,879137
3469503,23,10,22,48845
3469567,22,13,21,2637679
3469791,22,12,21,879283
3469871,23,13,22,1318955
3470303,24,14,23,1978679
3471103,23,13,22,1319423
3471839,23,12,22,439901
3472383,22,13,21,2639819
3473055,23,10,22,48895
3473471,22,13,21,2640647
3473519,22,13,21,2640683
3473727,24,14,23,1980631
3474751,24,12,23,220135
3475103,22,11,21,293543
3475359,23,12,22,440347
3475583,24,13,23,660563
3475951,24,12,23,220211
3476159,23,13,22,1321345
3476607,24,14,23,1982273
3476927,23,13,22,1321637
3477199,22,13,21,2643481
3477231,22,13,21,2643505
3477615,22,13,21,2643797
3477743,23,10,22,48961
3478527,23,13,22,1322245
3478911,24,14,23,1983587
3479087,24,13,23,661229
3479247,23,13,22,1322519
3479295,23,13,22,1322537
3479519,22,13,21,2645245
3479679,24,14,23,1984025
3479791,22,11,21,293939
3480351,22,12,21,881959
3480447,23,13,22,1322975
3480767,24,14,23,1984645
3481535,22,12,21,882259
3481663,22,13,21,2646875
3481711,22,13,21,2646911
3481727,22,13,21,2646923
3482591,24,13,23,661895
3482623,24,13,23,661901
3483103,24,14,23,1985977
3483135,24,14,23,1985995
3483391,24,13,23,662047
3483551,23,12,22,441385
3483759,24,13,23,662117
3483903,24,14,23,1986433
3484095,22,13,21,2648723
3484287,22,13,21,2648869
3484415,24,14,23,1986725
3484447,22,12,21,882997
3484783,24,14,23,1986935
3485391,22,13,21,2649709
3485631,22,12,21,883297
3485663,22,7,21,3635
3486719,23,13,22,1325359
3486751,24,14,23,1988057
3487487,23,13,22,1325651
3487775,24,14,23,1988641
3487855,23,13,22,1325791
3487871,23,13,22,1325797
3487999,22,12,21,883897
3488127,22,13,21,2651789
3488383,22,13,21,2651983
3488543,22,12,21,884035
3488575,22,10,21,98227
3488895,24,10,23,24559
3489487,24,14,23,1989617
3489775,23,13,22,1326521
3489823,23,13,22,1326539
3490287,24,14,23,1990073
3490623,24,14,23,1990265
3490687,24,14,23,1990301
3491279,24,14,23,1990639
3491295,22,13,21,2654197
3491711,22,13,21,2654513
3492287,22,13,21,2654951
3492671,22,11,21,295027
3493279,24,14,23,1991779
3493311,24,14,23,1991797
3493359,23,13,22,1327883
3493791,24,14,23,1992071
3493823,22,12,21,885373
3494111,23,12,22,442723
3494143,23,12,22,442727
3494655,22,13,21,2656751
3494847,22,13,21,2656897
3494959,22,12,21,885661
3495935,24,12,23,221477
3496047,23,13,22,1328905
3496495,24,14,23,1993613
3496703,24,13,23,664577
3496927,22,13,21,2658479
3497263,24,14,23,1994051
3497375,22,12,21,886273
3497439,24,13,23,664717
3497471,24,13,23,664723
3497663,23,12,22,443173
3498015,23,13,22,1329653
3498031,23,13,22,1329659
3498143,22,13,21,2659403
3498735,22,13,21,2659853
3498751,22,13,21,2659865
3498815,23,11,22,147773
3499039,24,13,23,665021
3499135,22,11,21,295573
3499519,22,13,21,2660449
3500287,22,12,21,887011
3500655,24,14,23,1995985
3500799,23,13,22,1330711
3500911,24,13,23,665377
3501087,22,13,21,2661641
3501295,22,13,21,2661799
3501503,22,10,21,98591
3501551,23,13,22,1330997
3501567,23,13,22,1331003
3502303,23,12,22,443761
3502639,22,10,21,98623
3502879,24,12,23,221917
3503567,22,13,21,2663527
3503807,22,12,21,887903
3504159,22,13,21,2663977
3504847,24,13,23,666125
3505023,24,14,23,1998475
3505391,24,14,23,1998685
3505407,22,13,21,2664925
3505455,23,13,22,1332481
3505791,22,13,21,2665217
3505903,24,14,23,1998977
3506159,24,14,23,1999123
3506335,24,14,23,1999223
3506671,24,14,23,1999415
3506735,22,11,21,296215
3506927,22,13,21,2666081
3506943,22,13,21,2666093
3507103,22,13,21,2666215
3507455,23,13,22,1333241
3507695,22,13,21,2666665
3507711,22,13,21,2666677
3507839,23,13,22,1333387
3508735,22,13,21,2667455
3508847,22,13,21,2667541
3509119,22,12,21,889249
3509439,24,14,23,2000993
3509503,22,13,21,2668039
3509663,22,12,21,889387
3509743,23,13,22,1334111
3510783,24,13,23,667253
3510991,22,13,21,2669171
3511039,24,14,23,2001905
3511343,24,14,23,2002079
3511759,22,13,21,2669755
3511999,22,12,21,889979
3512015,22,10,21,98887
3512287,24,11,23,74171
3512383,22,13,21,2670229
3512575,24,14,23,2002781
3512799,22,13,21,2670545
3512879,23,11,22,148367
3513215,22,12,21,890287
3513583,22,13,21,2671141
3513983,22,13,21,2671445
3514399,24,14,23,2003821
3514863,23,13,22,1336057
3515295,22,13,21,2672443
3515631,23,13,22,1336349
3516111,22,11,21,297007
3516159,22,11,21,297011
3517119,22,13,21,2673829
3517311,22,12,21,891325
3517903,23,13,22,1337213
3518191,24,12,23,222887
3518959,24,13,23,668807
3519167,23,13,22,1337693
3519359,24,12,23,222961
3520127,24,13,23,669029
3520159,24,13,23,669035
3520991,22,13,21,2676773
3521007,22,13,21,2676785
3521151,24,14,23,2007671
3521535,23,13,22,1338593
3521775,22,13,21,2677369
3521919,24,14,23,2008109
3521951,24,14,23,2008127
3522031,24,13,23,669391
3523231,24,13,23,669619
3523263,24,13,23,669625
3523455,23,12,22,446441
3523487,22,13,21,2678671
3523519,24,14,23,2009021
3523583,22,13,21,2678743
3524143,24,14,23,2009377
3524719,22,13,21,2679607
3525087,24,14,23,2009915
3525103,22,13,21,2679899
3525119,24,14,23,2009933
3525311,22,13,21,2680057
3525631,24,13,23,670075
3525887,24,14,23,2010371
3526175,23,13,22,1340357
3526767,24,13,23,670291
3527359,23,13,22,1340807
3528175,23,8,22,5519
3530271,24,13,23,670957
3531647,23,12,22,447479
3531775,22,13,21,2684971
3532159,22,13,21,2685263
3532527,22,12,21,895181
3532863,24,14,23,2014349
3532927,22,13,21,2685847
3532959,22,13,21,2685871
3533295,22,13,21,2686127
3533503,22,13,21,2686285
3533679,22,10,21,99497
3533695,24,14,23,2014823
3533807,24,13,23,671629
3534287,24,14,23,2015161
3534319,22,10,21,99515
3534335,22,12,21,895639
3534367,23,13,22,1343471
3535519,24,14,23,2015863
3535999,24,14,23,2016137
3536031,24,14,23,2016155
3536415,22,13,21,2688499
3537023,22,13,21,2688961
3537103,23,13,22,1344511
3537279,24,13,23,672289
3537535,23,12,22,448225
3537599,22,13,21,2689399
3537983,22,13,21,2689691
3538111,24,12,23,224149
3538303,23,13,22,1344967
3538367,24,14,23,2017487
3538879,24,13,23,672593
3539103,23,13,22,1345271
3539167,22,13,21,2690591
3539903,23,12,22,448525
3539935,22,13,21,2691175
3539951,22,13,21,2691187
3539967,22,13,21,2691199
3540223,24,14,23,2018545
3540447,24,12,23,224297
3541103,22,13,21,2692063
3541151,22,13,21,2692099
3541951,22,12,21,897569
3542207,23,12,22,448817
3542239,23,7,22,1847
3542271,24,14,23,2019713
3542527,22,12,21,897715
3542559,23,13,22,1346585
3543039,23,13,22,1346767
3543247,22,13,21,2693693
3543663,24,14,23,2020507
3543791,23,13,22,1347053
3544095,24,14,23,2020753
3544111,23,13,22,1347175
3544447,22,13,21,2694605
3544479,22,13,21,2694629
3544959,23,13,22,1347497
3545023,22,13,21,2695043
3545087,22,13,21,2695091
3545151,24,10,23,24955
3545215,22,13,21,2695189
3545311,24,14,23,2021447
3545343,23,13,22,1347643
3545407,24,14,23,2021501
3545711,23,12,22,449261
3545791,22,13,21,2695627
3545839,22,13,21,2695663
3546079,23,13,22,1347923
3546223,22,13,21,2695955
3546591,22,12,21,898745
3546943,24,14,23,2022377
3547359,22,13,21,2696819
3548063,23,10,22,49951
3548191,22,13,21,2697451
3548399,22,12,21,899203
3548575,22,13,21,2697743
3549247,23,11,22,149903
3549343,22,13,21,2698327
3549391,24,13,23,674591
3549935,22,13,21,2698777
3550143,22,12,21,899645
3550399,23,12,22,449855
3550415,24,14,23,2024357
3550527,22,13,21,2699227
3551279,22,12,21,899933
3551535,23,12,22,449999
3551647,24,14,23,2025059
3551679,22,13,21,2700103
3551855,22,12,21,900079
3551935,24,14,23,2025223
3552303,23,13,22,1350289
3552367,23,13,22,1350313
3552415,24,14,23,2025497
3552671,22,13,21,2700857
3553503,23,13,22,1350745
3553983,24,14,23,2026391
3553999,22,13,21,2701867
3554031,22,13,21,2701891
3554271,23,13,22,1351037
3554303,24,14,23,2026573
3554335,23,13,22,1351061
3554559,24,12,23,225191
3554607,22,13,21,2702329
3554623,22,13,21,2702341
3554719,23,13,22,1351207
3555391,22,11,21,300325
3555487,23,13,22,1351499
3555839,22,13,21,2703265
3556095,24,13,23,675865
3556607,22,12,21,901283
3557631,24,13,23,676157
3557855,23,13,22,1352399
3558127,22,13,21,2705005
3558511,22,13,21,2705297
3558703,22,13,21,2705443
3558719,22,13,21,2705455
3558943,24,14,23,2029219
3559119,22,13,21,2705759
3559535,22,10,21,100225
3559903,22,13,21,2706355
3559935,22,13,21,2706379
3560095,22,12,21,902167
3560127,22,11,21,300725
3560143,23,13,22,1353269
3560607,23,13,22,1353445
3560671,22,9,21,33419
3560703,22,12,21,902321
3560991,23,9,22,16711
3561087,22,13,21,2707255
3561791,24,14,23,2030843
3562191,24,14,23,2031071
3562815,22,13,21,2708569
3563039,22,11,21,300971
3563999,22,13,21,2709469
3564015,24,14,23,2032111
3564543,23,10,22,50183
3564863,23,13,22,1355063
3564991,24,14,23,2032667
3565215,24,14,23,2032795
3565695,23,12,22,451793
3566015,24,14,23,2033251
3566239,24,12,23,225931
3566319,22,13,21,2711233
3567007,24,13,23,677939
3567135,22,10,21,100439
3567151,24,14,23,2033899
3567343,22,13,21,2712011
3568095,22,13,21,2712583
3568111,22,13,21,2712595
3568335,23,13,22,1356383
3568863,22,11,21,301463
3568895,22,12,21,904397
3569183,23,11,22,150745
3569279,22,13,21,2713483
3569311,22,13,21,2713507
3569775,24,11,23,75385
3569983,23,13,22,1357009
3571007,22,13,21,2714797
3571439,22,13,21,2715125
3572191,22,13,21,2715697
3572207,22,13,21,2715709
3572351,23,13,22,1357909
3572703,23,12,22,452681
3572767,24,14,23,2037101
3573407,22,13,21,2716621
3573887,23,12,22,452831
3573999,22,13,21,2717071
3574591,24,14,23,2038141
3574639,24,14,23,2038169
3574767,22,12,21,905885
3575535,22,13,21,2718239
3575967,22,11,21,302063
3576303,24,14,23,2039117
3576447,24,13,23,679733
3576559,24,14,23,2039263
3576703,22,13,21,2719127
3576959,24,14,23,2039491
3577055,22,11,21,302155
3577375,23,11,22,151091
3577391,23,12,22,453275
3577471,24,14,23,2039783
3578063,22,13,21,2720161
3578095,22,13,21,2720185
3578351,24,13,23,680095
3578655,22,13,21,2720611
3578847,22,12,21,906919
3579375,24,14,23,2040869
3579711,23,12,22,453569
3579807,22,13,21,2721487
3579839,22,13,21,2721511
3580031,22,12,21,907219
3580383,22,13,21,2721925
3580543,23,13,22,1361023
3580911,24,14,23,2041745
3581407,22,13,21,2722703
3581679,23,13,22,1361455
3582399,22,12,21,907819
3582591,22,13,21,2723603
3582751,22,13,21,2723725
3582783,22,13,21,2723749
3582959,22,12,21,907961
3583535,22,12,21,908107
3583935,22,13,21,2724625
3584511,24,14,23,2043797
3584767,22,12,21,908419
3584991,24,12,23,227119
3585503,22,13,21,2725817
3585903,24,14,23,2044591
3586079,22,13,21,2726255
3586255,22,13,21,2726389
3586303,22,13,21,2726425
3586671,22,13,21,2726705
3586687,22,13,21,2726717
3586767,23,12,22,454463
3586799,23,11,22,151489
3586847,22,13,21,2726839
3587903,23,12,22,454607
3588031,22,13,21,2727739
3588223,22,12,21,909295
3588847,22,11,21,303151
3588863,22,12,21,909457
3589055,22,13,21,2728517
3589103,23,12,22,454759
3589439,22,9,21,33689
3589503,23,13,22,1364429
3589535,23,13,22,1364441
3589599,22,13,21,2728931
3589631,22,13,21,2728955
3589871,23,13,22,1364569
3590767,22,13,21,2729819
3590895,24,10,23,25277
3590943,22,13,21,2729953
3591039,24,14,23,2047519
3591103,23,13,22,1365037
3591487,23,11,22,151687
3592223,23,13,22,1365463
3592399,24,13,23,682765
3592911,22,12,21,910483
3592959,22,12,21,910495
3592991,23,13,22,1365755
3593151,22,13,21,2731631
3593455,23,13,22,1365931
3593599,24,13,23,682993
3593679,22,13,21,2732033
3593855,23,11,22,151787
3594111,22,12,21,910787
3594175,23,13,22,1366205
3594447,22,13,21,2732617
3594863,22,13,21,2732933
3594879,22,13,21,2732945
3595007,23,12,22,455507
3595199,24,13,23,683297
3595455,22,13,21,2733383
3595679,22,13,21,2733553
3595743,23,13,22,1366801
3596223,24,14,23,2050475
3596335,24,13,23,683513
3596511,23,13,22,1367093
3596847,22,13,21,2734441
3596991,24,14,23,2050913
3597631,22,11,21,303893
3597727,23,13,22,1367555
3597791,24,14,23,2051369
3597823,24,14,23,2051387
3598543,22,13,21,2735731
3599103,24,12,23,228013
3599135,22,13,21,2736181
3599295,23,13,22,1368151
3599599,22,13,21,2736533
3599663,24,14,23,2052437
3600431,23,13,22,1368583
3600495,24,14,23,2052911
3600639,24,13,23,684331
3600687,22,13,21,2737361
3600863,23,11,22,152083
3601007,24,13,23,684401
3601343,22,13,21,2737859
3601519,24,14,23,2053495
3601599,23,13,22,1369027
3601919,22,13,21,2738297
3602287,22,12,21,912859
3602367,23,13,22,1369319
3602655,22,13,21,2738857
3602687,22,13,21,2738881
3602911,22,11,21,304339
3603487,22,12,21,913163
3603567,23,13,22,1369775
3603695,22,13,21,2739647
3603711,22,13,21,2739659
3603935,23,13,22,1369915
3604175,24,13,23,685003
3604975,24,12,23,228385
3605151,23,13,22,1370377
3605183,23,13,22,1370389
3605823,22,11,21,304585
3605919,23,13,22,1370669
3605967,22,13,21,2741375
3606223,22,13,21,2741569
3606735,22,13,21,2741959
3607023,24,14,23,2056633
3607791,22,13,21,2742761
3607807,22,13,21,2742773
3607855,23,12,22,457135
3608255,23,13,22,1371557
3608271,23,13,22,1371563
3608319,23,13,22,1371581
3608511,24,9,23,8467
3608623,23,13,22,1371697
3608879,22,13,21,2743589
3609247,24,13,23,685967
3609759,24,14,23,2058193
3610367,22,13,21,2744719
3610591,23,13,22,1372445
3610847,22,13,21,2745085
3611007,24,14,23,2058905
3611519,22,13,21,2745595
3612063,22,13,21,2746009
3612607,23,11,22,152579
3612879,22,8,21,11303
3613439,24,14,23,2060291
3613951,24,13,23,686861
3614463,22,13,21,2747833
3614975,24,14,23,2061167
3615391,22,13,21,2748539
3615615,22,13,21,2748709
3615855,24,13,23,687223
3616959,22,12,21,916577
3617183,22,13,21,2749901
3617311,22,13,21,2749999
3617567,22,9,21,33953
3617663,23,13,22,1375133
3617951,22,13,21,2750485
3619023,24,10,23,25475
3619055,24,12,23,229277
3619135,24,14,23,2063539
3619615,23,11,22,152875
3620511,22,12,21,917477
3620847,22,13,21,2752687
3620895,22,13,21,2752723
3621759,24,13,23,688345
3622015,24,14,23,2065181
3622047,22,13,21,2753599
3622271,22,12,21,917923
3622303,24,14,23,2065345
3622447,22,13,21,2753903
3622559,24,12,23,229499
3622815,22,12,21,918061
3623071,22,13,21,2754377
3623327,24,13,23,688643
3623583,22,13,21,2754767
3623919,23,13,22,1377511
3624143,22,13,21,2755193
3624351,24,14,23,2066513
3624495,24,13,23,688865
3624639,24,14,23,2066677
3624895,24,11,23,76549
3625119,23,13,22,1377967
3625151,22,12,21,918653
3625167,22,10,21,102073
3625199,22,12,21,918665
3625759,22,11,21,306269
3625855,23,13,22,1378247
3626031,24,11,23,76573
3626367,22,12,21,918961
3627007,24,14,23,2068027
3627327,22,13,21,2757613
3627455,23,13,22,1378855
3627519,24,14,23,2068319
3627583,22,6,21,1261
3627903,22,13,21,2758051
3628511,24,14,23,2068885
3628543,22,13,21,2758537
3628591,23,13,22,1379287
3629087,22,13,21,2758951
3629279,22,12,21,919699
3629471,22,13,21,2759243
3629503,22,13,21,2759267
3629695,22,13,21,2759413
3630047,22,13,21,2759681
3630239,22,13,21,2759827
3630463,22,12,21,919999
3630495,22,10,21,102223
3630591,23,13,22,1380047
3631359,23,11,22,153371
3631423,22,13,21,2760727
3631743,23,13,22,1380485
3631935,24,12,23,230093
3631983,24,14,23,2070865
3632111,23,13,22,1380625
3632639,22,13,21,2761651
3633407,22,10,21,102305
3633599,22,13,21,2762381
3633791,22,13,21,2762527
3633951,22,11,21,306961
3634143,22,13,21,2762795
3634639,24,13,23,690793
3634735,22,13,21,2763245
3635199,22,12,21,921199
3635231,23,13,22,1381811
3635327,24,14,23,2072771
3636031,23,12,22,460705
3636095,24,14,23,2073209
3636287,22,12,21,921475
3636335,22,12,21,921487
3636351,22,12,21,921491
3636383,24,14,23,2073373
3636415,23,13,22,1382261
3636607,24,12,23,230389
3636735,22,13,21,2764765
3637231,24,14,23,2073857
3637279,22,13,21,2765179
3637695,22,13,21,2765495
3638255,22,13,21,2765921
3638303,22,13,21,2765957
3638783,23,13,22,1383161
3639167,23,13,22,1383307
3639199,24,14,23,2074979
3639615,22,13,21,2766955
3639743,24,13,23,691763
3639919,23,13,22,1383593
3639935,23,13,22,1383599
3640431,22,12,21,922525
3640511,24,13,23,691909
3640735,23,11,22,153767
3640831,22,13,21,2767879
3641087,24,14,23,2076055
3641375,22,13,21,2768293
3641567,22,12,21,922813
3642335,22,13,21,2769023
3642399,22,13,21,2769071
3642607,22,13,21,2769229
3642671,24,14,23,2076959
3642815,22,12,21,923129
3643007,22,13,21,2769533
3643247,24,13,23,692429
3643391,22,12,21,923275
3643903,24,14,23,2077661
3644111,22,13,21,2770373
3644223,23,12,22,461743
3644479,22,12,21,923551
3644527,22,12,21,923563
3644607,23,13,22,1385375
3644655,23,13,22,1385393
3644671,23,13,22,1385399
3644927,22,13,21,2770993
3645119,22,12,21,923713
3645471,24,14,23,2078555
3645487,22,13,21,2771419
3645759,24,14,23,2078719
3646207,23,13,22,1385983
3646335,22,9,21,34223
3646447,22,13,21,2772149
3646495,22,13,21,2772185
3646703,22,13,21,2772343
3646975,23,13,22,1386275
3647343,23,13,22,1386415
3648207,22,13,21,2773487
3648383,24,11,23,77045
3648543,23,13,22,1386871
3648671,22,12,21,924613
3648959,23,12,22,462343
3648975,22,13,21,2774071
3649263,24,14,23,2080717
3649567,22,13,21,2774521
3649775,24,14,23,2081009
3650095,23,12,22,462487
3650431,22,11,21,308353
3650495,23,13,22,1387613
3650719,24,12,23,231283
3650751,22,13,21,2775421
3651023,24,13,23,693907
3651263,23,12,22,462635
3651455,24,13,23,693989
3652351,22,13,21,2776637
3652847,23,13,22,1388507
3652911,22,13,21,2777063
3653279,24,14,23,2083007
3653327,22,12,21,925793
3653375,22,12,21,925805
3653615,23,10,22,51437
3653679,22,13,21,2777647
3654143,22,13,21,2777999
3654303,22,13,21,2778121
3654335,22,13,21,2778145
3654527,22,11,21,308699
3654815,23,12,22,463085
3655119,23,13,22,1389371
3655423,24,12,23,231581
3655711,22,8,21,11437
3656399,22,13,21,2779715
3656703,24,14,23,2084959
3656959,24,13,23,695035
3657007,22,13,21,2780177
3657471,22,12,21,926843
3657583,22,13,21,2780615
3657631,22,13,21,2780651
3657839,24,14,23,2085607
3657951,24,14,23,2085671
3658047,22,12,21,926989
3658239,22,13,21,2781113
3658287,23,12,22,463525
3658431,22,13,21,2781259
3658863,24,12,23,231799
3658943,22,13,21,2781649
3659263,24,13,23,695473
3659471,23,12,22,463675
3659743,22,12,21,927419
3659823,23,13,22,1391159
3660095,24,12,23,231877
3660271,23,13,22,1391329
3660831,24,13,23,695771
3660959,22,12,21,927727
3661039,23,13,22,1391621
3661343,22,13,21,2783473
3661727,22,13,21,2783765
3661759,22,13,21,2783789
3661855,23,10,22,51553
3662719,22,11,21,309391
3663103,22,13,21,2784811
3663311,23,13,22,1392485
3663519,22,13,21,2785127
3663999,24,13,23,696373
3664191,23,12,22,464273
3664879,24,14,23,2089621
3665023,24,14,23,2089703
3665087,22,9,21,34399
3665199,22,13,21,2786405
3665359,24,14,23,2089895
3665647,22,12,21,928915
3665775,22,13,21,2786843
3665823,22,13,21,2786879
3666559,23,12,22,464573
3666591,24,14,23,2090597
3667167,22,13,21,2787901
3667359,24,14,23,2091035
3667663,23,12,22,464713
3667999,22,10,21,103279
3668095,23,13,22,1394303
3668207,22,13,21,2788691
3669183,22,11,21,309937
3669743,22,12,21,929953
3669759,24,14,23,2092403
3670335,22,12,21,930103
3671007,24,13,23,697705
3671295,24,14,23,2093279
3671519,24,14,23,2093407
3671551,22,10,21,103379
3671711,22,13,21,2791355
3671967,23,13,22,1395775
3672687,22,10,21,103411
3673279,22,11,21,310283
3673599,23,11,22,155155
3673887,23,13,22,1396505
3674271,22,13,21,2793301
3674367,24,14,23,2095031
3674735,24,14,23,2095241
3674751,23,12,22,465611
3675599,22,10,21,103493
3676287,23,13,22,1397417
3676399,22,13,21,2794919
3676783,22,11,21,310579
3677151,22,13,21,2795491
3677423,24,14,23,2096773
3677743,22,13,21,2795941
3677823,24,14,23,2097001
3677935,22,12,21,932029
3678015,24,13,23,699037
3678271,24,14,23,2097257
3678335,22,13,21,2796391
3678623,23,13,22,1398305
3678959,22,13,21,2796865
3679039,24,14,23,2097695
3679167,22,12,21,932341
3679711,22,12,21,932479
3679903,24,14,23,2098187
3680127,24,14,23,2098315
3680159,23,13,22,1398889
3680703,22,13,21,2798191
3680719,24,13,23,699551
3681087,22,13,21,2798483
3681471,22,11,21,310975
3681487,24,13,23,699697
3681743,23,10,22,51833
3681775,23,12,22,466501
3682607,22,11,21,311071
3682751,24,13,23,699937
3682927,23,11,22,155549
3683007,24,14,23,2099957
3683263,22,12,21,933379
3683455,22,13,21,2800283
3683807,22,12,21,933517
3683887,24,13,23,700153
3684159,23,7,22,1921
3684479,23,13,22,1400531
3684831,24,14,23,2100997
3685343,22,13,21,2801719
3685615,22,10,21,103775
3685631,24,14,23,2101453
3686079,23,13,22,1401139
3686623,24,13,23,700673
3686815,23,13,22,1401419
3687167,22,13,21,2803105
3687359,22,12,21,934417
3687391,24,13,23,700819
3687919,22,12,21,934559
3688063,23,13,22,1401893
3688319,22,13,21,2803981
3688511,22,12,21,934709
3688895,22,13,21,2804419
3689279,22,13,21,2804711
3689503,24,14,23,2103661
3689791,24,13,23,701275
3690015,24,14,23,2103953
3690271,24,14,23,2104099
3690719,23,13,22,1402903
3691167,23,11,22,155897
3691215,22,13,21,2806183
3691263,22,13,21,2806219
3691967,23,13,22,1403377
3691999,22,12,21,935593
3692159,24,13,23,701725
3692607,22,12,21,935747
3693023,22,13,21,2807557
3693503,23,12,22,467987
3693535,22,13,21,2807947
3693551,24,14,23,2105969
3694271,23,13,22,1404253
3694751,24,14,23,2106653
3695103,23,13,22,1404569
3695151,22,13,21,2809175
3695423,23,13,22,1404691
3695551,24,14,23,2107109
3695743,22,13,21,2809625
3695871,23,12,22,468287
3695935,22,13,21,2809771
3696111,22,12,21,936635
3696495,22,13,21,2810197
3696511,22,13,21,2810209
3697087,24,14,23,2107985
3697311,22,11,21,312313
3697407,23,13,22,1405445
3697535,22,13,21,2810987
3697695,22,13,21,2811109
3698223,24,14,23,2108633
3698911,23,13,22,1406017
3699167,24,13,23,703057
3699231,22,13,21,2812277
3699391,23,12,22,468733
3699407,22,13,21,2812411
3699743,23,13,22,1406333
3700015,24,14,23,2109655
3700415,22,13,21,2813177
3700799,22,12,21,937823
3700959,24,14,23,2110193
3701231,22,13,21,2813797
3701295,24,14,23,2110385
3701503,24,13,23,703501
3701695,23,12,22,469025
3702063,23,13,22,1407215
3702303,24,12,23,234551
3702479,23,13,22,1407373
3702591,22,9,21,34751
3702911,23,9,22,17377
3703279,23,13,22,1407677
3703343,22,13,21,2815403
3703551,22,13,21,2815561
3704527,22,13,21,2816303
3704575,22,13,21,2816339
3704959,22,11,21,312959
3705343,22,13,21,2816923
3705535,22,12,21,939023
3705887,22,13,21,2817337
3706063,22,12,21,939157
3706495,24,14,23,2113349
3706575,24,13,23,704465
3707295,22,12,21,939469
3707375,24,13,23,704617
3707583,23,12,22,469771
3707599,22,13,21,2818639
3707631,24,14,23,2113997
3708463,22,11,21,313255
3708607,22,13,21,2819405
3709055,22,10,21,104435
3709423,22,13,21,2820025
3709439,22,13,21,2820037
3709487,23,13,22,1410037
3710111,24,13,23,705137
3710255,23,13,22,1410329
3710511,24,10,23,26119
3710623,24,14,23,2115703
3710783,22,11,21,313451
3710879,24,13,23,705283
3710911,24,13,23,705289
3711103,23,11,22,156739
3711391,22,12,21,940507
3711471,23,13,22,1410791
3711999,22,12,21,940661
3712719,22,13,21,2822531
3712767,22,13,21,2822567
3713023,24,14,23,2117071
3713471,23,11,22,156839
3714607,23,11,22,156887
3715007,23,13,22,1412135
3715487,22,12,21,941545
3715519,22,10,21,104617
3715583,24,13,23,706177
3716063,22,11,21,313897
3716319,24,12,23,235439
3716399,22,13,21,2825329
3716607,24,14,23,2119115
3716639,22,12,21,941837
3716975,24,14,23,2119325
3717087,24,13,23,706463
3717615,22,13,21,2826253
3717919,24,13,23,706621
3718111,23,10,22,52345
3718655,22,13,21,2827043
3718975,22,11,21,314143
3719295,23,11,22,157085
3719487,24,13,23,706919
3719615,22,11,21,314197
3720575,22,13,21,2828503
3720831,24,14,23,2121523
3721279,24,14,23,2121779
3721631,23,12,22,471551
3721711,22,13,21,2829367
3721855,24,13,23,707369
3721983,22,9,21,34933
3722095,22,13,21,2829659
3722223,24,12,23,235813
3722479,24,14,23,2122463
3722991,24,13,23,707585
3723471,24,14,23,2123029
3724015,23,12,22,471853
3724031,23,11,22,157285
3724063,22,13,21,2831155
3724671,22,13,21,2831617
3726063,22,12,21,944225
3726079,22,11,21,314743
3726319,23,12,22,472145
3726639,24,14,23,2124835
3727583,22,13,21,2833831
3727871,24,14,23,2125537
3728767,22,13,21,2834731
3729135,22,13,21,2835011
3729263,24,10,23,26251
3729519,24,14,23,2126477
3729823,23,12,22,472589
3729871,22,13,21,2835571
3729903,22,13,21,2835595
3730127,22,11,21,315085
3730175,22,11,21,315089
3730751,22,12,21,945413
3731055,24,14,23,2127353
3731103,22,13,21,2836507
3731711,24,14,23,2127727
3732175,23,10,22,52543
3732511,22,12,21,945859
3732863,22,13,21,2837845
3733359,23,11,22,157679
3733727,23,13,22,1419251
3734143,23,13,22,1419409
3734255,22,12,21,946301
3734511,23,12,22,473183
3734591,22,13,21,2839159
3734639,22,13,21,2839195
3734911,23,13,22,1419701
3735599,22,13,21,2839925
3735791,22,13,21,2840071
3736047,24,14,23,2130199
3736479,23,13,22,1420297
3736895,24,14,23,2130683
3737215,22,12,21,947051
3737663,23,13,22,1420747
3738063,22,13,21,2841799
3738079,23,12,22,473635
3738095,24,14,23,2131367
3738367,22,11,21,315781
3738431,23,13,22,1421039
3738735,22,13,21,2842309
3738751,22,13,21,2842321
3738943,22,12,21,947489
3739327,22,13,21,2842759
3739503,22,11,21,315877
3739647,23,13,22,1421501
3740127,22,12,21,947789
3740607,24,13,23,710933
3740703,22,12,21,947935
3740735,22,7,21,3901
3740799,23,13,22,1421939
3741055,22,13,21,2844073
3741631,24,14,23,2133383
3741695,22,13,21,2844559
3741743,24,13,23,711149
3741919,23,13,22,1422365
3742175,24,12,23,237077
3742207,24,12,23,237079
3742399,24,14,23,2133821
3742831,22,13,21,2845423
3742975,24,13,23,711383
3743199,22,13,21,2845703
3743439,22,13,21,2845885
3743647,22,10,21,105409
3743967,22,13,21,2846287
3744239,22,11,21,316277
3744575,22,13,21,2846749
3744735,24,14,23,2135153
3744767,24,14,23,2135171
3745087,23,12,22,474523
3745855,23,13,22,1423861
3745903,24,14,23,2135819
3746687,23,13,22,1424177
3746751,22,13,21,2848403
3746927,22,13,21,2848537
3746975,22,13,21,2848573
3747071,23,13,22,1424323
3747583,22,13,21,2849035
3747743,22,11,21,316573
3747887,22,13,21,2849267
3748319,22,12,21,949865
3748383,24,13,23,712411
3748543,22,13,21,2849765
3748735,22,13,21,2849911
3748975,23,13,22,1425047
3749023,23,13,22,1425065
3749103,24,14,23,2137643
3750111,23,13,22,1425479
3750127,24,14,23,2138227
3751359,23,13,22,1425953
3751455,22,13,21,2851979
3751999,22,13,21,2852393
3752495,23,13,22,1426385
3752767,22,13,21,2852977
3752831,22,13,21,2853025
3753087,24,13,23,713305
3753119,24,13,23,713311
3753215,22,13,21,2853317
3753407,24,14,23,2140097
3753631,24,14,23,2140225
3753887,24,11,23,79273
3754095,23,13,22,1426993
3755007,22,13,21,2854679
3755119,22,13,21,2854765
3755551,22,13,21,2855093
3755711,24,14,23,2141411
3755727,22,13,21,2855227
3756351,22,13,21,2855701
3756735,22,13,21,2855993
3757215,23,13,22,1428179
3757311,22,13,21,2856431
3757615,23,13,22,1428331
3758079,24,14,23,2142761
3758399,23,13,22,1428629
3758639,22,13,21,2857441
3758703,24,14,23,2143117
3758879,22,12,21,952541
3759167,23,9,22,17641
3759487,22,9,21,35285
3759647,22,13,21,2858207
3760767,23,13,22,1429529
3761535,23,11,22,158869
3761823,22,12,21,953287
3761871,23,13,22,1429949
3762495,24,13,23,715093
3762623,22,13,21,2860469
3762639,23,12,22,476747
3762815,22,13,21,2860615
3763007,24,14,23,2145571
3763823,23,12,22,476897
3763919,22,13,21,2861455
3763951,22,13,21,2861479
3764159,22,12,21,953879
3764383,22,13,21,2861807
3764863,24,13,23,715543
3765023,24,14,23,2146721
3765119,24,14,23,2146775
3765471,22,13,21,2862635
3765503,22,13,21,2862659
3765631,24,10,23,26507
3765711,24,14,23,2147113
3765791,23,13,22,1431439
3765887,24,14,23,2147213
3766479,22,12,21,954467
3766511,22,12,21,954475
3766591,23,13,22,1431743
3766831,22,13,21,2863669
3766895,22,13,21,2863717
3766991,24,14,23,2147843
3767071,22,12,21,954617
3767359,23,11,22,159115
3767455,24,14,23,2148107
3767487,22,13,21,2864167
3767679,22,11,21,318257
3767807,23,13,22,1432205
3767967,24,12,23,238711
3768047,22,13,21,2864593
3768479,22,13,21,2864921
3768863,22,8,21,11791
3768959,23,13,22,1432643
3769503,24,13,23,716425
3770847,24,14,23,2150041
3771007,22,13,21,2866843
3771199,22,12,21,955663
3771391,24,14,23,2150351
3771583,22,13,21,2867281
3771903,24,13,23,716881
3772015,23,12,22,477935
3772095,23,10,22,53105
3772143,22,13,21,2867707
3772159,24,14,23,2150789
3772575,22,13,21,2868035
3772639,24,11,23,79669
3773167,22,13,21,2868485
3773183,22,13,21,2868497
3773215,23,12,22,478087
3773551,22,9,21,35417
3773567,22,12,21,956263
3773663,22,13,21,2868863
3773983,23,13,22,1434553
3774463,23,11,22,159415
3774687,22,10,21,106283
3775215,23,13,22,1435021
3775231,23,13,22,1435027
3775551,23,11,22,159461
3775599,23,11,22,159463
3775871,22,11,21,318949
3776831,24,14,23,2153453
3777151,23,13,22,1435757
3777263,22,13,21,2871599
3777343,24,12,23,239305
3777663,22,12,21,957301
3777951,23,12,22,478687
3778015,22,13,21,2872171
3778287,23,13,22,1436189
3778431,22,13,21,2872487
3778879,24,13,23,718207
3779199,22,13,21,2873071
3779311,24,13,23,718289
3779567,22,13,21,2873351
3779903,23,13,22,1436803
3780335,24,14,23,2155451
3780767,24,14,23,2155697
3780815,24,12,23,239525
3781103,24,14,23,2155889
3781151,22,10,21,106465
3781279,24,13,23,718663
3781503,24,14,23,2156117
3781567,22,13,21,2874871
3781743,22,11,21,319445
3781759,22,12,21,958339
3781791,24,14,23,2156281
3782079,24,12,23,239605
3782111,22,13,21,2875285
3782271,24,14,23,2156555
3782335,22,11,21,319495
3783295,22,13,21,2876185
3783407,23,13,22,1438135
3783487,22,12,21,958777
3783807,23,12,22,479429
3783871,24,14,23,2157467
3784127,22,12,21,958939
3784575,23,13,22,1438579
3784639,24,14,23,2157905
3784751,24,13,23,719323
3785263,22,12,21,959227
3785455,22,13,21,2877827
3785631,24,14,23,2158471
3785663,22,13,21,2877985
3785711,23,13,22,1439011
3786207,22,13,21,2878399
3786479,23,13,22,1439303
3786495,24,14,23,2158963
3787231,22,13,21,2879177
3787263,22,13,21,2879201
3787711,23,13,22,1439771
3787807,22,13,21,2879615
3788031,22,13,21,2879785
3788095,23,13,22,1439917
3789279,23,13,22,1440367
3789295,23,13,22,1440373
3789935,22,11,21,320137
3789983,22,11,21,320141
3790463,23,13,22,1440817
3790719,22,13,21,2881829
3790895,22,13,21,2881963
3791167,24,14,23,2161627
3791327,22,13,21,2882291
3791487,22,13,21,2882413
3792031,23,11,22,160157
3792351,23,13,22,1441535
3792367,23,13,22,1441541
3792623,24,9,23,8899
3793535,24,14,23,2162977
3794079,22,10,21,106829
3794239,22,13,21,2884505
3794639,22,12,21,961603
3795007,22,13,21,2885089
3795071,24,14,23,2163853
3795151,24,14,23,2163899
3795903,23,13,22,1442885
3796223,22,13,21,2886013
3796415,22,12,21,962053
3796719,23,11,22,160355
3797039,23,13,22,1443317
3797471,23,13,22,1443481
3797503,23,13,22,1443493
3797551,22,12,21,962341
3797951,22,13,21,2887327
3798319,22,13,21,2887607
3799359,22,11,21,320933
3799519,22,13,21,2888519
3799743,24,14,23,2166517
3800095,22,13,21,2888957
3800255,24,14,23,2166809
3800543,23,13,22,1444649
3800575,24,14,23,2166991
3801023,24,14,23,2167247
3801071,22,12,21,963233
3801407,23,11,22,160553
3801599,24,13,23,722525
3802079,24,14,23,2167849
3802111,24,14,23,2167867
3802431,22,13,21,2890733
3802591,24,14,23,2168141
3802671,22,13,21,2890915
3802879,22,12,21,963691
3803247,24,14,23,2168515
3803263,22,13,21,2891365
3803455,22,10,21,107093
3803775,23,10,22,53551
3804367,22,13,21,2892205
3804415,22,13,21,2892241
3804463,23,13,22,1446139
3804959,22,13,21,2892655
3805231,23,13,22,1446431
3805599,22,13,21,2893141
3805823,22,11,21,321479
3806767,22,13,21,2894029
3806879,23,13,22,1447057
3806927,22,12,21,964717
3807679,23,13,22,1447361
3807951,24,14,23,2171197
3808031,23,13,22,1447495
3808751,24,14,23,2171653
3808927,22,13,21,2895671
3809007,24,11,23,80437
3809087,22,13,21,2895793
3809215,23,13,22,1447945
3809263,22,12,21,965309
3809311,22,12,21,965321
3809343,24,13,23,723997
3809407,24,13,23,724009
3809695,22,13,21,2896255
3809727,22,13,21,2896279
3810783,23,11,22,160949
3811375,24,8,23,2981
3811439,22,13,21,2897581
3811487,24,14,23,2173213
3811535,24,14,23,2173241
3811567,23,13,22,1448839
3811695,22,6,21,1325
3811775,24,13,23,724459
3811999,24,14,23,2173505
3812031,24,14,23,2173523
3812559,22,13,21,2898433
3812799,24,14,23,2173961
3812863,22,12,21,966221
3813023,22,13,21,2898785
3813311,24,13,23,724751
3813567,22,13,21,2899199
3813615,22,13,21,2899235
3813791,22,13,21,2899369
3813823,24,14,23,2174545
3813935,24,14,23,2174609
3814399,22,13,21,2899831
3814879,24,11,23,80561
3815455,23,12,22,483439
3815535,22,13,21,2900695
3815679,24,13,23,725201
3815807,23,13,22,1450451
3816047,24,12,23,241757
3816127,22,13,21,2901145
3816223,23,13,22,1450609
3816383,22,9,21,35819
3816703,24,14,23,2176187
3817119,22,13,21,2901899
3817519,22,10,21,107489
3817711,22,13,21,2902349
3817887,22,13,21,2902483
3819007,23,12,22,483889
3819391,23,13,22,1451813
3819775,24,14,23,2177939
3820143,23,12,22,484033
3820399,22,12,21,968131
3820479,22,11,21,322717
3820527,23,13,22,1452245
3820751,22,13,21,2904661
3820863,24,14,23,2178559
3821055,22,12,21,968297
3821343,24,14,23,2178833
3821727,23,13,22,1452701
3821759,22,13,21,2905427
3821807,22,13,21,2905463
3821823,22,13,21,2905475
3822367,22,13,21,2905889
3823055,24,12,23,242201
3823231,24,14,23,2179909
3823311,24,14,23,2179955
3823615,22,13,21,2906837
3823647,23,12,22,484477
3823663,23,10,22,53831
3823727,22,13,21,2906923
3823855,24,13,23,726755
3824383,22,13,21,2907421
3824511,24,14,23,2180639
3824575,22,11,21,323063
3824623,24,13,23,726901
3824767,22,13,21,2907713
3825055,24,13,23,726983
3825823,24,13,23,727129
3826079,22,13,21,2908711
3826367,24,14,23,2181697
3826719,22,13,21,2909197
3826927,22,12,21,969785
3827327,22,13,21,2909659
3827583,23,13,22,1454927
3827967,23,13,22,1455073
3828335,23,12,22,485071
3828383,24,14,23,2182847
3828479,22,13,21,2910535
3828591,22,12,21,970207
3828719,23,13,22,1455359
3828767,23,13,22,1455377
3828991,24,10,23,26953
3829151,24,14,23,2183285
3829199,22,12,21,970361
3829231,22,12,21,970369
3829871,24,14,23,2183695
3830239,24,14,23,2183905
3830431,22,12,21,970673
3830559,22,13,21,2912117
3830751,24,14,23,2184197
3830815,22,13,21,2912311
3832639,23,13,22,1456849
3832767,22,11,21,323755
3832959,22,13,21,2913941
3833071,23,12,22,485671
3833135,22,13,21,2914075
3833375,24,14,23,2185693
3833727,22,13,21,2914525
3833887,24,14,23,2185985
3833919,22,12,21,971557
3834527,22,12,21,971711
3834607,23,13,22,1457597
3834863,22,13,21,2915389
3834911,22,13,21,2915425
3835375,23,12,22,485963
3835775,23,13,22,1458041
3836799,24,13,23,729215
3836959,23,13,22,1458491
3837055,24,14,23,2187791
3837343,23,13,22,1458637
3837375,23,13,22,1458649
3837391,22,12,21,972437
3837567,24,13,23,729361
3837727,23,10,22,54029
3837855,22,13,21,2917663
3838447,22,13,21,2918113
3838463,22,13,21,2918125
3839007,22,13,21,2918539
3839231,22,11,21,324301
3839615,22,13,21,2919001
3839871,24,13,23,729799
3840063,23,12,22,486557
3840447,24,14,23,2189725
3840511,23,13,22,1459841
3840831,23,13,22,1459963
3840895,23,13,22,1459987
3841327,22,13,21,2920303
3841663,23,13,22,1460279
3841743,22,13,21,2920619
3841951,24,14,23,2190583
3841983,24,14,23,2190601
3842159,22,12,21,973645
3842543,22,13,21,2921227
3842607,24,13,23,730319
3842719,22,12,21,973787
3842975,24,12,23,243463
3843055,22,13,21,2921617
3843103,22,13,21,2921653
3844207,24,12,23,243541
3844511,22,9,21,36083
3845119,22,12,21,974395
3845151,23,13,22,1461605
3845567,23,13,22,1461763
3845839,22,13,21,2923733
3845871,22,13,21,2923757
3845887,22,13,21,2923769
3846655,22,13,21,2924353
3846703,23,13,22,1462195
3846847,22,12,21,974833
3847039,22,13,21,2924645
3847135,24,14,23,2193539
3847167,23,12,22,487457
3847391,24,14,23,2193685
3847471,23,13,22,1462487
3847807,22,13,21,2925229
3847935,23,13,22,1462663
3848303,23,12,22,487601
3848671,23,13,22,1462943
3848991,24,14,23,2194597
3849199,22,9,21,36127
3849247,24,13,23,731581
3849519,22,13,21,2926531
3849535,24,14,23,2194907
3849759,22,12,21,975571
3849935,22,13,21,2926847
3850655,23,10,22,54211
3850879,24,13,23,731891
3851135,22,13,21,2927759
3851823,23,12,22,488047
3851903,24,14,23,2196257
3851983,24,13,23,732101
3852159,24,14,23,2196403
3852415,24,12,23,244061
3852703,22,11,21,325439
3852991,23,12,22,488195
3853007,24,14,23,2196887
3853295,22,11,21,325489
3853311,22,12,21,976471
3853615,22,13,21,2929645
3853855,22,12,21,976609
3853871,22,12,21,976613
3854079,22,13,21,2929997
3854207,23,8,22,6029
3854447,22,12,21,976759
3854847,22,13,21,2930581
3854895,23,13,22,1465309
3856079,23,13,22,1465759
3856351,22,13,21,2931725
3856831,22,12,21,977363
3856943,24,14,23,2199131
3857391,22,11,21,325835
3857711,24,14,23,2199569
3857967,22,12,21,977651
3858367,22,13,21,2933257
3858479,24,14,23,2200007
3858559,22,12,21,977801
3858591,22,12,21,977809
3858879,23,12,22,488941
3858911,24,14,23,2200253
3858943,24,14,23,2200271
3859327,22,13,21,2933987
3859455,24,12,23,244507
3859935,22,13,21,2934449
3860127,22,13,21,2934595
3860223,24,13,23,733667
3860351,22,10,21,108695
3860895,22,11,21,326131
3861247,24,14,23,2201585
3861535,24,14,23,2201749
3861807,22,13,21,2935873
3862015,23,13,22,1468015
3862047,22,12,21,978685
3862127,24,13,23,734029
3862383,24,14,23,2202233
3863151,24,14,23,2202671
3863279,22,12,21,978997
3864271,23,13,22,1468873
3864815,22,13,21,2938159
3865199,22,13,21,2938451
3865583,22,11,21,326527
3865663,24,13,23,734701
3865791,22,13,21,2938901
3865983,22,13,21,2939047
3866159,22,12,21,979727
3866303,23,13,22,1469645
3866495,24,10,23,27217
3866559,22,13,21,2939485
3866783,22,12,21,979885
3866863,24,13,23,734929
3867119,24,14,23,2204933
3867375,22,12,21,980035
3867583,22,13,21,2940263
3867951,22,8,21,12101
3868271,23,7,22,2017
3868319,22,13,21,2940823
3868671,23,13,22,1470545
3868879,24,14,23,2205937
3869135,24,13,23,735361
3869503,22,13,21,2941723
3869631,24,13,23,735455
3869727,22,10,21,108959
3869823,23,13,22,1470983
3869887,22,13,21,2942015
3870191,23,13,22,1471123
3870207,23,13,22,1471129
3870719,22,13,21,2942647
3871167,24,12,23,245249
3871391,24,14,23,2207369
3871471,22,12,21,981073
3871775,23,11,22,163525
3871791,22,13,21,2943463
3871871,22,13,21,2943523
3872623,22,12,21,981365
3872703,24,13,23,736039
3872767,24,13,23,736051
3873007,22,13,21,2944387
3873023,22,13,21,2944399
3873247,24,14,23,2208427
3873279,24,14,23,2208445
3873391,22,13,21,2944679
3873903,24,13,23,736267
3874095,23,10,22,54541
3874431,22,12,21,981823
3875647,23,13,22,1473197
3875967,22,13,21,2946637
3876079,23,13,22,1473361
3876095,24,14,23,2210051
3876719,22,12,21,982403
3877071,22,13,21,2947477
3877119,22,13,21,2947513
3877343,22,12,21,982561
3877615,23,12,22,491315
3877631,23,12,22,491317
3877663,24,14,23,2210945
3878079,22,13,21,2948243
3878207,24,12,23,245695
3878383,23,13,22,1474237
3879215,22,13,21,2949107
3879455,24,14,23,2211967
3879535,23,13,22,1474675
3879583,23,13,22,1474693
3879663,24,14,23,2212085
3879983,22,13,21,2949691
3880047,22,13,21,2949739
3880063,22,13,21,2949751
3880239,22,10,21,109255
3880351,23,13,22,1474985
3881199,24,14,23,2212961
3881439,22,12,21,983599
3882143,24,13,23,737833
3882303,23,12,22,491909
3882399,22,13,21,2951527
3882431,22,13,21,2951551
3883503,23,12,22,492061
3883567,22,13,21,2952415
3883839,23,13,22,1476311
3884159,22,13,21,2952865
3884191,24,14,23,2214667
3884527,22,13,21,2953145
3884703,24,14,23,2214959
3884911,22,12,21,984479
3885119,22,13,21,2953595
3885311,22,13,21,2953741
3885503,24,14,23,2215415
3885535,22,12,21,984637
3885807,23,12,22,492353
3885887,22,13,21,2954179
3886495,22,13,21,2954641
3886639,24,14,23,2216063
3886703,22,9,21,36479
3887007,23,12,22,492505
3887583,24,12,23,246289
3887775,23,13,22,1477807
3888287,22,13,21,2956003
3888575,23,13,22,1478111
3889215,22,13,21,2956709
3889647,22,12,21,985679
3889711,23,13,22,1478543
3890143,24,14,23,2218061
3890495,23,12,22,492947
3891519,24,13,23,739615
3891679,23,12,22,493097
3891695,23,12,22,493099
3892031,23,13,22,1479425
3892351,22,13,21,2959093
3892719,22,13,21,2959373
3892895,23,11,22,164417
3892943,22,13,21,2959543
3893311,24,14,23,2219867
3893375,22,13,21,2959871
3893567,24,14,23,2220013
3893919,22,13,21,2960285
3893951,22,13,21,2960309
3894079,24,14,23,2220305
3894143,22,13,21,2960455
3894687,22,13,21,2960869
3894895,22,11,21,329003
3894943,22,10,21,109669
3894991,24,13,23,740275
3895023,24,13,23,740281
3895487,22,11,21,329053
3895935,24,14,23,2221363
3896191,24,13,23,740503
3897407,22,13,21,2962937
3897471,22,13,21,2962985
3897583,23,11,22,164615
3897663,22,13,21,2963131
3897727,24,13,23,740795
3897903,23,13,22,1481657
3898047,22,13,21,2963423
3898239,22,13,21,2963569
3898751,24,14,23,2222969
3899039,22,11,21,329353
3899071,24,14,23,2223151
3899119,23,13,22,1482119
3899295,24,12,23,247031
3899631,22,10,21,109801
3899871,23,12,22,494135
3899951,22,13,21,2964871
3900031,22,13,21,2964931
3900383,22,13,21,2965199
3900415,22,13,21,2965223
3900799,22,12,21,988505
3900975,22,13,21,2965649
3901183,22,13,21,2965807
3901439,24,14,23,2224501
3901567,22,13,21,2966099
3901887,24,14,23,2224757
3901903,22,10,21,109865
3901919,24,14,23,2224775
3902143,22,13,21,2966537
3902975,24,14,23,2225377
3903023,23,13,22,1483603
3903087,22,11,21,329695
3903599,24,13,23,741911
3903727,22,11,21,329749
3904127,22,13,21,2968045
3904191,23,13,22,1484047
3904559,23,12,22,494729
3905071,22,13,21,2968763
3905391,24,14,23,2226755
3905503,24,13,23,742273
3905791,23,12,22,494885
3906095,23,13,22,1484771
3906335,24,12,23,247477
3906527,23,13,22,1484935
3907103,24,13,23,742577
3907391,22,13,21,2970527
3907711,23,13,22,1485385
3908031,22,13,21,2971013
3908415,24,14,23,2228479
3908607,22,13,21,2971451
3908991,22,12,21,990581
3909327,22,13,21,2971999
3909375,22,13,21,2972035
3909759,24,14,23,2229245
3909791,22,13,21,2972351
3910079,23,13,22,1486285
3910431,23,12,22,495473
3911215,23,13,22,1486717
3911887,24,14,23,2230459
3912447,23,13,22,1487185
3912671,22,13,21,2974541
3912831,23,11,22,165259
3912863,24,14,23,2231015
3913119,22,12,21,991627
3913151,24,14,23,2231179
3913183,23,13,22,1487465
3913247,22,13,21,2974979
3913599,24,14,23,2231435
3913935,23,12,22,495917
3913983,23,12,22,495923
3914447,22,13,21,2975891
3914815,22,12,21,992057
3914863,22,12,21,992069
3914879,22,11,21,330691
3914943,24,13,23,744067
3915135,23,12,22,496069
3915167,23,12,22,496073
3915455,22,12,21,992219
3915583,22,13,21,2976755
3915823,24,14,23,2232703
3915903,23,13,22,1488499
3916223,22,13,21,2977241
3916543,24,13,23,744371
3916607,22,10,21,110279
3916735,23,13,22,1488815
3916831,22,13,21,2977703
3917055,24,14,23,2233405
3917567,24,14,23,2233697
3918623,23,12,22,496511
3918703,22,13,21,2979127
3918783,22,13,21,2979187
3919487,23,13,22,1489861
3919551,22,12,21,993257
3919903,22,13,21,2980039
3920079,22,12,21,993391
3920127,22,12,21,993403
3920591,23,13,22,1490281
3920639,23,13,22,1490299
3921007,24,14,23,2235659
3921343,22,11,21,331237
3921775,23,13,22,1490731
3922239,24,14,23,2236361
3922543,23,13,22,1491023
3922687,22,13,21,2982155
3922879,22,13,21,2982301
3922975,24,14,23,2236781
3923055,22,12,21,994145
3923359,23,12,22,497111
3923439,22,13,21,2982727
3924719,24,13,23,745925
3924847,22,7,21,4093
3925407,22,12,21,994741
3925631,22,13,21,2984393
3925743,24,14,23,2238359
3926079,23,13,22,1492367
3926511,24,14,23,2238797
3926735,22,13,21,2985233
3926783,22,13,21,2985269
3927199,22,12,21,995195
3927487,24,11,23,82939
3927743,22,12,21,995333
3927759,22,10,21,110593
3928319,22,12,21,995479
3928367,23,13,22,1493237
3928623,24,11,23,82963
3928687,22,13,21,2986717
3929199,23,12,22,497851
3929247,23,12,22,497857
3929279,22,13,21,2987167
3929599,23,13,22,1493705
3929727,22,13,21,2987507
3929967,23,13,22,1493845
3930671,22,10,21,110675
3930863,22,13,21,2988371
3931295,22,12,21,996233
3932223,22,13,21,2989405
3932383,24,14,23,2242145
3932655,22,13,21,2989733
3933087,23,13,22,1495031
3933215,24,14,23,2242619
3933823,22,13,21,2990621
3933951,23,11,22,166151
3934975,22,13,21,2991497
3935471,23,13,22,1495937
3935551,22,13,21,2991935
3936111,22,13,21,2992361
3936159,22,13,21,2992397
3936559,23,13,22,1496351
3936575,22,12,21,997571
3936799,24,12,23,249407
3936879,22,13,21,2992945
3936927,22,13,21,2992981
3937439,23,12,22,498895
3937519,24,14,23,2245073
3937919,24,14,23,2245301
3937999,24,11,23,83161
3938623,23,12,22,499045
3939199,24,12,23,249559
3939231,24,7,23,1027
3939823,24,14,23,2246387
3940415,22,13,21,2995633
3940463,22,13,21,2995669
3940479,24,14,23,2246761
3940511,24,14,23,2246779
3940671,22,12,21,998609
3940847,22,13,21,2995961
3941695,23,13,22,1498303
3941791,24,14,23,2247509
3941935,24,13,23,749197
3942047,22,13,21,2996873
3942463,23,13,22,1498595
3942511,23,13,22,1498613
3942847,24,14,23,2248111
3942863,24,14,23,2248121
3943071,24,13,23,749413
3943279,23,9,22,18505
3943359,24,14,23,2248403
3944351,22,13,21,2998625
3944495,24,14,23,2249051
3944863,23,13,22,1499507
3944927,22,13,21,2999063
3945151,22,13,21,2999233
3945471,24,13,23,749869
3945983,24,14,23,2249899
3946607,24,13,23,750085
3946735,22,13,21,3000437
3946815,23,12,22,500083
3946879,22,13,21,3000547
3946943,22,13,21,3000595
3947119,24,14,23,2250547
3947199,23,13,22,1500395
3948063,22,13,21,3001447
3948271,22,12,21,1000535
3948479,22,13,21,3001763
3948607,22,13,21,3001861
3948767,24,14,23,2251487
3949951,23,13,22,1501441
3950703,23,13,22,1501727
3951007,22,13,21,3003685
3951231,22,12,21,1001285
3951471,23,11,22,166891
3951599,22,13,21,3004135
3951615,22,13,21,3004147
3952159,22,13,21,3004561
3952799,22,13,21,3005047
3953279,24,12,23,250451
3953343,22,13,21,3005461
3954047,24,13,23,751499
3954127,24,14,23,2254543
3954223,23,13,22,1503065
3954623,23,13,22,1503217
3954895,22,13,21,3006641
3955311,22,12,21,1002319
3955695,22,13,21,3007249
3956207,23,10,22,55697
3956255,22,13,21,3007675
3956671,24,14,23,2255993
3956895,22,13,21,3008161
3956959,23,13,22,1504105
3957439,24,14,23,2256431
3957663,22,9,21,37145
3957727,23,13,22,1504397
3958143,23,13,22,1504555
3958991,22,13,21,3009755
3959231,22,13,21,3009937
3959263,24,14,23,2257471
3959663,23,11,22,167237
3960319,24,12,23,250897
3960367,22,13,21,3010801
3960767,22,13,21,3011105
3960943,24,14,23,2258429
3960991,22,13,21,3011275
3961135,22,12,21,1003795
3961455,24,12,23,250969
3961823,24,13,23,752977
3962079,22,13,21,3012103
3962111,24,14,23,2259095
3962335,22,12,21,1004099
3962399,23,13,22,1506173
3962415,23,13,22,1506179
3962879,23,13,22,1506355
3962911,22,12,21,1004245
3962991,24,13,23,753199
3963087,22,13,21,3012869
3963103,22,13,21,3012881
3963679,22,13,21,3013319
3963967,23,13,22,1506769
3964015,23,13,22,1506787
3964287,22,13,21,3013781
3964447,24,14,23,2260427
3965087,22,13,21,3014389
3965679,22,13,21,3014839
3965855,22,11,21,334997
3965983,23,13,22,1507535
3966191,24,12,23,251269
3966367,23,13,22,1507681
3966447,22,11,21,335047
3966463,22,12,21,1005145
3967359,24,8,23,3103
3967423,22,13,21,3016165
3967599,22,12,21,1005433
3967983,24,14,23,2262443
3968239,22,12,21,1005595
3968639,22,13,21,3017089
3968719,24,14,23,2262863
3968751,24,14,23,2262881
3969183,22,13,21,3017503
3969231,24,13,23,754385
3969695,24,12,23,251491
3969743,24,14,23,2263447
3969775,22,13,21,3017953
3969791,22,13,21,3017965
3969823,23,13,22,1508995
3970271,22,13,21,3018331
3970495,24,13,23,754625
3970511,22,12,21,1006171
3970591,23,13,22,1509287
3970687,23,13,22,1509323
3971071,23,13,22,1509469
3971119,22,12,21,1006325
3971135,22,11,21,335443
3971519,24,14,23,2264459
3971791,23,13,22,1509743
3971823,23,13,22,1509755
3971839,23,13,22,1509761
3972031,24,12,23,251639
3972159,23,13,22,1509883
3972207,23,13,22,1509901
3972255,24,14,23,2264879
3972479,22,13,21,3020009
3972735,22,13,21,3020203
3972799,24,13,23,755063
3973887,22,13,21,3021079
3974047,22,11,21,335689
3974559,23,13,22,1510795
3975279,24,14,23,2266603
3975423,24,14,23,2266685
3975839,22,12,21,1007521
3976447,22,12,21,1007675
3976511,23,13,22,1511537
3976735,24,9,23,9331
3978351,22,13,21,3024473
3978399,22,13,21,3024509
3978463,24,14,23,2268419
3978879,23,13,22,1512437
3978943,22,13,21,3024923
3979119,22,13,21,3025057
3979231,24,14,23,2268857
3979295,24,14,23,2268893
3979311,22,12,21,1008401
3979647,23,10,22,56027
3979743,22,13,21,3025531
3979967,22,10,21,112063
3980015,23,13,22,1512869
3980031,23,13,22,1512875
3980447,23,13,22,1513033
3980527,22,12,21,1008709
3980607,24,13,23,756547
3980831,23,11,22,168131
3981631,24,14,23,2270225
3981983,23,12,22,504539
3982063,22,13,21,3027295
3982495,22,13,21,3027623
3983103,22,13,21,3028085
3983471,22,11,21,336485
3983487,24,14,23,2271283
3983839,22,13,21,3028645
3983855,24,14,23,2271493
3983999,24,14,23,2271575
3984063,22,11,21,336535
3984079,24,13,23,757207
3984367,24,14,23,2271785
3984383,23,11,22,168281
3984703,23,13,22,1514651
3984799,24,14,23,2272031
3985135,24,14,23,2272223
3985183,22,12,21,1009889
3985519,23,11,22,168329
3985823,22,12,21,1010051
3985887,23,13,22,1515101
3986303,23,13,22,1515259
3986367,24,14,23,2272925
3986543,22,13,21,3030701
3986591,22,13,21,3030737
3987071,23,13,22,1515551
3987103,23,13,22,1515563
3987567,22,10,21,112277
3987775,22,13,21,3031637
3988639,23,13,22,1516147
3989151,22,13,21,3032683
3989439,23,13,22,1516451
3989823,23,13,22,1516597
3989983,24,13,23,758329
3990495,22,12,21,1011235
3990527,22,11,21,337081
3990847,22,13,21,3033973
3991679,22,12,21,1011535
3991791,23,13,22,1517345
3991871,22,13,21,3034751
3993119,24,11,23,84325
3993199,22,13,21,3035761
3993327,23,13,22,1517929
3993375,22,12,21,1011965
3993455,24,13,23,758989
3993839,22,13,21,3036247
3994015,22,12,21,1012127
3994079,23,13,22,1518215
3994239,22,13,21,3036551
3994591,22,12,21,1012273
3995775,22,12,21,1012573
3995887,24,13,23,759451
3995967,22,13,21,3037865
3996127,22,13,21,3037987
3996143,24,14,23,2278499
3996543,24,14,23,2278727
3996735,24,14,23,2278837
3996799,24,14,23,2278873
3996911,24,14,23,2278937
3997423,24,13,23,759743
3997631,23,13,22,1519565
3997679,22,13,21,3039167
3997727,22,13,21,3039203
3997855,24,11,23,84425
3997935,24,14,23,2279521
3998015,23,13,22,1519711
3998143,22,12,21,1013173
3998591,24,13,23,759965
3998687,22,12,21,1013311
3999039,22,13,21,3040201
3999647,22,13,21,3040663
4000159,24,12,23,253421
4000207,24,14,23,2280817
4000239,22,13,21,3041113
4000495,22,9,21,37547
4001823,22,13,21,3042317
4002239,24,14,23,2281975
4002431,22,13,21,3042779
4002751,24,14,23,2282267
4002863,24,13,23,760777
4003775,22,13,21,3043801
4003839,24,14,23,2282887
4003887,24,14,23,2282915
4003967,22,12,21,1014649
4004095,24,13,23,761011
4004319,24,14,23,2283161
4004351,24,14,23,2283179
4004559,22,12,21,1014799
4004591,22,11,21,338269
4004639,23,13,22,1522229
4004831,24,12,23,253717
4004975,24,14,23,2283535
4004991,22,13,21,3044725
4005055,23,13,22,1522387
4005119,24,14,23,2283617
4005183,22,9,21,37591
4005375,22,13,21,3045017
4005423,23,12,22,507509
4005823,23,13,22,1522679
4005871,22,13,21,3045395
4005919,22,13,21,3045431
4006111,24,14,23,2284183
4006655,23,12,22,507665
4007391,23,13,22,1523275
4007423,23,13,22,1523287
4007807,23,12,22,507811
4007839,22,13,21,3046891
4007935,22,13,21,3046963
4008143,23,13,22,1523561
4008191,23,13,22,1523579
4008655,22,12,21,1015837
4008687,22,11,21,338615
4008735,24,13,23,761893
4009279,22,11,21,338665
4010431,22,12,21,1016287
4010479,24,14,23,2286673
4010623,24,14,23,2286755
4010943,23,13,22,1524625
4011039,22,12,21,1016441
4011135,24,13,23,762349
4011199,22,13,21,3049445
4011423,22,13,21,3049615
4011471,24,13,23,762413
4011647,22,10,21,112955
4012063,23,13,22,1525051
4012751,22,12,21,1016875
4012831,23,13,22,1525343
4013375,22,11,21,339011
4013471,24,13,23,762793
4013727,24,14,23,2288525
4013951,22,12,21,1017179
4014303,22,13,21,3051805
4014559,22,9,21,37679
4014847,23,12,22,508703
4015039,24,13,23,763091
4015551,22,13,21,3052753
4015567,23,13,22,1526383
4015615,23,13,22,1526401
4015663,24,14,23,2289629
4016383,23,13,22,1526693
4016607,24,11,23,84821
4016751,23,13,22,1526833
4016879,22,11,21,339307
4017087,22,13,21,3053921
4017183,23,12,22,508999
4017343,24,13,23,763529
4017567,23,13,22,1527143
4017599,23,13,22,1527155
4017663,22,13,21,3054359
4017919,24,14,23,2290915
4018031,22,12,21,1018213
4018111,24,13,23,763675
4018367,24,14,23,2291171
4018399,22,13,21,3054919
4018431,22,13,21,3054943
4018655,22,11,21,339457
4018975,22,13,21,3055357
4019231,22,12,21,1018517
4019247,24,13,23,763891
4019647,22,13,21,3055867
4019679,24,13,23,763973
4020223,22,13,21,3056305
4020255,23,13,22,1528165
4020735,23,12,22,509449
4021183,22,13,21,3057035
4021487,23,13,22,1528633
4021551,22,12,21,1019105
4021567,22,11,21,339703
4021951,22,13,21,3057619
4022143,22,12,21,1019255
4022751,22,11,21,339803
4023551,22,13,21,3058835
4024175,23,12,22,509885
4024255,23,8,22,6295
4024559,24,14,23,2294701
4024575,23,13,22,1529807
4024943,23,13,22,1529947
4025215,24,13,23,765025
4025759,23,13,22,1530257
4025807,22,13,21,3060551
4026063,24,14,23,2295559
4026095,24,14,23,2295577
4026271,22,12,21,1020301
4026591,22,13,21,3061147
4026879,22,12,21,1020455
4027039,22,13,21,3061487
4027071,22,13,21,3061511
4027087,24,12,23,255127
4027167,22,13,21,3061585
4027263,22,13,21,3061657
4027695,23,12,22,510331
4028095,23,13,22,1531145
4028159,23,13,22,1531169
4029311,23,13,22,1531607
4029375,22,13,21,3063263
4029679,23,13,22,1531747
4029983,22,13,21,3063725
4030111,24,14,23,2297867
4030143,24,14,23,2297885
4030367,24,14,23,2298013
4030399,22,10,21,113483
4030943,22,11,21,340495
4030959,22,12,21,1021489
4031135,22,13,21,3064601
4032255,24,13,23,766363
4032415,23,12,22,510929
4032511,24,14,23,2299235
4033311,22,9,21,37855
4033535,22,13,21,3066425
4033647,24,14,23,2299883
4033951,23,13,22,1533371
4033999,22,13,21,3066779
4035455,22,13,21,3067885
4035839,22,13,21,3068177
4035887,23,12,22,511369
4036255,22,12,21,1022831
4036287,23,13,22,1534259
4037103,23,12,22,511523
4037407,22,11,21,341041
4037503,23,13,22,1534721
4037791,22,13,21,3069661
4038303,23,12,22,511675
4038559,22,12,21,1023415
4039071,23,13,22,1535317
4039327,22,13,21,3070829
4039487,24,14,23,2303213
4040239,23,13,22,1535761
4040911,22,10,21,113779
4040943,22,12,21,1024019
4041343,24,14,23,2304271
4041503,22,11,21,341387
4041599,24,13,23,768139
4041887,24,14,23,2304581
4042399,24,12,23,256097
4042479,22,13,21,3073225
4042911,22,13,21,3073553
4042959,24,14,23,2305193
4042991,23,12,22,512269
4043007,23,9,22,18973
4043167,24,13,23,768437
4043647,22,13,21,3074113
4043823,22,10,21,113861
4044223,24,14,23,2305913
4044335,24,13,23,768659
4045007,22,11,21,341683
4045055,22,11,21,341687
4045247,22,13,21,3075329
4046015,22,13,21,3075913
4046127,24,14,23,2306999
4046591,24,14,23,2307263
4047071,24,12,23,256393
4047167,22,13,21,3076789
4047359,24,14,23,2307701
4047743,22,13,21,3077227
4048351,24,14,23,2308267
4048431,23,13,22,1538875
4049151,22,10,21,114011
4049311,22,13,21,3078419
4049343,22,13,21,3078443
4049695,22,11,21,342079
4049775,24,13,23,769693
4049903,22,13,21,3078869
4050047,23,12,22,513163
4050415,23,13,22,1539629
4050479,22,13,21,3079307
4050671,22,13,21,3079453
4050975,24,13,23,769921
4051151,23,11,22,171101
4051167,23,12,22,513305
4051199,23,11,22,171103
4051263,24,14,23,2309927
4051695,22,13,21,3080231
4052095,22,12,21,1026845
4052351,23,12,22,513455
4053055,24,14,23,2310949
4053439,22,13,21,3081557
4053615,22,13,21,3081691
4053743,24,13,23,770447
4053999,22,13,21,3081983
4054143,24,12,23,256841
4054207,22,13,21,3082141
4054431,22,11,21,342479
4054575,22,13,21,3082421
4054719,23,12,22,513755
4054847,24,13,23,770657
4055167,22,13,21,3082871
4055279,24,12,23,256913
4055487,23,13,22,1541557
4055935,22,13,21,3083455
4056479,24,11,23,85663
4056543,22,13,21,3083917
4056815,24,13,23,771031
4057503,22,13,21,3084647
4057535,24,14,23,2313503
4058527,22,10,21,114275
4058623,23,13,22,1542749
4058671,24,14,23,2314151
4059391,23,11,22,171449
4059439,22,13,21,3086119
4059583,24,13,23,771557
4059759,23,13,22,1543181
4060095,24,14,23,2314963
4060191,23,13,22,1543345
4060287,22,12,21,1028921
4060351,24,13,23,771703
4060543,23,12,22,514493
4060671,22,13,21,3087055
4060863,22,12,21,1029067
4060927,24,14,23,2315437
4061407,22,12,21,1029205
4061823,22,13,21,3087931
4061951,24,13,23,772007
4062191,22,13,21,3088211
4062319,24,12,23,257359
4062399,22,13,21,3088369
4062655,22,12,21,1029521
4062767,22,13,21,3088649
4063743,24,14,23,2317043
4064159,22,13,21,3089707
4064191,22,13,21,3089731
4064719,22,13,21,3090133
4064735,22,13,21,3090145
4065759,22,13,21,3090923
4066415,23,12,22,515237
4066463,23,12,22,515243
4066495,22,13,21,3091483
4066543,22,13,21,3091519
4066751,22,12,21,1030559
4066815,23,13,22,1545863
4067631,22,13,21,3092347
4067871,24,14,23,2319397
4067951,23,13,22,1546295
4067999,23,13,22,1546313
4068223,24,10,23,28637
4068287,22,13,21,3092845
4068383,23,13,22,1546459
4069231,22,13,21,3093563
4069599,22,12,21,1031281
4069615,24,14,23,2320391
4069887,22,13,21,3094061
4069999,22,13,21,3094147
4070271,22,11,21,343817
4070559,24,12,23,257881
4072127,24,13,23,773941
4072383,24,14,23,2321969
4072687,23,13,22,1548095
4073327,22,13,21,3096677
4074143,22,13,21,3097297
4074175,22,13,21,3097321
4074239,23,13,22,1548685
4074431,24,13,23,774379
4074607,23,12,22,516275
4074655,23,12,22,516281
4074687,22,13,21,3097711
4075455,24,14,23,2323721
4075567,24,13,23,774595
4075631,24,13,23,774607
4075823,22,13,21,3098575
4075839,23,12,22,516431
4076063,22,12,21,1032919
4076143,23,13,22,1549409
4076223,23,13,22,1549439
4076543,24,14,23,2324341
4076703,22,12,21,1033081
4077055,24,14,23,2324633
4077311,22,12,21,1033235
4077423,24,14,23,2324843
4077679,24,14,23,2324989
4078063,22,13,21,3100277
4078191,24,14,23,2325281
4078591,23,13,22,1550339
4078847,22,13,21,3100873
4079135,24,13,23,775273
4079599,22,11,21,344605
4079935,24,12,23,258475
4080639,22,13,21,3102235
4080799,22,12,21,1034119
4080831,22,8,21,12767
4080895,23,13,22,1551215
4081519,22,13,21,3102905
4081727,24,14,23,2327297
4081775,22,13,21,3103099
4082159,22,13,21,3103391
4082335,22,13,21,3103525
4082495,24,14,23,2327735
4082815,24,14,23,2327917
4083183,24,14,23,2328127
4083231,23,13,22,1552103
4083615,23,13,22,1552249
4083743,22,10,21,114985
4084031,23,12,22,517469
4084351,24,14,23,2328793
4084383,23,13,22,1552541
4085199,24,14,23,2329277
4085295,22,13,21,3105775
4085407,24,13,23,776465
4085999,24,14,23,2329733
4086079,22,12,21,1035457
4086255,22,13,21,3106505
4086975,24,10,23,28769
4087455,22,13,21,3107417
4087711,24,13,23,776903
4087839,22,11,21,345301
4087855,24,14,23,2330791
4088223,24,14,23,2331001
4088303,23,13,22,1554031
4088367,24,14,23,2331083
4088799,22,13,21,3108439
4088991,22,12,21,1036195
4089503,23,13,22,1554487
4089983,22,13,21,3109339
4090015,22,13,21,3109363
4090175,22,12,21,1036495
4090303,23,13,22,1554791
4090319,22,13,21,3109595
4090527,22,13,21,3109753
4091391,22,11,21,345601
4091439,23,13,22,1555223
4091503,22,13,21,3110495
4092095,22,13,21,3110945
4092143,22,13,21,3110981
4092527,24,14,23,2333455
4092543,22,12,21,1037095
4092895,22,13,21,3111553
4093119,22,10,21,115249
4093183,24,13,23,777943
4093439,23,10,22,57629
4093487,22,13,21,3112003
4093983,24,11,23,86455
4094079,22,13,21,3112453
4094191,23,13,22,1556269
4095647,22,13,21,3113645
4096159,23,13,22,1557017
4096447,22,13,21,3114253
4096991,22,13,21,3114667
4097263,24,14,23,2336155
4097487,24,10,23,28843
4097663,24,14,23,2336383
4097743,24,14,23,2336429
4098175,22,13,21,3115567
4098367,22,12,21,1038571
4098495,23,13,22,1557905
4098687,24,12,23,259663
4098879,23,13,22,1558051
4098927,22,12,21,1038713
4099055,24,13,23,779059
4099199,22,13,21,3116345
4099231,24,14,23,2337277
4099279,24,14,23,2337305
4099567,22,12,21,1038875
4099695,22,13,21,3116723
4100335,22,13,21,3117209
4100399,23,10,22,57727
4100511,24,14,23,2338007
4100719,22,10,21,115463
4100767,24,14,23,2338153
4100847,23,13,22,1558799
4100863,23,13,22,1558805
4101055,24,12,23,259813
4101087,22,13,21,3117781
4101247,23,13,22,1558951
4101583,23,11,22,173231
4101679,22,13,21,3118231
4102863,22,13,21,3119131
4102895,22,13,21,3119155
4102911,22,13,21,3119167
4103103,24,14,23,2339485
4103135,23,13,22,1559669
4103295,22,13,21,3119459
4103663,22,12,21,1039913
4103999,22,13,21,3119995
4104319,23,13,22,1560119
4104751,24,14,23,2340425
4104959,24,13,23,780181
4105023,22,13,21,3120773
4105119,24,14,23,2340635
4105215,24,14,23,2340689
4105455,22,11,21,346789
4105599,22,13,21,3121211
4105983,24,14,23,2341127
4106351,24,14,23,2341337
4106687,23,13,22,1561019
4106959,22,13,21,3122245
4106991,22,13,21,3122269
4107583,22,13,21,3122719
4107727,22,11,21,346981
4107823,23,13,22,1561451
4108607,24,14,23,2342623
4109055,23,13,22,1561919
4109279,22,13,21,3124009
4109439,23,13,22,1562065
4109759,22,13,21,3124373
4109855,24,14,23,2343335
4110191,23,13,22,1562351
4111055,22,13,21,3125359
4111103,22,13,21,3125395
4111167,24,13,23,781361
4111423,22,13,21,3125639
4111487,22,13,21,3125687
4111599,24,11,23,86827
4111679,22,13,21,3125833
4111743,23,13,22,1562941
4111807,23,13,22,1562965
4111855,22,12,21,1041989
4112063,22,13,21,3126125
4112191,22,13,21,3126223
4112431,22,12,21,1042135
4112511,23,13,22,1563233
4112831,22,13,21,3126709
4112943,23,13,22,1563397
4113055,22,11,21,347431
4113311,23,12,22,521179
4113391,22,13,21,3127135
4113663,22,12,21,1042447
4113855,22,13,21,3127487
4114127,24,14,23,2345771
4114559,24,14,23,2346017
4114911,23,13,22,1564145
4115103,24,10,23,28967
4115151,22,13,21,3128473
4115327,23,13,22,1564303
4115903,24,13,23,782261
4116159,22,13,21,3129239
4116335,22,13,21,3129373
4116959,22,13,21,3129847
4117199,23,13,22,1565015
4117247,23,13,22,1565033
4117759,22,12,21,1043485
4117951,22,13,21,3130601
4118399,23,13,22,1565471
4118527,24,14,23,2348279
4118575,24,12,23,260923
4119087,22,13,21,3131465
4119295,22,13,21,3131623
4119663,22,13,21,3131903
4120687,22,12,21,1044227
4121055,22,13,21,3132961
4121279,22,12,21,1044377
4121599,24,14,23,2350031
4121631,24,14,23,2350049
4121855,22,12,21,1044523
4122319,23,13,22,1566961
4122367,24,14,23,2350469
4122735,23,12,22,522373
4122751,23,11,22,174125
4123343,22,13,21,3134701
4123391,22,13,21,3134737
4123903,23,12,22,522521
4123967,24,14,23,2351381
4124351,22,13,21,3135467
4124527,22,13,21,3135601
4124575,22,13,21,3135637
4124783,22,12,21,1045265
4125215,24,13,23,784031
4125807,23,13,22,1568287
4126255,23,10,22,58091
4126367,22,13,21,3136999
4126575,23,13,22,1568579
4126847,24,11,23,87149
4126927,24,14,23,2353069
4126959,24,14,23,2353087
4127103,22,12,21,1045853
4127423,23,12,22,522967
4127471,24,14,23,2353379
4127711,22,9,21,38741
4127775,23,13,22,1569035
4127903,22,13,21,3138167
4129263,22,13,21,3139201
4129279,22,13,21,3139213
4129759,23,11,22,174421
4129791,23,12,22,523267
4130463,24,14,23,2355085
4130559,23,13,22,1570093
4130719,24,13,23,785077
4130927,23,12,22,523411
4131055,22,13,21,3140563
4131231,24,14,23,2355523
4131263,22,10,21,116323
4131311,23,13,22,1570379
4131583,22,13,21,3140965
4132047,23,12,22,523553
4132143,22,13,21,3141391
4132383,22,12,21,1047191
4132591,22,13,21,3141731
4132719,22,13,21,3141829
4133279,23,12,22,523709
4133311,24,14,23,2356709
4133343,24,14,23,2356727
4133375,24,14,23,2356745
4133631,24,14,23,2356891
4133855,24,10,23,29099
4133935,24,14,23,2357065
4134047,23,13,22,1571419
4135119,22,13,21,3143653
4135167,24,14,23,2357767
4135295,22,12,21,1047929
4135615,23,12,22,524005
4135711,22,13,21,3144103
4135903,22,11,21,349361
4136495,22,11,21,349411
4137119,22,12,21,1048391
4137279,22,13,21,3145295
4137455,22,13,21,3145429
4137599,23,13,22,1572769
4138655,22,13,21,3146341
4138735,23,13,22,1573201
4139167,23,12,22,524455
4139647,22,13,21,3147095
4139807,22,13,21,3147217
4140239,23,12,22,524591
4140351,24,14,23,2360723
4140671,24,14,23,2360905
4140783,24,14,23,2360969
4140959,22,13,21,3148093
4141503,23,11,22,174917
4141551,24,14,23,2361407
4141775,22,9,21,38873
4142207,24,14,23,2361781
4143343,22,13,21,3149905
4143359,22,13,21,3149917
4143423,23,13,22,1574983
4143743,22,13,21,3150209
4143823,23,11,22,175015
4143871,23,10,22,58339
4144095,22,11,21,350053
4144543,24,14,23,2363113
4144799,24,13,23,787753
4144879,22,13,21,3151073
4145311,22,12,21,1050467
4145375,23,13,22,1575725
4145567,24,12,23,262633
4145919,22,11,21,350207
4146559,23,13,22,1576175
4146591,23,13,22,1576187
4146655,22,13,21,3152423
4146847,22,13,21,3152569
4147103,24,13,23,788191
4147839,22,13,21,3153323
4148079,23,13,22,1576753
4149439,24,13,23,788635
4149471,24,13,23,788641
4149503,24,13,23,788647
4149727,24,14,23,2366069
4149967,22,11,21,350549
4151295,23,13,22,1577975
4151535,22,13,21,3156133
4152095,24,14,23,2367419
4152735,22,13,21,3157045
4152799,23,13,22,1578547
4152863,24,14,23,2367857
4152959,22,12,21,1052405
4153567,23,13,22,1578839
4154607,24,13,23,789617
4154751,23,13,22,1579289
4154815,23,13,22,1579313
4155247,22,11,21,350995
4155263,22,12,21,1052989
4155455,22,13,21,3159113
4155631,24,14,23,2369435
4156143,24,12,23,263303
4156223,22,13,21,3159697
4156271,23,13,22,1579867
4156287,24,14,23,2369809
4156351,23,13,22,1579897
4156911,24,13,23,790055
4157487,23,13,22,1580329
4158159,22,11,21,351241
4158943,22,13,21,3161765
4159103,23,12,22,526981
4159167,22,13,21,3161935
4159487,23,13,22,1581089
4159711,22,13,21,3162349
4159871,24,14,23,2371853
4159999,22,12,21,1054189
4160319,22,13,21,3162811
4160575,23,13,22,1581503
4160623,23,13,22,1581521
4160639,23,13,22,1581527
4160895,22,13,21,3163249
4161407,23,12,22,527273
4161439,24,14,23,2372747
4161583,24,13,23,790943
4162047,24,12,23,263677
4162095,24,14,23,2373121
4162463,22,13,21,3164441
4163055,22,13,21,3164891
4163327,24,14,23,2373823
4164079,22,10,21,117247
4164479,22,13,21,3165973
4164639,22,12,21,1055365
4164719,24,13,23,791539
4164863,22,13,21,3166265
4165743,24,14,23,2375201
4165855,24,13,23,791755
4166879,24,14,23,2375849
4167359,22,13,21,3168163
4167423,22,13,21,3168211
4167679,23,13,22,1584203
4167727,22,13,21,3168443
4167743,22,13,21,3168455
4168175,22,11,21,352087
4168191,22,12,21,1056265
4168479,24,14,23,2376761
4168511,22,13,21,3169039
4168575,22,13,21,3169087
4168767,23,13,22,1584617
4168815,23,13,22,1584635
4168863,23,13,22,1584653
4169087,22,13,21,3169477
4169247,24,14,23,2377199
4169631,23,11,22,176105
4170287,22,13,21,3170389
4170431,23,13,22,1585249
4170479,24,14,23,2377901
4170655,22,13,21,3170669
4170879,24,14,23,2378129
4171471,24,14,23,2378467
4171647,24,14,23,2378567
4171679,22,10,21,117461
4171887,22,13,21,3171605
4171903,22,13,21,3171617
4172479,22,13,21,3172055
4172799,23,13,22,1586149
4172959,24,13,23,793105
4173055,22,13,21,3172493
4173247,22,13,21,3172639
4173471,24,14,23,2379607
4173551,23,13,22,1586435
4173935,23,13,22,1586581
4174015,22,12,21,1057741
4174335,23,12,22,528911
4174383,22,13,21,3173503
4174527,24,13,23,793403
4174847,22,13,21,3173855
4174959,22,13,21,3173941
4175007,22,13,21,3173977
4175151,22,12,21,1058029
4175231,22,9,21,39187
4175551,22,13,21,3174391
4175919,22,13,21,3174671
4175983,22,13,21,3174719
4176383,24,14,23,2381267
4176895,24,13,23,793853
4177151,24,14,23,2381705
4177439,23,13,22,1587913
4177567,22,12,21,1058641
4177663,24,13,23,793999
4177855,23,12,22,529357
4177951,22,13,21,3176215
4178143,24,14,23,2382271
4178239,23,13,22,1588217
4178943,22,13,21,3176969
4179103,22,13,21,3177091
4179327,22,11,21,353029
4179663,22,13,21,3177517
4179711,22,13,21,3177553
4179919,22,6,21,1453
4180079,22,13,21,3177833
4180671,22,13,21,3178283
4180847,24,14,23,2383813
4180991,23,13,22,1589263
4181023,24,14,23,2383913
4181535,24,13,23,794735
4181743,23,13,22,1589549
4181759,23,13,22,1589555
4181791,22,13,21,3179135
4182047,24,14,23,2384497
4182127,23,13,22,1589695
4182255,22,12,21,1059829
4182335,24,13,23,794887
4182575,22,13,21,3179731
4183151,22,13,21,3180169
4183199,22,13,21,3180205
4183423,22,11,21,353375
4183759,22,13,21,3180631
4183999,22,12,21,1060271
4184031,23,13,22,1590419
4184271,24,12,23,265085
4184383,22,13,21,3181105
4185215,24,14,23,2386303
4185247,23,13,22,1590881
4185599,22,13,21,3182029
4186271,24,13,23,795635
4186335,22,11,21,353621
4186351,24,14,23,2386951
4186863,24,14,23,2387243
4187135,22,13,21,3183197
4187615,23,13,22,1591781
4187647,23,13,22,1591793
4187887,22,13,21,3183769
4187903,22,13,21,3183781
4188319,22,13,21,3184097
4188367,23,12,22,530689
4188479,22,13,21,3184219
4188623,22,12,21,1061443
4189167,23,13,22,1592371
4189295,22,9,21,39319
4189311,22,12,21,1061617
4189695,22,13,21,3185143
4189855,22,12,21,1061755
4189935,23,13,22,1592663
4189983,22,13,21,3185363
4190431,22,10,21,117989
4190623,22,13,21,3185849
4190847,22,13,21,3186019
4190975,24,13,23,796529
4191231,24,14,23,2389733
4191423,24,14,23,2389843
4191535,24,14,23,2389907
4191615,22,11,21,354067
4191647,22,12,21,1062209
4191951,22,13,21,3186859
4191999,24,14,23,2390171
4192191,22,12,21,1062347
4192479,24,11,23,88535
4192511,24,12,23,265607
4192575,22,13,21,3187333
4192735,24,14,23,2390591
4193087,23,12,22,531287
4193391,22,11,21,354217
4193407,22,12,21,1062655
4194623,23,13,22,1594445
4195055,23,13,22,1594609
4195807,23,13,22,1594895
4196223,23,13,22,1595053
4196559,23,12,22,531727
4197183,24,12,23,265903
4198095,24,14,23,2393647
4198943,24,14,23,2394131
4199151,24,13,23,798083
4199359,23,13,22,1596245
4199551,24,12,23,266053
4200127,23,10,22,59131
4200319,24,13,23,798305
4200607,24,14,23,2395079
4201343,24,14,23,2395499
4201455,24,13,23,798521
4201631,24,14,23,2395663
4201711,23,13,22,1597139
4201887,24,12,23,266201
4201919,24,12,23,266203
4202111,23,13,22,1597291
4202143,24,14,23,2395955
4202223,24,13,23,798667
4202479,24,14,23,2396147
4203055,24,12,23,266275
4203455,24,13,23,798901
4203647,23,12,22,532625
4203679,23,9,22,19727
4203999,23,13,22,1598009
4204415,23,13,22,1598167
4205023,24,13,23,799199
4205599,23,13,22,1598617
4206015,23,12,22,532925
4206079,24,14,23,2398199
4207135,23,11,22,177689
4207151,23,12,22,533069
4207551,23,13,22,1599359
4208095,24,13,23,799783
4208367,23,8,22,6583
4209119,23,13,22,1599955
4209535,23,12,22,533371
4209695,24,13,23,800087
4209919,23,13,22,1600259
4210207,24,14,23,2400553
4211007,24,14,23,2401009
4211839,23,12,22,533663
4211871,23,11,22,177889
4212207,23,13,22,1601129
4212431,24,12,23,266869
4212799,24,13,23,800677
4213055,23,9,22,19771
4213791,23,13,22,1601731
4213887,24,14,23,2402651
4214255,24,14,23,2402861
4215423,24,14,23,2403527
4216527,23,12,22,534257
4216895,23,13,22,1602911
4217279,24,14,23,2404585
4217727,23,12,22,534409
4218415,24,14,23,2405233
4218927,24,14,23,2405525
4220063,23,11,22,178235
4220383,24,14,23,2406355
4220399,23,13,22,1604243
4220415,24,14,23,2406373
4221247,23,11,22,178285
4222431,23,8,22,6605
4222463,24,14,23,2407541
4223599,24,14,23,2408189
4223615,23,11,22,178385
4224223,24,14,23,2408545
4224303,23,13,22,1605727
4225087,23,13,22,1606025
4225151,23,13,22,1606049
4227103,23,12,22,535597
4227135,24,14,23,2410205
4228335,24,14,23,2410889
4228479,24,13,23,803657
4229279,24,13,23,803809
4229439,23,11,22,178631
4229823,23,13,22,1607825
4230303,24,14,23,2412011
4230351,24,13,23,804013
4230607,24,14,23,2412185
4231327,24,14,23,2412595
4231375,24,14,23,2412623
4231583,24,13,23,804247
4231839,24,14,23,2412887
4232127,24,14,23,2413051
4232495,23,13,22,1608841
4234175,24,14,23,2414219
4234719,24,10,23,29809
4234751,24,12,23,268283
4234911,23,13,22,1609759
4234943,24,14,23,2414657
4235375,24,14,23,2414903
4235679,23,13,22,1610051
4236031,24,14,23,2415277
4236287,24,13,23,805141
4236495,23,7,22,2209
4237167,24,14,23,2415925
4238831,23,12,22,537083
4238959,24,13,23,805649
4239391,24,12,23,268577
4239599,23,13,22,1611541
4239679,24,14,23,2417357
4240799,23,13,22,1611997
4240927,24,13,23,806023
4241647,24,14,23,2418479
4242127,24,13,23,806251
4242303,24,14,23,2418853
4243503,23,11,22,179225
4243695,24,13,23,806549
4244207,24,14,23,2419939
4244351,24,14,23,2420021
4244463,24,13,23,806695
4244895,24,13,23,806777
4247087,24,14,23,2421581
4247199,24,13,23,807215
4247759,23,13,22,1614643
4247807,23,13,22,1614661
4248767,24,12,23,269171
4249855,24,14,23,2423159
4252927,23,11,22,179623
4254527,24,14,23,2425823
4254879,23,13,22,1617349
4255039,24,13,23,808705
4255999,23,13,22,1617775
4256239,24,13,23,808933
4256495,24,14,23,2426945
4256799,23,13,22,1618079
4258543,24,13,23,809371
4259231,24,14,23,2428505
4259567,24,14,23,2428697
4259583,23,13,22,1619137
4259903,23,12,22,539753
4259951,23,12,22,539759
4260335,23,13,22,1619423
4260351,23,13,22,1619429
4260735,24,14,23,2429363
4261503,23,13,22,1619867
4261791,24,14,23,2429965
4262303,24,14,23,2430257
4263103,24,14,23,2430713
4263215,24,13,23,810259
4264047,24,12,23,270139
4264255,23,13,22,1620913
4264415,24,13,23,810487
4264991,23,13,22,1621193
4265839,24,14,23,2432273
4265951,24,13,23,810779
4266607,24,14,23,2432711
4266975,24,14,23,2432921
4268095,23,12,22,540791
4268143,23,12,22,540797
4269727,23,13,22,1622993
4271087,24,10,23,30065
4271231,24,14,23,2435347
4271823,24,13,23,811895
4273615,24,14,23,2436707
4274415,23,13,22,1624775
4274559,24,12,23,270805
4275903,24,14,23,2438011
4277183,24,14,23,2438741
4277919,23,13,22,1626107
4278015,24,14,23,2439215
4278719,23,12,22,542137
4279487,24,14,23,2440055
4280543,24,14,23,2440657
4280575,24,14,23,2440675
4281823,24,14,23,2441387
4282239,23,10,22,60287
4282607,23,13,22,1627889
4282991,23,13,22,1628035
4283167,24,13,23,814051
4283359,23,12,22,542725
4284575,23,12,22,542879
4285167,24,12,23,271477
4285375,23,13,22,1628941
4286111,23,13,22,1629221
4286335,24,11,23,90517
4287215,24,14,23,2444461
4287295,23,13,22,1629671
4288447,23,13,22,1630109
4288815,23,13,22,1630249
4289231,24,14,23,2445611
4289999,23,13,22,1630699
4290767,23,13,22,1630991
4290783,23,13,22,1630997
4290799,23,13,22,1631003
4291263,24,14,23,2446769
4291615,23,10,22,60419
4292719,24,14,23,2447599
4293119,24,14,23,2447827
4293375,24,12,23,271997
4293631,24,14,23,2448119
4294143,24,13,23,816137
4295279,24,13,23,816353
4295487,23,13,22,1632785
4295711,24,11,23,90715
4295919,23,13,22,1632949
4297423,23,12,22,544507
4297855,23,13,22,1633685
4298191,23,13,22,1633813
4299583,24,13,23,817171
4300015,24,13,23,817253
4300415,24,12,23,272443
4300607,24,14,23,2452097
4301359,23,13,22,1635017
4301951,24,13,23,817621
4302207,24,14,23,2453009
4302495,24,14,23,2453173
4303007,24,14,23,2453465
4303519,24,13,23,817919
4304319,24,13,23,818071
4304543,24,14,23,2454341
4304831,24,14,23,2454505
4305311,24,14,23,2454779
4305455,24,13,23,818287
4306047,23,13,22,1636799
4306079,23,13,22,1636811
4306223,24,11,23,90937
4306479,24,14,23,2455445
4307423,24,12,23,272887
4308079,24,14,23,2456357
4308415,23,13,22,1637699
4309215,24,14,23,2457005
4309551,23,13,22,1638131
4309919,23,13,22,1638271
4310735,23,13,22,1638581
4310783,23,13,22,1638599
4311503,23,9,22,20233
4311535,23,12,22,546295
4313503,23,13,22,1639633
4314831,24,13,23,820069
4315343,24,14,23,2460499
4315455,23,13,22,1640375
4316287,24,14,23,2461037
4316991,24,14,23,2461439
4317423,24,14,23,2461685
4317823,23,13,22,1641275
4318079,24,14,23,2462059
4318175,23,13,22,1641409
4318927,23,13,22,1641695
4318975,23,13,22,1641713
4319359,23,13,22,1641859
4319695,23,11,22,182443
4319727,23,12,22,547333
4319935,24,13,23,821039
4320703,24,13,23,821185
4320927,23,11,22,182495
4320959,24,14,23,2463701
4321727,24,14,23,2464139
4321839,24,13,23,821401
4322271,24,13,23,821483
4322847,23,13,22,1643185
4323583,24,14,23,2465197
4324031,23,13,22,1643635
4324095,24,14,23,2465489
4324463,24,14,23,2465699
4324863,23,13,22,1643951
4324895,24,14,23,2465945
4325599,23,12,22,548077
4325615,23,11,22,182693
4326207,24,9,23,10151
4326367,23,13,22,1644523
4326399,23,13,22,1644535
4327167,23,13,22,1644827
4327487,24,14,23,2467423
4327535,23,13,22,1644967
4327583,23,13,22,1644985
4327887,23,11,22,182789
4328575,24,11,23,91409
4329167,24,14,23,2468381
4329679,24,12,23,274297
4330879,24,12,23,274373
4330911,24,12,23,274375
4331215,24,13,23,823183
4331455,23,12,22,548819
4331647,24,13,23,823265
4332223,23,13,22,1646749
4332239,23,13,22,1646755
4332703,24,14,23,2470397
4332959,24,14,23,2470543
4332991,24,14,23,2470561
4333551,24,13,23,823627
4333615,24,13,23,823639
4333791,23,12,22,549115
4334127,24,14,23,2471209
4335007,23,12,22,549269
4335583,24,8,23,3391
4335775,23,13,22,1648099
4336831,24,14,23,2472751
4336895,24,14,23,2472787
4337151,24,13,23,824311
4337967,24,14,23,2473399
4338111,23,13,22,1648987
4338719,24,13,23,824609
4338927,23,13,22,1649297
4340431,23,13,22,1649869
4340463,23,13,22,1649881
4342079,24,14,23,2475743
4342591,24,11,23,91705
4343503,24,14,23,2476555
4344447,24,14,23,2477093
4344687,23,13,22,1651487
4345151,23,13,22,1651663
4347519,23,13,22,1652563
4347551,24,14,23,2478863
4347871,23,10,22,61211
4348463,24,11,23,91829
4349855,24,14,23,2480177
4349951,24,14,23,2480231
4350719,24,14,23,2480669
4351231,24,13,23,826987
4351487,24,14,23,2481107
4352879,23,13,22,1654601
4353743,23,11,22,183881
4354527,23,13,22,1655227
4354543,23,13,22,1655233
4355711,23,13,22,1655677
4357439,24,13,23,828167
4357663,23,13,22,1656419
4357759,24,14,23,2484683
4358207,24,13,23,828313
4358639,24,13,23,828395
4358815,23,13,22,1656857
4360319,24,14,23,2486143
4360831,24,14,23,2486435
4361215,23,13,22,1657769
4361679,24,13,23,828973
4361967,23,12,22,552685
4362351,23,13,22,1658201
4362943,24,13,23,829213
4363135,23,12,22,552833
4363199,24,14,23,2487785
4363823,24,14,23,2488141
4364335,24,14,23,2488433
4364767,24,14,23,2488679
4365823,24,14,23,2489281
4365855,23,13,22,1659533
4366239,23,13,22,1659679
4366271,23,13,22,1659691
4366447,24,13,23,829879
4366815,24,13,23,829949
4367007,23,13,22,1659971
4369023,23,12,22,553579
4369407,23,13,22,1660883
4370463,24,14,23,2491927
4371679,23,13,22,1661747
4372511,23,12,22,554021
4373119,24,12,23,277049
4373199,24,14,23,2493487
4373279,23,13,22,1662355
4373311,24,14,23,2493551
4373375,24,14,23,2493587
4374047,23,13,22,1662647
4374335,24,14,23,2494135
4374399,24,14,23,2494171
4374463,23,13,22,1662805
4375535,24,14,23,2494819
4376031,23,12,22,554467
4376063,23,12,22,554471
4376447,23,13,22,1663559
4377199,23,12,22,554615
4377599,23,13,22,1663997
4378047,24,14,23,2496251
4378159,24,13,23,832105
4378415,23,6,22,761
4378735,23,13,22,1664429
4379583,23,12,22,554917
4379839,24,14,23,2497273
4380719,24,14,23,2497775
4381119,23,13,22,1665335
4381295,24,12,23,277567
4381439,24,14,23,2498185
4381887,23,12,22,555209
4382255,23,13,22,1665767
4383471,23,13,22,1666229
4384239,23,10,22,61723
4384831,24,11,23,92597
4384975,23,13,22,1666801
4385567,24,13,23,833513
4385823,23,13,22,1667123
4386031,24,12,23,277867
4386335,24,13,23,833659
4386591,24,14,23,2501123
4387359,24,14,23,2501561
4387567,24,13,23,833893
4387775,23,12,22,555955
4388543,23,13,22,1668157
4388927,23,10,22,61789
4390127,23,12,22,556253
4390143,23,12,22,556255
4390335,24,13,23,834419
4390447,23,13,22,1668881
4391071,24,13,23,834559
4391359,24,14,23,2503841
4391663,23,13,22,1669343
4392399,23,12,22,556541
4392479,23,8,22,6871
4393167,23,13,22,1669915
4393439,24,13,23,835009
4393471,24,13,23,835015
4393983,24,14,23,2505337
4394239,24,12,23,278387
4394287,24,14,23,2505511
4395119,24,14,23,2505985
4395311,24,12,23,278455
4396911,24,13,23,835669
4397167,23,9,22,20635
4397279,24,13,23,835739
4397535,23,13,22,1671575
4397567,23,13,22,1671587
4398719,23,13,22,1672025
4400447,24,13,23,836341
4401007,23,13,22,1672895
4401391,24,14,23,2509561
4401823,23,12,22,557735
4401871,24,14,23,2509835
4402047,24,13,23,836645
4403743,23,13,22,1673935
4404223,23,11,22,186013
4404383,24,13,23,837089
4404671,24,14,23,2511431
4405359,23,11,22,186061
4405727,23,13,22,1674689
4405951,24,11,23,93043
4407711,24,14,23,2513165
4408479,23,13,22,1675735
4408879,23,12,22,558629
4409199,23,13,22,1676009
4409823,24,13,23,838123
4410015,23,12,22,558773
4411247,24,14,23,2515181
4412447,24,14,23,2515865
4413551,23,11,22,186407
4413759,24,13,23,838871
4413935,23,13,22,1677809
4414335,23,13,22,1677961
4415903,23,12,22,559519
4415935,23,12,22,559523
4416127,24,13,23,839321
4416239,24,14,23,2518027
4416671,23,13,22,1678849
4417855,23,13,22,1679299
4417999,24,13,23,839677
4418287,24,14,23,2519195
4419055,24,14,23,2519633
4419487,24,14,23,2519879
4420031,24,12,23,280021
4420223,23,13,22,1680199
4420575,23,12,22,560111
4421167,24,12,23,280093
4422591,24,14,23,2521649
4422911,24,14,23,2521831
4423167,24,13,23,840659
4423711,23,13,22,1681525
4423727,24,14,23,2522297
4423791,24,14,23,2522333
4424127,23,12,22,560561
4424191,24,14,23,2522561
4424447,24,14,23,2522707
4426047,23,13,22,1682413
4426879,23,13,22,1682729
4427071,24,10,23,31163
4427263,23,13,22,1682875
4427807,24,13,23,841541
4427983,23,13,22,1683149
4428575,24,13,23,841687
4428767,23,12,22,561149
4430543,24,12,23,280687
4430655,24,14,23,2526247
4431919,23,13,22,1684645
4432703,23,13,22,1684943
4432879,24,12,23,280835
4433279,24,13,23,842581
4433311,24,13,23,842587
4434639,23,12,22,561893
4435391,24,14,23,2528947
4435903,24,14,23,2529239
4436175,23,13,22,1686263
4436447,24,10,23,31229
4436527,24,14,23,2529595
4436671,24,14,23,2529677
4437183,24,13,23,843323
4437407,23,13,22,1686731
4437439,23,13,22,1686743
4437695,24,14,23,2530261
4437759,24,14,23,2530297
4438639,24,14,23,2530799
4438783,24,12,23,281209
4439039,24,14,23,2531027
4439151,24,13,23,843697
4439343,23,12,22,562489
4439743,23,13,22,1687619
4440111,23,13,22,1687759
4440575,23,12,22,562645
4441343,23,13,22,1688227
4442831,23,12,22,562931
4443679,24,14,23,2533673
4443855,24,13,23,844591
4444015,23,12,22,563081
4444063,23,12,22,563087
4444367,23,13,22,1689377
4444415,23,13,22,1689395
4445311,24,14,23,2534603
4445647,24,14,23,2534795
4445903,24,14,23,2534941
4446367,24,14,23,2535205
4446415,24,14,23,2535233
4446767,23,13,22,1690289
4447215,24,14,23,2535689
4448159,24,12,23,281803
4448367,23,13,22,1690897
4449535,23,13,22,1691341
4449695,24,13,23,845701
4450719,24,14,23,2537687
4451327,24,13,23,846011
4451487,23,13,22,1692083
4451631,24,12,23,282023
4452031,24,13,23,846145
4452207,23,12,22,564119
4452255,23,12,22,564125
4452287,23,10,22,62681
4452607,23,13,22,1692509
4453423,23,9,22,20899
4454655,24,14,23,2539931
4455199,24,10,23,31361
4457343,23,13,22,1694309
4458143,23,12,22,564871
4459327,24,14,23,2542595
4459391,24,14,23,2542631
4460015,24,14,23,2542987
4460751,24,14,23,2543407
4460863,23,13,22,1695647
4461183,24,14,23,2543653
4461295,24,14,23,2543717
4461615,23,11,22,188437
4461695,24,14,23,2543945
4461951,24,14,23,2544091
4461983,24,14,23,2544109
4462463,24,14,23,2544383
4462831,23,12,22,565465
4462847,23,11,22,188489
4463599,24,14,23,2545031
4464031,24,14,23,2545277
4464063,24,14,23,2545295
4464767,23,13,22,1697131
4464799,23,13,22,1697143
4465199,24,14,23,2545943
4466943,24,11,23,94331
4467135,23,13,22,1698031
4467519,23,12,22,566059
4469487,23,13,22,1698925
4469807,23,11,22,188783
4470815,24,13,23,849715
4471407,23,13,22,1699655
4471839,24,14,23,2549729
4472223,23,11,22,188885
4472559,23,13,22,1700093
4474575,24,14,23,2551289
4474751,24,13,23,850463
4475327,23,13,22,1701145
4475375,24,14,23,2551745
4475519,24,13,23,850609
4475711,23,12,22,567097
4476095,23,13,22,1701437
4476319,24,11,23,94529
4477695,23,13,22,1702045
4478415,23,13,22,1702319
4479599,23,13,22,1702769
4479935,24,14,23,2554345
4479967,23,13,22,1702909
4480767,24,14,23,2554819
4481583,23,12,22,567841
4482303,24,14,23,2555695
4483135,23,13,22,1704113
4483551,23,13,22,1704271
4483695,24,13,23,852163
4484127,24,13,23,852245
4484719,24,14,23,2557073
4485423,23,13,22,1704983
4485663,24,12,23,284179
4486623,23,13,22,1705439
4487199,24,13,23,852829
4488063,24,11,23,94777
4488431,24,13,23,853063
4488943,24,14,23,2559481
4489775,23,12,22,568879
4490959,23,12,22,569029
4491567,24,7,23,1171
4491775,23,13,22,1707397
4492223,24,14,23,2561351
4492527,23,13,22,1707683
4492847,24,14,23,2561707
4494015,24,14,23,2562373
4494031,23,13,22,1708255
4494799,23,13,22,1708547
4495039,24,12,23,284773
4495407,24,13,23,854389
4495871,24,13,23,854477
4496895,24,14,23,2564015
4499151,23,12,22,570067
4499199,23,12,22,570073
4499567,23,13,22,1710359
4499583,23,13,22,1710365
4500287,24,14,23,2565949
4500735,23,13,22,1710803
4501103,24,14,23,2566415
4501535,24,14,23,2566661
4504047,24,13,23,856031
4504191,24,14,23,2568175
4504703,24,14,23,2568467
4504815,24,13,23,856177
4505071,24,14,23,2568677
4505247,24,13,23,856259
4505839,24,14,23,2569115
4506559,24,14,23,2569525
4507039,24,14,23,2569799
4507071,24,14,23,2569817
4507183,24,13,23,856627
4507775,23,13,22,1713479
4508063,24,14,23,2570383
4508143,23,13,22,1713619
4509183,24,10,23,31741
4509343,24,14,23,2571113
4509727,23,11,22,190469
4510111,23,13,22,1714367
4510319,24,9,23,10583
4510911,24,14,23,2572007
4510975,24,14,23,2572043
4511599,24,14,23,2572399
4513599,23,13,22,1715693
4514783,23,13,22,1716143
4515199,23,13,22,1716301
4515567,23,12,22,572147
4515967,23,13,22,1716593
4516303,23,13,22,1716721
4516335,23,13,22,1716733
4516991,24,13,23,858491
4517103,24,14,23,2575537
4517535,23,13,22,1717189
4517663,24,13,23,858619
4518303,23,13,22,1717481
4518335,23,13,22,1717493
4519103,23,11,22,190865
4519327,24,13,23,858935
4520063,24,13,23,859075
4520319,24,14,23,2577371
4520943,24,14,23,2577727
4521023,23,13,22,1718515
4521087,23,13,22,1718539
4522031,24,12,23,286483
4522223,23,13,22,1718971
4522431,24,13,23,859525
4522975,23,13,22,1719257
4523039,23,13,22,1719281
4524495,23,13,22,1719835
4524511,24,14,23,2579761
4525311,24,14,23,2580217
4526191,24,14,23,2580719
4526527,23,13,22,1720607
4526703,24,11,23,95593
4527743,23,13,22,1721069
4528095,24,14,23,2581805
4528127,23,13,22,1721215
4528847,23,13,22,1721489
4529263,23,13,22,1721647
4529631,23,12,22,573929
4530399,23,13,22,1722079
4530847,23,10,22,63787
4531007,24,13,23,861155
4531519,24,14,23,2583757
4532351,24,14,23,2584231
4532863,24,14,23,2584523
4532943,24,13,23,861523
4533183,23,12,22,574379
4533967,24,14,23,2585153
4534319,23,12,22,574523
4534399,23,8,22,7093
4534687,24,14,23,2585563
4534719,23,13,22,1723721
4536703,24,14,23,2586713
4537039,23,13,22,1724603
4538239,23,13,22,1725059
4539647,24,12,23,287599
4539871,24,14,23,2588519
4541551,24,13,23,863159
4542159,23,13,22,1726549
4542207,23,13,22,1726567
4542319,24,13,23,863305
4543519,24,13,23,863533
4543743,23,12,22,575717
4546079,23,12,22,576013
4546175,24,14,23,2592113
4546431,23,13,22,1728173
4546463,23,13,22,1728185
4546495,23,13,22,1728197
4546687,24,10,23,32005
4547055,24,13,23,864205
4547311,24,14,23,2592761
4549071,24,14,23,2593765
4550191,24,11,23,96089
4550351,23,13,22,1729663
4550383,23,13,22,1729675
4550559,24,13,23,864871
4551103,24,14,23,2594923
4551167,23,13,22,1729973
4551903,23,12,22,576751
4551935,23,12,22,576755
4553215,24,14,23,2596127
4553263,24,13,23,865385
4553983,24,14,23,2596565
4554287,23,10,22,64117
4554655,23,13,22,1731299
4555519,24,14,23,2597441
4555807,24,14,23,2597605
4556287,24,14,23,2597879
4557423,24,14,23,2598527
4558447,24,14,23,2599111
4558575,23,13,22,1732789
4559007,23,12,22,577651
4559647,24,14,23,2599795
4560095,23,12,22,577789
4560511,24,14,23,2600287
4560543,23,13,22,1733537
4560959,24,14,23,2600543
4562159,24,14,23,2601227
4562559,24,14,23,2601455
4562847,23,13,22,1734413
4563695,23,12,22,578245
4563711,23,11,22,192749
4563951,24,14,23,2602249
4564383,24,14,23,2602495
4564447,23,13,22,1735021
4564863,23,12,22,578393
4565231,23,13,22,1735319
4565247,23,13,22,1735325
4565631,23,13,22,1735471
4565695,24,14,23,2603243
4565999,23,12,22,578537
4567039,24,13,23,868003
4567231,24,14,23,2604119
4568543,24,13,23,868289
4568943,24,11,23,96485
4569567,24,14,23,2605451
4571887,23,12,22,579283
4572639,23,13,22,1738135
4572655,23,13,22,1738141
4573039,23,10,22,64381
4573247,24,13,23,869183
4574239,23,12,22,579581
4574447,24,13,23,869411
4574623,23,13,22,1738889
4575471,24,14,23,2608817
4576127,24,14,23,2609191
4576383,24,13,23,869779
4577151,24,12,23,289975
4577343,23,13,22,1739923
4577759,23,12,22,580027
4577919,24,13,23,870071
4579231,24,14,23,2610961
4579263,24,14,23,2610979
4581279,23,9,22,21499
4582079,24,14,23,2612585
4582703,24,14,23,2612941
4583967,23,13,22,1742441
4584383,23,13,22,1742599
4584559,24,13,23,871333
4584751,23,12,22,580913
4585151,23,13,22,1742891
4585695,24,13,23,871549
4585951,23,12,22,581065
4586367,23,13,22,1743353
4586527,24,12,23,290569
4588783,24,14,23,2616407
4588863,24,12,23,290717
4589471,23,11,22,193837
4590063,24,11,23,96931
4590271,23,13,22,1744837
4590655,23,8,22,7181
4591039,23,13,22,1745129
4591823,24,14,23,2618141
4592159,23,13,22,1745555
4592639,23,13,22,1745737
4592799,24,13,23,872899
4593023,24,14,23,2618825
4593055,24,14,23,2618843
4593087,24,14,23,2618861
4593791,24,14,23,2619263
4594879,24,14,23,2619883
4595359,23,12,22,582257
4596223,24,14,23,2620649
4596703,24,13,23,873641
4596735,24,13,23,873647
4597247,24,14,23,2621233
4597663,23,11,22,194183
4597871,24,13,23,873863
4599999,23,12,22,582845
4600031,23,9,22,21587
4600047,23,12,22,582851
4600351,23,13,22,1748669
4600447,23,13,22,1748705
4600831,23,13,22,1748851
4601599,23,13,22,1749143
4601887,24,14,23,2623879
4601967,23,13,22,1749283
4602175,24,13,23,874681
4602943,24,10,23,32401
4603199,24,14,23,2624627
4603519,24,14,23,2624809
4603551,23,12,22,583295
4603599,24,14,23,2624855
4604143,24,12,23,291685
4605087,23,13,22,1750469
4605391,24,14,23,2625877
4606703,24,14,23,2626625
4607183,24,13,23,875633
4608191,23,12,22,583883
4608223,23,11,22,194629
4608239,23,12,22,583889
4608639,23,13,22,1751819
4610159,23,13,22,1752397
4610527,24,14,23,2628805
4611183,24,10,23,32459
4611327,24,14,23,2629261
4611775,23,11,22,194779
4612511,23,13,22,1753291
4612575,24,14,23,2629973
4613279,23,13,22,1753583
4614463,23,13,22,1754033
4614767,24,14,23,2631223
4616415,23,11,22,194975
4616735,24,14,23,2632345
4616815,23,13,22,1754927
4616831,23,13,22,1754933
4616991,24,12,23,292499
4619391,24,12,23,292651
4619503,24,14,23,2633923
4619583,24,14,23,2633969
4620015,24,14,23,2634215
4620335,23,13,22,1756265
4620783,24,14,23,2634653
4621295,24,13,23,878315
4621551,23,13,22,1756727
4621807,24,14,23,2635237
4621951,23,13,22,1756879
4621983,24,14,23,2635337
4622655,23,13,22,1757147
4623855,23,13,22,1757603
4625055,23,13,22,1758059
4625439,23,13,22,1758205
4627391,23,13,22,1758947
4628175,23,12,22,586415
4628959,24,14,23,2639315
4629535,24,13,23,879881
4631327,24,14,23,2640665
4631359,24,14,23,2640683
4632271,24,12,23,293467
4633215,24,14,23,2641741
4633471,24,12,23,293543
4634063,24,14,23,2642225
4634239,24,13,23,880775
4634831,24,14,23,2642663
4635263,24,14,23,2642909
4635951,23,13,22,1762201
4636143,24,13,23,881137
4636367,23,12,22,587453
4636399,23,10,22,65273
4636719,23,13,22,1762493
4637567,23,12,22,587605
4637631,24,14,23,2644259
4637951,23,13,22,1762961
4638255,24,14,23,2644615
4639423,24,14,23,2645281
4640047,24,13,23,881879
4640511,24,12,23,293989
4641279,24,13,23,882113
4642047,24,13,23,882259
4642303,24,14,23,2646923
4642783,24,12,23,294133
4643439,24,14,23,2647571
4644975,23,13,22,1765631
4645759,23,12,22,588643
4646143,23,13,22,1766075
4646559,23,13,22,1766233
4647359,23,13,22,1766537
4647711,24,14,23,2650007
4648175,24,14,23,2650271
4648495,23,13,22,1766969
4649119,24,13,23,883603
4650463,23,10,22,65471
4651215,23,13,22,1768003
4651247,23,13,22,1768015
4651391,24,13,23,884035
4651631,23,12,22,589387
4651647,23,11,22,196463
4652223,24,12,23,294731
4652991,24,13,23,884339
4653103,24,14,23,2653081
4654559,24,11,23,98293
4654751,23,13,22,1769347
4655519,23,13,22,1769639
4656319,23,12,22,589981
4656383,24,14,23,2654951
4656671,23,13,22,1770077
4657455,24,14,23,2655563
4657919,23,13,22,1770551
4658223,23,13,22,1770667
4659423,24,14,23,2656685
4659439,23,13,22,1771129
4659455,23,13,22,1771135
4659823,23,12,22,590425
4660207,23,13,22,1771421
4660943,24,14,23,2657551
4661407,23,13,22,1771877
4663167,24,13,23,886273
4663503,24,13,23,886337
4664047,24,14,23,2659321
4664191,24,14,23,2659403
4664511,23,12,22,591019
4664959,23,13,22,1773227
4664991,24,14,23,2659859
4665647,23,12,22,591163
4665759,24,14,23,2660297
4666047,24,14,23,2660461
4666415,23,13,22,1773781
4666495,23,13,22,1773811
4666527,24,14,23,2660735
4666927,24,14,23,2660963
4667247,23,13,22,1774097
4667439,24,10,23,32855
4668671,24,11,23,98591
4668831,23,13,22,1774699
4669599,23,13,22,1774991
4670431,24,14,23,2662961
4671551,23,12,22,591911
4671743,24,13,23,887903
4672319,23,13,22,1776025
4672543,24,13,23,888055
4673055,24,14,23,2664457
4675647,24,12,23,296215
4675903,24,14,23,2666081
4676303,24,14,23,2666309
4676335,24,14,23,2666327
4676735,24,14,23,2666555
4676927,24,14,23,2666665
4677247,24,13,23,888949
4678127,24,14,23,2667349
4678271,24,14,23,2667431
4678783,24,13,23,889241
4679151,24,12,23,296437
4679551,24,13,23,889387
4680127,24,14,23,2668489
4680351,24,12,23,296513
4680383,24,12,23,296515
4680575,23,13,22,1779163
4681119,24,13,23,889685
4682143,23,10,22,65917
4682175,24,14,23,2669657
4683055,24,13,23,890053
4683311,24,14,23,2670305
4684287,24,13,23,890287
4684399,24,14,23,2670925
4684479,23,12,22,593549
4684543,24,14,23,2671007
4685311,24,14,23,2671445
4686303,24,14,23,2672011
4686383,23,13,22,1781371
4686847,23,12,22,593849
4686879,24,14,23,2672339
4687615,23,13,22,1781839
4687999,23,12,22,593995
4688927,24,13,23,891169
4689951,24,14,23,2674091
4690671,24,14,23,2674501
4691183,24,14,23,2674793
4691503,23,12,22,594439
4691583,24,14,23,2675021
4692687,24,14,23,2675651
4693663,24,13,23,892069
4693823,23,12,22,594733
4694463,24,12,23,297407
4695023,24,14,23,2676983
4695039,23,12,22,594887
4695759,23,13,22,1784935
4695807,23,13,22,1784953
4696223,23,12,22,595037
4697711,23,13,22,1785677
4697759,23,13,22,1785695
4697855,24,14,23,2678597
4698303,24,13,23,892951
4699103,24,12,23,297701
4699327,24,14,23,2679437
4699439,24,13,23,893167
4699679,23,12,22,595475
4700415,24,14,23,2680057
4700927,24,14,23,2680349
4702015,23,12,22,595771
4702431,23,13,22,1787471
4702447,23,13,22,1787477
4703215,23,11,22,198641
4704447,23,7,22,2453
4705055,24,14,23,2682703
4705135,23,13,22,1788499
4705407,24,13,23,894301
4705951,23,13,22,1788809
4706335,23,13,22,1788955
4706543,24,13,23,894517
4708287,23,13,22,1789697
4708351,23,13,22,1789721
4709119,23,12,22,596671
4709503,23,13,22,1790159
4709791,24,14,23,2685403
4710079,24,13,23,895189
4710271,23,10,22,66313
4710303,24,14,23,2685695
4710335,24,14,23,2685713
4710639,23,13,22,1790591
4712911,23,13,22,1791455
4713215,24,12,23,298595
4713775,24,14,23,2687675
4714143,23,13,22,1791923
4715119,24,13,23,896147
4715631,24,14,23,2688733
4715711,23,13,22,1792519
4715743,24,14,23,2688797
4716159,23,12,22,597563
4716479,23,13,22,1792811
4717295,23,12,22,597707
4717695,23,13,22,1793273
4718831,23,13,22,1793705
4719263,23,13,22,1793869
4719935,24,14,23,2691187
4720031,23,13,22,1794161
4720255,24,12,23,299041
4721103,23,13,22,1794569
4721791,24,13,23,897415
4721823,24,13,23,897421
4721967,23,11,22,199433
4721983,23,12,22,598301
4722591,24,12,23,299189
4722847,24,14,23,2692847
4723359,24,13,23,897713
4723871,24,14,23,2693431
4725919,23,13,22,1796399
4726319,24,14,23,2694827
4730575,23,13,22,1798169
4730607,23,13,22,1798181
4731199,24,13,23,899203
4731359,23,12,22,599489
4733247,24,14,23,2698777
4734495,23,13,22,1799659
4734671,24,13,23,899863
4734911,23,12,22,599939
4735039,24,13,23,899933
4735215,24,14,23,2699899
4735295,23,13,22,1799963
4735807,24,13,23,900079
4736671,24,11,23,100027
4736895,24,14,23,2700857
4738047,23,13,22,1801009
4738607,24,13,23,900611
4738815,23,13,22,1801301
4739775,24,13,23,900833
4739967,23,13,22,1801739
4741119,24,14,23,2703265
4741567,23,13,22,1802347
4741599,24,14,23,2703539
4741679,24,13,23,901195
4741951,23,9,22,22253
4742623,24,14,23,2704123
4742687,23,13,22,1802773
4742703,23,13,22,1802779
4744671,23,13,22,1803527
4745071,24,14,23,2705519
4745423,23,12,22,601271
4746047,24,11,23,100225
4746271,24,14,23,2706203
4746959,23,13,22,1804397
4747423,23,13,22,1804573
4747807,24,14,23,2707079
4748063,24,14,23,2707225
4748415,24,10,23,33425
4748511,23,13,22,1804987
4749519,24,12,23,300895
4749807,24,14,23,2708219
4750111,23,12,22,601865
4750143,23,11,22,200623
4750719,24,12,23,300971
4751343,24,14,23,2709095
4751519,24,13,23,903065
4752319,24,13,23,903217
4752543,24,14,23,2709779
4752943,24,14,23,2710007
4753855,24,13,23,903509
4755615,23,13,22,1807687
4756015,23,9,22,22319
4756223,24,13,23,903959
4756415,23,13,22,1807991
4756703,23,13,22,1808101
4757183,24,14,23,2712425
4757359,24,13,23,904175
4758015,24,14,23,2712899
4758335,23,11,22,200969
4758719,23,13,22,1808867
4759583,24,14,23,2713793
4760319,23,13,22,1809475
4761087,23,13,22,1809767
4761455,23,13,22,1809907
4761919,24,14,23,2715125
4763071,23,11,22,201169
4763343,24,14,23,2715937
4763375,24,14,23,2715955
4764207,23,11,22,201217
4764543,24,14,23,2716621
4765135,24,13,23,905653
4765375,23,12,22,603799
4765391,23,9,22,22363
4766191,24,14,23,2717561
4766207,23,13,22,1811713
4766975,23,13,22,1812005
4768415,24,14,23,2718829
4768495,23,13,22,1812583
4768671,24,13,23,906325
4769231,23,13,22,1812863
4769263,23,13,22,1812875
4769791,24,14,23,2719613
4770271,24,13,23,906629
4772399,23,11,22,201563
4772975,24,12,23,302381
4773375,24,13,23,907219
4773583,23,11,22,201613
4773951,23,13,22,1814657
4774383,23,13,22,1814821
4774767,23,8,22,7469
4775151,23,13,22,1815113
4777199,24,14,23,2723837
4777279,24,13,23,907961
4777423,23,13,22,1815977
4777599,24,14,23,2724065
4778047,24,13,23,908107
4778687,23,13,22,1816457
4778991,24,14,23,2724859
4779471,24,14,23,2725133
4780703,24,14,23,2725835
4781055,23,13,22,1817357
4781439,24,14,23,2726255
4781775,23,11,22,201959
4782559,23,13,22,1817929
4782783,24,13,23,909007
4783295,24,14,23,2727313
4784111,23,12,22,606173
4784159,23,12,22,606179
4784175,24,14,23,2727815
4785151,24,13,23,909457
4785407,24,14,23,2728517
4786079,23,13,22,1819267
4786287,24,13,23,909673
4786879,23,13,22,1819571
4787055,24,10,23,33697
4787311,24,14,23,2729603
4788255,24,12,23,303349
4788863,23,12,22,606775
4789247,23,13,22,1820471
4790431,23,13,22,1820921
4792015,24,14,23,2732285
4792303,23,12,22,607211
4792351,23,12,22,607217
4793151,24,14,23,2732933
4794239,24,14,23,2733553
4794271,23,13,22,1822381
4794527,24,13,23,911239
4795519,23,13,22,1822855
4795551,24,14,23,2734301
4795887,23,11,22,202555
4797119,24,14,23,2735195
4797439,23,13,22,1823585
4797631,24,12,23,303943
4797999,24,13,23,911899
4798575,23,13,22,1824017
4798591,23,13,22,1824023
4799167,24,13,23,912121
4800191,23,13,22,1824631
4800735,24,13,23,912419
4801279,24,14,23,2737567
4801503,24,13,23,912565
4801791,24,14,23,2737859
4803615,24,14,23,2738899
4803695,24,14,23,2738945
4804095,23,12,22,608705
4804127,24,14,23,2739191
4804831,23,13,22,1826395
4804863,23,13,22,1826407
4804927,24,14,23,2739647
4805407,24,13,23,913307
4806767,23,13,22,1827131
4806863,24,14,23,2740751
4807375,24,13,23,913681
4807615,23,12,22,609151
4808383,23,13,22,1827745
4811199,24,14,23,2743223
4811423,24,14,23,2743351
4811455,24,14,23,2743369
4811503,23,13,22,1828931
4812239,23,12,22,609737
4813023,23,13,22,1829509
4813471,23,12,22,609893
4813823,24,14,23,2744719
4814127,24,14,23,2744893
4815407,24,14,23,2745623
4815471,24,14,23,2745659
4815615,24,13,23,915247
4815807,23,12,22,610189
4816191,23,13,22,1830713
4816591,23,13,22,1830865
4817407,23,13,22,1831175
4818559,23,13,22,1831613
4820431,23,12,22,610775
4820511,23,10,22,67865
4821695,23,11,22,203645
4821743,24,14,23,2749235
4822911,24,14,23,2749901
4823199,24,14,23,2750065
4823423,24,10,23,33953
4823535,24,14,23,2750257
4824223,24,13,23,916883
4824511,24,14,23,2750813
4824735,24,14,23,2750941
4825535,24,14,23,2751397
4825567,23,13,22,1834277
4825759,24,12,23,305725
4826783,23,13,22,1834739
4827615,24,14,23,2752583
4830175,24,14,23,2754043
4830431,24,11,23,102007
4830687,24,14,23,2754335
4831471,23,13,22,1836521
4832287,24,14,23,2755247
4833439,23,10,22,68047
4833599,24,13,23,918665
4834175,23,13,22,1837549
4835743,23,12,22,612715
4835775,23,12,22,612719
4835967,24,13,23,919115
4836335,24,12,23,306395
4836479,24,14,23,2757637
4836911,23,12,22,612863
4837103,24,13,23,919331
4838783,24,14,23,2758951
4839295,24,14,23,2759243
4839631,23,13,22,1839623
4839679,23,13,22,1839641
4839871,24,12,23,306619
4840063,24,14,23,2759681
4840431,23,12,22,613309
4841007,24,12,23,306691
4841151,24,14,23,2760301
4841599,23,12,22,613457
4842367,23,13,22,1840663
4842975,24,13,23,920447
4843935,23,12,22,613753
4844287,24,14,23,2762089
4844319,23,13,22,1841405
4844351,23,13,22,1841417
4844799,24,14,23,2762381
4847823,23,13,22,1842737
4847871,23,13,22,1842755
4848255,23,13,22,1842901
4848447,24,13,23,921487
4848623,23,12,22,614347
4848671,24,14,23,2764589
4849055,23,13,22,1843205
4850159,24,14,23,2765437
4850623,23,13,22,1843801
4851007,24,14,23,2765921
4851071,24,14,23,2765957
4851775,23,13,22,1844239
4851839,24,14,23,2766395
4851919,24,13,23,922147
4852895,24,14,23,2766997
4852927,23,13,22,1844677
4852943,24,14,23,2767025
4853663,24,14,23,2767435
4854175,24,14,23,2767727
4854719,24,13,23,922679
4854831,23,13,22,1845401
4855343,24,14,23,2768393
4855663,23,12,22,615239
4855855,24,13,23,922895
4856063,23,13,22,1845869
4856287,24,11,23,102553
4856431,23,13,22,1846009
4857087,24,13,23,923129
4857247,23,13,22,1846319
4857279,23,13,22,1846331
4857343,24,14,23,2769533
4858415,23,13,22,1846763
4859199,23,11,22,205229
4859759,24,12,23,307879
4860015,24,14,23,2771057
4860159,24,13,23,923713
4861039,24,14,23,2771641
4861119,23,13,22,1847791
4861183,23,13,22,1847815
4862255,23,13,22,1848223
4862271,24,14,23,2772343
4863023,23,13,22,1848515
4864223,23,13,22,1848971
4864239,24,14,23,2773465
4864495,24,12,23,308179
4864895,24,13,23,924613
4865439,23,13,22,1849433
4866287,24,14,23,2774633
4867791,23,13,22,1850327
4867839,23,13,22,1850345
4868591,23,12,22,616877
4869327,24,14,23,2776367
4869535,24,13,23,925495
4869823,24,14,23,2776649
4871167,24,13,23,925805
4872191,24,14,23,2777999
4872447,24,14,23,2778145
4872959,24,14,23,2778437
4874495,23,8,22,7625
4875295,24,14,23,2779769
4876415,23,13,22,1853605
4877935,23,12,22,618061
4878543,24,9,23,11447
4878575,24,12,23,309071
4879135,24,14,23,2781959
4879823,24,14,23,2782351
4880319,23,10,22,68707
4880511,24,13,23,927581
4881279,24,13,23,927727
4881535,24,14,23,2783327
4881567,24,14,23,2783345
4881791,24,14,23,2783473
4881823,24,14,23,2783491
4882079,24,12,23,309293
4882303,24,14,23,2783765
4882415,24,13,23,927943
4883423,23,13,22,1856269
4883439,24,14,23,2784413
4883615,24,13,23,928171
4884607,23,13,22,1856719
4886127,23,12,22,619099
4886271,24,14,23,2786027
4886559,23,13,22,1857461
4886783,24,10,23,34399
4887039,24,14,23,2786465
4887327,23,11,22,206417
4888111,23,13,22,1858051
4888543,24,14,23,2787323
4888559,23,7,22,2549
4889727,23,12,22,619555
4890111,23,13,22,1858811
4890431,23,13,22,1858933
4890655,24,13,23,929509
4890943,24,14,23,2788691
4891263,23,13,22,1859249
4891679,24,14,23,2789111
4892031,23,12,22,619847
4892063,23,11,22,206617
4892399,23,13,22,1859681
4892991,24,13,23,929953
4894191,24,13,23,930181
4894415,24,14,23,2790671
4894447,24,14,23,2790689
4894751,23,13,22,1860575
4894927,24,11,23,103369
4895615,24,14,23,2791355
4895903,24,14,23,2791519
4895935,23,13,22,1861025
4896383,24,14,23,2791793
4897215,24,14,23,2792267
4897487,23,13,22,1861615
4897855,23,12,22,620585
4897919,23,12,22,620593
4898495,24,12,23,310333
4898623,23,13,22,1862047
4898687,23,13,22,1862071
4899263,24,13,23,931145
4899743,24,14,23,2793709
4899823,23,13,22,1862503
4900287,23,12,22,620893
4900591,23,13,22,1862795
4900607,24,14,23,2794201
4902191,24,14,23,2795105
4902591,23,12,22,621185
4902655,24,14,23,2795369
4902943,23,13,22,1863689
4903423,24,14,23,2795807
4904047,24,14,23,2796163
4904127,23,13,22,1864139
4904927,24,14,23,2796665
4905279,24,14,23,2796865
4905727,23,13,22,1864747
4906095,23,12,22,621629
4906463,23,13,22,1865027
4909775,24,13,23,933143
4910015,23,13,22,1866377
4910543,24,13,23,933289
4910783,23,12,22,622223
4911151,23,13,22,1866809
4911615,23,13,22,1866985
4911775,24,13,23,933523
4911807,24,13,23,933529
4912319,23,13,22,1867253
4913855,24,14,23,2801755
4914335,23,12,22,622673
4914367,24,14,23,2802047
4914655,23,13,22,1868141
4914719,23,13,22,1868165
4915135,24,14,23,2802485
4915311,24,13,23,934195
4915711,24,13,23,934271
4915871,23,13,22,1868603
4916223,24,14,23,2803105
4916479,24,13,23,934417
4917359,24,14,23,2803753
4918015,24,13,23,934709
4918271,23,13,22,1869515
4918575,23,13,22,1869631
4919023,23,12,22,623267
4919151,24,13,23,934925
4919327,24,14,23,2804875
4919343,23,13,22,1869923
4919407,23,13,22,1869947
4919919,24,13,23,935071
4920991,23,13,22,1870549
4921375,23,9,22,23095
4922495,24,14,23,2806681
4923711,23,12,22,623861
4923887,24,13,23,935825
4924543,24,14,23,2807849
4925087,24,13,23,936053
4925599,24,14,23,2808451
4925647,24,14,23,2808479
4925679,23,13,22,1872331
4926063,23,9,22,23117
4926079,23,12,22,624161
4926671,24,14,23,2809063
4927391,24,13,23,936491
4928703,24,14,23,2810221
4929567,23,11,22,208201
4930159,24,11,23,104113
4933087,23,12,22,625049
4933119,23,11,22,208351
4933887,24,14,23,2813177
4934255,23,11,22,208399
4934271,23,12,22,625199
4934975,24,14,23,2813797
4935455,24,14,23,2814071
4936431,24,13,23,938209
4937167,24,11,23,104261
4937343,24,14,23,2815147
4937759,23,11,22,208547
4937791,24,14,23,2815403
4937967,24,13,23,938501
4938175,23,13,22,1877081
4939311,23,13,22,1877513
4939423,24,14,23,2816333
4939775,23,13,22,1877689
4940527,23,13,22,1877975
4940543,23,13,22,1877981
4940927,24,14,23,2817191
4941263,23,10,22,69565
4941295,24,14,23,2817401
4942447,23,11,22,208745
4942495,24,14,23,2818085
4942527,24,14,23,2818103
4942831,23,13,22,1878851
4943263,24,14,23,2818523
4943407,24,13,23,939535
4943615,24,14,23,2818723
4944351,24,14,23,2819143
4945375,24,12,23,313303
4946031,24,14,23,2820101
4946143,24,13,23,940055
4946751,23,13,22,1880341
4947183,23,11,22,208945
4947487,24,14,23,2820931
4947583,23,13,22,1880657
4948735,23,13,22,1881095
4949487,23,12,22,627127
4949887,23,13,22,1881533
4951487,23,13,22,1882141
4952703,24,14,23,2823905
4952783,24,13,23,941317
4953503,24,14,23,2824361
4953983,24,13,23,941545
4954159,23,12,22,627719
4954175,23,12,22,627721
4954591,23,13,22,1883321
4954943,23,13,22,1883455
4955519,24,13,23,941837
4956095,24,14,23,2825839
4956607,24,14,23,2826131
4956719,24,13,23,942065
4956927,23,13,22,1884209
4957087,24,12,23,314045
4958063,23,13,22,1884641
4958911,23,12,22,628321
4959263,23,13,22,1885097
4959487,24,12,23,314197
4959519,24,6,23,431
4959679,23,13,22,1885255
4960767,24,14,23,2828503
4960815,23,13,22,1885687
4961247,24,14,23,2828777
4961311,24,14,23,2828813
4961391,24,13,23,942953
4961983,23,13,22,1886131
4962047,23,13,22,1886155
4962159,24,13,23,943099
4962351,23,12,22,628757
4962431,23,10,22,69863
4962799,23,13,22,1886441
4963103,24,14,23,2829835
4963359,24,13,23,943327
4965535,23,13,22,1887481
4965935,23,11,22,209737
4966015,24,14,23,2831495
4966095,24,13,23,943847
4966527,24,11,23,104881
4966895,24,13,23,943999
4967103,23,12,22,629359
4967407,24,14,23,2832289
4968223,23,12,22,629501
4968895,24,9,23,11659
4969007,23,13,22,1888801
4969631,24,13,23,944519
4970191,23,13,22,1889251
4970991,23,13,22,1889555
4971455,24,14,23,2834597
4971823,24,14,23,2834807
4972991,23,11,22,210035
4973055,24,14,23,2835509
4973311,24,14,23,2835655
4973567,24,12,23,315089
4974335,24,13,23,945413
4974911,23,13,22,1891045
4975359,24,14,23,2836823
4976415,23,12,22,630539
4977263,24,14,23,2837909
4977279,23,13,22,1891945
4978383,23,13,22,1892365
4979007,24,13,23,946301
4979407,24,10,23,35051
4979519,24,14,23,2839195
4980351,24,14,23,2839669
4980799,24,14,23,2839925
4981231,24,14,23,2840171
4981743,24,12,23,315607
4982399,24,14,23,2840837
4982687,23,13,22,1894001
4982991,24,14,23,2841175
4983279,24,13,23,947113
4984303,23,13,22,1894615
4984735,24,14,23,2842169
4985039,23,13,22,1894895
4985279,24,11,23,105277
4985471,23,13,22,1895059
4985503,24,14,23,2842607
4986239,23,13,22,1895351
4986271,23,13,22,1895363
4987391,24,14,23,2843683
4989039,24,14,23,2844623
4989151,24,13,23,948229
4989983,24,12,23,316129
4990879,23,13,22,1897115
4991727,23,12,22,632479
4991743,23,11,22,210827
4992319,24,12,23,316277
4992495,23,13,22,1897729
4993695,23,13,22,1898185
4994495,23,13,22,1898489
4995311,24,14,23,2848199
4995567,24,14,23,2848345
4995711,24,14,23,2848427
4995967,24,14,23,2848573
4996399,23,12,22,633071
4996415,23,12,22,633073
4996799,23,13,22,1899365
4996991,24,12,23,316573
4997023,24,9,23,11725
4997183,24,14,23,2849267
4998271,24,14,23,2849887
4999583,24,14,23,2850635
4999919,23,12,22,633517
5000127,24,13,23,950315
5000303,23,13,22,1900697
5000495,24,12,23,316795
5000895,24,13,23,950461
5001119,23,11,22,211223
5001151,24,14,23,2851529
5001439,23,13,22,1901129
5001695,24,12,23,316871
5001727,24,12,23,316873
5001919,24,14,23,2851967
5002271,23,12,22,633815
5002287,24,14,23,2852177
5004223,23,13,22,1902187
5004591,23,12,22,634109
5004607,23,12,22,634111
5004991,23,13,22,1902479
5005055,23,13,22,1902503
5005791,23,12,22,634261
5005807,23,11,22,211421
5006143,23,13,22,1902917
5006591,23,13,22,1903087
5008623,24,14,23,2855789
5009631,23,13,22,1904243
5009647,24,14,23,2856373
5010111,23,13,22,1904425
5011103,24,12,23,317467
5011663,24,14,23,2857523
5011839,24,13,23,952541
5012415,23,13,22,1905301
5012639,24,13,23,952693
5012863,24,14,23,2858207
5012927,24,14,23,2858243
5013151,24,14,23,2858371
5013199,23,13,22,1905599
5013407,24,11,23,105871
5013663,24,14,23,2858663
5013983,23,12,22,635299
5015199,23,12,22,635453
5015775,24,8,23,3923
5015999,24,14,23,2859995
5016575,24,13,23,953441
5016831,24,14,23,2860469
5017087,24,14,23,2860615
5017135,23,13,22,1907095
5017343,24,13,23,953587
5017711,24,13,23,953657
5018303,23,13,22,1907539
5018367,24,14,23,2861345
5018879,24,13,23,953879
5019615,24,13,23,954019
5019855,23,12,22,636043
5019887,23,12,22,636047
5020207,23,13,22,1908263
5020447,24,12,23,318059
5021215,24,13,23,954323
5022015,24,13,23,954475
5022527,24,14,23,2863717
5023359,24,14,23,2864191
5023983,24,12,23,318283
5024383,24,13,23,954925
5024543,23,12,22,636637
5024639,24,14,23,2864921
5025263,24,14,23,2865277
5026975,24,14,23,2866253
5027263,24,14,23,2866417
5028047,23,12,22,637081
5028063,23,10,22,70787
5028095,23,12,22,637087
5028463,23,13,22,1911401
5028479,23,13,22,1911407
5029247,23,11,22,212411
5030911,24,14,23,2868497
5031391,24,13,23,956257
5031423,24,13,23,956263
5031679,24,14,23,2868935
5032351,23,13,22,1912879
5032415,24,14,23,2869355
5032559,24,13,23,956479
5032735,23,12,22,637675
5034527,24,9,23,11813
5034735,23,13,22,1913785
5035119,24,14,23,2870897
5035471,23,13,22,1914065
5035887,23,13,22,1914223
5036351,24,14,23,2871599
5036671,23,13,22,1914521
5037039,23,13,22,1914661
5037471,23,12,22,638275
5038831,24,13,23,957671
5039423,24,14,23,2873351
5040287,24,14,23,2873843
5040543,23,13,22,1915993
5041391,23,13,22,1916315
5043135,24,13,23,958489
5043311,23,11,22,213005
5043327,23,12,22,639017
5044863,23,13,22,1917635
5045231,23,13,22,1917775
5045247,24,14,23,2876671
5045503,24,13,23,958939
5046383,24,14,23,2877319
5047775,24,13,23,959371
5048383,23,13,22,1918973
5048799,23,13,22,1919131
5049599,23,13,22,1919435
5050399,24,14,23,2879609
5050911,24,11,23,106663
5051551,23,11,22,213353
5052623,24,14,23,2880877
5053311,24,12,23,320141
5053567,24,14,23,2881415
5053935,24,14,23,2881625
5054527,24,14,23,2881963
5054591,24,14,23,2881999
5055807,23,13,22,1921795
5055935,24,14,23,2882765
5056255,23,12,22,640655
5056575,23,13,22,1922087
5056639,23,13,22,1922111
5056959,24,14,23,2883349
5057791,23,13,22,1922549
5059775,24,14,23,2884955
5060351,24,12,23,320587
5060927,23,11,22,213749
5061887,24,13,23,962053
5062687,24,12,23,320735
5062879,24,14,23,2886725
5064431,23,10,22,71299
5065935,23,13,22,1925645
5066527,24,13,23,962935
5067391,24,11,23,107011
5067551,24,14,23,2889389
5068735,23,13,22,1926709
5070335,23,12,22,642439
5071007,24,14,23,2891359
5071263,24,13,23,963835
5071295,24,13,23,963841
5071551,24,14,23,2891669
5072671,23,7,22,2645
5073359,23,13,22,1928467
5074431,24,12,23,321479
5074543,23,13,22,1928917
5075055,24,14,23,2893667
5075135,24,13,23,964571
5075391,23,13,22,1929239
5076511,23,13,22,1929665
5077103,24,13,23,964945
5078495,23,10,22,71497
5078559,24,14,23,2895665
5080047,23,13,22,1931009
5080479,23,13,22,1931173
5081327,24,14,23,2897243
5081967,23,12,22,643913
5082239,24,13,23,965921
5082607,24,12,23,321997
5082735,23,13,22,1932031
5083183,23,10,22,71563
5083343,24,13,23,966131
5083375,24,13,23,966137
5083855,24,14,23,2898685
5083935,23,13,22,1932487
5084031,24,14,23,2898785
5084399,23,12,22,644221
5084703,23,13,22,1932779
5085631,24,14,23,2899697
5086143,24,11,23,107407
5086367,24,14,23,2900117
5086703,23,12,22,644513
5087903,24,14,23,2900993
5088159,24,14,23,2901139
5088239,23,13,22,1934123
5088287,23,13,22,1934141
5088511,24,10,23,35819
5088671,23,13,22,1934287
5089391,24,14,23,2901841
5094127,23,13,22,1936361
5094527,23,13,22,1936513
5094559,23,13,22,1936525
5094895,23,12,22,645551
5095295,23,13,22,1936805
5095743,24,14,23,2905463
5095919,24,13,23,968521
5096095,23,12,22,645703
5096127,23,12,22,645707
5096431,23,13,22,1937237
5097087,24,13,23,968743
5097967,24,14,23,2906731
5098479,24,14,23,2907023
5098799,23,13,22,1938137
5098815,23,13,22,1938143
5099247,24,14,23,2907461
5099423,24,13,23,969187
5100031,23,13,22,1938605
5100223,24,12,23,323113
5100415,23,13,22,1938751
5100991,24,13,23,969485
5101183,23,13,22,1939043
5102015,24,14,23,2909039
5102127,24,13,23,969701
5102783,24,14,23,2909477
5102895,24,13,23,969847
5103103,24,14,23,2909659
5103135,23,12,22,646595
5103151,24,14,23,2909687
5103519,23,13,22,1939931
5103935,23,13,22,1940089
5104127,24,13,23,970081
5104319,23,12,22,646745
5104639,24,14,23,2910535
5105119,24,14,23,2910809
5106991,23,13,22,1941251
5107823,23,12,22,647189
5108191,23,13,22,1941707
5108223,23,13,22,1941719
5108959,23,12,22,647333
5110143,23,12,22,647483
5110847,24,14,23,2914075
5112703,24,13,23,971711
5112815,24,14,23,2915197
5113295,24,14,23,2915471
5113503,24,13,23,971863
5114271,24,11,23,108001
5115183,23,13,22,1944365
5116063,23,12,22,648233
5116863,24,14,23,2917505
5117599,23,13,22,1945283
5117695,24,14,23,2917979
5117887,24,14,23,2918089
5117951,24,14,23,2918125
5118335,23,12,22,648521
5118463,24,14,23,2918417
5118943,24,12,23,324299
5119087,24,14,23,2918773
5119167,23,13,22,1945879
5119535,23,12,22,648673
5119935,23,13,22,1946171
5120223,24,14,23,2919421
5121055,24,14,23,2919895
5121535,23,13,22,1946779
5121903,24,14,23,2920379
5121919,23,11,22,216325
5122287,23,13,22,1947065
5122879,24,13,23,973645
5123391,24,14,23,2921227
5125583,24,13,23,974159
5126015,24,10,23,36083
5126175,23,13,22,1948543
5126639,24,14,23,2923079
5126943,23,13,22,1948835
5128351,24,12,23,324895
5128895,24,14,23,2924365
5128959,23,12,22,649867
5129679,23,13,22,1949875
5129727,23,13,22,1949893
5129887,24,13,23,974977
5130143,24,14,23,2925077
5130863,23,13,22,1950325
5130911,24,14,23,2925515
5131295,23,11,22,216721
5131455,24,13,23,975275
5131567,24,14,23,2925889
5132223,24,13,23,975421
5132767,24,14,23,2926573
5132799,24,14,23,2926591
5133359,24,13,23,975637
5133615,23,9,22,24091
5134367,23,13,22,1951657
5135391,24,10,23,36149
5135599,23,13,22,1952125
5135615,23,13,22,1952131
5137535,23,13,22,1952861
5137727,24,12,23,325489
5138287,23,12,22,651049
5138495,24,13,23,976613
5138687,23,13,22,1953299
5139055,23,13,22,1953439
5139263,24,13,23,976759
5139583,24,14,23,2930459
5140207,24,14,23,2930815
5140719,24,14,23,2931107
5141023,23,13,22,1954187
5141199,24,12,23,325709
5141663,24,13,23,977215
5141807,23,11,22,217165
5141919,24,14,23,2931791
5142175,24,14,23,2931937
5142655,24,14,23,2932211
5142975,24,14,23,2932393
5142991,23,8,22,8045
5143023,23,12,22,651649
5143359,23,13,22,1955075
5143631,24,5,23,149
5143791,23,13,22,1955239
5144223,24,14,23,2933105
5144255,24,14,23,2933123
5145023,24,14,23,2933561
5145135,24,13,23,977875
5145503,24,13,23,977945
5146095,23,13,22,1956115
5146623,24,14,23,2934473
5148063,23,13,22,1956863
5148095,23,13,22,1956875
5148895,24,14,23,2935769
5149663,24,14,23,2936207
5149999,23,11,22,217511
5150783,23,13,22,1957897
5151039,24,13,23,978997
5151215,23,12,22,652687
5151519,24,14,23,2937265
5151551,23,13,22,1958189
5152415,23,11,22,217613
5153007,24,9,23,12091
5153599,24,14,23,2938451
5154351,23,13,22,1959253
5154511,24,13,23,979657
5154943,24,13,23,979739
5155279,24,10,23,36289
5155455,24,14,23,2939509
5155535,24,14,23,2939555
5155567,24,14,23,2939573
5155711,24,13,23,979885
5156287,23,13,22,1959989
5156511,24,11,23,108893
5157103,23,11,22,217811
5157423,23,13,22,1960421
5157503,23,13,22,1960451
5157887,23,13,22,1960597
5158335,24,14,23,2941151
5158447,24,13,23,980405
5158655,23,13,22,1960889
5159023,23,13,22,1961029
5160639,24,14,23,2942465
5161407,24,14,23,2942903
5162463,24,14,23,2943505
5162495,24,14,23,2943523
5162543,23,13,22,1962367
5163119,24,13,23,981293
5163631,24,14,23,2944171
5163711,23,13,22,1962811
5164911,24,14,23,2944901
5165615,23,13,22,1963535
5165855,24,12,23,327271
5166463,23,12,22,654619
5166799,23,13,22,1963985
5168255,24,11,23,109141
5168959,24,13,23,982403
5169391,24,11,23,109165
5169599,23,13,22,1965049
5169983,23,10,22,72785
5171759,24,8,23,4045
5171919,24,14,23,2948897
5173151,24,14,23,2949599
5173695,24,13,23,983303
5174207,24,14,23,2950201
5174655,23,12,22,655657
5174991,23,13,22,1967099
5175231,24,12,23,327865
5176063,24,13,23,983753
5176431,24,12,23,327941
5176575,24,14,23,2951551
5177391,23,13,22,1968011
5177855,24,14,23,2952281
5178607,23,13,22,1968473
5180159,24,14,23,2953595
5180527,23,12,22,656401
5180911,23,13,22,1969349
5180927,23,13,22,1969355
5181295,24,14,23,2954243
5181695,23,12,22,656549
5183695,24,14,23,2955611
5184047,23,10,22,72983
5184239,24,13,23,985307
5184383,24,14,23,2956003
5185007,24,13,23,985453
5185263,24,14,23,2956505
5186031,24,14,23,2956943
5186047,23,13,22,1971301
5187231,24,14,23,2957627
5188255,24,14,23,2958211
5188335,23,13,22,1972171
5188351,23,13,22,1972177
5188719,23,12,22,657439
5188767,23,12,22,657445
5189103,23,13,22,1972463
5189535,24,14,23,2958941
5190255,23,13,22,1972901
5190303,23,13,22,1972919
5191135,24,14,23,2959853
5191167,24,14,23,2959871
5191647,24,10,23,36545
5191935,24,14,23,2960309
5193023,23,13,22,1973953
5193759,24,14,23,2961349
5193791,23,13,22,1974245
5194223,23,13,22,1974409
5194623,23,12,22,658187
5196527,23,13,22,1975285
5197039,24,14,23,2963219
5197727,23,13,22,1975741
5198143,23,12,22,658633
5198495,23,13,22,1976033
5198527,23,13,22,1976045
5198719,24,12,23,329353
5199519,24,13,23,988211
5200111,24,14,23,2964971
5201215,23,13,22,1977067
5201311,24,14,23,2965655
5201823,24,13,23,988649
5202335,24,14,23,2966239
5202367,24,14,23,2966257
5202399,23,13,22,1977517
5202415,23,13,22,1977523
5202623,24,13,23,988801
5205503,24,14,23,2968045
5206127,24,13,23,989467
5206639,24,14,23,2968693
5207007,24,14,23,2968903
5207263,24,13,23,989683
5207519,24,14,23,2969195
5208287,24,14,23,2969633
5210591,23,13,22,1980631
5211375,24,14,23,2971393
5212799,24,12,23,330245
5213055,24,14,23,2972351
5213375,23,12,22,660563
5213743,23,13,22,1981829
5214367,24,13,23,991033
5214591,23,7,22,2719
5214879,24,14,23,2973391
5214911,23,13,22,1982273
5215279,23,13,22,1982413
5216511,23,13,22,1982881
5216703,24,13,23,991477
5217471,24,12,23,330541
5217663,24,14,23,2974979
5218431,23,13,22,1983611
5218863,24,14,23,2975663
5219231,24,14,23,2975873
5219295,24,14,23,2975909
5219839,24,12,23,330691
5220415,23,10,22,73495
5220463,24,14,23,2976575
5220607,24,13,23,992219
5220799,23,13,22,1984511
5221151,23,13,22,1984645
5221631,24,14,23,2977241
5221935,23,13,22,1984943
5223535,24,14,23,2978327
5223647,24,13,23,992797
5223887,23,12,22,661895
5223935,23,12,22,661901
5224655,23,13,22,1985977
5224703,23,13,22,1985995
5225855,23,13,22,1986433
5225887,23,13,22,1986445
5226623,23,13,22,1986725
5227247,24,13,23,993481
5227423,23,11,22,220781
5227983,24,12,23,331207
5228239,24,14,23,2981009
5229263,24,14,23,2981593
5229343,23,13,22,1987759
5229823,23,12,22,662647
5229983,24,13,23,994001
5230015,24,13,23,994007
5230495,24,14,23,2982295
5231295,24,14,23,2982751
5231359,23,13,22,1988525
5231775,24,14,23,2983025
5232127,23,12,22,662939
5232495,23,13,22,1988957
5232687,24,12,23,331505
5233119,24,13,23,994597
5233151,24,13,23,994603
5233343,23,9,22,24559
5234079,23,13,22,1989559
5234175,24,14,23,2984393
5235711,24,14,23,2985269
5236031,23,13,22,1990301
5236479,24,14,23,2985707
5238015,23,12,22,663685
5238639,24,14,23,2986939
5239327,24,13,23,995777
5239919,23,13,22,1991779
5239967,23,13,22,1991797
5240047,24,14,23,2987741
5240687,23,13,22,1992071
5241071,24,14,23,2988325
5241151,24,14,23,2988371
5241535,23,11,22,221377
5241727,24,13,23,996233
5243887,24,14,23,2989931
5243903,23,11,22,221477
5244223,23,13,22,1993415
5244351,24,14,23,2990195
5244575,24,14,23,2990323
5245039,23,11,22,221525
5245055,23,12,22,664577
5245887,24,14,23,2991071
5246159,23,12,22,664717
5247391,23,12,22,664873
5248159,23,13,22,1994911
5248543,23,10,22,73891
5248559,23,12,22,665021
5249343,23,13,22,1995361
5249503,24,13,23,997711
5249727,23,11,22,221723
5250015,24,14,23,2993425
5250527,24,14,23,2993717
5250879,23,12,22,665315
5251711,23,13,22,1996261
5252127,24,14,23,2994629
5252415,23,13,22,1996529
5252847,23,13,22,1996693
5253279,23,11,22,221873
5253951,24,14,23,2995669
5254351,23,12,22,665755
5254463,24,14,23,2995961
5254815,23,13,22,1997441
5255407,24,13,23,998833
5255663,24,14,23,2996645
5255807,24,13,23,998909
5256063,24,14,23,2996873
5256319,24,14,23,2997019
5256751,23,12,22,666059
5257343,24,12,23,333067
5257535,23,13,22,1998475
5259135,24,14,23,2998625
5259247,24,13,23,999563
5259503,23,13,22,1999223
5259679,24,12,23,333215
5259967,24,14,23,2999099
5260255,23,12,22,666503
5261215,24,13,23,999937
5262271,24,14,23,3000413
5262591,24,14,23,3000595
5262639,24,14,23,3000623
5263839,24,14,23,3001307
5263871,24,14,23,3001325
5264159,23,13,22,2000993
5264639,24,14,23,3001763
5265343,23,13,22,2001443
5266175,23,12,22,667253
5266559,23,13,22,2001905
5266911,23,13,22,2002039
5267487,24,13,23,1001129
5268511,23,12,22,667549
5268799,24,14,23,3004135
5268863,23,13,22,2002781
5269743,24,14,23,3004673
5270143,24,14,23,3004901
5270255,24,11,23,111295
5270399,24,14,23,3005047
5270463,23,13,22,2003389
5271599,23,13,22,2003821
5272271,24,14,23,3006115
5272351,23,13,22,2004107
5273215,23,11,22,222715
5273247,24,14,23,3006671
5274319,23,12,22,668285
5274367,23,12,22,668291
5274687,23,13,22,2004995
5274815,24,14,23,3007565
5274927,24,12,23,334181
5275327,24,13,23,1002619
5275519,23,12,22,668437
5275695,24,13,23,1002689
5276207,24,14,23,3008359
5277087,23,13,22,2005907
5277439,24,14,23,3009061
5277695,24,13,23,1003069
5278719,24,14,23,3009791
5279855,24,14,23,3010439
5279967,24,13,23,1003501
5280239,23,12,22,669035
5280255,23,12,22,669037
5280543,23,13,22,2007221
5281023,24,14,23,3011105
5281791,23,13,22,2007695
5282591,24,14,23,3011999
5282879,23,13,22,2008109
5282927,23,13,22,2008127
5283359,24,14,23,3012437
5283535,24,13,23,1004179
5284335,24,12,23,334777
5284543,23,13,22,2008741
5284911,23,8,22,8267
5285103,24,13,23,1004477
5285279,23,13,22,2009021
5285583,24,14,23,3013705
5286127,24,14,23,3014015
5286895,24,14,23,3014453
5287375,24,13,23,1004909
5287631,23,13,22,2009915
5287679,23,13,22,2009933
5288047,23,13,22,2010073
5288143,24,13,23,1005055
5288431,23,12,22,670073
5288447,23,12,22,670075
5288831,23,13,22,2010371
5291007,24,13,23,1005599
5291167,23,13,22,2011259
5291519,24,14,23,3017089
5291967,23,11,22,223507
5292255,24,14,23,3017509
5292703,23,13,22,2011843
5292799,24,14,23,3017819
5294287,23,9,22,24845
5294959,24,14,23,3019051
5296927,24,14,23,3020173
5297023,23,13,22,2013485
5298383,24,11,23,111889
5299359,23,13,22,2014373
5300543,23,13,22,2014823
5300975,24,14,23,3022481
5301119,24,13,23,1007521
5301999,24,14,23,3023065
5302479,23,11,22,223951
5302527,23,10,22,74651
5303279,23,13,22,2015863
5303743,24,14,23,3024059
5303855,24,13,23,1008041
5304047,23,13,22,2016155
5304879,24,14,23,3024707
5306111,24,14,23,3025409
5306623,24,11,23,112063
5306991,24,13,23,1008637
5307503,24,14,23,3026203
5307583,23,13,22,2017499
5308735,23,13,22,2017937
5310335,23,13,22,2018545
5310671,23,11,22,224297
5311295,24,12,23,336485
5311903,23,10,22,74783
5313007,24,14,23,3029341
5313663,24,12,23,336635
5314255,24,14,23,3030053
5314431,24,13,23,1010051
5315455,24,14,23,3030737
5315567,24,13,23,1010267
5315743,24,14,23,3030901
5315775,23,13,22,2020613
5315999,24,11,23,112261
5316143,23,13,22,2020753
5316335,24,13,23,1010413
5317055,24,14,23,3031649
5317375,23,13,22,2021221
5317759,23,12,22,673789
5318111,23,13,22,2021501
5318143,23,13,22,2021513
5318527,23,13,22,2021659
5319615,24,14,23,3033109
5319711,23,13,22,2022109
5319871,24,13,23,1011085
5320447,24,14,23,3033583
5320751,24,14,23,3033757
5320895,24,14,23,3033839
5321007,24,13,23,1011301
5321839,24,12,23,337153
5322207,24,13,23,1011529
5322239,24,13,23,1011535
5322495,24,14,23,3034751
5322607,24,13,23,1011605
5322783,23,13,22,2023277
5322975,24,12,23,337225
5323375,24,13,23,1011751
5323743,24,13,23,1011821
5323807,24,13,23,1011833
5324319,24,14,23,3035791
5324831,24,14,23,3036083
5325119,24,14,23,3036247
5325567,23,13,22,2024335
5325951,23,12,22,674827
5326287,23,13,22,2024609
5326335,23,13,22,2024627
5327087,24,14,23,3037369
5327471,23,13,22,2025059
5327903,23,13,22,2025223
5328367,24,14,23,3038099
5329135,24,14,23,3038537
5329615,24,13,23,1012937
5330079,24,12,23,337675
5330303,24,14,23,3039203
5330383,24,13,23,1013083
5330975,23,13,22,2026391
5331455,23,13,22,2026573
5331839,23,11,22,225191
5332207,23,13,22,2026859
5333039,24,14,23,3040763
5334895,23,13,22,2027881
5335151,24,13,23,1013989
5335663,23,13,22,2028173
5335711,23,13,22,2028191
5335743,23,13,22,2028203
5335807,24,14,23,3042341
5336575,24,14,23,3042779
5337119,24,9,23,12523
5337279,24,14,23,3043181
5337711,24,14,23,3043427
5338111,23,13,22,2029103
5338335,24,14,23,3043783
5338367,24,14,23,3043801
5338415,23,13,22,2029219
5339455,24,12,23,338269
5340399,23,13,22,2029973
5341215,23,11,22,225587
5341823,24,12,23,338419
5342367,23,12,22,676907
5342447,24,14,23,3046127
5342767,23,13,22,2030873
5343135,23,13,22,2031013
5343359,24,13,23,1015549
5343871,24,14,23,3046939
5344383,24,14,23,3047231
5344751,24,14,23,3047441
5345183,24,14,23,3047687
5345439,24,14,23,3047833
5345487,24,14,23,3047861
5345519,24,14,23,3047879
5345919,23,12,22,677357
5345951,24,14,23,3048125
5346239,24,14,23,3048289
5346495,24,9,23,12545
5346607,23,13,22,2032333
5346751,24,14,23,3048581
5346863,24,13,23,1016215
5347487,23,13,22,2032667
5347823,23,13,22,2032795
5348863,24,11,23,112955
5349023,23,13,22,2033251
5349823,23,13,22,2033555
5350959,23,13,22,2033987
5351743,23,12,22,678095
5353071,24,13,23,1017395
5353503,24,11,23,113053
5353711,23,13,22,2035033
5354095,23,10,22,75377
5354463,23,13,22,2035319
5357263,24,14,23,3054575
5357375,24,13,23,1018213
5357807,24,13,23,1018295
5358015,23,13,22,2036669
5358319,24,14,23,3055177
5358975,24,13,23,1018517
5359007,24,13,23,1018523
5359151,23,13,22,2037101
5359343,24,12,23,339529
5359615,23,13,22,2037277
5359743,24,13,23,1018663
5360575,24,12,23,339607
5360767,23,13,22,2037715
5361311,24,13,23,1018961
5361887,23,13,22,2038141
5362335,23,10,22,75493
5362367,24,14,23,3057485
5362879,24,11,23,113251
5363071,23,13,22,2038591
5363135,24,14,23,3057923
5363455,24,14,23,3058105
5363759,24,14,23,3058279
5364191,24,14,23,3058525
5364271,24,14,23,3058571
5364479,24,13,23,1019563
5364671,23,12,22,679733
5365215,24,12,23,339901
5365439,23,13,22,2039491
5365807,23,12,22,679877
5365983,24,13,23,1019849
5366207,23,13,22,2039783
5367423,23,13,22,2040245
5368527,23,13,22,2040665
5368575,23,13,22,2040683
5369375,24,14,23,3061481
5371263,23,13,22,2041705
5371519,24,13,23,1020901
5373311,24,14,23,3063725
5374015,23,12,22,680917
5374111,24,14,23,3064181
5374847,24,14,23,3064601
5375535,24,14,23,3064993
5376767,23,13,22,2043797
5377135,23,13,22,2043937
5377183,23,13,22,2043955
5377727,24,13,23,1022081
5377903,23,13,22,2044229
5377951,23,13,22,2044247
5378047,24,14,23,3066425
5378095,24,12,23,340717
5378495,24,13,23,1022227
5379103,23,13,22,2044685
5380063,24,13,23,1022525
5381087,24,14,23,3068159
5382207,23,12,22,681955
5382255,23,12,22,681961
5382639,23,13,22,2046029
5383423,23,12,22,682109
5384959,23,13,22,2046911
5385327,23,13,22,2047051
5385375,23,13,22,2047069
5385775,23,10,22,75823
5385935,24,13,23,1023641
5386143,23,13,22,2047361
5386479,24,14,23,3071233
5386559,23,13,22,2047519
5386735,24,13,23,1023793
5388671,24,12,23,341387
5389983,24,14,23,3073231
5390271,24,13,23,1024465
5390463,23,10,22,75889
5390495,24,14,23,3073523
5390751,24,14,23,3073669
5392799,23,12,22,683297
5392831,23,11,22,227767
5392863,24,14,23,3074873
5393599,24,14,23,3075293
5393663,24,14,23,3075329
5394335,23,13,22,2050475
5394623,24,14,23,3075877
5394687,24,14,23,3075913
5394751,23,13,22,2050633
5396687,23,13,22,2051369
5396735,23,13,22,2051387
5397471,23,11,22,227963
5397487,23,12,22,683891
5398687,23,12,22,684043
5399023,23,13,22,2052257
5399871,24,14,23,3078869
5400191,24,14,23,3079051
5400223,23,13,22,2052713
5400639,24,14,23,3079307
5400783,24,13,23,1026463
5400815,24,13,23,1026469
5401583,24,12,23,342205
5403343,24,14,23,3080849
5404111,23,13,22,2054191
5404527,23,10,22,76087
5404911,23,13,22,2054495
5405999,24,14,23,3082363
5406079,23,13,22,2054939
5406111,23,13,22,2054951
5406623,24,13,23,1027573
5407231,24,14,23,3083065
5407487,24,11,23,114193
5407647,24,14,23,3083303
5410431,23,12,22,685531
5411535,23,11,22,228557
5412735,23,12,22,685823
5412767,23,8,22,8467
5414127,24,13,23,1028999
5414271,23,13,22,2058053
5414335,23,13,22,2058077
5414527,24,12,23,343025
5414607,24,14,23,3087271
5415407,24,14,23,3087727
5417087,24,14,23,3088685
5417455,23,9,22,25423
5419967,24,13,23,1030109
5420143,23,13,22,2060285
5420159,23,13,22,2060291
5420735,24,13,23,1030255
5420927,23,12,22,686861
5421535,24,12,23,343469
5422111,23,12,22,687011
5422335,24,13,23,1030559
5422463,23,13,22,2061167
5423327,24,14,23,3092243
5424031,23,13,22,2061763
5424159,24,14,23,3092717
5425263,24,14,23,3093347
5425647,23,11,22,229153
5427999,24,14,23,3094907
5428335,23,13,22,2063399
5428383,23,13,22,2063417
5428463,24,14,23,3095171
5429999,24,14,23,3096047
5430303,23,12,22,688049
5431103,24,14,23,3096677
5432191,24,14,23,3097297
5432735,24,14,23,3097607
5432879,24,13,23,1032563
5433455,23,13,22,2065345
5433839,23,11,22,229499
5434047,24,13,23,1032785
5434623,23,13,22,2065789
5434815,24,13,23,1032931
5434991,23,12,22,688643
5435839,24,14,23,3099377
5435951,24,13,23,1033147
5436415,24,13,23,1033235
5436527,23,13,22,2066513
5436959,23,13,22,2066677
5437183,24,13,23,1033381
5437375,24,14,23,3100253
5437759,23,13,22,2066981
5438063,24,14,23,3100645
5438143,23,13,22,2067127
5438575,24,14,23,3100937
5439519,24,13,23,1033825
5440511,23,13,22,2068027
5441279,23,13,22,2068319
5441647,23,13,22,2068459
5441695,23,13,22,2068477
5442367,24,14,23,3103099
5442767,23,13,22,2068885
5442879,24,14,23,3103391
5443199,24,14,23,3103573
5443279,24,14,23,3103619
5443359,24,13,23,1034555
5443615,23,13,22,2069207
5443999,23,13,22,2069353
5444079,24,14,23,3104075
5444127,24,13,23,1034701
5444223,24,13,23,1034719
5444735,24,14,23,3104449
5444767,23,13,22,2069645
5444991,24,11,23,114985
5445327,24,13,23,1034929
5445567,23,12,22,689983
5445791,24,13,23,1035017
5446335,23,13,22,2070241
5446383,24,14,23,3105389
5446719,23,10,22,76681
5446815,24,14,23,3105635
5447103,24,14,23,3105799
5447167,23,13,22,2070557
5447359,24,10,23,38345
5447903,23,11,22,230093
5448095,24,13,23,1035455
5448239,24,14,23,3106447
5448319,23,13,22,2070995
5449455,23,13,22,2071427
5449887,23,13,22,2071591
5450191,23,12,22,690569
5450239,24,14,23,3107587
5450943,24,14,23,3107989
5450959,23,13,22,2071999
5452079,24,14,23,3108637
5452255,24,14,23,3108737
5452911,24,14,23,3109111
5452991,23,13,22,2072771
5454143,23,13,22,2073209
5454575,23,13,22,2073373
5456191,24,14,23,3110981
5457615,24,14,23,3111793
5457983,24,14,23,3112003
5458799,23,13,22,2074979
5458879,23,13,22,2075009
5458927,24,14,23,3112541
5459263,23,13,22,2075155
5459439,24,13,23,1037611
5460127,24,14,23,3113225
5460607,24,13,23,1037833
5460863,24,14,23,3113645
5461151,24,14,23,3113809
5461439,24,12,23,345997
5461631,23,13,22,2076055
5462975,24,13,23,1038283
5463199,23,10,22,76913
5463519,23,13,22,2076773
5463967,24,14,23,3115415
5464111,24,13,23,1038499
5465599,24,14,23,3116345
5466991,23,13,22,2078093
5467071,23,13,22,2078123
5468207,23,13,22,2078555
5468639,23,13,22,2078719
5468655,23,13,22,2078725
5469055,23,12,22,692959
5469215,24,13,23,1039469
5469823,23,13,22,2079169
5470239,24,14,23,3118991
5470527,24,14,23,3119155
5471007,24,14,23,3119429
5471551,24,13,23,1039913
5472127,23,13,22,2080045
5472575,23,10,22,77045
5472895,24,14,23,3120505
5474431,24,14,23,3121381
5474943,24,14,23,3121673
5476047,23,12,22,693845
5476079,23,11,22,231283
5477247,23,12,22,693997
5477311,24,14,23,3123023
5477631,23,13,22,2082137
5477935,24,14,23,3123379
5478367,23,12,22,694139
5478959,24,12,23,347107
5479359,24,13,23,1041397
5479615,24,14,23,3124337
5479679,24,14,23,3124373
5479727,24,13,23,1041467
5480383,23,13,22,2083183
5480927,24,13,23,1041695
5481151,23,13,22,2083475
5481471,24,14,23,3125395
5481983,24,14,23,3125687
5482751,24,14,23,3126125
5483135,23,11,22,231581
5484655,23,13,22,2084807
5485055,23,13,22,2084959
5486111,24,14,23,3128041
5486559,23,12,22,695177
5487039,23,13,22,2085713
5487231,24,11,23,115877
5487311,24,14,23,3128725
5487391,23,13,22,2085847
5487807,23,12,22,695335
5487855,24,14,23,3129035
5488159,23,13,22,2086139
5488447,24,14,23,3129373
5488575,23,13,22,2086297
5490127,24,14,23,3130331
5490143,23,11,22,231877
5491103,24,13,23,1043629
5491135,24,13,23,1043635
5491647,24,14,23,3131197
5491695,23,13,22,2087483
5491711,23,13,22,2087489
5492127,24,14,23,3131471
5492847,23,13,22,2087921
5494239,24,10,23,38675
5494831,24,14,23,3133013
5495039,24,13,23,1044377
5495407,24,12,23,348149
5495551,24,14,23,3133423
5495999,23,12,22,696373
5497599,23,13,22,2089727
5499087,23,13,22,2090293
5499679,24,13,23,1045259
5499711,24,13,23,1045265
5499887,23,13,22,2090597
5500447,24,13,23,1045405
5501167,24,14,23,3136625
5501471,24,14,23,3136799
5501823,24,14,23,3136999
5501887,23,11,22,232373
5502591,24,14,23,3137437
5503103,24,14,23,3137729
5503727,24,14,23,3138085
5503807,23,13,22,2092087
5503871,24,14,23,3138167
5503983,24,13,23,1046077
5504415,24,13,23,1046159
5504639,23,13,22,2092403
5505007,24,14,23,3138815
5505183,24,13,23,1046305
5505951,24,12,23,348817
5506511,23,12,22,697705
5506943,23,13,22,2093279
5507279,23,13,22,2093407
5507487,24,13,23,1046743
5508351,24,11,23,116323
5509231,24,14,23,3141223
5509423,24,12,23,349037
5513247,24,14,23,3143513
5514367,23,13,22,2096101
5515135,23,13,22,2096393
5515327,24,12,23,349411
5515935,23,12,22,698899
5516159,24,13,23,1048391
5516319,23,13,22,2096843
5516735,23,13,22,2097001
5517871,23,13,22,2097433
5517951,24,14,23,3146195
5519487,24,14,23,3147071
5519743,24,14,23,3147217
5519807,24,14,23,3147253
5519855,23,13,22,2098187
5520255,23,13,22,2098339
5520575,24,14,23,3147691
5520831,24,13,23,1049279
5521343,24,14,23,3148129
5521391,24,14,23,3148157
5521823,24,14,23,3148403
5521967,24,13,23,1049495
5522559,23,13,22,2099215
5523567,24,12,23,349933
5523935,24,13,23,1049869
5524127,23,12,22,699937
5524511,23,13,22,2099957
5524991,24,14,23,3150209
5527247,23,13,22,2100997
5528447,23,13,22,2101453
5529247,23,13,22,2101757
5529631,24,14,23,3152855
5530015,23,11,22,233561
5530239,24,13,23,1051067
5530351,24,14,23,3153265
5530607,24,9,23,12977
5530863,24,14,23,3153557
5531343,24,13,23,1051277
5531855,24,14,23,3154123
5533135,24,14,23,3154853
5533887,23,13,22,2103521
5533935,23,13,22,2103539
5534367,24,14,23,3155555
5534687,23,12,22,701275
5535023,23,13,22,2103953
5535279,24,12,23,350675
5535855,23,12,22,701423
5537071,24,14,23,3157097
5537279,24,13,23,1052405
5537439,23,13,22,2104871
5537823,23,13,22,2105017
5537839,24,14,23,3157535
5538015,24,13,23,1052545
5538239,23,12,22,701725
5538303,24,14,23,3157799
5540623,23,4,22,107
5541375,23,13,22,2106367
5541487,24,13,23,1053205
5541919,24,13,23,1053287
5542127,23,13,22,2106653
5542879,23,12,22,702313
5543215,23,13,22,2107067
5543327,23,13,22,2107109
5543455,24,12,23,351193
5544655,24,12,23,351269
5544687,24,12,23,351271
5545087,24,13,23,1053889
5545599,24,14,23,3161959
5545631,23,13,22,2107985
5546031,23,13,22,2108137
5546479,24,14,23,3162461
5546991,24,11,23,117139
5547247,24,14,23,3162899
5548751,23,12,22,703057
5548783,23,12,22,703061
5549359,24,9,23,13021
5549519,24,14,23,3164195
5549551,23,13,22,2109475
5549727,24,13,23,1054771
5550015,24,14,23,3164477
5550319,23,13,22,2109767
5551295,24,13,23,1055069
5551807,24,14,23,3165499
5552607,24,14,23,3165955
5552895,24,12,23,351791
5553455,23,11,22,234551
5553471,23,12,22,703655
5556943,23,12,22,704095
5557567,24,12,23,352087
5558127,23,12,22,704245
5558479,23,13,22,2112869
5558527,23,13,22,2112887
5559743,23,13,22,2113349
5559935,24,12,23,352237
5561471,24,13,23,1057003
5561839,24,13,23,1057073
5562015,24,14,23,3171319
5562495,24,14,23,3171593
5562527,24,14,23,3171611
5562607,24,13,23,1057219
5562847,23,12,22,704843
5563807,24,13,23,1057447
5565743,24,11,23,117535
5565999,24,14,23,3173591
5566319,23,12,22,705283
5566367,23,12,22,705289
5566719,23,13,22,2116001
5566943,24,12,23,352681
5568735,24,14,23,3175151
5569535,23,13,22,2117071
5570591,24,14,23,3176209
5570623,23,13,22,2117485
5570671,23,13,22,2117503
5572255,23,11,22,235345
5573439,24,14,23,3177833
5574271,24,14,23,3178307
5574351,24,13,23,1059451
5574383,24,13,23,1059457
5574863,24,14,23,3178645
5575295,24,14,23,3178891
5575807,24,14,23,3179183
5576095,24,14,23,3179347
5576943,23,11,22,235543
5577711,24,14,23,3180269
5578175,24,14,23,3180533
5578687,24,12,23,353425
5578735,24,14,23,3180853
5578815,23,13,22,2120599
5578863,23,13,22,2120617
5578879,23,13,22,2120623
5579311,24,14,23,3181181
5580799,24,14,23,3182029
5581247,23,13,22,2121523
5581279,24,14,23,3182303
5581311,24,14,23,3182321
5581599,23,12,22,707219
5582783,23,12,22,707369
5582815,23,7,22,2911
5583983,24,14,23,3183845
5584751,24,14,23,3184283
5585119,24,14,23,3184493
5585151,23,12,22,707669
5585535,23,13,22,2123153
5585695,24,12,23,353869
5585727,24,10,23,39319
5585887,24,14,23,3184931
5588687,24,14,23,3186527
5588863,24,13,23,1062209
5589439,23,13,22,2124637
5589823,23,11,22,236087
5590175,24,14,23,3187375
5590975,23,12,22,708407
5591759,24,14,23,3188279
5591807,23,13,22,2125537
5591999,24,13,23,1062805
5592111,23,12,22,708551
5592223,24,14,23,3188543
5592511,24,14,23,3188707
5592623,24,14,23,3188771
5594047,24,14,23,3189583
5594079,23,13,22,2126401
5594527,23,12,22,708857
5595295,23,13,22,2126863
5595903,24,13,23,1063547
5596415,24,14,23,3190933
5596671,24,13,23,1063693
5597439,24,12,23,354613
5598239,24,13,23,1063991
5598447,23,13,22,2128061
5599551,24,14,23,3192721
5600719,23,13,22,2128925
5601311,24,13,23,1064575
5601599,24,14,23,3193889
5602943,24,13,23,1064885
5603887,23,11,22,236681
5603967,24,14,23,3195239
5604079,24,13,23,1065101
5604255,23,13,22,2130269
5604735,24,14,23,3195677
5604847,24,13,23,1065247
5605887,23,13,22,2130889
5606271,23,12,22,710345
5606655,23,13,22,2131181
5606815,24,12,23,355207
5606863,24,14,23,3196891
5608143,23,13,22,2131747
5608911,23,13,22,2132039
5609151,24,12,23,355355
5609951,24,13,23,1066217
5610239,24,14,23,3198815
5612447,23,13,22,2133383
5613263,23,11,22,237077
5613311,23,11,22,237079
5614463,23,12,22,711383
5614911,24,14,23,3201479
5615215,24,14,23,3201653
5618159,24,13,23,1067777
5618751,24,14,23,3203669
5618927,24,13,23,1067923
5619951,24,14,23,3204353
5620639,23,13,22,2136497
5620735,23,13,22,2136533
5621119,24,14,23,3205019
5621487,24,14,23,3205229
5621871,23,13,22,2136965
5622175,24,14,23,3205621
5622207,24,14,23,3205639
5622255,23,13,22,2137111
5622463,24,13,23,1068595
5622719,24,14,23,3205931
5623343,24,14,23,3206287
5623455,24,14,23,3206351
5623487,24,14,23,3206369
5623807,24,14,23,3206551
5624287,24,14,23,3206825
5626479,24,14,23,3208075
5626991,24,14,23,3208367
5627359,24,14,23,3208577
5628127,24,14,23,3209015
5628927,23,13,22,2139647
5629311,23,13,22,2139793
5629679,23,12,22,713311
5630079,23,13,22,2140085
5630111,23,13,22,2140097
5630447,23,13,22,2140225
5630831,23,10,22,79273
5631215,24,14,23,3210775
5631471,24,10,23,39641
5632895,24,14,23,3211733
5633567,23,13,22,2141411
5633695,24,14,23,3212189
5634175,24,13,23,1070821
5634751,23,13,22,2141861
5635055,24,14,23,3212965
5635135,23,13,22,2142007
5635231,24,14,23,3213065
5636319,23,13,22,2142457
5637023,24,14,23,3214087
5637087,23,13,22,2142749
5637103,23,13,22,2142755
5637119,23,13,22,2142761
5638255,23,13,22,2143193
5638303,23,13,22,2143211
5638623,24,14,23,3214999
5639103,23,12,22,714505
5639679,24,12,23,357289
5639871,24,14,23,3215711
5640239,24,14,23,3215921
5640303,24,14,23,3215957
5640495,24,14,23,3216067
5642095,24,14,23,3216979
5642175,23,13,22,2144683
5642239,23,13,22,2144707
5642943,23,13,22,2144975
5642991,23,13,22,2144993
5643039,24,14,23,3217517
5643375,23,13,22,2145139
5643743,23,12,22,715093
5644511,23,13,22,2145571
5644607,24,14,23,3218411
5645343,23,13,22,2145887
5645551,24,12,23,357661
5645727,23,13,22,2146033
5646495,23,13,22,2146325
5647087,24,13,23,1073275
5647295,23,12,22,715543
5647679,23,13,22,2146775
5648079,24,14,23,3220391
5648431,23,12,22,715687
5648831,23,13,22,2147213
5649823,24,13,23,1073795
5650815,24,14,23,3221951
5651151,23,13,22,2148095
5651183,23,13,22,2148107
5651647,24,14,23,3222425
5651759,24,13,23,1074163
5652991,24,13,23,1074397
5653503,24,14,23,3223483
5653759,24,12,23,358181
5654639,24,14,23,3224131
5655663,24,13,23,1074905
5655855,23,13,22,2149883
5655871,23,13,22,2149889
5656271,23,13,22,2150041
5656687,23,10,22,79637
5657055,23,13,22,2150339
5657087,23,13,22,2150351
5657823,23,9,22,26551
5657855,23,12,22,716881
5658239,23,13,22,2150789
5659967,24,13,23,1075723
5660191,23,11,22,239059
5661423,24,14,23,3227999
5662591,24,14,23,3228665
5662879,24,14,23,3228829
5663183,24,14,23,3229003
5663471,24,13,23,1076389
5663727,24,14,23,3229313
5664495,23,13,22,2153167
5665215,24,14,23,3230161
5665247,23,13,22,2153453
5665263,23,13,22,2153459
5666015,23,11,22,239305
5666047,23,12,22,717919
5666351,24,14,23,3230809
5666431,23,13,22,2153903
5666463,23,13,22,2153915
5669343,24,13,23,1077505
5671151,23,13,22,2155697
5671919,23,12,22,718663
5671967,24,14,23,3234011
5672559,24,14,23,3234349
5672687,23,13,22,2156281
5673119,23,11,22,239605
5673855,23,13,22,2156725
5674207,23,11,22,239651
5675215,24,13,23,1078621
5675247,24,13,23,1078627
5675727,24,14,23,3236155
5675759,24,14,23,3236173
5675807,23,13,22,2157467
5675903,24,14,23,3236255
5676159,24,14,23,3236401
5676671,24,14,23,3236693
5676959,23,13,22,2157905
5676991,23,13,22,2157917
5677183,24,12,23,359665
5678463,24,14,23,3237715
5678559,23,13,22,2158513
5679551,24,12,23,359815
5679743,23,13,22,2158963
5679775,24,14,23,3238463
5680111,23,12,22,719701
5680687,24,12,23,359887
5681087,24,13,23,1079737
5681919,24,12,23,359965
5682111,24,14,23,3239795
5682479,24,14,23,3240005
5682655,24,13,23,1080035
5683231,23,13,22,2160289
5683247,24,14,23,3240443
5683455,24,13,23,1080187
5683679,24,14,23,3240689
5683823,24,13,23,1080257
5683967,24,14,23,3240853
5683999,23,13,22,2160581
5684479,24,14,23,3241145
5685183,23,13,22,2161031
5685279,24,14,23,3241601
5685999,23,11,22,240149
5686015,23,12,22,720449
5686591,24,9,23,13343
5686751,23,13,22,2161627
5686783,23,13,22,2161639
5687919,23,13,22,2162071
5688095,24,13,23,1081069
5689119,24,14,23,3243791
5690063,24,12,23,360481
5690303,23,13,22,2162977
5690831,24,13,23,1081589
5691263,24,12,23,360557
5691599,24,13,23,1081735
5692031,24,13,23,1081817
5692607,23,13,22,2163853
5692831,24,13,23,1081969
5693343,24,14,23,3246199
5693999,24,13,23,1082191
5695695,23,13,22,2165027
5696191,24,14,23,3247823
5697023,24,14,23,3248297
5697215,24,14,23,3248407
5697839,24,13,23,1082921
5698495,23,13,22,2166091
5698527,24,14,23,3249155
5698559,24,14,23,3249173
5699071,24,13,23,1083155
5699439,24,12,23,361075
5699807,24,13,23,1083295
5699839,24,13,23,1083301
5700063,23,11,22,240743
5700639,24,12,23,361151
5700847,23,13,22,2166985
5700863,23,13,22,2166991
5702975,24,11,23,120433
5703119,23,13,22,2167849
5703375,24,13,23,1083973
5703887,23,13,22,2168141
5703919,24,14,23,3252229
5704687,24,14,23,3252667
5704831,24,14,23,3252749
5704943,24,13,23,1084271
5705455,24,14,23,3253105
5705503,24,14,23,3253133
5705935,24,14,23,3253379
5707167,24,14,23,3254081
5707519,23,13,22,2169521
5707935,24,14,23,3254519
5708671,23,13,22,2169959
5709215,24,13,23,1085083
5710239,24,14,23,3255833
5711615,24,13,23,1085539
5712543,23,13,22,2171431
5714111,23,12,22,724009
5714463,23,13,22,2172161
5714719,24,9,23,13409
5714975,24,14,23,3258533
5717663,23,12,22,724459
5717999,23,13,22,2173505
5718047,23,13,22,2173523
5718847,24,14,23,3260741
5719199,23,13,22,2173961
5719423,24,12,23,362341
5719599,23,13,22,2174113
5719967,23,12,22,724751
5720223,24,13,23,1087175
5720703,24,14,23,3261799
5720735,23,13,22,2174545
5721247,24,14,23,3262109
5721295,24,13,23,1087379
5722303,23,12,22,725047
5722319,23,10,22,80561
5722351,23,12,22,725053
5723519,23,12,22,725201
5723583,24,14,23,3263441
5724719,24,14,23,3264089
5724735,23,6,22,995
5725055,23,13,22,2176187
5725183,24,14,23,3264353
5725487,24,14,23,3264527
5725695,24,13,23,1088215
5726239,23,13,22,2176637
5726431,24,12,23,362785
5726623,23,13,22,2176783
5726655,23,13,22,2176795
5727199,24,13,23,1088501
5727391,23,13,22,2177075
5728575,23,13,22,2177525
5729791,23,13,22,2177987
5730559,23,10,22,80677
5730623,24,14,23,3267455
5730847,24,14,23,3267583
5730943,23,13,22,2178425
5731103,24,11,23,121027
5731295,23,13,22,2178559
5731359,24,14,23,3267875
5733439,24,12,23,363229
5733503,24,12,23,363233
5733695,24,14,23,3269207
5734127,24,14,23,3269453
5734431,23,13,22,2179751
5734847,23,13,22,2179909
5735407,24,13,23,1090061
5735919,24,14,23,3270475
5736767,23,13,22,2180639
5737583,23,12,22,726983
5737983,23,13,22,2181101
5738719,23,12,22,727127
5739487,23,13,22,2181673
5739551,23,13,22,2181697
5739967,23,12,22,727285
5740223,24,14,23,3272929
5740287,24,14,23,3272965
5740543,24,12,23,363679
5740591,24,14,23,3273139
5741103,24,14,23,3273431
5741535,24,14,23,3273677
5741679,24,12,23,363751
5741871,24,14,23,3273869
5742079,24,13,23,1091329
5742271,23,12,22,727577
5742639,23,13,22,2182871
5743071,24,14,23,3274553
5743487,23,9,22,26953
5743647,24,13,23,1091627
5743855,23,13,22,2183333
5745359,23,13,22,2183905
5745823,23,12,22,728027
5746127,23,13,22,2184197
5746719,24,13,23,1092211
5747583,24,11,23,121375
5750063,23,13,22,2185693
5750479,23,12,22,728617
5750527,23,12,22,728623
5750831,23,13,22,2185985
5751295,23,13,22,2186161
5751455,24,13,23,1093111
5751487,24,13,23,1093117
5751679,23,11,22,242923
5751743,24,14,23,3279497
5752863,23,8,22,8999
5753535,24,14,23,3280519
5753551,23,13,22,2187019
5754159,24,13,23,1093625
5754623,24,12,23,364571
5754735,23,13,22,2187469
5754783,23,13,22,2187487
5755199,23,12,22,729215
5755391,24,13,23,1093859
5755583,23,13,22,2187791
5756095,24,13,23,1093993
5756895,24,12,23,364715
5757183,24,14,23,3282599
5757551,24,14,23,3282809
5758495,24,13,23,1094449
5759871,23,11,22,243269
5760255,23,13,22,2189567
5760671,23,13,22,2189725
5761087,24,14,23,3284825
5761823,24,14,23,3285245
5761855,24,14,23,3285263
5762239,23,9,22,27041
5762287,24,14,23,3285509
5762799,24,12,23,365089
5762847,24,14,23,3285829
5762927,23,13,22,2190583
5762975,23,13,22,2190601
5764223,24,14,23,3286613
5765359,23,13,22,2191507
5766335,24,11,23,121771
5766559,24,14,23,3287945
5766591,24,14,23,3287963
5766895,23,12,22,730697
5767215,24,14,23,3288319
5768095,24,14,23,3288821
5768703,24,10,23,40607
5768863,23,13,22,2192839
5769839,24,10,23,40615
5770431,23,11,22,243715
5771567,24,14,23,3290801
5772751,23,10,22,81271
5773551,23,13,22,2194621
5773935,23,11,22,243863
5774303,23,13,22,2194907
5775087,23,12,22,731735
5775487,23,13,22,2195357
5776111,24,13,23,1097797
5776319,23,12,22,731891
5776623,24,14,23,3293683
5777471,24,14,23,3294167
5777855,23,13,22,2196257
5778159,24,14,23,3294559
5778239,23,13,22,2196403
5778623,23,11,22,244061
5779759,23,11,22,244109
5779871,24,14,23,3295535
5780415,24,12,23,366205
5780607,23,13,22,2197303
5780959,23,12,22,732479
5782207,24,14,23,3296867
5782495,23,13,22,2198021
5782831,24,14,23,3297223
5782975,24,14,23,3297305
5783295,24,14,23,3297487
5783663,24,14,23,3297697
5784111,24,14,23,3297953
5784319,24,13,23,1099357
5784511,23,12,22,732929
5784831,24,14,23,3298363
5785663,23,12,22,733075
5785711,24,14,23,3298865
5786047,23,13,22,2199371
5786431,23,13,22,2199517
5788367,23,13,22,2200253
5788415,23,13,22,2200271
5788703,24,14,23,3300571
5789151,23,12,22,733517
5789759,24,12,23,366797
5790687,23,13,22,2201135
5791039,24,14,23,3301903
5792303,23,13,22,2201749
5792895,24,13,23,1100987
5793087,23,13,22,2202047
5793263,24,12,23,367019
5793487,24,14,23,3303299
5793663,24,13,23,1101133
5794463,24,11,23,122365
5794687,23,13,22,2202655
5796287,24,14,23,3304895
5796559,23,13,22,2203367
5797423,24,14,23,3305543
5797567,24,13,23,1101875
5797887,24,14,23,3305807
5799023,24,14,23,3306455
5799743,23,9,22,27217
5800415,24,14,23,3307249
5800495,23,13,22,2204863
5800703,24,13,23,1102471
5800991,24,14,23,3307577
5801679,23,13,22,2205313
5801727,23,13,22,2205331
5802111,23,11,22,245053
5802495,23,13,22,2205623
5802863,24,14,23,3308645
5803039,24,13,23,1102915
5803215,23,12,22,735299
5804063,24,14,23,3309329
5804447,23,12,22,735455
5804751,23,13,22,2206481
5805599,24,14,23,3310205
5805615,23,11,22,245201
5805695,24,14,23,3310259
5806207,24,10,23,40871
5806287,24,14,23,3310597
5806319,24,14,23,3310615
5806575,24,13,23,1103587
5806799,24,14,23,3310889
5806831,24,14,23,3310907
5807599,24,14,23,3311345
5807935,23,11,22,245299
5808543,24,12,23,367987
5809087,24,14,23,3312193
5809151,23,12,22,736051
5809871,23,13,22,2208427
5809919,23,13,22,2208445
5812639,23,12,22,736493
5812671,23,10,22,81833
5812991,24,14,23,3314419
5813215,24,11,23,122761
5813439,24,14,23,3314675
5813551,24,13,23,1104913
5813791,23,12,22,736639
5814527,24,14,23,3315295
5815039,24,14,23,3315587
5815807,23,13,22,2210683
5816127,23,11,22,245645
5817727,23,13,22,2211413
5818863,23,13,22,2211845
5819167,24,14,23,3317941
5819247,23,13,22,2211991
5819711,24,14,23,3318251
5821135,24,14,23,3319063
5821215,23,13,22,2212739
5821823,24,13,23,1106485
5822079,24,14,23,3319601
5822111,24,14,23,3319619
5822335,24,14,23,3319747
5823215,23,12,22,737833
5823231,23,11,22,245945
5823903,24,14,23,3320641
5823983,24,14,23,3320687
5824415,24,14,23,3320933
5824447,24,14,23,3320951
5824735,23,13,22,2214077
5825215,24,14,23,3321389
5825919,23,13,22,2214527
5826287,23,13,22,2214667
5827023,23,13,22,2214947
5827055,23,13,22,2214959
5827327,24,11,23,123059
5827903,23,12,22,738427
5828255,23,13,22,2215415
5828719,24,14,23,3323387
5829087,24,14,23,3323597
5829663,24,12,23,369325
5831407,23,12,22,738871
5831711,24,14,23,3325093
5831743,23,13,22,2216741
5831791,23,13,22,2216759
5832943,23,13,22,2217197
5834367,24,12,23,369623
5835215,23,13,22,2218061
5835759,24,14,23,3327401
5835903,24,13,23,1109161
5836095,23,12,22,739465
5836479,23,13,22,2218541
5837279,23,12,22,739615
5838207,24,13,23,1109599
5838847,23,13,22,2219441
5839231,24,14,23,3329381
5839983,23,13,22,2219873
5840351,23,13,22,2220013
5840799,23,10,22,82229
5840831,24,14,23,3330293
5840895,24,14,23,3330329
5841119,23,13,22,2220305
5842687,24,14,23,3331351
5843199,24,14,23,3331643
5843903,23,13,22,2221363
5844079,24,13,23,1110715
5844735,23,13,22,2221679
5845039,23,13,22,2221795
5845471,23,12,22,740653
5845887,23,13,22,2222117
5847839,24,14,23,3334289
5848607,23,13,22,2223151
5849151,24,13,23,1111679
5849327,24,14,23,3335137
5849919,24,13,23,1111825
5849983,24,13,23,1111837
5850495,24,14,23,3335803
5852159,23,13,22,2224501
5852575,24,14,23,3336989
5852607,24,14,23,3337007
5852879,23,13,22,2224775
5853887,24,13,23,1112579
5854463,23,13,22,2225377
5855791,24,13,23,1112941
5856031,23,12,22,741991
5856767,24,14,23,3339379
5856799,23,13,22,2226265
5857503,24,14,23,3339799
5858047,24,14,23,3340109
5859583,24,14,23,3340985
5859967,23,13,22,2227469
5860671,24,14,23,3341605
5861071,23,13,22,2227889
5861103,23,13,22,2227901
5861535,23,13,22,2228065
5861919,24,14,23,3342317
5862623,23,13,22,2228479
5862655,23,13,22,2228491
5863631,24,12,23,371477
5863663,24,12,23,371479
5864223,23,12,22,743029
5864319,24,14,23,3343685
5864575,24,14,23,3343831
5864639,23,13,22,2229245
5864831,24,11,23,123851
5865087,24,14,23,3344123
5865199,24,13,23,1114729
5865631,24,13,23,1114811
5866223,24,14,23,3344771
5868159,23,13,22,2230583
5868735,24,13,23,1115401
5868959,24,14,23,3346331
5869295,23,13,22,2231015
5869727,23,13,22,2231179
5870047,24,14,23,3346951
5870335,24,13,23,1115705
5870703,24,9,23,13775
5870815,23,13,22,2231593
5871295,24,14,23,3347663
5871839,24,10,23,41333
5872095,24,14,23,3348119
5874415,23,13,22,2232961
5874815,23,12,22,744371
5875167,23,13,22,2233247
5875583,23,13,22,2233405
5876351,23,13,22,2233697
5876719,23,13,22,2233837
5877455,24,14,23,3351175
5878303,23,10,22,82757
5878719,23,13,22,2234597
5878911,24,12,23,372445
5879487,23,11,22,248321
5880303,24,14,23,3352799
5880447,24,13,23,1117627
5880639,23,12,22,745109
5881279,24,12,23,372595
5881327,24,14,23,3353383
5881503,24,14,23,3353483
5882415,24,12,23,372667
5882527,24,14,23,3354067
5882559,24,14,23,3354085
5882607,23,13,22,2236075
5882815,24,13,23,1118077
5883359,23,13,22,2236361
5884383,24,13,23,1118375
5884415,24,13,23,1118381
5884959,23,13,22,2236969
5885183,24,13,23,1118527
5885695,24,14,23,3355873
5887087,24,11,23,124321
5887967,24,14,23,3357169
5888047,23,13,22,2238143
5888479,23,13,22,2238307
5888799,24,14,23,3357643
5889567,24,14,23,3358081
5891231,23,10,22,82939
5891391,24,13,23,1119707
5891791,24,12,23,373261
5892159,24,13,23,1119853
5892735,24,14,23,3359887
5893247,24,14,23,3360179
5893567,23,12,22,746747
5894703,23,12,22,746891
5895103,23,13,22,2240825
5895471,23,13,22,2240965
5895583,24,14,23,3361511
5895615,24,14,23,3361529
5896575,24,14,23,3362077
5896671,23,13,22,2241421
5897519,24,14,23,3362615
5898223,23,12,22,747337
5898287,24,14,23,3363053
5899823,23,13,22,2242619
5900031,24,12,23,373783
5900607,23,10,22,83071
5901567,24,13,23,1121641
5901823,24,14,23,3365069
5902111,23,13,22,2243489
5902591,24,14,23,3365507
5902959,24,14,23,3365717
5902975,23,11,22,249313
5904079,23,12,22,748079
5906079,23,13,22,2244997
5906239,24,13,23,1122529
5906415,23,12,22,748375
5906463,23,12,22,748381
5906847,23,13,22,2245289
5906879,23,13,22,2245301
5907695,24,14,23,3368417
5908847,23,6,22,1027
5909711,24,13,23,1123189
5910015,23,12,22,748831
5910175,24,13,23,1123277
5910719,23,13,22,2246761
5910767,23,13,22,2246779
5910943,24,13,23,1123423
5911231,24,14,23,3370433
5911487,24,14,23,3370579
5911551,23,13,22,2247077
5911967,24,14,23,3370853
5912687,23,13,22,2247509
5913279,24,13,23,1123867
5913535,23,9,22,27751
5913599,24,14,23,3371783
5914271,23,13,22,2248111
5914367,24,14,23,3372221
5914671,23,10,22,83269
5914735,24,14,23,3372431
5915039,23,13,22,2248403
5915391,24,14,23,3372805
5915903,24,14,23,3373097
5917551,24,12,23,374893
5917807,24,14,23,3374183
5918207,23,12,22,749869
5918239,24,14,23,3374429
5918911,23,13,22,2249875
5918959,23,13,22,2249893
5918975,23,13,22,2249899
5919519,24,13,23,1125053
5920831,24,14,23,3375907
5920879,23,13,22,2250623
5921727,23,11,22,250105
5921919,24,13,23,1125509
5923231,23,13,22,2251517
5924079,23,12,22,750613
5924335,24,14,23,3377905
5924479,23,13,22,2251991
5925311,24,14,23,3378461
5925567,24,14,23,3378607
5925631,23,13,22,2252429
5926351,23,12,22,750901
5926383,23,12,22,750905
5926447,24,14,23,3379109
5927583,23,12,22,751057
5927967,23,13,22,2253317
5929919,23,11,22,250451
5930287,23,13,22,2254199
5931071,23,12,22,751499
5932063,24,13,23,1127437
5933887,24,14,23,3383351
5934543,23,12,22,751939
5935007,23,13,22,2255993
5935599,24,13,23,1128109
5935855,24,14,23,3384473
5936159,23,13,22,2256431
5936255,24,14,23,3384701
5936767,24,13,23,1128331
5937647,24,14,23,3385495
5938479,23,13,22,2257313
5938895,23,13,22,2257471
5939311,23,12,22,752543
5939327,24,14,23,3386453
5939615,24,14,23,3386617
5939647,24,14,23,3386635
5939695,23,13,22,2257775
5939871,24,12,23,376307
5940159,24,14,23,3386927
5940207,24,13,23,1128985
5941663,23,9,22,27883
5941695,24,14,23,3387803
5942271,24,12,23,376459
5942783,24,14,23,3388423
5942831,24,14,23,3388451
5943039,24,13,23,1129523
5943807,24,13,23,1129669
5943999,23,12,22,753137
5944063,24,14,23,3389153
5944831,24,14,23,3389591
5945199,24,14,23,3389801
5945967,24,14,23,3390239
5946351,23,9,22,27905
5946671,23,13,22,2260427
5946911,24,12,23,376753
5947087,23,13,22,2260585
5948287,23,13,22,2261041
5949503,24,14,23,3392255
5949855,23,11,22,251293
5950335,24,14,23,3392729
5950447,24,11,23,125659
5950591,24,14,23,3392875
5950703,24,14,23,3392939
5951007,23,12,22,754025
5951023,23,12,22,754027
5952207,24,14,23,3393797
5952895,24,14,23,3394189
5952975,24,14,23,3394235
5953407,24,14,23,3394481
5953983,24,12,23,377201
5954175,24,14,23,3394919
5954543,23,11,22,251491
5955119,24,12,23,377273
5955263,24,14,23,3395539
5955519,24,13,23,1131895
5955711,23,12,22,754621
5955743,23,12,22,754625
5956479,23,13,22,2264155
5957087,24,13,23,1132193
5957279,23,13,22,2264459
5958047,23,11,22,251639
5958959,24,13,23,1132549
5959199,23,12,22,755063
5959983,24,14,23,3398231
5960431,23,12,22,755219
5960735,24,14,23,3398659
5961215,24,14,23,3398933
5961583,24,14,23,3399143
5961967,23,13,22,2266241
5962351,23,13,22,2266387
5962735,23,11,22,251837
5962783,24,14,23,3399827
5963135,23,13,22,2266685
5963935,23,12,22,755663
5964415,24,14,23,3400757
5964527,24,12,23,377869
5964735,23,13,22,2267293
5965103,23,8,22,9331
5965439,24,14,23,3401341
5965471,23,13,22,2267573
5966319,24,14,23,3401843
5966655,23,13,22,2268023
5967007,24,14,23,3402235
5967039,23,13,22,2268169
5967087,24,14,23,3402281
5967775,24,14,23,3402673
5967871,23,13,22,2268485
5968623,23,12,22,756257
5968943,23,13,22,2268893
5969023,23,13,22,2268923
5969775,23,12,22,756403
5970159,23,13,22,2269355
5970175,23,13,22,2269361
5970543,23,13,22,2269501
5972959,24,14,23,3405629
5972991,24,14,23,3405647
5973871,24,12,23,378461
5974271,24,13,23,1135459
5974495,23,12,22,757001
5975151,24,14,23,3406879
5975231,23,13,22,2271283
5976367,23,13,22,2271715
5976383,24,14,23,3407581
5977135,23,13,22,2272007
5977199,23,13,22,2272031
5977215,23,13,22,2272037
5979551,23,13,22,2272925
5979583,23,13,22,2272937
5980399,24,14,23,3409871
5980719,23,13,22,2273369
5981055,24,14,23,3410245
5981311,24,13,23,1136797
5981567,24,14,23,3410537
5981599,24,14,23,3410555
5981679,24,13,23,1136867
5982271,23,13,22,2273959
5982687,23,12,22,758039
5983039,23,13,22,2274251
5983439,24,14,23,3411605
5983647,24,13,23,1137241
5983855,23,9,22,28081
5985439,23,13,22,2275163
5986303,24,14,23,3413237
5988575,24,14,23,3414533
5989343,24,14,23,3414971
5990095,23,13,22,2276933
5990527,23,13,22,2277097
5991295,23,13,22,2277389
5991743,24,14,23,3416339
5992047,23,11,22,253075
5992095,23,10,22,84359
5993199,24,14,23,3417169
5994559,24,13,23,1139315
5994623,24,13,23,1139327
5994703,24,14,23,3418027
5994815,23,13,22,2278727
5995199,23,13,22,2278873
5995215,24,14,23,3418319
5995391,24,13,23,1139473
5995583,24,14,23,3418529
5995647,24,14,23,3418565
5996191,24,11,23,126625
5996783,23,10,22,84425
5997103,23,13,22,2279597
5997183,23,13,22,2279627
5997535,23,13,22,2279761
5997551,24,14,23,3419651
5997567,23,13,22,2279773
5997951,23,12,22,759973
5998127,24,13,23,1139993
5998335,23,13,22,2280065
5998719,23,13,22,2280211
5999055,23,10,22,84457
5999295,24,13,23,1140215
5999807,24,14,23,3420937
6000239,23,11,22,253421
6000639,24,14,23,3421411
6001119,24,14,23,3421685
6002223,23,13,22,2281543
6002687,24,14,23,3422579
6003823,24,14,23,3423227
6004543,23,13,22,2282425
6005759,23,13,22,2282887
6005791,24,14,23,3424349
6006143,23,12,22,761011
6006479,23,13,22,2283161
6006527,23,13,22,2283179
6006943,23,13,22,2283337
6008527,24,14,23,3425909
6008559,24,14,23,3425927
6009327,24,14,23,3426365
6010271,24,12,23,380767
6010319,24,14,23,3426931
6010399,23,13,22,2284651
6011599,23,13,22,2285107
6011967,23,12,22,761749
6012015,23,12,22,761755
6012031,23,11,22,253919
6012351,24,14,23,3428089
6012607,24,12,23,380915
6012735,23,13,22,2285539
6013375,24,13,23,1142891
6013487,24,14,23,3428737
6013983,23,13,22,2286013
6015855,23,13,22,2286725
6015935,23,13,22,2286755
6016255,24,14,23,3430315
6016303,24,14,23,3430343
6016703,23,12,22,762349
6016767,24,14,23,3430607
6017055,23,13,22,2287181
6017279,24,12,23,381211
6017535,24,14,23,3431045
6018559,24,14,23,3431629
6019039,24,14,23,3431903
6019839,23,13,22,2288239
6019871,24,14,23,3432377
6020207,23,12,22,762793
6020591,23,13,22,2288525
6022559,23,12,22,763091
6022783,24,13,23,1144679
6022863,24,14,23,3434083
6023887,24,13,23,1144889
6024351,24,12,23,381659
6024895,23,12,22,763387
6024911,23,10,22,84821
6024943,24,14,23,3435269
6026431,23,13,22,2290745
6026879,23,13,22,2290915
6027823,24,10,23,42431
6028015,23,13,22,2291347
6028447,23,12,22,763837
6030815,24,14,23,3438617
6032127,24,13,23,1146455
6032703,23,13,22,2293129
6033263,24,13,23,1146671
6033439,24,14,23,3440113
6033727,24,12,23,382253
6034031,24,13,23,1146817
6036719,24,14,23,3441983
6037119,24,14,23,3442211
6037311,24,14,23,3442321
6037567,24,13,23,1147489
6037823,23,12,22,765025
6037999,24,13,23,1147571
6039199,24,13,23,1147799
6040783,24,14,23,3444301
6041503,24,13,23,1148237
6042079,23,13,22,2296693
6042303,24,13,23,1148389
6042559,24,14,23,3445313
6042815,24,14,23,3445459
6043183,24,14,23,3445669
6043647,24,14,23,3445933
6044031,23,13,22,2297435
6044095,23,13,22,2297459
6044127,24,14,23,3446207
6044783,24,14,23,3446581
6044927,24,14,23,3446663
6045215,23,13,22,2297885
6045631,23,13,22,2298043
6046687,24,14,23,3447667
6048383,23,12,22,766363
6048751,23,13,22,2299229
6048767,23,13,22,2299235
6049311,24,13,23,1149721
6049951,23,13,22,2299685
6051903,24,14,23,3450641
6052047,24,13,23,1150241
6052847,24,13,23,1150393
6053407,23,13,22,2300999
6054047,24,13,23,1150621
6054815,24,9,23,14207
6055039,24,14,23,3452429
6055407,24,14,23,3452639
6056143,23,13,22,2302039
6056383,24,13,23,1151065
6056639,24,14,23,3453341
6057519,24,13,23,1151281
6057919,24,13,23,1151357
6058143,23,13,22,2302799
6058287,24,12,23,383809
6059231,23,13,22,2303213
6059487,24,12,23,383885
6059711,24,14,23,3455093
6060063,23,12,22,767843
6060255,24,13,23,1151801
6060799,24,14,23,3455713
6060831,23,13,22,2303821
6062831,23,13,22,2304581
6063599,23,11,22,256097
6063615,23,12,22,768293
6064751,23,12,22,768437
6065391,24,12,23,384259
6065791,24,13,23,1152853
6066335,23,13,22,2305913
6066671,24,14,23,3459061
6066927,24,13,23,1153069
6067423,23,13,22,2306327
6067663,24,12,23,384403
6068271,23,12,22,768883
6068287,23,11,22,256295
6069631,24,13,23,1153583
6069887,23,13,22,2307263
6070687,24,14,23,3461351
6070719,24,14,23,3461369
6070943,24,14,23,3461497
6071039,23,13,22,2307701
6071199,24,11,23,128209
6072991,23,12,22,769481
6073343,24,14,23,3462865
6073599,24,12,23,384779
6073855,24,14,23,3463157
6074879,24,14,23,3463741
6075503,24,13,23,1154699
6076095,23,13,22,2309623
6076271,24,13,23,1154845
6076463,23,12,22,769921
6076895,23,13,22,2309927
6077679,23,12,22,770075
6079215,23,13,22,2310809
6079647,23,13,22,2310973
6079727,24,14,23,3466505
6081215,23,11,22,256841
6082335,23,12,22,770665
6082719,24,14,23,3468211
6082975,24,12,23,385373
6083743,24,13,23,1156265
6084719,23,10,22,85663
6085055,24,14,23,3469543
6086191,24,14,23,3470191
6086303,23,13,22,2313503
6086703,24,14,23,3470483
6087647,24,12,23,385669
6087679,24,11,23,128557
6089023,23,13,22,2314537
6090351,24,13,23,1157521
6090527,23,12,22,771703
6090991,23,13,22,2315285
6091391,23,13,22,2315437
6091743,23,12,22,771857
6091807,24,14,23,3473393
6092927,23,12,22,772007
6093119,24,13,23,1158047
6093279,23,13,22,2316155
6093631,24,14,23,3474433
6094831,23,13,22,2316745
6094879,23,13,22,2316763
6095295,23,12,22,772307
6095343,24,14,23,3475409
6095599,24,14,23,3475555
6096191,24,13,23,1158631
6096511,24,14,23,3476075
6096799,23,13,22,2317493
6097391,24,13,23,1158859
6097647,23,9,22,28615
6098847,24,14,23,3477407
6099583,23,13,22,2318551
6100927,24,13,23,1159531
6101119,23,12,22,773045
6102335,23,9,22,28637
6102527,24,13,23,1159835
6103023,23,13,22,2319859
6103071,23,13,22,2319877
6104319,24,14,23,3480527
6104943,24,14,23,3480883
6104991,23,13,22,2320607
6105087,23,13,22,2320643
6105807,23,12,22,773639
6105839,23,11,22,257881
6106431,24,11,23,128953
6108191,23,12,22,773941
6108575,23,13,22,2321969
6108799,24,10,23,43001
6109423,24,14,23,3483437
6109679,24,14,23,3483583
6109903,24,12,23,387079
6110079,24,14,23,3483811
6110527,23,11,22,258079
6111103,24,12,23,387155
6111295,24,14,23,3484505
6111711,23,9,22,28681
6112383,24,14,23,3485125
6112703,24,13,23,1161769
6112927,24,14,23,3485435
6114031,23,11,22,258227
6114239,24,13,23,1162061
6114815,23,13,22,2324341
6114863,24,14,23,3486539
6115183,23,12,22,774827
6115551,23,13,22,2324621
6115583,23,13,22,2324633
6115807,24,11,23,129151
6116031,24,14,23,3487205
6116383,23,12,22,774979
6116799,23,13,22,2325095
6117375,24,13,23,1162657
6117999,24,14,23,3488327
6118335,23,13,22,2325679
6118703,23,12,22,775273
6118719,23,11,22,258425
6119103,23,13,22,2325971
6119903,23,11,22,258475
6120703,23,13,22,2326579
6122303,24,14,23,3490781
6122959,23,13,22,2327437
6123423,23,12,22,775871
6123743,23,13,22,2327735
6123759,24,14,23,3491611
6124191,23,13,22,2327905
6124223,23,13,22,2327917
6124271,24,14,23,3491903
6124319,24,13,23,1163977
6124415,24,13,23,1163995
6125775,24,14,23,3492761
6125807,24,14,23,3492779
6126527,23,13,22,2328793
6127551,24,10,23,43133
6128095,23,11,22,258821
6128111,23,12,22,776465
6128287,24,13,23,1164731
6128799,24,14,23,3494485
6130463,23,9,22,28769
6130687,24,13,23,1165187
6131151,23,13,22,2330551
6132991,24,13,23,1165625
6133615,24,14,23,3497231
6134559,24,11,23,129547
6138063,24,10,23,43207
6138095,24,12,23,388865
6138175,24,14,23,3499831
6138655,23,11,22,259267
6139375,24,14,23,3500515
6139631,24,13,23,1166887
6140063,24,13,23,1166969
6140799,24,13,23,1167109
6140975,23,10,22,86455
6141055,24,14,23,3501473
6141087,24,14,23,3501491
6141343,24,14,23,3501637
6141823,24,14,23,3501911
6142159,23,11,22,259415
6142207,23,11,22,259417
6142399,24,13,23,1167413
6143167,24,13,23,1167559
6143423,24,14,23,3502823
6143679,24,14,23,3502969
6144559,24,14,23,3503471
6144895,23,13,22,2335775
6145791,24,14,23,3504173
6146303,24,10,23,43265
6146463,23,13,22,2336371
6146495,23,13,22,2336383
6146847,23,11,22,259613
6147631,23,13,22,2336815
6148847,23,13,22,2337277
6149247,23,12,22,779143
6150463,24,14,23,3506837
6150767,23,13,22,2338007
6151151,23,13,22,2338153
6151199,24,14,23,3507257
6151583,23,11,22,259813
6151887,24,14,23,3507649
6152319,23,13,22,2338597
6152831,24,14,23,3508187
6153087,23,13,22,2338889
6153535,24,14,23,3508589
6153935,24,14,23,3508817
6154655,23,13,22,2339485
6155423,24,14,23,3509665
6155679,24,10,23,43331
6156591,23,13,22,2340221
6157439,23,12,22,780181
6157823,23,13,22,2340689
6158015,24,12,23,390127
6158559,23,12,22,780323
6158975,23,13,22,2341127
6159343,23,13,22,2341267
6159551,24,13,23,1170673
6159807,23,12,22,780481
6159871,24,14,23,3512201
6159919,24,13,23,1170743
6160495,24,14,23,3512557
6161311,23,13,22,2342015
6161343,23,13,22,2342027
6161887,24,13,23,1171117
6162175,24,14,23,3513515
6162911,23,13,22,2342623
6163647,23,13,22,2342903
6163695,23,13,22,2342921
6164511,24,14,23,3514847
6164783,23,13,22,2343335
6164799,24,14,23,3515011
6166383,23,13,22,2343943
6166751,23,12,22,781361
6167151,23,13,22,2344235
6167247,24,14,23,3516407
6167423,24,11,23,130241
6168639,24,14,23,3517201
6171087,24,14,23,3518597
6171295,24,13,23,1172905
6171327,24,13,23,1172911
6171839,23,13,22,2346017
6172319,24,14,23,3519299
6172975,23,13,22,2346449
6173855,23,12,22,782261
6173887,24,14,23,3520193
6174463,24,12,23,391169
6175855,24,14,23,3521315
6175999,24,13,23,1173799
6177791,23,13,22,2348279
6178671,24,13,23,1174307
6178927,23,13,22,2348711
6179311,23,13,22,2348857
6179695,24,14,23,3523505
6180895,23,10,22,87017
6181663,24,14,23,3524627
6182015,24,14,23,3524827
6182447,23,13,22,2350049
6183231,23,12,22,783449
6183407,24,13,23,1175207
6183919,24,14,23,3525913
6184063,24,14,23,3525995
6184607,24,13,23,1175435
6185119,24,14,23,3526597
6185951,23,13,22,2351381
6186143,24,12,23,391909
6187135,23,13,22,2351831
6187167,23,13,22,2351843
6187471,23,13,22,2351959
6187679,24,13,23,1176019
6188543,24,11,23,130687
6188655,23,13,22,2352409
6189247,24,13,23,1176317
6189359,24,14,23,3529015
6190047,24,13,23,1176469
6190271,23,10,22,87149
6190559,24,14,23,3529699
6190639,23,13,22,2353163
6192671,24,14,23,3530903
6194143,23,13,22,2354495
6195327,23,13,22,2354945
6195519,24,12,23,392503
6196079,23,12,22,785077
6196351,24,13,23,1177667
6196463,24,14,23,3533065
6196719,24,12,23,392579
6196847,23,13,22,2355523
6196863,24,14,23,3533293
6196943,24,14,23,3533339
6197487,24,13,23,1177883
6198831,23,13,22,2356277
6199167,24,14,23,3534607
6200015,23,13,22,2356727
6200047,23,13,22,2356739
6200063,23,13,22,2356745
6200447,23,13,22,2356891
6200815,23,12,22,785677
6201151,23,13,22,2357159
6202015,24,14,23,3536231
6202751,23,13,22,2357767
6204415,24,14,23,3537599
6204671,24,14,23,3537745
6204735,23,13,22,2358521
6205183,24,14,23,3538037
6206431,24,13,23,1179583
6206687,24,14,23,3538895
6207455,24,14,23,3539333
6208207,23,13,22,2359841
6208255,23,13,22,2359859
6208543,24,14,23,3539953
6208575,23,13,22,2359981
6208639,23,13,22,2360005
6208831,24,13,23,1180039
6209007,23,12,22,786715
6209055,24,14,23,3540245
6209343,23,13,22,2360273
6210207,23,11,22,262289
6210543,23,13,22,2360729
6211007,23,13,22,2360905
6211455,24,14,23,3541613
6212223,24,14,23,3542051
6212303,24,13,23,1180699
6213311,23,13,22,2361781
6214047,24,14,23,3543091
6214111,23,13,22,2362085
6214911,23,12,22,787463
6215103,24,13,23,1181231
6215215,24,14,23,3543757
6216127,24,14,23,3544277
6216239,24,13,23,1181447
6216447,23,13,22,2362973
6216815,23,13,22,2363113
6217263,24,14,23,3544925
6217839,24,12,23,393917
6218207,24,13,23,1181821
6218431,23,12,22,787909
6218719,24,14,23,3545755
6219007,24,12,23,393991
6220543,24,13,23,1182265
6220831,24,14,23,3546959
6221423,24,14,23,3547297
6221503,23,13,22,2364895
6221679,24,13,23,1182481
6221935,23,12,22,788353
6223519,23,13,22,2365661
6224255,23,12,22,788647
6225055,23,13,22,2366245
6226415,24,13,23,1183381
6226671,24,14,23,3550289
6226927,24,14,23,3550435
6228207,23,13,22,2367443
6228415,24,10,23,43843
6229295,23,13,22,2367857
6229743,23,13,22,2368027
6231999,24,14,23,3553327
6232111,24,14,23,3553391
6232447,23,12,22,789685
6232543,24,14,23,3553637
6232575,24,14,23,3553655
6232831,24,14,23,3553801
6232863,23,13,22,2369213
6233055,24,11,23,131627
6233343,24,14,23,3554093
6233647,23,11,22,263279
6234431,23,13,22,2369809
6235167,24,14,23,3555133
6236015,24,14,23,3555617
6236799,23,13,22,2370709
6236959,24,13,23,1185385
6238927,24,9,23,14639
6240495,24,13,23,1186057
6240751,24,14,23,3558317
6240895,24,13,23,1186133
6242031,24,13,23,1186349
6242175,24,14,23,3559129
6242463,24,12,23,395477
6243071,23,11,22,263677
6243807,23,13,22,2373373
6243823,24,14,23,3560069
6243999,24,13,23,1186723
6244991,23,13,22,2373823
6245679,24,14,23,3561127
6246911,24,14,23,3561829
6250111,23,12,22,791923
6252399,23,11,22,264071
6252415,23,12,22,792215
6252607,24,13,23,1188359
6253375,24,13,23,1188505
6254831,24,14,23,3566345
6255311,24,11,23,132097
6255487,24,14,23,3566719
6256287,24,14,23,3567175
6256319,23,13,22,2378129
6256703,24,14,23,3567413
6257151,23,12,22,792815
6257471,23,13,22,2378567
6258047,24,13,23,1189393
6259615,24,13,23,1189691
6260207,23,13,22,2379607
6260271,24,14,23,3569447
6261439,24,14,23,3570113
6261791,23,12,22,793403
6262015,24,13,23,1190147
6264511,23,13,22,2381243
6264575,23,13,22,2381267
6264799,24,14,23,3572029
6264879,23,13,22,2381383
6264895,23,13,22,2381389
6265327,23,11,22,264617
6265343,23,12,22,793853
6265663,23,13,22,2381681
6265727,23,13,22,2381705
6267711,24,14,23,3573689
6268831,23,10,22,88255
6269055,24,13,23,1191485
6269167,24,14,23,3574519
6269631,23,13,22,2383189
6270399,23,13,22,2383481
6271167,23,12,22,794591
6271183,24,14,23,3575669
6271535,23,13,22,2383913
6271999,23,13,22,2384089
6272159,24,13,23,1192075
6272303,23,12,22,794735
6272383,23,9,22,29435
6272415,24,14,23,3576371
6272447,24,14,23,3576389
6272703,23,13,22,2384357
6273071,23,13,22,2384497
6273135,23,13,22,2384521
6274239,24,14,23,3577411
6274719,23,12,22,795041
6274751,24,14,23,3577703
6275103,23,13,22,2385269
6275519,24,14,23,3578141
6276095,24,13,23,1192823
6276255,23,13,22,2385707
6276351,24,14,23,3578615
6276607,24,14,23,3578761
6276863,24,13,23,1192969
6277071,23,6,22,1091
6277231,24,13,23,1193039
6277743,24,14,23,3579409
6277823,23,13,22,2386303
6278943,23,13,22,2386729
6279407,23,12,22,795635
6279423,24,14,23,3580367
6279727,23,13,22,2387027
6280303,24,13,23,1193623
6280575,23,11,22,265261
6280911,23,13,22,2387477
6281535,24,13,23,1193857
6282879,24,14,23,3582337
6282959,24,14,23,3582383
6284927,24,14,23,3583505
6285039,24,13,23,1194523
6285471,24,13,23,1194605
6285631,23,13,22,2389271
6285775,24,12,23,398221
6286031,24,14,23,3584135
6286447,23,9,22,29501
6286463,23,12,22,796529
6286495,24,14,23,3584399
6286847,23,13,22,2389733
6287007,24,12,23,398299
6287135,23,13,22,2389843
6287583,23,10,22,88519
6287775,24,13,23,1195043
6287999,23,13,22,2390171
6288767,23,11,22,265607
6288799,23,12,22,796825
6289087,24,14,23,3585877
6289103,23,13,22,2390591
6289343,24,12,23,398447
6289919,24,14,23,3586351
6290543,24,11,23,132841
6290687,24,14,23,3586789
6294271,24,14,23,3588833
6294639,23,11,22,265855
6294655,23,12,22,797567
6295407,24,14,23,3589481
6295807,23,12,22,797713
6295871,24,14,23,3589745
6296191,23,13,22,2393285
6296815,24,13,23,1196761
6298351,24,13,23,1197053
6299807,24,14,23,3591989
6300143,24,14,23,3592181
6300479,23,12,22,798305
6300911,23,13,22,2395079
6302367,24,14,23,3593449
6302447,23,13,22,2395663
6302655,24,13,23,1197871
6302831,23,11,22,266201
6302879,23,11,22,266203
6303215,23,13,22,2395955
6303647,24,14,23,3594179
6303679,24,14,23,3594197
6303791,24,13,23,1198087
6304511,24,14,23,3594671
6305535,24,14,23,3595255
6306415,24,14,23,3595757
6307119,23,13,22,2397439
6307135,23,13,22,2397445
6307535,23,12,22,799199
6307871,24,14,23,3596587
6308335,23,13,22,2397901
6308671,23,12,22,799343
6309119,23,13,22,2398199
6310639,23,13,22,2398777
6311663,24,10,23,44429
6312255,23,11,22,266599
6312831,24,12,23,399935
6312991,23,13,22,2399671
6313087,24,14,23,3599561
6313423,24,14,23,3599753
6314143,24,14,23,3600163
6314191,24,14,23,3600191
6314543,23,12,22,800087
6314943,23,13,22,2400413
6315007,23,13,22,2400437
6315311,23,13,22,2400553
6315327,23,13,22,2400559
6315455,24,14,23,3600911
6315903,24,13,23,1200389
6316479,24,14,23,3601495
6316511,23,13,22,2401009
6317311,23,13,22,2401313
6318559,24,14,23,3602681
6320063,24,14,23,3603539
6320431,24,14,23,3603749
6320639,24,13,23,1201289
6320831,23,13,22,2402651
6321119,24,14,23,3604141
6321407,24,13,23,1201435
6321631,24,14,23,3604433
6322287,24,14,23,3604807
6322735,23,12,22,801125
6322815,23,10,22,89015
6323135,23,13,22,2403527
6323743,24,13,23,1201879
6324703,23,13,22,2404123
6325919,23,13,22,2404585
6326511,24,13,23,1202405
6326911,24,11,23,133609
6327279,24,13,23,1202551
6327535,24,14,23,3607799
6327791,24,14,23,3607945
6329023,23,13,22,2405765
6329391,23,13,22,2405905
6329807,24,14,23,3609095
6330015,24,13,23,1203071
6330575,23,13,22,2406355
6330607,23,13,22,2406367
6330623,23,13,22,2406373
6331359,23,13,22,2406653
6331583,24,12,23,401123
6331775,24,14,23,3610217
6333951,24,12,23,401273
6334575,24,14,23,3611813
6334719,24,13,23,1203965
6335263,23,13,22,2408137
6335743,24,14,23,3612479
6337279,23,13,22,2408903
6337647,24,14,23,3613565
6337759,24,13,23,1204543
6337999,23,12,22,803059
6338047,23,12,22,803065
6338767,23,13,22,2409469
6338815,23,13,22,2409487
6339903,24,14,23,3614851
6339999,23,13,22,2409937
6342095,24,12,23,401789
6342127,24,12,23,401791
6342719,23,12,22,803657
6342783,24,14,23,3616493
6343071,23,13,22,2411105
6343375,24,14,23,3616831
6343455,23,13,22,2411251
6343663,24,13,23,1205665
6343919,23,12,22,803809
6344095,24,13,23,1205747
6344607,24,14,23,3617533
6345119,24,14,23,3617825
6345407,24,14,23,3617989
6345423,23,13,22,2411999
6345455,23,13,22,2412011
6345887,24,14,23,3618263
6346239,23,12,22,804103
6346623,23,13,22,2412455
6346799,24,11,23,134029
6347759,23,13,22,2412887
6348191,23,13,22,2413051
6348911,24,14,23,3619987
6349279,24,14,23,3620197
6349791,24,14,23,3620489
6350911,23,12,22,804695
6351263,23,13,22,2414219
6352079,23,9,22,29809
6352127,23,11,22,268283
6352751,24,14,23,3622177
6354047,23,13,22,2415277
6354079,23,13,22,2415289
6355263,24,14,23,3623609
6355439,24,13,23,1207903
6355839,24,13,23,1207979
6355951,23,13,22,2416001
6355999,23,13,22,2416019
6356095,24,14,23,3624083
6357407,24,9,23,14917
6357999,24,14,23,3625169
6359519,23,13,22,2417357
6359743,24,12,23,402907
6360271,23,11,22,268627
6360511,24,13,23,1208867
6361503,23,11,22,268679
6361535,24,14,23,3627185
6362111,24,12,23,403057
6362879,24,13,23,1209317
6363455,23,13,22,2418853
6363615,24,13,23,1209457
6363647,24,13,23,1209463
6364671,24,14,23,3628973
6366175,23,12,22,806629
6366207,23,12,22,806633
6366239,24,14,23,3629867
6366527,23,13,22,2420021
6366975,23,13,22,2420191
6367343,23,12,22,806777
6368031,24,14,23,3630889
6368063,24,14,23,3630907
6368463,23,11,22,268973
6369919,24,13,23,1210655
6370863,23,12,22,807223
6371455,24,12,23,403649
6372031,23,12,22,807371
6372047,24,14,23,3633179
6373023,24,13,23,1211245
6373247,24,14,23,3633863
6373359,24,13,23,1211309
6373535,24,14,23,3634027
6373791,24,11,23,134599
6374367,23,12,22,807667
6374383,23,10,22,89741
6374783,23,13,22,2423159
6376383,24,14,23,3635651
6376751,24,14,23,3635861
6377215,24,14,23,3636125
6377407,24,14,23,3636235
6377663,24,13,23,1212127
6377983,24,14,23,3636563
6378543,24,14,23,3636883
6379631,24,12,23,404167
6380239,23,12,22,808411
6381055,23,13,22,2425543
6381599,24,13,23,1212875
6381791,23,13,22,2425823
6382911,24,14,23,3639373
6384079,23,13,22,2426693
6385263,23,13,22,2427143
6387359,24,14,23,3641909
6387711,23,13,22,2428073
6388095,24,14,23,3642329
6388431,23,12,22,809449
6388479,23,12,22,809455
6388847,23,13,22,2428505
6388863,23,13,22,2428511
6389407,24,13,23,1214359
6389631,23,11,22,269867
6389663,24,14,23,3643223
6390431,24,14,23,3643661
6392687,23,13,22,2429965
6392943,24,13,23,1215031
6393135,23,10,22,90005
6393455,23,13,22,2430257
6394655,23,13,22,2430713
6395119,23,13,22,2430889
6395135,24,14,23,3646343
6397423,23,13,22,2431765
6398783,24,13,23,1216141
6399215,24,13,23,1216223
6399391,23,13,22,2432513
6400239,24,14,23,3649253
6400895,24,14,23,3649627
6401183,24,13,23,1216597
6401487,24,13,23,1216655
6402255,24,13,23,1216801
6402543,23,12,22,811237
6402559,23,11,22,270413
6403519,24,13,23,1217041
6403711,23,12,22,811385
6404543,24,14,23,3651707
6405247,23,13,22,2434739
6405615,23,13,22,2434879
6405887,24,13,23,1217491
6406815,23,13,22,2435335
6406847,23,13,22,2435347
6409983,23,13,22,2436539
6410559,24,13,23,1218379
6411039,24,14,23,3655411
6412255,23,13,22,2437403
6412351,24,14,23,3656159
6412527,24,10,23,45139
6413007,24,14,23,3656533
6413855,23,13,22,2438011
6413951,24,14,23,3657071
6415039,23,13,22,2438461
6416111,24,14,23,3658303
6417023,23,13,22,2439215
6417967,24,13,23,1219787
6418543,23,13,22,2439793
6419679,23,13,22,2440225
6420159,24,14,23,3660611
6420415,24,14,23,3660757
6420479,24,14,23,3660793
6420863,23,13,22,2440675
6420991,24,14,23,3661085
6422063,24,14,23,3661697
6422463,23,12,22,813761
6423679,23,9,22,30145
6425407,24,11,23,135689
6426143,24,13,23,1221341
6426783,23,13,22,2442925
6427167,24,14,23,3664607
6427775,24,11,23,135739
6429055,23,13,22,2443789
6429503,23,10,22,90517
6430255,23,13,22,2444245
6431487,23,13,22,2444713
6431679,24,13,23,1222393
6431871,23,11,22,271651
6432975,23,12,22,815093
6433023,23,12,22,815099
6433727,24,14,23,3668347
6434863,24,14,23,3668995
6435775,23,13,22,2446343
6435887,24,12,23,407731
6436607,24,14,23,3669989
6436719,24,13,23,1223351
6436895,23,13,22,2446769
6437087,24,12,23,407807
6437487,24,13,23,1223497
6437855,24,13,23,1223567
6438943,24,14,23,3671321
6439679,23,13,22,2447827
6440063,23,11,22,271997
6440431,23,13,22,2448113
6440447,23,13,22,2448119
6440815,24,14,23,3672389
6441023,24,13,23,1224169
6441215,23,12,22,816137
6441583,23,13,22,2448551
6442399,23,12,22,816287
6443567,23,10,22,90715
6443647,24,14,23,3674003
6443727,24,13,23,1224683
6443903,24,14,23,3674149
6444447,24,14,23,3674459
6444495,24,13,23,1224829
6445087,23,13,22,2449883
6445119,23,13,22,2449895
6445551,24,14,23,3675089
6445567,23,13,22,2450065
6446751,24,14,23,3675773
6448287,24,14,23,3676649
6448623,23,13,22,2451227
6448895,24,10,23,45395
6449007,23,13,22,2451373
6449775,23,13,22,2451665
6450591,23,12,22,817325
6451391,24,14,23,3678419
6451823,24,14,23,3678665
6452479,24,14,23,3679039
6452943,23,10,22,90847
6453311,23,13,22,2453009
6453743,23,13,22,2453173
6454143,23,12,22,817775
6454511,23,13,22,2453465
6455279,23,12,22,817919
6456479,23,12,22,818071
6456559,24,14,23,3681365
6456815,23,13,22,2454341
6456959,24,14,23,3681593
6457247,23,13,22,2454505
6457663,24,14,23,3681995
6458047,23,13,22,2454809
6458351,24,14,23,3682387
6458575,24,13,23,1227505
6458863,24,14,23,3682679
6459631,24,14,23,3683117
6459807,24,13,23,1227739
6460063,24,14,23,3683363
6461503,23,13,22,2456123
6461935,23,13,22,2456287
6462399,24,14,23,3684695
6462655,24,14,23,3684841
6463167,24,14,23,3685133
6463519,23,12,22,818963
6463903,23,13,22,2457035
6464415,24,13,23,1228615
6464511,24,13,23,1228633
6465023,24,14,23,3686191
6465647,24,13,23,1228849
6465855,23,12,22,819259
6468607,23,13,22,2458823
6469151,24,13,23,1229515
6469743,23,13,22,2459255
6471295,24,14,23,3689767
6473087,24,13,23,1230263
6473167,24,14,23,3690835
6473199,24,14,23,3690853
6473263,23,13,22,2460593
6473455,24,12,23,410111
6473855,24,13,23,1230409
6474431,23,13,22,2461037
6474879,23,13,22,2461207
6475999,23,13,22,2461633
6476479,24,14,23,3692723
6477183,23,13,22,2462083
6477247,24,14,23,3693161
6477759,24,13,23,1231151
6478303,24,14,23,3693763
6479327,24,12,23,410483
6479551,23,13,22,2462983
6479919,23,12,22,821041
6479935,23,9,22,30409
6479983,24,14,23,3694721
6480095,24,13,23,1231595
6480319,23,13,22,2463275
6480895,24,13,23,1231747
6480927,24,13,23,1231753
6481151,24,14,23,3695387
6483263,24,13,23,1232197
6483407,23,12,22,821483
6484591,23,12,22,821633
6484639,23,12,22,821639
6485023,23,13,22,2465063
6485375,23,13,22,2465197
6485439,23,13,22,2465221
6486223,24,14,23,3698279
6486767,24,13,23,1232863
6487343,23,13,22,2465945
6487791,24,14,23,3699173
6488127,23,11,22,274027
6488735,24,12,23,411079
6489311,23,8,22,10151
6489343,23,12,22,822235
6489503,24,13,23,1233383
6489727,23,13,22,2466851
6490527,24,14,23,3700733
6490815,24,14,23,3700897
6491247,23,13,22,2467429
6491295,23,13,22,2467447
6491839,24,13,23,1233827
6492207,24,12,23,411299
6492415,23,13,22,2467873
6492607,24,13,23,1233973
6492639,24,13,23,1233979
6492671,24,13,23,1233985
6492783,23,12,22,822671
6492831,23,12,22,822677
6492863,23,10,22,91409
6492927,24,14,23,3702101
6493183,24,14,23,3702247
6495775,24,10,23,45725
6496319,23,11,22,274373
6496367,23,11,22,274375
6497535,23,12,22,823273
6499055,23,13,22,2470397
6499071,23,13,22,2470403
6499439,23,13,22,2470543
6499487,23,13,22,2470561
6499567,24,14,23,3705887
6499647,24,13,23,1235311
6499967,24,14,23,3706115
6500591,24,14,23,3706471
6500671,23,13,22,2471011
6501247,24,13,23,1235615
6501839,24,14,23,3707183
6502527,24,14,23,3707575
6502783,24,11,23,137323
6503039,24,14,23,3707867
6503743,23,13,22,2472179
6504095,24,14,23,3708469
6504175,24,14,23,3708515
6504607,24,14,23,3708761
6504943,23,13,22,2472635
6505343,23,13,22,2472787
6505407,24,14,23,3709217
6506399,24,14,23,3709783
6507247,23,13,22,2473511
6508079,23,12,22,824609
6508447,23,13,22,2473967
6508735,24,14,23,3711115
6508863,23,13,22,2474125
6509023,24,13,23,1237093
6510047,24,14,23,3711863
6511391,24,13,23,1237543
6511935,23,13,22,2475293
6512799,23,11,22,275069
6513119,23,13,22,2475743
6513135,23,13,22,2475749
6513983,24,14,23,3714107
6515327,24,13,23,1238291
6515695,24,12,23,412787
6516271,23,12,22,825647
6516671,23,13,22,2477093
6518991,23,13,22,2477975
6519999,24,13,23,1239179
6520111,24,14,23,3717601
6520735,24,13,23,1239319
6521311,23,13,22,2478857
6521759,24,14,23,3718541
6522111,24,14,23,3718741
6523327,23,12,22,826541
6523711,23,13,22,2479769
6524015,24,14,23,3719827
6524095,23,13,22,2479915
6524159,24,14,23,3719909
6524927,23,13,22,2480231
6525151,24,14,23,3720475
6525999,23,13,22,2480639
6526079,23,13,22,2480669
6526831,23,12,22,826985
6526847,23,12,22,826987
6527231,23,13,22,2481107
6527775,24,13,23,1240657
6528639,24,11,23,137869
6528719,24,14,23,3722509
6529519,24,14,23,3722965
6530175,24,13,23,1241113
6530367,23,10,22,91937
6531871,23,13,22,2482871
6532143,24,7,23,1703
6532255,24,14,23,3724525
6532767,24,14,23,3724817
6533535,24,14,23,3725255
6534079,24,13,23,1241855
6534607,23,13,22,2483911
6534655,23,13,22,2483929
6534703,24,14,23,3725921
6535023,23,12,22,828023
6535039,23,12,22,828025
6535375,23,13,22,2484203
6535423,23,13,22,2484221
6535647,24,11,23,138017
6536223,23,12,22,828175
6536447,24,13,23,1242305
6536575,23,13,22,2484659
6536607,23,13,22,2484671
6536639,23,13,22,2484683
6536959,24,14,23,3727207
6537439,24,14,23,3727481
6537775,23,13,22,2485115
6538239,24,14,23,3727937
6539375,24,14,23,3728585
6540063,23,13,22,2485985
6540543,23,13,22,2486167
6541631,24,14,23,3729871
6542111,24,14,23,3730145
6542847,23,13,22,2487043
6543855,24,12,23,414571
6544079,24,14,23,3731267
6544415,23,12,22,829213
6544511,24,14,23,3731513
6544623,24,13,23,1243859
6544799,23,13,22,2487785
6545647,24,14,23,3732161
6546895,24,13,23,1244291
6547151,23,13,22,2488679
6547567,23,13,22,2488837
6547615,24,14,23,3733283
6547919,24,14,23,3733457
6548735,23,13,22,2489281
6549151,24,14,23,3734159
6549919,24,14,23,3734597
6550527,24,13,23,1244981
6550639,23,13,22,2490005
6550687,23,13,22,2490023
6551487,24,14,23,3735491
6552175,24,14,23,3735883
6552319,24,14,23,3735965
6554239,23,13,22,2491373
6555775,23,13,22,2491957
6556143,23,12,22,830699
6556879,23,13,22,2492377
6557471,24,13,23,1246301
6558111,23,13,22,2492845
6558239,24,13,23,1246447
6558495,23,10,22,92333
6558879,23,13,22,2493137
6559279,23,13,22,2493289
6559679,23,11,22,277049
6559903,24,13,23,1246763
6560063,23,13,22,2493587
6560495,24,14,23,3740627
6560639,24,13,23,1246903
6560927,24,14,23,3740873
6561519,24,14,23,3741211
6561599,23,13,22,2494171
6561775,24,13,23,1247119
6562207,24,13,23,1247201
6562751,24,14,23,3741913
6563743,24,12,23,415831
6564303,23,12,22,831733
6564863,24,14,23,3743117
6565071,23,13,22,2495491
6565375,24,13,23,1247803
6567023,24,14,23,3744349
6567391,24,14,23,3744559
6567471,23,13,22,2496403
6568159,24,14,23,3744997
6568255,23,13,22,2496701
6570207,23,12,22,832481
6570303,24,14,23,3746219
6570975,23,13,22,2497735
6572095,24,14,23,3747241
6573759,23,12,22,832931
6574719,24,13,23,1249579
6574975,24,14,23,3748883
6575263,24,14,23,3749047
6575775,24,14,23,3749339
6576575,24,14,23,3749795
6576895,23,13,22,2499985
6577711,24,14,23,3750443
6577855,24,12,23,416725
6578047,24,14,23,3750635
6579231,23,13,22,2500873
6579679,24,14,23,3751565
6580991,24,13,23,1250771
6581759,24,13,23,1250917
6582495,24,12,23,417019
6582783,24,14,23,3753335
6582895,24,13,23,1251133
6583327,24,13,23,1251215
6584639,24,14,23,3754393
6585039,23,13,22,2503081
6585087,23,13,22,2503099
6585503,23,12,22,834419
6586063,24,12,23,417245
6586239,23,13,22,2503537
6586431,24,13,23,1251805
6587007,24,14,23,3755743
6587039,23,13,22,2503841
6587263,24,10,23,46369
6587631,24,13,23,1252033
6588655,24,14,23,3756683
6589647,24,14,23,3757249
6589903,24,13,23,1252465
6590159,23,12,22,835009
6590207,23,12,22,835015
6590879,24,14,23,3757951
6590959,23,13,22,2505331
6590975,23,13,22,2505337
6591135,24,13,23,1252699
6591359,23,11,22,278387
6591423,24,14,23,3758261
6592159,24,14,23,3758681
6592479,23,12,22,835303
6593071,24,12,23,417689
6593471,24,13,23,1253143
6593695,23,12,22,835457
6593727,24,14,23,3759575
6593839,24,13,23,1253213
6594671,24,13,23,1253371
6594879,23,12,22,835607
6595231,23,13,22,2506955
6595583,24,14,23,3760633
6596095,24,14,23,3760925
6596463,24,14,23,3761135
6597631,23,13,22,2507867
6599151,23,13,22,2508445
6599167,23,13,22,2508451
6600223,24,14,23,3763279
6600671,23,12,22,836341
6601535,24,14,23,3764027
6603071,23,12,22,836645
6603423,23,13,22,2510069
6604239,24,14,23,3765569
6604271,24,14,23,3765587
6604527,24,14,23,3765733
6605439,23,12,22,836945
6605759,24,14,23,3766435
6606015,24,10,23,46501
6606271,24,14,23,3766727
6606383,24,13,23,1255597
6606575,23,12,22,837089
6607007,23,13,22,2511431
6607151,24,9,23,15503
6608927,23,10,22,93043
6609151,24,13,23,1256123
6609343,23,13,22,2512319
6609519,24,11,23,139577
6610111,23,11,22,279179
6610399,24,14,23,3769081
6610479,23,13,22,2512751
6613615,23,10,22,93109
6613823,24,13,23,1257011
6614335,24,14,23,3771325
6615791,24,13,23,1257385
6616703,24,14,23,3772675
6617727,24,12,23,419251
6617839,24,14,23,3773323
6617919,23,13,22,2515579
6618495,24,13,23,1257899
6618527,24,13,23,1257905
6618671,23,13,22,2515865
6619807,24,14,23,3774445
6619839,24,14,23,3774463
6619887,23,13,22,2516327
6620623,23,11,22,279623
6620639,23,12,22,838871
6621599,24,13,23,1258489
6621855,23,9,22,31075
6621887,24,14,23,3775631
6622655,24,14,23,3776069
6622975,24,14,23,3776251
6623231,24,13,23,1258799
6623279,24,14,23,3776425
6623535,24,11,23,139873
6623711,24,14,23,3776671
6624191,23,12,22,839321
6624255,24,14,23,3776981
6625023,24,14,23,3777419
6625135,24,13,23,1259161
6625327,23,12,22,839465
6626271,24,13,23,1259377
6626559,23,12,22,839621
6626863,23,13,22,2518979
6626943,23,13,22,2519009
6628095,23,13,22,2519447
6628479,23,13,22,2519593
6629231,23,13,22,2519879
6629247,23,13,22,2519885
6629439,24,12,23,419993
6630047,23,11,22,280021
6630527,24,14,23,3780557
6630847,23,13,22,2520493
6631231,23,8,22,10373
6631983,23,13,22,2520925
6633599,24,14,23,3782309
6633951,23,13,22,2521673
6634367,23,13,22,2521831
6634751,23,12,22,840659
6634943,24,13,23,1261025
6635199,24,14,23,3783221
6635455,24,14,23,3783367
6635503,24,14,23,3783395
6636079,24,13,23,1261241
6636287,23,13,22,2522561
6636671,23,13,22,2522707
6637423,23,13,22,2522993
6638239,23,11,22,280367
6638623,23,13,22,2523449
6639391,23,12,22,841247
6640607,23,9,22,31163
6641359,23,13,22,2524489
6641775,24,14,23,3786971
6642159,23,13,22,2524793
6642175,23,13,22,2524799
6642463,24,14,23,3787363
6643519,24,10,23,46765
6643743,24,14,23,3788093
6645455,24,13,23,1263023
6645615,23,13,22,2526107
6645967,24,14,23,3789361
6646511,24,14,23,3789671
6646767,24,14,23,3789817
6646943,24,14,23,3789917
6647279,24,14,23,3790109
6648527,24,13,23,1263607
6648799,23,11,22,280813
6649135,23,13,22,2527445
6649391,24,11,23,140419
6649967,23,12,22,842587
6651183,24,14,23,3792335
6652351,23,11,22,280963
6652415,24,14,23,3793037
6653087,23,13,22,2528947
6653183,24,14,23,3793475
6653855,23,13,22,2529239
6654671,23,9,22,31229
6656319,24,14,23,3795263
6656639,23,13,22,2530297
6656991,23,11,22,281159
6657327,23,13,22,2530559
6657567,24,12,23,421775
6658543,23,13,22,2531021
6658767,24,11,23,140617
6659743,23,13,22,2531477
6660591,24,14,23,3797699
6660735,24,13,23,1265927
6661247,24,14,23,3798073
6661359,24,14,23,3798137
6661503,24,13,23,1266073
6661791,24,14,23,3798383
6661871,24,13,23,1266143
6662463,23,13,22,2532511
6662863,23,11,22,281407
6662911,23,10,22,93803
6663631,24,14,23,3799433
6663663,23,13,22,2532967
6663839,24,13,23,1266517
6664047,23,9,22,31273
6664431,23,13,22,2533259
6664895,24,14,23,3800153
6665631,23,13,22,2533715
6667007,24,11,23,140791
6667263,24,14,23,3801503
6667375,24,13,23,1267189
6667967,23,13,22,2534603
6668511,24,13,23,1267405
6669551,23,13,22,2535205
6669951,23,12,22,845119
6671055,23,11,22,281753
6671487,23,13,22,2535941
6671679,24,12,23,422669
6671903,24,14,23,3804149
6672239,23,11,22,281803
6672607,23,13,22,2536367
6673791,23,13,22,2536817
6674047,24,12,23,422819
6674639,24,14,23,3805709
6674927,24,14,23,3805873
6675391,23,13,22,2537425
6675583,24,13,23,1268749
6675759,23,12,22,845855
6675951,24,13,23,1268819
6676159,23,13,22,2537717
6676527,23,13,22,2537857
6676719,24,13,23,1268965
6676975,23,10,22,94001
6676991,23,12,22,846011
6679487,24,13,23,1269491
6679711,23,13,22,2539067
6679999,24,14,23,3808765
6680255,24,13,23,1269637
6680431,23,11,22,282149
6680479,23,11,22,282151
6680623,24,13,23,1269707
6681055,24,12,23,423263
6681087,24,12,23,423265
6681135,24,14,23,3809413
6681983,23,13,22,2539931
6682879,24,14,23,3810407
6683759,24,13,23,1270303
6684127,24,13,23,1270373
6684703,24,14,23,3811447
6684735,23,13,22,2540977
6684783,23,13,22,2540995
6685183,23,12,22,847049
6686783,24,14,23,3812633
6687855,23,13,22,2542163
6687903,23,13,22,2542181
6688127,24,8,23,5231
6688287,24,14,23,3813491
6689087,23,13,22,2542631
6689519,24,14,23,3814193
6690463,24,12,23,423859
6690511,24,14,23,3814759
6690687,24,14,23,3814859
6691999,24,13,23,1271869
6692255,24,14,23,3815753
6692287,24,14,23,3815771
6692799,24,12,23,424007
6692847,24,14,23,3816091
6692927,23,13,22,2544091
6692975,23,13,22,2544109
6693423,24,14,23,3816419
6694143,23,13,22,2544553
6696047,23,13,22,2545277
6696095,23,13,22,2545295
6696191,24,14,23,3817997
6696447,24,14,23,3818143
6696895,23,12,22,848533
6697279,23,13,22,2545745
6698031,24,14,23,3819047
6698095,24,14,23,3819083
6699231,24,14,23,3819731
6699807,24,12,23,424451
6699999,24,14,23,3820169
6700063,24,14,23,3820205
6700415,23,10,22,94331
6700783,23,13,22,2547077
6701375,24,13,23,1273651
6702719,24,14,23,3821719
6702751,23,12,22,849275
6702799,24,14,23,3821765
6703519,23,13,22,2548117
6703743,24,13,23,1274101
6704111,24,13,23,1274171
6705087,23,12,22,849571
6705311,24,13,23,1274399
6705471,23,13,22,2548859
6705567,24,14,23,3823343
6705871,24,14,23,3823517
6706223,23,12,22,849715
6706335,24,14,23,3823781
6706623,24,14,23,3823945
6706879,24,9,23,15737
6707439,23,12,22,849869
6707823,23,13,22,2549753
6708207,23,13,22,2549899
6709407,23,13,22,2550355
6709759,24,14,23,3825733
6710015,24,13,23,1275293
6711551,24,12,23,425195
6712127,23,12,22,850463
6713647,23,13,22,2551967
6714479,23,10,22,94529
6714847,23,13,22,2552423
6715711,24,14,23,3829127
6716223,24,12,23,425491
6717055,24,13,23,1276631
6717135,24,14,23,3829939
6717503,24,14,23,3830149
6718079,24,14,23,3830477
6718191,24,13,23,1276847
6719359,24,13,23,1277069
6720127,24,13,23,1277215
6720751,23,13,22,2554667
6720927,24,12,23,425789
6720959,24,12,23,425791
6720975,24,14,23,3832129
6721151,23,13,22,2554819
6722495,24,13,23,1277665
6722719,23,10,22,94645
6723263,24,11,23,141979
6723455,23,13,22,2555695
6723631,24,13,23,1277881
6724063,24,13,23,1277963
6724143,24,14,23,3833935
6725119,24,14,23,3834491
6725743,24,14,23,3834847
6726191,23,12,22,852245
6728575,23,12,22,852547
6728735,24,13,23,1278851
6728959,23,13,22,2557787
6729759,24,14,23,3837137
6731647,23,13,22,2558809
6732095,23,10,22,94777
6732831,23,13,22,2559259
6733695,24,14,23,3839381
6734751,23,13,22,2559989
6735231,24,14,23,3840257
6735263,24,14,23,3840275
6735567,23,12,22,853433
6735599,24,14,23,3840467
6736319,24,14,23,3840877
6736831,24,14,23,3841169
6737455,24,14,23,3841525
6738335,23,13,22,2561351
6738479,24,12,23,426901
6739135,24,14,23,3842483
6739503,23,13,22,2561795
6739903,24,14,23,3842921
6740015,24,13,23,1280995
6741023,23,13,22,2562373
6741471,24,14,23,3843815
6742239,24,14,23,3844253
6743007,23,13,22,2563127
6743791,23,11,22,284825
6743807,23,12,22,854477
6744175,23,13,22,2563571
6745343,23,13,22,2564015
6745631,24,14,23,3846187
6745711,23,13,22,2564155
6745887,24,13,23,1282111
6746527,23,13,22,2564465
6746863,24,14,23,3846889
6747855,24,12,23,427495
6748863,23,13,22,2565353
6750367,24,14,23,3848887
6750431,23,13,22,2565949
6750655,24,13,23,1283017
6750879,24,14,23,3849179
6750911,24,14,23,3849197
6751135,24,14,23,3849325
6751231,23,13,22,2566253
6751647,24,14,23,3849617
6752367,23,13,22,2566685
6753279,24,14,23,3850547
6753487,23,13,22,2567111
6753791,24,12,23,427871
6753983,24,14,23,3850949
6754047,24,14,23,3850985
6754351,24,14,23,3851159
6754415,24,14,23,3851195
6754719,23,13,22,2567579
6756207,24,14,23,3852217
6756287,23,13,22,2568175
6756319,24,14,23,3852281
6757055,23,13,22,2568467
6757071,23,13,22,2568473
6757119,23,13,22,2568491
6757855,23,11,22,285419
6757871,23,12,22,856259
6759839,23,13,22,2569525
6760511,24,14,23,3854671
6760607,23,13,22,2569817
6760687,24,14,23,3854771
6760911,23,13,22,2569933
6761167,24,13,23,1285015
6761407,23,11,22,285569
6761679,23,13,22,2570225
6761967,24,12,23,428389
6762543,23,11,22,285617
6763167,24,12,23,428465
6763391,24,14,23,3856313
6763775,23,9,22,31741
6763935,24,13,23,1285541
6766463,23,13,22,2572043
6767007,24,13,23,1286125
6767871,24,11,23,142921
6768751,24,14,23,3859369
6769119,24,14,23,3859579
6770543,24,13,23,1286797
6771743,24,13,23,1287025
6771967,23,11,22,286015
6773151,23,8,22,10595
6774655,23,13,22,2575157
6775487,23,12,22,858491
6775535,24,14,23,3863237
6775615,24,13,23,1287761
6777471,24,14,23,3864341
6777583,24,13,23,1288135
6777839,24,14,23,3864551
6778783,24,13,23,1288363
6778991,23,12,22,858935
6779391,23,13,22,2576957
6779775,23,13,22,2577103
6780159,23,11,22,286361
6780543,23,13,22,2577395
6781311,23,12,22,859229
6782143,24,14,23,3867005
6782847,23,13,22,2578271
6783487,24,13,23,1289257
6783743,24,14,23,3867917
6784511,24,14,23,3868355
6785647,24,14,23,3869003
6786767,23,13,22,2579761
6787183,23,12,22,859973
6787967,23,13,22,2580217
6788639,24,14,23,3870709
6788767,23,13,22,2580521
6789087,23,13,22,2580643
6789567,23,12,22,860275
6789871,24,14,23,3871411
6790127,24,10,23,47797
6790271,24,14,23,3871639
6790383,24,14,23,3871703
6790687,23,12,22,860417
6791295,24,12,23,430247
6792575,24,14,23,3872953
6793455,23,13,22,2582303
6793663,24,12,23,430397
6794223,23,11,22,286955
6794799,24,12,23,430469
6795775,23,13,22,2583185
6796223,24,14,23,3875033
6796511,23,12,22,861155
6797055,24,14,23,3875507
6797279,23,13,22,2583757
6797343,23,13,22,2583781
6797935,24,13,23,1292003
6798447,24,14,23,3876301
6798527,23,13,22,2584231
6799295,23,13,22,2584523
6800895,23,13,22,2585131
6802031,23,13,22,2585563
6802751,24,14,23,3878755
6803951,24,14,23,3879439
6804415,23,13,22,2586469
6804607,24,13,23,1293271
6804943,24,13,23,1293335
6805119,24,14,23,3880105
6805375,24,11,23,143713
6805711,24,13,23,1293481
6805999,24,14,23,3880607
6806719,23,13,22,2587345
6806767,24,14,23,3881045
6808303,23,12,22,862649
6808991,24,14,23,3882313
6809039,24,14,23,3882341
6809807,23,13,22,2588519
6811327,24,14,23,3883645
6811391,24,14,23,3883681
6811951,24,13,23,1294667
6812127,24,14,23,3884101
6812159,24,14,23,3884119
6813183,24,13,23,1294901
6813375,23,13,22,2589875
6813551,24,12,23,431657
6813951,24,13,23,1295047
6814527,23,13,22,2590313
6814751,24,11,23,143911
6814959,23,13,22,2590477
6814975,23,13,22,2590483
6815343,23,8,22,10661
6817231,23,13,22,2591341
6817999,23,13,22,2591633
6818623,24,13,23,1295935
6818687,24,13,23,1295947
6819055,24,13,23,1296017
6819263,23,13,22,2592113
6819311,24,14,23,3888197
6819567,24,14,23,3888343
6819615,24,14,23,3888371
6820031,23,9,22,32005
6820047,24,14,23,3888617
6820991,24,13,23,1296385
6821167,23,10,22,96031
6821247,24,14,23,3889301
6821279,24,14,23,3889319
6821535,24,14,23,3889465
6822015,24,14,23,3889739
6822335,24,14,23,3889921
6822367,23,12,22,864431
6823327,24,13,23,1296829
6823359,24,13,23,1296835
6823871,24,14,23,3890797
6824351,24,14,23,3891071
6824495,24,13,23,1297051
6825087,23,13,22,2594327
6825887,24,14,23,3891947
6826655,23,13,22,2594923
6827455,23,13,22,2595227
6827631,24,10,23,48061
6828223,23,11,22,288391
6828591,23,13,22,2595659
6829823,23,13,22,2596127
6830879,24,14,23,3894793
6830975,23,13,22,2596565
6831775,23,11,22,288541
6833279,23,13,22,2597441
6833711,23,13,22,2597605
6833791,24,14,23,3896453
6833871,24,13,23,1298833
6834079,23,12,22,865915
6834815,24,14,23,3897037
6834847,23,13,22,2598037
6835871,24,10,23,48119
6836415,23,11,22,288737
6836463,23,11,22,288739
6837695,24,14,23,3898679
6837807,24,13,23,1299581
6837967,23,13,22,2599223
6838207,24,12,23,433219
6838431,23,13,22,2599399
6839167,23,13,22,2599679
6839999,24,14,23,3899993
6840063,24,14,23,3900029
6840431,24,14,23,3900239
6840767,23,13,22,2600287
6840831,24,14,23,3900467
6841311,24,13,23,1300247
6842623,24,14,23,3901489
6843135,24,14,23,3901781
6844639,24,14,23,3902639
6845407,23,13,22,2602051
6845471,24,14,23,3903113
6845983,24,13,23,1301135
6846495,24,14,23,3903697
6846575,23,13,22,2602495
6847551,24,12,23,433811
6847615,24,11,23,144605
6848191,23,12,22,867703
6848207,24,14,23,3904673
6848543,23,13,22,2603243
6848959,23,13,22,2603401
6849007,24,14,23,3905129
6849951,24,12,23,433963
6850559,23,12,22,868003
6851519,24,13,23,1302187
6851999,24,14,23,3906835
6852031,24,14,23,3906853
6852079,23,13,22,2604587
6852143,24,14,23,3906917
6852815,23,12,22,868289
6852831,23,12,22,868291
6853599,23,13,22,2605165
6854655,24,12,23,434261
6854703,24,14,23,3908377
6855215,24,14,23,3908669
6855423,24,13,23,1302929
6855791,24,12,23,434333
6855983,24,14,23,3909107
6856191,24,13,23,1303075
6856383,23,12,22,868741
6859471,23,13,22,2607397
6859503,23,13,22,2607409
6860095,24,13,23,1303817
6860271,23,13,22,2607701
6860831,24,13,23,1303957
6861007,23,12,22,869327
6863487,24,14,23,3913385
6863599,24,13,23,1304483
6864031,24,12,23,434855
6864111,24,14,23,3913741
6864191,23,13,22,2609191
6864367,24,13,23,1304629
6864591,23,11,22,289927
6865407,23,13,22,2609653
6866175,23,13,22,2609945
6867663,23,13,22,2610511
6868735,24,11,23,145051
6868847,23,13,22,2610961
6868895,23,13,22,2610979
6869471,24,13,23,1305599
6870207,24,13,23,1305739
6870271,24,13,23,1305751
6870895,24,14,23,3917609
6871007,24,11,23,145099
6873199,23,13,22,2612615
6873407,24,12,23,435449
6873567,23,13,22,2612755
6876399,24,14,23,3920747
6876911,24,12,23,435671
6876959,24,14,23,3921067
6877039,23,13,22,2614075
6877087,23,13,22,2614093
6879359,24,14,23,3922435
6879615,24,13,23,1307527
6879871,24,14,23,3922727
6880639,24,14,23,3923165
6880959,24,14,23,3923347
6881007,23,12,22,871861
6881343,23,13,22,2615711
6881391,23,13,22,2615729
6881727,24,14,23,3923785
6882175,23,12,22,872009
6882207,24,14,23,3924059
6883327,24,14,23,3924697
6884607,24,14,23,3925427
6884863,24,14,23,3925573
6884895,23,13,22,2617061
6885375,24,14,23,3925865
6885487,24,13,23,1308643
6887647,24,14,23,3927161
6888223,24,13,23,1309163
6889199,23,12,22,872899
6889535,23,13,22,2618825
6889583,23,13,22,2618843
6889631,23,13,22,2618861
6890735,24,14,23,3928921
6890991,24,9,23,16169
6891135,24,14,23,3929149
6891583,24,14,23,3929405
6891647,24,14,23,3929441
6892239,24,14,23,3929779
6892319,23,13,22,2619883
6892351,23,13,22,2619895
6892415,24,14,23,3929879
6893503,23,13,22,2620333
6894239,24,14,23,3930919
6894335,23,13,22,2620649
6894751,24,14,23,3931211
6895055,23,12,22,873641
6895071,23,12,22,873643
6895103,23,12,22,873647
6895871,23,13,22,2621233
6895999,24,13,23,1310641
6896239,23,12,22,873791
6896943,24,14,23,3932461
6897087,24,14,23,3932543
6897823,23,13,22,2621975
6898223,24,14,23,3933191
6898591,23,10,22,97121
6898623,23,12,22,874093
6899199,24,12,23,437083
6899775,23,11,22,291413
6899823,24,14,23,3934103
6900159,23,13,22,2622863
6900335,24,12,23,437155
6900927,23,12,22,874385
6901615,24,14,23,3935125
6901695,23,13,22,2623447
6902815,24,14,23,3935809
6902831,23,13,22,2623879
6903247,23,12,22,874679
6903263,23,12,22,874681
6903839,24,12,23,437377
6903871,24,11,23,145793
6904127,24,14,23,3936557
6904799,23,13,22,2624627
6905071,24,12,23,437455
6905247,23,13,22,2624797
6905279,23,13,22,2624809
6905471,24,13,23,1312441
6906015,23,13,22,2625089
6906415,23,13,22,2625241
6906495,24,14,23,3937907
6906607,24,13,23,1312657
6907375,24,11,23,145867
6907599,24,14,23,3938537
6909855,24,14,23,3939823
6910399,24,14,23,3940133
6911679,24,13,23,1313621
6912511,24,13,23,1313779
6913535,24,14,23,3941921
6914815,24,13,23,1314217
6915791,23,13,22,2628805
6916207,23,10,22,97369
6916991,23,13,22,2629261
6918863,23,13,22,2629973
6919711,24,14,23,3945443
6920399,24,14,23,3945835
6920431,24,14,23,3945853
6920895,23,10,22,97435
6920943,24,14,23,3946145
6921087,24,13,23,1315409
6921855,24,13,23,1315555
6922367,24,14,23,3946957
6922399,24,14,23,3946975
6922879,24,14,23,3947249
6923247,24,14,23,3947459
6923263,23,11,22,292405
6923823,24,12,23,438643
6924015,24,14,23,3947897
6924735,24,14,23,3948307
6925183,23,13,22,2632375
6925871,24,14,23,3948955
6926527,24,13,23,1316443
6926751,23,12,22,877657
6927103,24,14,23,3949657
6927903,23,11,22,292601
6927919,23,12,22,877805
6928863,24,13,23,1316887
6932607,23,12,22,878399
6932975,23,13,22,2635337
6933823,24,14,23,3953489
6934143,24,14,23,3953671
6934767,24,13,23,1318009
6935023,24,14,23,3954173
6935247,24,14,23,3954301
6935423,24,14,23,3954401
6935679,24,14,23,3954547
6936191,24,14,23,3954839
6936511,23,13,22,2636681
6938095,24,14,23,3955925
6938431,23,12,22,879137
6938527,24,14,23,3956171
6939071,24,12,23,439609
6940399,23,13,22,2638159
6941167,23,13,22,2638451
6941631,24,14,23,3957941
6941999,24,14,23,3958151
6942207,24,13,23,1319423
6942767,24,14,23,3958589
6943167,23,12,22,879737
6943199,24,14,23,3958835
6943231,24,14,23,3958853
6944623,24,14,23,3959647
6944703,23,13,22,2639795
6944767,23,13,22,2639819
6944991,24,14,23,3959857
6945519,23,11,22,293345
6945535,23,12,22,880037
6945919,23,13,22,2640257
6946111,24,10,23,48895
6946271,24,14,23,3960587
6947039,23,13,22,2640683
6948255,23,13,22,2641145
6948479,24,11,23,146735
6949823,23,13,22,2641741
6950207,23,11,22,293543
6951119,24,13,23,1321117
6951359,23,12,22,880775
6952319,24,13,23,1321345
6952351,24,13,23,1321351
6952383,24,13,23,1321357
6952607,24,14,23,3964199
6952895,23,13,22,2642909
6953407,24,14,23,3964655
6954175,24,14,23,3965093
6954463,23,13,22,2643505
6954943,24,14,23,3965531
6955231,23,13,22,2643797
6955487,24,10,23,48961
6956447,23,13,22,2644259
6956543,24,14,23,3966443
6956799,24,14,23,3966589
6957823,24,12,23,440797
6958015,23,13,22,2644855
6959151,23,13,22,2645287
6959583,23,11,22,293939
6959599,23,12,22,881819
6959727,24,13,23,1322753
6961951,24,14,23,3969527
6962895,24,13,23,1323355
6964607,24,14,23,3971041
6964687,24,14,23,3971087
6965119,24,14,23,3971333
6966255,24,14,23,3971981
6967039,23,13,22,2648285
6967199,24,12,23,441391
6967455,24,14,23,3972665
6967967,24,13,23,1324319
6968191,23,13,22,2648723
6968575,23,13,22,2648869
6968991,23,12,22,883009
6969279,24,14,23,3973705
6970623,24,14,23,3974471
6970879,24,14,23,3974617
6971295,23,12,22,883301
6971615,24,14,23,3975037
6973679,23,12,22,883603
6973695,24,14,23,3976223
6974239,24,10,23,49093
6974495,24,14,23,3976679
6976031,24,14,23,3977555
6976767,23,13,22,2651983
6977743,24,11,23,147353
6977775,24,12,23,442061
6978335,23,11,22,294731
6978367,24,14,23,3978887
6978623,24,14,23,3979033
6979487,23,12,22,884339
6980335,24,14,23,3980009
6981023,24,14,23,3980401
6981503,24,14,23,3980675
6981839,23,10,22,98293
6982639,23,13,22,2654215
6983071,24,14,23,3981569
6983103,24,14,23,3981587
6983407,23,13,22,2654507
6984575,23,13,22,2654951
6984703,24,14,23,3982499
6985727,24,14,23,3983083
6986239,24,14,23,3983375
6986719,24,13,23,1327883
6986863,24,14,23,3983731
6986943,23,13,22,2655851
6988527,23,13,22,2656453
6989311,23,13,22,2656751
6989695,23,13,22,2656897
6990463,23,13,22,2657189
6990831,23,13,22,2657329
6990879,24,14,23,3986021
6992511,24,14,23,3986951
6993023,24,12,23,443027
6993359,24,13,23,1329145
6993951,23,13,22,2658515
6994079,24,14,23,3987845
6994559,24,13,23,1329373
6994751,23,12,22,886273
6995103,24,14,23,3988429
6995327,24,12,23,443173
6995439,24,14,23,3988621
6995583,23,13,22,2659135
6996095,24,13,23,1329665
6996671,24,14,23,3989323
6996735,23,13,22,2659573
6997455,23,13,22,2659847
6997471,23,13,22,2659853
6997487,23,13,22,2659859
6997503,23,13,22,2659865
6998639,23,13,22,2660297
6999071,23,13,22,2660461
6999487,23,12,22,886873
7000623,24,14,23,3991577
7000831,24,13,23,1330565
7001023,23,13,22,2661203
7001343,24,14,23,3991987
7001599,24,13,23,1330711
7002175,23,13,22,2661641
7002591,23,13,22,2661799
7002735,24,13,23,1330927
7003007,23,10,22,98591
7003327,23,13,22,2662079
7003375,23,13,22,2662097
7003679,24,14,23,3993319
7004143,23,9,22,32869
7004479,24,14,23,3993775
7005647,23,13,22,2662961
7006447,24,14,23,3994897
7007471,24,13,23,1331827
7007679,23,12,22,887911
7007983,24,14,23,3995773
7008799,23,12,22,888053
7008815,23,12,22,888055
7009215,23,13,22,2664317
7009583,23,13,22,2664457
7009999,24,14,23,3996923
7010047,23,12,22,888211
7010687,24,14,23,3997315
7010751,24,14,23,3997351
7011567,23,13,22,2665211
7011583,23,13,22,2665217
7012031,24,14,23,3998081
7012335,23,11,22,296167
7012399,24,14,23,3998291
7013839,23,13,22,2666075
7014143,24,12,23,444365
7014399,24,14,23,3999431
7015103,23,13,22,2666555
7015679,24,13,23,1333387
7015935,24,14,23,4000307
7016751,24,13,23,1333591
7016991,23,12,22,889091
7017471,23,13,22,2667455
7018191,23,12,22,889243
7020191,23,13,22,2668489
7020527,23,11,22,296513
7020575,23,11,22,296515
7021183,24,12,23,444811
7021375,24,14,23,4003409
7021807,24,14,23,4003655
7022319,24,12,23,444883
7023263,23,13,22,2669657
7024111,24,14,23,4004969
7024287,24,13,23,1335023
7024831,23,13,22,2670253
7024879,23,13,22,2670271
7025311,24,14,23,4005653
7025599,24,14,23,4005817
7026079,24,14,23,4006091
7026223,24,13,23,1335391
7026815,23,13,22,2671007
7028383,23,13,22,2671603
7029727,24,13,23,1336057
7030319,23,13,22,2672339
7030687,23,13,22,2672479
7031455,23,13,22,2672771
7031663,24,12,23,445475
7032271,23,9,22,33001
7032303,23,12,22,891031
7032319,23,11,22,297011
7033023,23,13,22,2673367
7033071,23,13,22,2673385
7033471,23,12,22,891179
7034239,23,13,22,2673829
7034271,23,13,22,2673841
7035599,24,13,23,1337173
7035631,24,13,23,1337179
7036031,24,13,23,1337255
7036143,24,14,23,4011829
7036543,24,14,23,4012057
7036975,23,12,22,891623
7037343,23,13,22,2675009
7037375,23,13,22,2675021
7037599,24,9,23,16513
7037759,24,14,23,4012751
7038335,24,13,23,1337693
7038847,24,14,23,4013371
7039935,24,12,23,445999
7040463,23,11,22,297355
7040495,23,12,22,892069
7041071,24,12,23,446071
7041471,24,13,23,1338289
7041695,23,11,22,297407
7042015,23,13,22,2676785
7042607,24,13,23,1338505
7042815,24,14,23,4015633
7043071,24,13,23,1338593
7043583,24,14,23,4016071
7043631,24,14,23,4016099
7043839,24,13,23,1338739
7044207,24,13,23,1338809
7045167,23,12,22,892661
7045567,23,13,22,2678135
7046783,23,13,22,2678597
7048223,24,14,23,4018717
7048303,23,13,22,2679175
7048655,23,11,22,297701
7049439,23,13,22,2679607
7050207,23,13,22,2679899
7050687,23,13,22,2680081
7051983,24,13,23,1340287
7052223,23,12,22,893555
7052351,24,13,23,1340357
7052991,23,13,22,2680957
7053007,23,13,22,2680963
7053439,24,14,23,4021691
7053727,24,14,23,4021855
7053983,24,11,23,148963
7054015,24,12,23,446891
7054319,24,13,23,1340731
7054895,24,14,23,4022521
7055807,24,14,23,4023041
7056079,23,13,22,2682131
7056351,24,8,23,5519
7056543,23,13,22,2682307
7056943,24,14,23,4023689
7057151,24,13,23,1341269
7057519,24,12,23,447113
7057599,24,14,23,4024063
7058111,23,12,22,894301
7058175,24,14,23,4024391
7058735,24,14,23,4024711
7058911,24,14,23,4024811
7060223,24,13,23,1341853
7060479,23,12,22,894601
7060783,23,13,22,2683919
7061023,24,12,23,447335
7061199,23,13,22,2684077
7061247,23,13,22,2684095
7062015,23,13,22,2684387
7064271,23,13,22,2685245
7065071,24,14,23,4028323
7065119,23,12,22,895189
7065135,23,11,22,298397
7065215,24,14,23,4028405
7065455,23,13,22,2685695
7065503,23,13,22,2685713
7065839,24,14,23,4028761
7065919,23,13,22,2685871
7066319,24,14,23,4029035
7068095,24,11,23,149261
7068639,23,10,22,99515
7068831,24,13,23,1343489
7069231,24,11,23,149285
7069599,24,13,23,1343635
7069823,23,11,22,298595
7073071,24,13,23,1344295
7073311,23,12,22,896227
7073647,23,13,22,2688809
7073695,23,13,22,2688827
7074095,24,14,23,4033469
7074847,24,14,23,4033897
7075327,24,14,23,4034171
7075695,24,14,23,4034381
7076047,23,13,22,2689721
7076463,23,13,22,2689879
7077615,23,13,22,2690317
7078047,23,12,22,896827
7078207,24,13,23,1345271
7079231,24,14,23,4036397
7079583,23,13,22,2691065
7079807,24,12,23,448525
7080351,23,12,22,897119
7081087,24,14,23,4037455
7081199,24,14,23,4037519
7082703,23,10,22,99713
7082735,23,12,22,897421
7083887,23,11,22,299189
7083903,23,12,22,897569
7084271,23,13,22,2692847
7085039,23,12,22,897713
7085807,23,13,22,2693431
7087039,23,13,22,2693899
7087583,24,13,23,1347053
7087983,24,11,23,149681
7088239,24,14,23,4041533
7088959,23,13,22,2694629
7089183,24,12,23,449119
7089391,23,13,22,2694793
7091679,23,13,22,2695663
7092447,23,13,22,2695955
7093279,23,12,22,898757
7093967,24,14,23,4044799
7094511,24,14,23,4045109
7095103,24,14,23,4045447
7095167,24,14,23,4045483
7095231,23,13,22,2697013
7095679,24,14,23,4045775
7095791,24,13,23,1348613
7096383,23,13,22,2697451
7096799,23,12,22,899203
7097151,23,13,22,2697743
7099871,23,13,22,2698777
7099951,24,14,23,4048211
7100351,24,14,23,4048439
7100975,24,14,23,4048795
7101919,24,14,23,4049333
7102687,24,14,23,4049771
7103023,23,13,22,2699975
7103455,24,14,23,4050209
7105007,23,10,22,100027
7107103,24,13,23,1350763
7107359,24,14,23,4052435
7108127,24,14,23,4052873
7108671,24,13,23,1351061
7108847,24,14,23,4053283
7109311,23,13,22,2702365
7109695,24,14,23,4053767
7110639,24,13,23,1351435
7111215,23,13,22,2703089
7111679,23,13,22,2703265
7111839,24,13,23,1351663
7112095,24,14,23,4055135
7112239,24,13,23,1351739
7112399,23,13,22,2703539
7113247,23,7,22,3709
7113407,24,13,23,1351961
7113919,24,14,23,4056175
7113935,23,13,22,2704123
7115167,23,13,22,2704591
7116079,24,12,23,450823
7116479,24,13,23,1352545
7116799,24,14,23,4057817
7117567,24,14,23,4058255
7117935,24,14,23,4058465
7118879,24,13,23,1353001
7119071,23,10,22,100225
7119487,23,13,22,2706233
7119871,23,13,22,2706379
7120255,23,11,22,300725
7120591,23,13,22,2706653
7120623,23,13,22,2706665
7120639,23,13,22,2706671
7121055,23,13,22,2706829
7121215,24,13,23,1353445
7122239,24,14,23,4060919
7122543,23,12,22,902465
7122591,23,12,22,902471
7122623,23,9,22,33425
7122639,24,14,23,4061147
7123183,24,12,23,451273
7123359,23,13,22,2707705
7123839,24,14,23,4061831
7124095,24,14,23,4061977
7124431,24,14,23,4062169
7124511,23,13,22,2708143
7124607,24,14,23,4062269
7124639,24,14,23,4062287
7125743,24,14,23,4062917
7126079,23,11,22,300971
7126175,24,14,23,4063163
7126463,24,14,23,4063327
7126719,24,11,23,150499
7127279,23,12,22,903065
7127599,24,14,23,4063975
7128479,23,12,22,903217
7128815,23,13,22,2709779
7130223,24,10,23,50191
7130367,24,14,23,4065553
7130783,23,12,22,903509
7130815,23,11,22,301171
7131391,24,12,23,451793
7131615,24,14,23,4066265
7132671,24,14,23,4066867
7133935,23,13,22,2711725
7134319,23,11,22,301319
7134335,23,12,22,903959
7134687,23,13,22,2712011
7135471,23,12,22,904103
7135551,24,14,23,4068509
7136495,24,13,23,1356349
7136671,23,12,22,904255
7136895,24,13,23,1356425
7136975,24,14,23,4069321
7137007,23,13,22,2712893
7137343,24,14,23,4069531
7137519,24,14,23,4069631
7138239,23,13,22,2713361
7138287,24,14,23,4070069
7138623,23,13,22,2713507
7138767,24,13,23,1356781
7139007,23,11,22,301517
7139055,24,14,23,4070507
7139375,23,13,22,2713793
7139999,24,13,23,1357015
7140991,23,13,22,2714407
7142127,23,13,22,2714839
7142559,23,11,22,301667
7142591,24,14,23,4072523
7142879,23,13,22,2715125
7143359,24,14,23,4072961
7143471,24,13,23,1357675
7144095,23,13,22,2715587
7144703,24,13,23,1357909
7145215,24,14,23,4074019
7146815,23,13,22,2716621
7147215,23,12,22,905591
7147567,23,13,22,2716907
7147999,23,13,22,2717071
7148575,24,13,23,1358645
7149535,23,12,22,905885
7150367,24,14,23,4076957
7151071,23,13,22,2718239
7151423,24,14,23,4077559
7151935,23,11,22,302063
7152255,24,14,23,4078033
7153391,24,14,23,4078681
7153871,24,14,23,4078955
7154623,23,13,22,2719589
7154687,23,13,22,2719613
7155407,23,12,22,906629
7155759,23,13,22,2720021
7156191,23,13,22,2720185
7156671,24,14,23,4080551
7157295,24,14,23,4080907
7158463,24,14,23,4081573
7159743,23,13,22,2721535
7160799,24,14,23,4082905
7161087,24,13,23,1361023
7161343,24,14,23,4083215
7162111,24,14,23,4083653
7162479,24,14,23,4083863
7162495,23,11,22,302509
7162735,24,14,23,4084009
7165183,23,13,22,2723603
7165983,24,14,23,4085861
7166159,24,13,23,1361987
7166399,23,13,22,2724065
7166591,24,10,23,50447
7166671,24,14,23,4086253
7166751,23,13,22,2724199
7167215,24,14,23,4086563
7167519,23,13,22,2724491
7167535,23,13,22,2724497
7169471,24,14,23,4087849
7169535,23,12,22,908419
7169695,24,13,23,1362659
7170255,23,13,22,2725531
7170719,24,14,23,4088561
7170751,24,14,23,4088579
7171007,24,14,23,4088725
7171055,23,13,22,2725835
7171487,24,14,23,4088999
7172031,24,13,23,1363103
7172143,24,14,23,4089373
7173055,23,10,22,100985
7173119,24,14,23,4089929
7173343,23,13,22,2726705
7173375,23,13,22,2726717
7173599,24,11,23,151489
7173823,24,14,23,4090331
7173887,24,14,23,4090367
7174175,23,12,22,909007
7174191,23,9,22,33667
7174911,24,14,23,4090951
7174943,23,13,22,2727313
7177727,23,12,22,909457
7178111,23,13,22,2728517
7178863,23,12,22,909601
7179071,24,13,23,1364441
7180447,23,13,22,2729405
7180783,24,14,23,4094299
7181439,24,13,23,1364891
7181535,23,13,22,2729819
7181775,24,12,23,454985
7182207,24,13,23,1365037
7182383,23,11,22,303349
7182495,24,14,23,4095275
7183231,24,14,23,4095695
7183567,23,8,22,11237
7183599,23,12,22,910201
7184799,24,14,23,4096589
7184831,24,14,23,4096607
7185087,24,14,23,4096753
7185135,23,13,22,2731187
7185535,23,13,22,2731339
7185967,24,14,23,4097255
7186287,23,13,22,2731625
7186303,23,13,22,2731631
7186911,24,13,23,1365931
7187439,23,13,22,2732063
7187455,24,14,23,4098103
7187487,23,13,22,2732081
7187711,24,11,23,151787
7188255,23,9,22,33733
7188591,24,14,23,4098751
7189471,24,14,23,4099253
7190575,23,11,22,303695
7191359,23,13,22,2733553
7191583,24,13,23,1366819
7191791,23,12,22,911239
7192095,24,14,23,4100749
7193327,23,13,22,2734301
7194863,24,14,23,4102327
7195679,23,13,22,2735195
7195855,24,10,23,50653
7196143,24,14,23,4103057
7196447,23,11,22,303943
7198591,24,13,23,1368151
7199199,23,13,22,2736533
7199215,23,13,22,2736539
7201183,23,10,22,101381
7201215,24,14,23,4105949
7202303,24,14,23,4106569
7203519,23,12,22,912725
7203583,24,14,23,4107299
7204287,23,13,22,2738467
7204351,24,14,23,4107737
7204639,23,11,22,304289
7205423,23,13,22,2738899
7205487,24,14,23,4108385
7205919,24,14,23,4108631
7206191,23,13,22,2739191
7206431,24,12,23,456547
7207039,23,12,22,913171
7207391,23,13,22,2739647
7207967,24,13,23,1369933
7208655,24,14,23,4110191
7208943,23,13,22,2740237
7208991,23,13,22,2740255
7209711,24,14,23,4110793
7210303,24,13,23,1370377
7210367,24,13,23,1370389
7210879,24,14,23,4111459
7211167,24,12,23,456847
7212959,24,14,23,4112645
7213727,24,14,23,4113083
7214799,23,13,22,2742463
7215231,23,12,22,914209
7215807,24,12,23,457141
7216127,24,14,23,4114451
7216639,24,13,23,1371581
7216799,23,13,22,2743223
7217135,23,13,22,2743351
7217183,23,13,22,2743369
7219455,24,14,23,4116349
7219967,24,14,23,4116641
7220255,24,14,23,4116805
7220735,23,13,22,2744719
7221439,23,13,22,2744987
7221487,23,13,22,2745005
7221871,24,14,23,4117727
7224015,24,12,23,457661
7224047,24,12,23,457663
7224991,23,13,22,2746337
7225023,23,13,22,2746349
7225215,24,11,23,152579
7225583,24,13,23,1373281
7228831,24,14,23,4121695
7228927,23,13,22,2747833
7229119,24,13,23,1373953
7229343,24,14,23,4121987
7229631,23,13,22,2748101
7229679,23,13,22,2748119
7230111,24,14,23,4122425
7230495,23,11,22,305381
7231231,24,14,23,4123063
7231743,24,14,23,4123355
7232815,23,11,22,305479
7234367,23,13,22,2749901
7234799,23,13,22,2750065
7236335,23,12,22,916883
7236463,24,13,23,1375349
7236767,23,13,22,2750813
7237071,23,13,22,2750929
7237103,23,13,22,2750941
7238127,24,12,23,458555
7238303,23,13,22,2751397
7238431,24,13,23,1375723
7239119,24,14,23,4127561
7239295,24,12,23,458629
7239919,24,14,23,4128017
7240575,24,14,23,4128391
7240831,24,13,23,1376179
7240863,24,13,23,1376185
7241023,23,12,22,917477
7241087,24,14,23,4128683
7241119,24,14,23,4128701
7241423,23,13,22,2752583
7241711,24,14,23,4129039
7241791,23,13,22,2752723
7241887,24,14,23,4129139
7242223,23,12,22,917629
7242399,24,13,23,1376477
7242911,24,14,23,4129723
7244223,24,14,23,4130471
7245263,23,13,22,2754043
7245567,24,13,23,1377079
7246143,23,13,22,2754377
7246591,24,14,23,4131821
7247839,24,13,23,1377511
7248431,23,13,22,2755247
7248863,24,14,23,4133117
7249615,23,13,22,2755697
7249951,24,14,23,4133737
7250031,23,13,22,2755855
7250239,24,13,23,1377967
7250399,23,12,22,918665
7252207,24,11,23,153149
7252287,24,14,23,4135069
7253711,24,13,23,1378627
7253951,23,12,22,919115
7254719,23,13,22,2757637
7254911,24,13,23,1378855
7255167,24,14,23,4136711
7255455,24,14,23,4136875
7256511,24,13,23,1379159
7257471,24,14,23,4138025
7257535,24,14,23,4138061
7257807,23,13,22,2758811
7258047,24,12,23,459817
7258239,24,14,23,4138463
7258671,24,14,23,4138709
7259007,23,13,22,2759267
7260607,23,13,22,2759875
7260639,24,14,23,4139831
7260991,23,10,22,102223
7261183,24,13,23,1380047
7261727,23,13,22,2760301
7261743,23,13,22,2760307
7261951,24,13,23,1380193
7262319,24,13,23,1380263
7262463,24,14,23,4140871
7262975,24,14,23,4141163
7263343,24,14,23,4141373
7264223,24,13,23,1380625
7264463,23,12,22,920447
7266431,23,13,22,2762089
7266463,23,13,22,2762101
7267199,23,13,22,2762381
7267455,24,10,23,51157
7268047,24,14,23,4144055
7268559,24,12,23,460483
7269151,23,12,22,921041
7269535,24,14,23,4144903
7269839,24,14,23,4145077
7269919,23,13,22,2763415
7271071,24,14,23,4145779
7271151,23,13,22,2763883
7271551,23,11,22,307115
7272671,23,12,22,921487
7272703,23,12,22,921491
7273071,23,13,22,2764613
7273663,24,13,23,1382419
7274031,24,13,23,1382489
7274239,24,14,23,4147585
7274655,23,13,22,2765215
7275055,23,10,22,102421
7275775,24,14,23,4148461
7276287,24,14,23,4148753
7276607,23,13,22,2765957
7277759,23,13,22,2766395
7278623,24,14,23,4150085
7278911,24,14,23,4150249
7279215,24,14,23,4150423
7279343,23,13,22,2766997
7280495,23,13,22,2767435
7280863,23,12,22,922525
7281263,23,13,22,2767727
7282079,23,12,22,922679
7282303,24,13,23,1384061
7283327,24,14,23,4152767
7284431,23,10,22,102553
7284463,24,14,23,4153415
7284799,23,13,22,2769071
7285215,23,13,22,2769229
7285631,23,12,22,923129
7285951,23,13,22,2769509
7286015,23,13,22,2769533
7287087,23,13,22,2769941
7287967,23,12,22,923425
7287999,24,14,23,4155431
7288575,24,11,23,153917
7289311,24,13,23,1385393
7291103,24,14,23,4157201
7292783,24,13,23,1386053
7292991,23,13,22,2772185
7293407,23,13,22,2772343
7293423,23,13,22,2772349
7293807,24,14,23,4158743
7294271,24,14,23,4159007
7294751,24,13,23,1386427
7295391,23,13,22,2773097
7296639,24,14,23,4160357
7297087,24,13,23,1386871
7297343,23,12,22,924613
7297519,24,13,23,1386953
7297919,24,12,23,462343
7298031,24,14,23,4161151
7298719,24,13,23,1387181
7299711,23,12,22,924913
7300031,24,14,23,4162291
7300255,24,12,23,462491
7300479,24,14,23,4162547
7300543,24,14,23,4162583
7300591,24,13,23,1387537
7301791,24,13,23,1387765
7301823,24,13,23,1387771
7302079,24,14,23,4163459
7302703,24,14,23,4163815
7303215,24,14,23,4164107
7303471,24,14,23,4164253
7303647,24,14,23,4164353
7304735,23,13,22,2776649
7305215,24,14,23,4165247
7305327,24,13,23,1388437
7305919,23,13,22,2777099
7306351,24,14,23,4165895
7306735,23,9,22,34289
7306751,23,12,22,925805
7307295,24,12,23,462937
7308287,23,13,22,2777999
7308671,23,13,22,2778145
7309375,24,14,23,4167619
7309439,23,13,22,2778437
7309631,24,12,23,463085
7310191,23,11,22,308747
7310575,24,14,23,4168303
7310831,24,11,23,154387
7310975,24,14,23,4168531
7311391,23,12,22,926393
7311423,23,8,22,11437
7312847,24,14,23,4169599
7312927,23,13,22,2779763
7312943,23,13,22,2779769
7313279,24,14,23,4169845
7314495,24,14,23,4170539
7314559,23,13,22,2780383
7314591,24,14,23,4170593
7314927,23,11,22,308947
7314943,23,12,22,926843
7315263,23,13,22,2780651
7315391,24,14,23,4171049
7315503,24,12,23,463457
7315903,24,13,23,1390447
7316159,24,14,23,4171487
7316479,23,13,22,2781113
7316863,23,13,22,2781259
7317663,23,13,22,2781563
7318527,24,14,23,4172837
7319583,23,12,22,927431
7319663,24,14,23,4173485
7320543,24,13,23,1391329
7320607,24,13,23,1391341
7320767,23,12,22,927581
7321119,23,13,22,2782877
7321455,24,14,23,4174507
7322351,23,13,22,2783345
7322399,24,14,23,4175045
7322655,24,14,23,4175191
7322687,23,13,22,2783473
7322735,23,13,22,2783491
7323119,23,11,22,309293
7323167,24,14,23,4175483
7323455,23,13,22,2783765
7323519,23,13,22,2783789
7323711,24,10,23,51553
7323967,24,14,23,4175939
7325119,23,13,22,2784397
7325311,24,13,23,1392235
7326703,24,14,23,4177499
7327039,23,13,22,2785127
7327423,23,13,22,2785273
7327471,24,14,23,4177937
7327951,24,13,23,1392737
7328159,24,14,23,4178329
7328959,23,12,22,928619
7329407,23,13,22,2786027
7330175,23,9,22,34399
7330559,23,13,22,2786465
7330927,23,13,22,2786605
7330975,24,14,23,4179935
7331119,24,13,23,1393339
7332351,24,13,23,1393573
7332543,23,11,22,309691
7332607,24,14,23,4180865
7332831,24,14,23,4180993
7333119,24,12,23,464573
7333279,23,13,22,2787499
7333343,24,14,23,4181285
7333375,24,14,23,4181303
7334655,24,13,23,1394011
7335535,24,14,23,4182535
7335615,23,13,22,2788387
7335679,23,13,22,2788411
7336047,23,11,22,309839
7336191,24,13,23,1394303
7336415,23,13,22,2788691
7336447,23,13,22,2788703
7337503,24,14,23,4183657
7337599,23,13,22,2789141
7338367,23,11,22,309937
7338735,23,13,22,2789573
7339167,23,13,22,2789737
7339647,24,14,23,4184879
7340351,24,14,23,4185281
7340783,24,14,23,4185527
7341695,24,13,23,1395349
7341951,24,14,23,4186193
7342239,24,14,23,4186357
7342575,24,14,23,4186549
7343423,23,13,22,2791355
7343855,23,13,22,2791519
7344031,24,13,23,1395793
7345087,24,14,23,4187981
7345375,23,10,22,103411
7345823,23,13,22,2792267
7346559,23,11,22,310283
7348159,23,13,22,2793155
7348543,23,13,22,2793301
7349727,24,14,23,4190627
7350511,23,13,22,2794049
7350911,23,13,22,2794201
7351327,24,14,23,4191539
7352799,23,13,22,2794919
7353583,24,14,23,4192825
7354863,24,14,23,4193555
7355007,24,13,23,1397879
7355087,24,14,23,4193683
7355119,24,14,23,4193701
7355167,23,13,22,2795819
7356143,24,13,23,1398095
7356351,23,13,22,2796269
7356575,24,11,23,155353
7357167,23,10,22,103577
7357919,23,13,22,2796865
7357935,24,14,23,4195307
7358335,23,12,22,932341
7358911,24,12,23,466207
7359103,23,13,22,2797315
7360191,24,14,23,4196593
7360447,24,13,23,1398913
7361279,24,12,23,466357
7361583,24,13,23,1399129
7363183,24,13,23,1399433
7363551,24,12,23,466501
7366527,23,12,22,933379
7366863,23,13,22,2800265
7366911,23,13,22,2800283
7367711,23,12,22,933529
7368943,24,14,23,4201583
7369199,24,14,23,4201729
7369599,24,14,23,4201957
7370783,23,13,22,2801755
7370815,24,14,23,4202651
7370879,24,14,23,4202687
7370959,24,13,23,1400911
7371231,23,10,22,103775
7371551,23,13,22,2802047
7371935,24,14,23,4203289
7372159,24,13,23,1401139
7372223,24,13,23,1401151
7372447,24,14,23,4203581
7373567,23,12,22,934271
7374335,23,13,22,2803105
7375359,24,12,23,467249
7375471,23,13,22,2803537
7375551,24,14,23,4205351
7375903,23,12,22,934567
7376127,24,13,23,1401893
7376287,23,13,22,2803847
7376319,23,13,22,2803859
7376383,24,14,23,4205825
7376639,24,14,23,4205971
7378223,24,14,23,4206875
7378911,24,14,23,4207267
7378991,23,13,22,2804875
7379455,23,12,22,935017
7381311,24,14,23,4208635
7383711,23,13,22,2806669
7383743,23,13,22,2806681
7383935,24,13,23,1403377
7385327,24,14,23,4210925
7385759,24,14,23,4211171
7386415,23,12,22,935899
7386527,24,14,23,4211609
7386815,23,13,22,2807849
7386879,23,13,22,2807873
7387071,24,9,23,17333
7387183,23,13,22,2807989
7387631,23,12,22,936053
7388351,24,14,23,4212649
7388399,23,13,22,2808451
7390207,24,13,23,1404569
7393055,23,13,22,2810221
7393535,24,14,23,4215605
7394415,24,13,23,1405369
7398783,24,12,23,468733
7399551,24,13,23,1406345
7399583,24,13,23,1406351
7399887,24,12,23,468803
7399919,24,12,23,468805
7400607,24,14,23,4219637
7401119,24,12,23,468881
7401247,23,13,22,2813335
7401887,24,13,23,1406789
7402463,23,13,22,2813797
7403199,24,14,23,4221115
7403455,24,11,23,156343
7403647,23,13,22,2814247
7404543,24,14,23,4221881
7405311,24,14,23,4222319
7405551,23,13,22,2814971
7405599,23,13,22,2814989
7406015,23,13,22,2815147
7406079,24,14,23,4222757
7406559,24,13,23,1407677
7407071,24,14,23,4223323
7408767,23,12,22,938731
7409135,23,13,22,2816333
7409151,23,13,22,2816339
7409695,24,13,23,1408273
7409919,23,11,22,312959
7409983,24,14,23,4224983
7410303,23,13,22,2816777
7410719,24,14,23,4225403
7411071,23,12,22,939023
7411839,23,13,22,2817361
7412431,24,13,23,1408793
7413231,24,13,23,1408945
7413743,23,13,22,2818085
7413791,23,13,22,2818103
7413887,24,14,23,4227209
7414591,23,12,22,939469
7415423,23,13,22,2818723
7415455,24,14,23,4228103
7416255,24,14,23,4228559
7416527,23,13,22,2819143
7418303,24,13,23,1409909
7418479,23,13,22,2819885
7418527,23,13,22,2819903
7418911,23,13,22,2820049
7419071,24,13,23,1410055
7421183,24,14,23,4231369
7421231,23,13,22,2820931
7422783,23,12,22,940507
7425135,23,12,22,940805
7425535,23,13,22,2822567
7425743,24,12,23,470441
7425823,24,14,23,4234015
7425903,23,13,22,2822707
7426719,23,13,22,2823017
7426943,24,11,23,156839
7427103,23,13,22,2823163
7428335,24,14,23,4235447
7428655,23,12,22,941251
7429055,23,13,22,2823905
7429423,23,13,22,2824045
7430015,24,13,23,1412135
7430255,23,13,22,2824361
7430847,24,13,23,1412293
7431039,23,10,22,104617
7431103,24,14,23,4237025
7431327,24,14,23,4237153
7431839,24,14,23,4237445
7433679,23,13,22,2825663
7434143,23,13,22,2825839
7434175,24,14,23,4238777
7434351,24,13,23,1412959
7434543,24,14,23,4238987
7434751,24,13,23,1413035
7434911,23,13,22,2826131
7436399,24,14,23,4240045
7436511,24,14,23,4240109
7436847,23,12,22,942289
7437247,23,13,22,2827019
7438063,23,12,22,942443
7438831,23,13,22,2827621
7439279,23,5,22,431
7440031,23,13,22,2828077
7440623,24,13,23,1414151
7440703,24,14,23,4242499
7441215,24,14,23,4242791
7441647,24,14,23,4243037
7441871,23,13,22,2828777
7441967,23,13,22,2828813
7442159,24,12,23,471481
7443583,24,14,23,4244141
7443919,24,14,23,4244333
7443967,23,9,22,34933
7444127,24,13,23,1414817
7444687,23,13,22,2829847
7444719,23,13,22,2829859
7444927,24,13,23,1414969
7445103,23,10,22,104815
7445695,24,11,23,157235
7446431,24,13,23,1415255
7446575,24,14,23,4245847
7446655,23,13,22,2830595
7446687,23,13,22,2830607
7447087,24,14,23,4246139
7447199,24,13,23,1415401
7447455,24,14,23,4246349
7448031,24,12,23,471853
7448063,24,11,23,157285
7449023,23,13,22,2831495
7449791,23,10,22,104881
7450159,23,13,22,2831927
7450927,23,10,22,104897
7452111,23,11,22,314741
7452127,23,12,22,944225
7452159,23,11,22,314743
7453311,23,12,22,944375
7453343,23,8,22,11659
7454015,24,14,23,4250089
7454847,23,13,22,2833709
7455359,24,14,23,4250855
7455679,23,12,22,944675
7456207,24,11,23,157457
7456383,24,14,23,4251439
7456463,24,14,23,4251485
7457183,23,13,22,2834597
7457215,23,13,22,2834609
7457775,24,13,23,1417411
7458351,23,13,22,2835041
7459231,24,14,23,4253063
7459583,23,13,22,2835509
7459967,23,13,22,2835655
7460351,23,11,22,315089
7460719,23,13,22,2835941
7461311,24,13,23,1418083
7461503,23,12,22,945413
7461871,23,13,22,2836379
7462191,24,14,23,4254751
7462447,24,13,23,1418299
7463023,24,14,23,4255225
7463039,23,13,22,2836823
7463391,24,14,23,4255435
7463423,24,14,23,4255453
7463903,24,14,23,4255727
7463935,24,14,23,4255745
7464191,24,14,23,4255891
7464703,24,14,23,4256183
7465023,23,12,22,945859
7465375,23,13,22,2837711
7468159,23,13,22,2838769
7468575,24,14,23,4258391
7468911,23,13,22,2839055
7469279,23,13,22,2839195
7470063,23,13,22,2839493
7470143,24,14,23,4259285
7470527,23,13,22,2839669
7472111,24,14,23,4260407
7473311,24,14,23,4261091
7474431,23,12,22,947051
7474623,24,13,23,1420613
7474735,24,14,23,4261903
7476991,24,13,23,1421063
7477103,23,13,22,2842169
7477247,24,14,23,4263335
7477471,23,13,22,2842309
7477951,24,14,23,4263737
7478383,24,14,23,4263983
7480351,24,14,23,4265105
7481087,23,13,22,2843683
7481199,24,13,23,1421863
7481455,23,12,22,947941
7482143,24,14,23,4266127
7482687,24,14,23,4266437
7483807,23,12,22,948239
7483935,24,13,23,1422383
7484143,24,14,23,4267267
7484575,23,13,22,2845009
7484655,24,14,23,4267559
7484975,23,11,22,316129
7485567,24,11,23,158077
7485935,24,13,23,1422763
7486143,23,12,22,948535
7486159,24,14,23,4268417
7486191,24,14,23,4268435
7486623,24,14,23,4268681
7487295,23,10,22,105409
7487935,24,10,23,52709
7488479,23,11,22,316277
7488671,24,13,23,1423283
7489183,24,14,23,4270141
7489439,24,13,23,1423429
7490031,23,13,22,2847083
7490767,23,12,22,949121
7490863,24,14,23,4271099
7491519,24,14,23,4271473
7491583,24,14,23,4271509
7492063,24,14,23,4271783
7492095,24,14,23,4271801
7492351,24,14,23,4271947
7492655,24,14,23,4272121
7493487,24,14,23,4272595
7493567,23,13,22,2848427
7493743,24,12,23,474749
7493951,23,13,22,2848573
7495167,23,13,22,2849035
7495535,23,8,22,11725
7495999,24,14,23,4274027
7497087,23,13,22,2849765
7498047,24,13,23,1425065
7498447,24,10,23,52783
7498559,24,14,23,4275487
7498607,24,14,23,4275515
7498879,24,13,23,1425223
7499375,23,13,22,2850635
7499503,24,14,23,4276025
7500015,24,13,23,1425439
7500271,24,14,23,4276463
7500415,24,13,23,1425515
7501215,24,13,23,1425667
7501439,24,14,23,4277129
7501471,24,14,23,4277147
7502543,23,11,22,316871
7502591,23,11,22,316873
7502911,23,13,22,2851979
7503519,24,13,23,1426105
7503551,24,13,23,1426111
7504543,24,14,23,4278899
7504879,23,12,22,950909
7504927,23,12,22,950915
7505311,23,13,22,2852891
7505919,24,13,23,1426561
7506431,24,14,23,4279975
7506687,24,10,23,52841
7506799,23,13,22,2853457
7506943,24,14,23,4280267
7507567,23,13,22,2853749
7507823,24,10,23,52849
7508079,24,14,23,4280915
7508191,24,13,23,1426993
7509023,24,12,23,475717
7509231,23,13,22,2854381
7509631,23,12,22,951511
7510015,23,13,22,2854679
7510815,24,14,23,4282475
7511103,23,13,22,2855093
7511151,23,13,22,2855111
7511167,23,13,22,2855117
7511535,23,13,22,2855257
7511583,24,14,23,4282913
7513071,23,12,22,951947
7513119,23,12,22,951953
7513471,23,13,22,2855993
7515007,24,14,23,4284865
7516063,24,10,23,52907
7516655,23,11,22,317467
7517823,23,12,22,952549
7519295,23,13,22,2858207
7519359,23,13,22,2858231
7519391,23,13,22,2858243
7519535,24,12,23,476383
7519727,23,13,22,2858371
7519935,24,13,23,1429225
7520191,24,14,23,4287821
7520303,24,13,23,1429295
7520959,23,13,22,2858839
7521535,24,13,23,1429529
7521727,23,13,22,2859131
7523327,24,14,23,4289609
7523631,23,12,22,953285
7524031,23,13,22,2860007
7524463,24,14,23,4290257
7524863,23,12,22,953441
7525247,23,13,22,2860469
7525631,23,13,22,2860615
7527535,23,13,22,2861339
7527583,23,13,22,2861357
7527967,23,13,22,2861503
7528383,23,12,22,953887
7528767,23,13,22,2861807
7529151,23,13,22,2861953
7529199,24,14,23,4292957
7529855,24,14,23,4293331
7530143,24,12,23,477055
7530703,24,14,23,4293815
7530959,24,14,23,4293961
7531823,23,12,22,954323
7532191,24,14,23,4294663
7532223,23,13,22,2863121
7532271,23,13,22,2863139
7532655,23,13,22,2863285
7533791,23,13,22,2863717
7534271,24,14,23,4295849
7534975,23,13,22,2864167
7535039,23,13,22,2864191
7535775,23,13,22,2864471
7536175,24,14,23,4296935
7536575,23,12,22,954925
7536959,23,13,22,2864921
7537695,24,14,23,4297801
7540255,24,13,23,1433087
7540463,23,13,22,2866253
7540895,23,13,22,2866417
7542399,24,14,23,4300483
7543023,24,12,23,477871
7543167,23,13,22,2867281
7543679,24,14,23,4301213
7543999,23,13,22,2867597
7544191,24,10,23,53105
7544303,24,14,23,4301569
7544447,24,14,23,4301651
7544559,24,13,23,1433905
7544991,24,13,23,1433987
7545151,23,13,22,2868035
7546335,23,13,22,2868485
7546367,23,13,22,2868497
7546415,24,14,23,4302773
7547087,23,12,22,956257
7547135,23,12,22,956263
7547519,23,13,22,2868935
7549999,24,12,23,478313
7550431,24,13,23,1435021
7550463,24,13,23,1435027
7550655,23,10,22,106301
7551199,24,11,23,159463
7551455,24,14,23,4305647
7553055,24,14,23,4306559
7554511,23,13,22,2871593
7554527,23,13,22,2871599
7554927,24,14,23,4307627
7555327,23,12,22,957301
7555711,23,13,22,2872049
7555903,24,12,23,478687
7556335,24,13,23,1436143
7556511,23,12,22,957451
7556815,24,14,23,4308703
7559663,24,14,23,4310327
7560063,24,14,23,4310555
7560431,23,13,22,2873843
7560831,23,13,22,2873995
7561151,24,14,23,4311175
7561919,24,14,23,4311613
7562367,23,12,22,958193
7562399,24,14,23,4311887
7563135,23,13,22,2874871
7564703,23,12,22,958489
7564799,24,14,23,4313255
7565423,24,14,23,4313611
7566815,24,13,23,1438135
7567855,23,13,22,2876665
7567871,23,13,22,2876671
7568255,23,12,22,958939
7569439,24,14,23,4315901
7570591,23,11,22,319745
7570927,23,13,22,2877833
7571183,24,9,23,17765
7571775,24,14,23,4317233
7572463,24,14,23,4317625
7572511,23,13,22,2878435
7572607,24,14,23,4317707
7573711,24,14,23,4318337
7574527,23,13,22,2879201
7575599,23,13,22,2879609
7575615,23,13,22,2879615
7575999,24,14,23,4319641
7576063,23,13,22,2879785
7577647,24,14,23,4320581
7578527,24,13,23,1440361
7578591,24,13,23,1440373
7579103,24,14,23,4321411
7579183,23,13,22,2880971
7579391,24,12,23,480175
7579967,23,11,22,320141
7580351,23,13,22,2881415
7580927,24,13,23,1440817
7581887,23,13,22,2881999
7582943,24,14,23,4323601
7583023,23,13,22,2882431
7583791,23,13,22,2882723
7583903,23,13,22,2882765
7585439,23,13,22,2883349
7587311,24,14,23,4326091
7587567,24,11,23,160231
7588543,23,13,22,2884529
7589663,23,13,22,2884955
7589935,24,9,23,17809
7590095,24,14,23,4327679
7590127,23,13,22,2885131
7590591,24,14,23,4327961
7591871,24,13,23,1442897
7592495,24,14,23,4329047
7593439,24,11,23,160355
7594031,23,11,22,320735
7594095,24,14,23,4329959
7595007,24,13,23,1443493
7595263,24,14,23,4330625
7597183,23,13,22,2887813
7597855,23,13,22,2888069
7598335,24,14,23,4332377
7598703,23,12,22,962797
7599519,23,13,22,2888701
7600367,24,14,23,4333535
7601087,23,10,22,107011
7601279,24,13,23,1444685
7602415,24,13,23,1444901
7603071,24,14,23,4335077
7603183,24,13,23,1445047
7603615,24,13,23,1445129
7603647,24,13,23,1445135
7604687,24,13,23,1445333
7604927,24,14,23,4336135
7605375,23,13,22,2890927
7606319,24,11,23,160627
7606527,23,13,22,2891365
7606895,23,12,22,963835
7606943,23,12,22,963841
7607295,24,14,23,4337485
7607327,23,13,22,2891669
7607551,24,10,23,53551
7608799,24,14,23,4338343
7609311,24,14,23,4338635
7611199,23,13,22,2893141
7611423,24,13,23,1446613
7611647,23,11,22,321479
7613167,23,13,22,2893889
7613759,24,13,23,1447057
7614959,24,13,23,1447285
7615167,23,12,22,964883
7615215,24,14,23,4342001
7615359,24,13,23,1447361
7615615,24,14,23,4342229
7617839,23,13,22,2895665
7617855,23,13,22,2895671
7618255,23,13,22,2895823
7618287,24,14,23,4343753
7618431,24,13,23,1447945
7618623,23,12,22,965321
7619391,23,13,22,2896255
7619455,23,13,22,2896279
7620511,24,14,23,4345021
7621055,24,14,23,4345331
7621359,23,13,22,2897003
7621631,24,12,23,482851
7621823,24,14,23,4345769
7621935,24,13,23,1448611
7622175,23,12,22,965771
7622399,24,13,23,1448699
7623135,24,13,23,1448839
7623167,24,13,23,1448845
7623359,23,12,22,965921
7623391,23,6,22,1325
7623423,24,14,23,4346681
7623711,23,13,22,2897897
7624815,24,14,23,4347475
7625263,23,13,22,2898487
7625327,24,14,23,4347767
7625695,24,14,23,4347977
7626031,23,13,22,2898779
7626047,23,13,22,2898785
7626271,24,12,23,483145
7627231,23,13,22,2899235
7628095,24,14,23,4349345
7628447,23,13,22,2899697
7628863,24,14,23,4349783
7629039,24,13,23,1449961
7629215,23,10,22,107407
7629247,23,12,22,966667
7629439,24,13,23,1450037
7629695,24,14,23,4350257
7629807,24,11,23,161123
7630383,23,12,22,966811
7630543,24,13,23,1450247
7631007,24,12,23,483445
7631567,24,14,23,4351325
7632543,24,13,23,1450627
7632767,23,9,22,35819
7633135,23,13,22,2901479
7633455,23,13,22,2901601
7633903,23,10,22,107473
7634111,24,13,23,1450925
7634623,24,14,23,4353067
7635103,23,12,22,967409
7635423,23,13,22,2902349
7636639,23,13,22,2902811
7636735,24,14,23,4354271
7636991,24,14,23,4354417
7637439,23,12,22,967705
7637503,24,14,23,4354709
7638127,24,14,23,4355065
7638207,23,13,22,2903407
7639263,24,14,23,4355713
7639791,23,12,22,968003
7639807,23,12,22,968005
7640095,24,14,23,4356187
7640287,24,12,23,484033
7640959,23,11,22,322717
7641295,23,13,22,2904581
7641327,23,13,22,2904593
7641887,24,13,23,1452403
7642143,23,9,22,35863
7645311,24,14,23,4359161
7645423,24,13,23,1453075
7645983,23,13,22,2906363
7646367,24,14,23,4359763
7647439,24,14,23,4360375
7648383,23,13,22,2907275
7648719,23,13,22,2907403
7648767,23,13,22,2907421
7649135,23,12,22,969187
7649151,23,11,22,323063
7649487,23,13,22,2907695
7649535,23,13,22,2907713
7650335,23,11,22,323113
7650815,24,14,23,4362299
7651071,24,14,23,4362445
7651519,23,8,22,11969
7653439,23,13,22,2909197
7653855,23,12,22,969785
7654175,23,13,22,2909477
7654255,24,14,23,4364261
7654639,23,13,22,2909653
7654655,23,13,22,2909659
7655743,24,14,23,4365109
7656223,24,14,23,4365383
7656959,23,13,22,2910535
7657535,24,13,23,1455377
7658527,23,11,22,323459
7658735,24,13,23,1455605
7658911,23,13,22,2911277
7659327,24,14,23,4367153
7660863,23,12,22,970673
7660927,24,14,23,4368065
7661007,24,13,23,1456037
7661215,24,14,23,4368229
7661631,23,13,22,2912311
7661695,24,14,23,4368503
7662015,24,14,23,4368685
7662031,24,14,23,4368695
7662063,24,14,23,4368713
7663039,24,13,23,1456423
7663263,24,14,23,4369397
7663807,24,10,23,53947
7664031,24,14,23,4369835
7664063,24,14,23,4369853
7664175,24,13,23,1456639
7664767,23,13,22,2913503
7665407,24,13,23,1456873
7666143,24,12,23,485671
7666799,24,14,23,4371413
7668703,24,14,23,4372499
7668767,24,14,23,4372535
7669055,23,12,22,971711
7669503,23,13,22,2915303
7669887,23,13,22,2915449
7670255,23,12,22,971863
7671407,23,10,22,108001
7672047,24,10,23,54005
7673391,23,13,22,2916781
7673471,24,14,23,4375217
7673551,24,13,23,1458421
7674575,24,14,23,4375847
7674751,24,13,23,1458649
7675631,24,14,23,4376449
7675711,23,13,22,2917663
7676543,23,13,22,2917979
7676607,24,14,23,4377005
7676863,24,14,23,4377151
7676895,23,13,22,2918113
7676927,23,13,22,2918125
7677679,23,13,22,2918411
7677695,23,13,22,2918417
7677855,24,12,23,486413
7678063,23,13,22,2918557
7678415,23,11,22,324299
7679743,24,14,23,4378793
7680111,24,14,23,4379003
7680447,24,14,23,4379195
7681023,24,13,23,1459841
7681071,24,14,23,4379551
7681503,24,14,23,4379797
7681535,24,14,23,4379815
7681583,23,13,22,2919895
7681791,24,13,23,1459987
7682159,24,13,23,1460057
7682671,24,14,23,4380463
7682751,23,13,22,2920339
7683199,23,10,22,108167
7683615,24,14,23,4381001
7684127,24,13,23,1460431
7684319,23,12,22,973645
7685087,23,13,22,2921227
7687023,23,13,22,2921963
7687663,24,13,23,1461103
7687887,24,14,23,4383437
7688991,23,12,22,974237
7689679,24,14,23,4384459
7690239,23,12,22,974395
7690959,23,13,22,2923459
7691007,23,13,22,2923477
7691743,23,13,22,2923757
7691775,23,13,22,2923769
7691967,24,12,23,487307
7692159,24,14,23,4385873
7692191,24,14,23,4385891
7692223,24,14,23,4385909
7692335,24,13,23,1461991
7693343,23,13,22,2924365
7695103,24,13,23,1462517
7695215,23,13,22,2925077
7695295,23,13,22,2925107
7695871,24,13,23,1462663
7696431,23,13,22,2925539
7696607,24,12,23,487601
7696895,24,14,23,4388573
7697183,23,12,22,975275
7698399,23,9,22,36127
7699151,23,13,22,2926573
7699199,23,13,22,2926591
7702143,24,13,23,1463855
7703167,24,14,23,4392149
7703407,23,13,22,2928191
7703759,24,14,23,4392487
7704047,24,13,23,1464217
7704271,23,11,22,325391
7704303,24,14,23,4392797
7704991,24,14,23,4393189
7705071,23,13,22,2928823
7705087,23,13,22,2928829
7705839,23,13,22,2929115
7706271,24,14,23,4393919
7706591,23,11,22,325489
7707183,24,11,23,162757
7707807,23,12,22,976621
7708143,23,13,22,2929991
7708575,24,14,23,4395233
7709375,23,13,22,2930459
7710175,24,14,23,4396145
7710975,24,14,23,4396601
7712495,23,12,22,977215
7712879,23,13,22,2931791
7713263,23,13,22,2931937
7713663,23,12,22,977363
7714431,23,13,22,2932381
7714463,23,13,22,2932393
7714783,23,11,22,325835
7716335,23,13,22,2933105
7716383,23,13,22,2933123
7717183,23,12,22,977809
7717535,23,13,22,2933561
7717567,23,13,22,2933573
7717759,24,12,23,488941
7718383,24,14,23,4400825
7719039,24,14,23,4401199
7719151,23,13,22,2934175
7719935,23,13,22,2934473
7720351,24,14,23,4401947
7720687,23,12,22,978253
7721071,23,13,22,2934905
7721663,24,13,23,1467565
7723007,24,14,23,4403461
7723055,24,14,23,4403489
7724575,23,13,22,2936237
7725759,23,13,22,2936687
7726559,23,12,22,978997
7728111,23,13,22,2937581
7728447,24,14,23,4406563
7728671,24,13,23,1468897
7729263,23,13,22,2938019
7729695,24,14,23,4407275
7730399,23,13,22,2938451
7731407,24,13,23,1469417
7731583,23,13,22,2938901
7731839,24,12,23,489833
7732095,24,14,23,4408643
7732415,23,12,22,979739
7732607,24,13,23,1469645
7733183,23,13,22,2939509
7733407,24,13,23,1469797
7733919,24,14,23,4409683
7734207,24,12,23,489983
7734751,23,12,22,980035
7734767,23,10,22,108893
7734831,24,14,23,4410203
7735167,23,13,22,2940263
7735999,24,14,23,4410869
7736511,24,12,23,490129
7736543,24,7,23,2017
7736767,24,14,23,4411307
7737343,24,13,23,1470545
7737503,23,13,22,2941151
7737791,24,14,23,4411891
7737823,24,14,23,4411909
7738303,23,12,22,980485
7738367,24,14,23,4412219
7738415,24,13,23,1470749
7739455,23,10,22,108959
7739647,24,13,23,1470983
7739775,23,13,22,2942015
7740015,24,12,23,490351
7740383,24,13,23,1471123
7740975,23,13,22,2942471
7743551,24,11,23,163525
7743695,23,13,22,2943505
7743743,23,13,22,2943523
7744543,23,13,22,2943827
7745263,24,14,23,4416151
7746031,24,14,23,4416589
7746079,24,14,23,4416617
7746175,24,14,23,4416671
7748863,23,12,22,981823
7749023,24,13,23,1472765
7749791,24,13,23,1472911
7750047,24,14,23,4418879
7750399,23,13,22,2946053
7750815,24,14,23,4419317
7751935,23,13,22,2946637
7752159,24,13,23,1473361
7752383,23,10,22,109141
7752703,24,14,23,4420393
7753119,23,13,22,2947087
7753983,24,14,23,4421123
7755295,24,9,23,18197
7755519,23,13,22,2947999
7755887,24,14,23,4422209
7756575,24,14,23,4422601
7759167,24,13,23,1474693
7759487,24,14,23,4424261
7759727,23,13,22,2949599
7759999,24,12,23,491617
7760111,24,14,23,4424617
7760191,24,14,23,4424663
7760543,23,12,22,983303
7761311,23,13,22,2950201
7762079,24,14,23,4425739
7762559,24,14,23,4426013
7762639,24,13,23,1475353
7764079,23,11,22,327917
7764095,23,12,22,983753
7764463,23,13,22,2951399
7764863,23,13,22,2951551
7765295,24,14,23,4427573
7765919,24,14,23,4427929
7765999,23,13,22,2951983
7766063,24,14,23,4428011
7767007,24,12,23,492061
7767199,23,13,22,2952439
7770751,23,13,22,2953789
7771167,24,14,23,4430921
7771679,24,11,23,164119
7772655,23,13,22,2954513
7774015,24,12,23,492505
7774239,23,13,22,2955115
7774703,24,14,23,4432937
7774847,24,13,23,1477673
7775359,24,14,23,4433311
7775983,24,13,23,1477889
7776575,23,13,22,2956003
7779295,23,12,22,985679
7780863,24,14,23,4436449
7781679,24,14,23,4436915
7782447,24,14,23,4437353
7782847,23,12,22,986129
7783679,24,14,23,4438055
7785199,23,10,22,109603
7785791,24,11,23,164417
7786527,24,13,23,1479893
7786703,23,13,22,2959853
7786751,23,13,22,2959871
7787295,24,13,23,1480039
7787759,24,13,23,1480127
7787903,23,13,22,2960309
7788159,24,11,23,164467
7789039,24,14,23,4441111
7789503,23,13,22,2960917
7789887,23,10,22,109669
7790639,23,13,22,2961349
7792031,24,13,23,1480939
7792287,24,14,23,4442963
7793087,24,14,23,4443419
7793359,23,12,22,987461
7793407,23,12,22,987467
7793599,24,13,23,1481237
7794111,24,14,23,4444003
7794127,23,13,22,2962675
7794223,24,14,23,4444067
7794735,24,13,23,1481453
7794943,23,13,22,2962985
7795167,24,11,23,164615
7795247,24,14,23,4444651
7795311,23,13,22,2963125
7795359,23,13,22,2963143
7795455,24,14,23,4444769
7795903,24,13,23,1481675
7796095,23,13,22,2963423
7796479,24,14,23,4445353
7796671,24,13,23,1481821
7797871,24,13,23,1482049
7798239,24,13,23,1482119
7798479,23,13,22,2964329
7799263,23,10,22,109801
7799279,23,12,22,988211
7799295,23,12,22,988213
7800063,23,13,22,2964931
7801599,23,12,22,988505
7801663,24,14,23,4448309
7801967,23,13,22,2965655
7802399,24,14,23,4448729
7802575,24,13,23,1482943
7802735,23,12,22,988649
7802815,23,9,22,36617
7803135,23,13,22,2966099
7803423,24,14,23,4449313
7803503,23,13,22,2966239
7803551,23,13,22,2966257
7804031,24,14,23,4449659
7804623,24,14,23,4449997
7805167,24,14,23,4450307
7805935,24,14,23,4450745
7806911,24,11,23,164863
7807135,24,14,23,4451429
7807471,23,12,22,989249
7808255,23,13,22,2968045
7808671,23,12,22,989401
7808927,24,14,23,4452451
7810159,23,13,22,2968769
7810207,23,13,22,2968787
7810559,24,14,23,4453381
7810975,23,12,22,989693
7811007,23,11,22,329899
7812143,24,14,23,4454285
7812207,24,14,23,4454321
7812975,24,14,23,4454759
7813327,23,10,22,109999
7813359,23,12,22,989995
7813919,24,11,23,165011
7816063,23,13,22,2971013
7816863,23,12,22,990439
7817631,23,13,22,2971609
7818015,23,10,22,110065
7818047,24,14,23,4457651
7818223,24,13,23,1485917
7818735,24,14,23,4458043
7818799,23,13,22,2972053
7819199,23,11,22,330245
7819423,24,13,23,1486145
7819583,23,13,22,2972351
7819903,24,14,23,4458709
7820159,24,13,23,1486285
7820335,23,11,22,330293
7820447,24,14,23,4459019
7821551,23,12,22,991033
7821759,24,13,23,1486589
7822319,23,13,22,2973391
7822895,24,13,23,1486805
7823039,24,14,23,4460497
7823407,24,14,23,4460707
7824895,24,13,23,1487185
7825663,24,11,23,165259
7826239,23,12,22,991627
7826991,23,13,22,2975167
7827679,24,14,23,4463143
7828943,23,13,22,2975909
7829535,24,13,23,1488067
7829727,23,12,22,992069
7829823,24,14,23,4464365
7830335,24,12,23,496073
7830911,23,12,22,992219
7831247,24,14,23,4465177
7831615,24,14,23,4465387
7832191,24,14,23,4465715
7833471,24,13,23,1488815
7833663,23,13,22,2977703
7833759,24,14,23,4466609
7834047,23,13,22,2977849
7834239,24,13,23,1488961
7834815,23,13,22,2978141
7835039,24,11,23,165457
7835263,23,13,22,2978311
7835631,23,8,22,12257
7837135,23,13,22,2979023
7837551,23,13,22,2979181
7837567,23,13,22,2979187
7838655,24,14,23,4469401
7838911,24,13,23,1489849
7838975,24,13,23,1489861
7839103,23,12,22,993257
7839855,24,14,23,4470085
7840303,23,12,22,993409
7840511,24,13,23,1490153
7841279,24,13,23,1490299
7841535,24,14,23,4471043
7841647,24,13,23,1490369
7842687,23,11,22,331237
7842847,24,13,23,1490597
7843439,24,14,23,4472129
7844975,23,12,22,994001
7845023,23,12,22,994007
7845327,23,13,22,2982137
7845375,23,13,22,2982155
7845743,23,13,22,2982295
7845759,23,13,22,2982301
7846127,24,14,23,4473661
7846607,24,14,23,4473935
7846943,23,13,22,2982751
7847151,24,13,23,1491415
7847919,24,10,23,55243
7848175,24,14,23,4474829
7849119,24,12,23,497263
7849423,24,13,23,1491847
7849679,23,12,22,994597
7849727,23,12,22,994603
7850943,24,14,23,4476407
7851263,23,13,22,2984393
7851679,24,14,23,4476827
7852591,24,12,23,497483
7853167,23,12,22,995039
7853215,23,12,22,995045
7853567,23,13,22,2985269
7854015,24,14,23,4478159
7854079,24,14,23,4478195
7854127,24,13,23,1492741
7854399,23,12,22,995195
7855135,23,13,22,2985865
7856159,24,10,23,55301
7857919,23,12,22,995641
7858303,23,13,22,2987069
7858495,24,12,23,497857
7859455,23,13,22,2987507
7859743,24,14,23,4481425
7859823,23,13,22,2987647
7860719,24,14,23,4481981
7860863,24,12,23,498007
7860975,24,14,23,4482127
7861711,24,14,23,4482547
7861791,23,13,22,2988395
7861967,24,12,23,498077
7862399,24,13,23,1494313
7862591,23,12,22,996233
7862911,24,14,23,4483231
7863423,24,14,23,4483523
7863759,23,8,22,12301
7864479,24,14,23,4484125
7864559,24,14,23,4484171
7864991,24,14,23,4484417
7865279,24,14,23,4484581
7865311,23,13,22,2989733
7865759,24,14,23,4484855
7866271,24,13,23,1495049
7866495,23,13,22,2990183
7866527,23,13,22,2990195
7866783,24,14,23,4485439
7866831,24,14,23,4485467
7866863,23,13,22,2990323
7867599,23,13,22,2990603
7867903,24,11,23,166151
7868831,23,13,22,2991071
7869999,23,13,22,2991515
7872319,23,13,22,2992397
7875023,23,13,22,2993425
7875791,23,13,22,2993717
7876047,24,10,23,55441
7876079,24,12,23,498971
7876303,24,14,23,4490867
7876335,24,14,23,4490885
7877055,23,13,22,2994197
7878191,23,13,22,2994629
7878783,24,13,23,1497427
7879039,24,14,23,4492427
7879103,24,14,23,4492463
7879375,23,13,22,2995079
7879407,23,13,22,2995091
7880383,24,13,23,1497731
7880927,23,13,22,2995669
7881119,24,13,23,1497871
7881375,23,10,22,110957
7881695,23,13,22,2995961
7882495,24,14,23,4494397
7883231,24,14,23,4494817
7883711,23,12,22,998909
7883775,24,14,23,4495127
7884095,23,13,22,2996873
7884479,23,13,22,2997019
7884543,24,14,23,4495565
7885023,24,13,23,1498613
7886463,23,13,22,2997773
7887615,23,13,22,2998211
7888415,24,14,23,4497773
7889727,24,13,23,1499507
7889951,23,13,22,2999099
7891071,24,14,23,4499287
7892687,24,14,23,4500209
7893151,24,14,23,4500473
7893471,23,13,22,3000437
7893487,23,13,22,3000443
7893695,24,12,23,500087
7893887,23,13,22,3000595
7895759,23,13,22,3001307
7895807,23,13,22,3001325
7895999,24,12,23,500233
7896223,23,13,22,3001483
7896367,24,13,23,1500769
7896607,23,12,22,1000543
7896959,23,13,22,3001763
7898079,24,14,23,4503283
7900159,23,12,22,1000993
7900879,23,13,22,3003253
7900927,23,13,22,3003271
7901295,23,12,22,1001137
7901679,23,13,22,3003557
7901695,23,13,22,3003563
7902431,24,14,23,4505765
7902463,23,12,22,1001285
7903199,23,13,22,3004135
7904415,23,13,22,3004597
7904799,23,12,22,1001581
7904815,23,10,22,111287
7904895,24,14,23,4507169
7905183,23,13,22,3004889
7905215,23,13,22,3004901
7905407,24,11,23,166943
7905599,23,13,22,3005047
7905775,24,13,23,1502557
7907775,24,11,23,166993
7908911,24,11,23,167017
7909023,24,14,23,4509523
7909311,24,13,23,1503229
7909871,23,13,22,3006671
7909887,23,13,22,3006677
7910623,23,12,22,1002319
7911391,23,13,22,3007249
7911423,24,14,23,4510891
7911903,24,14,23,4511165
7911935,24,14,23,4511183
7912223,23,13,22,3007565
7912415,24,10,23,55697
7912559,24,14,23,4511539
7912639,23,13,22,3007723
7912703,24,14,23,4511621
7913791,23,13,22,3008161
7916159,23,13,22,3009061
7916527,23,12,22,1003067
7917295,23,13,22,3009493
7918319,24,12,23,501647
7919679,24,14,23,4515599
7920111,24,14,23,4515845
7920623,24,12,23,501793
7920767,24,14,23,4516219
7920879,24,14,23,4516283
7921311,24,14,23,4516529
7921903,24,14,23,4516867
7922415,23,12,22,1003813
7923103,24,14,23,4517551
7923151,24,14,23,4517579
7923567,23,10,22,111551
7924127,24,12,23,502015
7924415,24,14,23,4518299
7926271,24,14,23,4519357
7926783,24,14,23,4519649
7927663,24,11,23,167413
7928031,24,13,23,1506787
7928287,24,14,23,4520507
7929375,24,14,23,4521127
7931359,23,13,22,3014839
7931967,24,13,23,1507535
7932735,24,13,23,1507681
7933647,24,14,23,4523563
7934911,23,13,22,3016189
7935103,24,13,23,1508131
7935647,24,14,23,4524703
7936047,23,13,22,3016621
7936159,24,14,23,4524995
7936479,23,12,22,1005595
7936495,23,10,22,111733
7936511,23,12,22,1005599
7937279,23,13,22,3017089
7938095,24,14,23,4526099
7939199,23,13,22,3017819
7939999,24,14,23,4527185
7940095,24,14,23,4527239
7941375,24,13,23,1509323
7942687,23,13,22,3019145
7943167,24,14,23,4528991
7943279,24,13,23,1509685
7944303,24,14,23,4529639
7944415,24,13,23,1509901
7945471,23,13,22,3020203
7947391,23,13,22,3020933
7947423,23,13,22,3020945
7948191,23,11,22,335693
7950111,23,13,22,3021967
7951519,24,13,23,1511251
7951807,24,14,23,4533917
7951919,24,13,23,1511327
7954111,24,14,23,4535231
7954431,24,14,23,4535413
7955615,23,13,22,3024059
7955711,24,14,23,4536143
7955967,24,14,23,4536289
7956799,23,13,22,3024509
7958127,24,12,23,504169
7958719,23,12,22,1008413
7958751,24,14,23,4537877
7959167,23,13,22,3025409
7959935,23,10,22,112063
7960095,24,13,23,1512881
7960607,24,14,23,4538935
7960687,23,13,22,3025987
7960895,24,13,23,1513033
7961407,24,14,23,4539391
7961663,24,11,23,168131
7961919,24,14,23,4539683
7962271,23,12,22,1008863
7962319,24,14,23,4539911
7963263,24,13,23,1513483
7963807,23,13,22,3027173
7964287,24,14,23,4541033
7964991,23,13,22,3027623
7965823,23,12,22,1009313
7966143,24,14,23,4542091
7966207,23,13,22,3028085
7966399,24,10,23,56077
7966927,23,12,22,1009453
7966943,23,11,22,336485
7966959,23,12,22,1009457
7967359,23,13,22,3028523
7968767,24,11,23,168281
7969535,24,13,23,1514675
7969903,24,11,23,168305
7970495,23,11,22,336635
7970863,23,13,22,3029855
7971295,24,14,23,4545029
7971647,23,12,22,1010051
7973183,23,13,22,3030737
7973615,23,13,22,3030901
7973999,23,10,22,112261
7974207,24,13,23,1515563
7975119,23,12,22,1010491
7975583,23,13,22,3031649
7976383,23,12,22,1010651
7977199,24,14,23,4548395
7977711,24,13,23,1516229
7978111,24,12,23,505435
7978223,24,14,23,4548979
7978303,23,13,22,3032683
7978879,24,13,23,1516451
7979055,23,13,22,3032969
7979903,24,14,23,4549937
7980015,24,13,23,1516667
7980191,24,14,23,4550101
7980671,23,13,22,3033583
7980783,24,13,23,1516813
7982015,24,13,23,1517047
7983583,24,13,23,1517345
7983663,24,14,23,4552081
7984575,23,12,22,1011689
7985407,24,14,23,4553075
7985711,23,12,22,1011833
7985775,24,14,23,4553285
7986111,23,13,22,3035651
7986479,23,13,22,3035791
7986655,24,13,23,1517929
7986927,23,9,22,37481
7987247,23,13,22,3036083
7987679,23,13,22,3036247
7987711,23,13,22,3036259
7988479,23,13,22,3036551
7989567,24,14,23,4555447
7990047,24,14,23,4555721
7990079,24,14,23,4555739
7991023,24,11,23,168751
7991935,24,14,23,4556797
7993039,24,14,23,4557427
7993471,24,14,23,4557673
7993551,24,14,23,4557719
7993983,24,14,23,4557965
7994783,24,14,23,4558421
7995119,23,11,22,337675
7995455,23,13,22,3039203
7995839,24,14,23,4559023
7995903,23,13,22,3039373
7996287,23,12,22,1013173
7996319,24,14,23,4559297
7996351,24,14,23,4559315
7997919,24,14,23,4560209
7997951,24,14,23,4560227
7998655,24,14,23,4560629
7998767,24,13,23,1520231
7999023,23,13,22,3040559
7999535,24,13,23,1520377
7999791,24,14,23,4561277
8000559,24,14,23,4561715
8000991,23,9,22,37547
8001791,24,14,23,4562417
8002159,24,14,23,4562627
8002335,24,13,23,1520909
8003311,23,11,22,338021
8003647,23,13,22,3042317
8003695,23,13,22,3042335
8003711,23,13,22,3042341
8004863,23,13,22,3042779
8005679,23,8,22,12523
8005871,24,13,23,1521581
8006079,23,13,22,3043241
8006351,24,14,23,4565017
8006431,23,13,22,3043375
8007151,24,14,23,4565473
8007615,23,13,22,3043825
8008351,24,14,23,4566157
8009151,24,14,23,4566613
8009183,23,11,22,338269
8009983,23,13,22,3044725
8010111,24,13,23,1522387
8010351,23,12,22,1014955
8011167,24,14,23,4567763
8012735,23,11,22,338419
8012799,24,14,23,4568693
8013311,24,12,23,507665
8013471,23,13,22,3046051
8013567,24,14,23,4569131
8013935,24,14,23,4569341
8014239,23,13,22,3046343
8014447,24,12,23,507737
8015039,23,12,22,1015549
8015727,24,14,23,4570363
8015807,23,13,22,3046939
8015871,23,13,22,3046963
8016639,23,13,22,3047255
8016943,23,13,22,3047371
8017359,23,12,22,1015843
8017375,23,11,22,338615
8017775,23,13,22,3047687
8017951,24,12,23,507959
8018159,23,13,22,3047833
8018927,23,13,22,3048125
8019359,23,13,22,3048289
8019743,23,8,22,12545
8020127,23,13,22,3048581
8021887,24,13,23,1524625
8022079,23,12,22,1016441
8022143,24,14,23,4574021
8022175,24,14,23,4574039
8022479,24,14,23,4574213
8022767,24,14,23,4574377
8022847,23,13,22,3049615
8023023,24,13,23,1524841
8023295,23,10,22,112955
8023967,24,14,23,4575061
8024767,24,14,23,4575517
8025647,24,14,23,4576019
8029087,23,12,22,1017329
8029151,24,14,23,4578017
8030719,23,13,22,3052607
8031103,23,13,22,3052753
8031263,24,13,23,1526407
8031871,23,13,22,3053045
8032031,24,10,23,56539
8032287,24,14,23,4579805
8034175,23,13,22,3053921
8034367,24,12,23,508999
8035023,24,14,23,4581365
8035055,24,14,23,4581383
8035135,24,13,23,1527143
8035199,24,13,23,1527155
8035967,24,13,23,1527301
8036159,24,14,23,4582013
8036911,23,13,22,3054961
8036991,24,14,23,4582487
8037279,23,12,22,1018367
8038127,24,14,23,4583135
8038511,23,12,22,1018523
8038527,23,12,22,1018525
8039295,23,13,22,3055867
8039631,23,10,22,113185
8039871,24,13,23,1528043
8040383,24,14,23,4584421
8040863,23,11,22,339607
8041007,24,13,23,1528259
8041471,24,12,23,509449
8041663,24,14,23,4585151
8041775,24,13,23,1528405
8042239,24,13,23,1528493
8042367,23,13,22,3057035
8042607,24,12,23,509521
8042975,24,13,23,1528633
8043263,24,14,23,4586063
8043551,23,13,22,3057485
8045183,23,13,22,3058105
8046287,23,13,22,3058525
8046703,23,12,22,1019561
8046719,23,12,22,1019563
8048335,24,14,23,4588955
8048511,24,8,23,6295
8048671,24,14,23,4589147
8049391,24,14,23,4589557
8049791,24,14,23,4589785
8050383,24,13,23,1530041
8050895,24,14,23,4590415
8051743,23,13,22,3060599
8052543,23,12,22,1020301
8053183,24,12,23,510191
8053759,23,12,22,1020455
8054143,23,13,22,3061511
8054527,23,13,22,3061657
8055247,23,13,22,3061931
8055743,24,14,23,4593179
8055807,24,14,23,4593215
8056319,24,13,23,1531169
8056431,23,13,22,3062381
8056479,23,13,22,3062399
8056879,24,14,23,4593827
8057279,23,12,22,1020901
8057343,24,14,23,4594091
8058047,24,14,23,4594493
8059103,24,14,23,4595095
8059135,24,14,23,4595113
8059967,23,13,22,3063725
8060383,24,14,23,4595825
8060447,24,14,23,4595861
8060799,23,10,22,113483
8061167,23,13,22,3064181
8063215,24,14,23,4597439
8063439,23,13,22,3065045
8063935,23,13,22,3065233
8064127,24,13,23,1532653
8064495,24,13,23,1532723
8065471,23,12,22,1021939
8066719,24,14,23,4599437
8067007,23,13,22,3066401
8067071,23,13,22,3066425
8067823,23,12,22,1022237
8068207,23,13,22,3066857
8068399,24,10,23,56795
8068511,24,14,23,4600459
8068591,23,13,22,3067003
8071631,23,13,22,3068159
8071935,24,12,23,511379
8072511,23,12,22,1022831
8073727,23,10,22,113665
8073839,24,13,23,1534499
8076447,23,13,22,3069989
8076607,24,12,23,511675
8077807,24,12,23,511751
8078143,24,13,23,1535317
8080111,24,12,23,511897
8081103,23,13,22,3071759
8081311,24,12,23,511973
8081887,23,12,22,1024019
8082079,24,13,23,1536065
8082879,24,13,23,1536217
8083391,24,14,23,4608943
8083903,24,14,23,4609235
8084015,24,13,23,1536433
8085039,24,14,23,4609883
8085407,23,12,22,1024465
8085503,24,14,23,4610147
8085823,23,13,22,3073553
8085983,24,12,23,512269
8086207,23,13,22,3073699
8086271,24,14,23,4610585
8089295,23,13,22,3074873
8089327,23,13,22,3074885
8089711,23,13,22,3075031
8090495,23,13,22,3075329
8091887,24,11,23,170881
8092031,23,13,22,3075913
8092479,24,14,23,4614125
8093311,24,14,23,4614599
8093423,24,13,23,1538221
8093599,23,12,22,1025503
8095135,24,14,23,4615639
8095615,24,14,23,4615913
8096751,23,13,22,3077707
8097215,24,14,23,4616825
8097327,24,13,23,1538963
8097487,23,13,22,3077987
8097903,23,13,22,3078145
8098495,24,13,23,1539185
8098687,23,13,22,3078443
8098863,24,12,23,513085
8099519,24,14,23,4618139
8099583,24,14,23,4618175
8099807,23,13,22,3078869
8100095,24,12,23,513163
8100287,23,13,22,3079051
8100319,24,14,23,4618595
8100399,24,13,23,1539547
8100639,23,12,22,1026395
8100831,24,13,23,1539629
8101375,24,14,23,4619197
8101407,23,13,22,3079477
8102655,24,14,23,4619927
8103391,23,13,22,3080231
8103791,24,14,23,4620575
8104191,23,12,22,1026845
8104735,24,12,23,513457
8104991,24,14,23,4621259
8106015,24,14,23,4621843
8107135,24,11,23,171203
8107231,23,13,22,3081691
8107999,23,13,22,3081983
8108239,24,12,23,513679
8108527,24,14,23,4623275
8108863,23,11,22,342479
8109215,24,14,23,4623667
8109247,23,13,22,3082457
8109439,24,12,23,513755
8109471,24,12,23,513757
8110207,24,13,23,1541411
8110847,23,13,22,3083065
8111039,24,13,23,1541569
8111231,23,10,22,114193
8111263,24,14,23,4624835
8113567,23,12,22,1028033
8114735,24,14,23,4626815
8114943,24,13,23,1542311
8115391,24,14,23,4627189
8115455,24,14,23,4627225
8116079,24,13,23,1542527
8116847,24,13,23,1542673
8117439,23,13,22,3085571
8118591,24,14,23,4629013
8119023,23,13,22,3086173
8120383,24,13,23,1543345
8120639,24,14,23,4630181
8121791,23,11,22,343025
8122911,23,12,22,1029217
8122927,23,11,22,343073
8123007,24,14,23,4631531
8123551,24,12,23,514649
8124111,24,14,23,4632161
8125311,23,12,22,1029521
8127391,24,13,23,1544677
8127951,23,13,22,3089567
8128255,24,11,23,171649
8128415,24,14,23,4634615
8130863,24,13,23,1545337
8131103,23,12,22,1030255
8132303,23,11,22,343469
8132927,24,12,23,515243
8133087,23,13,22,3091519
8133503,23,12,22,1030559
8133535,23,7,22,4241
8135919,24,14,23,4638893
8135999,24,13,23,1546313
8136239,23,13,22,3092717
8136767,24,13,23,1546459
8137375,23,13,22,3093149
8138223,24,14,23,4640207
8139167,24,13,23,1546915
8139391,23,12,22,1031305
8139423,24,14,23,4640891
8139775,23,13,22,3094061
8140223,24,14,23,4641347
8140911,23,13,22,3094493
8141503,24,13,23,1547359
8142527,24,14,23,4642661
8142831,23,12,22,1031741
8144127,24,14,23,4643573
8144383,24,14,23,4643719
8144799,23,13,22,3095971
8145007,24,13,23,1548025
8145519,24,14,23,4644367
8145567,23,13,22,3096263
8145775,24,11,23,172019
8146031,24,14,23,4644659
8147167,24,14,23,4645307
8147583,23,12,22,1032343
8148351,23,13,22,3097321
8149023,24,14,23,4646365
8149103,23,13,22,3097607
8150255,24,14,23,4647067
8150511,24,10,23,57373
8150655,24,14,23,4647295
8151071,23,12,22,1032785
8151871,24,14,23,4647989
8152447,24,13,23,1549439
8152959,24,14,23,4648609
8154607,23,11,22,344411
8154623,23,12,22,1033235
8155759,23,12,22,1033379
8155839,24,14,23,4650251
8156127,23,13,22,3100277
8156719,24,13,23,1550251
8157183,24,13,23,1550339
8157295,23,13,22,3100721
8157695,24,14,23,4651309
8158143,24,14,23,4651565
8158319,24,13,23,1550555
8158911,23,13,22,3101335
8159279,23,12,22,1033825
8159679,23,13,22,3101627
8159999,24,14,23,4652623
8160287,24,13,23,1550929
8160495,23,12,22,1033979
8161279,23,13,22,3102235
8161663,23,8,22,12767
8162335,24,14,23,4653955
8162415,23,13,22,3102667
8163535,23,13,22,3103093
8163551,23,13,22,3103099
8163999,23,12,22,1034423
8164127,24,13,23,1551659
8164319,23,13,22,3103391
8164383,23,13,22,3103415
8164799,23,13,22,3103573
8164895,24,13,23,1551805
8164991,24,13,23,1551823
8166095,24,13,23,1552033
8166127,24,13,23,1552039
8166335,23,12,22,1034719
8166463,24,13,23,1552103
8167103,23,13,22,3104449
8167487,23,10,22,114985
8168687,23,12,22,1035017
8168863,24,13,23,1552559
8169007,24,14,23,4657759
8170191,23,13,22,3105623
8170223,23,13,22,3105635
8170655,23,13,22,3105799
8170959,23,12,22,1035305
8171039,23,9,22,38345
8171519,24,14,23,4659191
8171711,24,14,23,4659301
8171727,23,13,22,3106207
8172223,23,11,22,345155
8172287,24,14,23,4659629
8172543,24,14,23,4659775
8172847,24,14,23,4659949
8173679,24,14,23,4660423
8174191,24,14,23,4660715
8174335,24,13,23,1553599
8174911,23,13,22,3107417
8175135,24,11,23,172639
8175359,23,13,22,3107587
8178383,23,13,22,3108737
8179007,24,13,23,1554487
8179231,23,11,22,345451
8179567,23,13,22,3109187
8179951,24,14,23,4663999
8180031,23,13,22,3109363
8180431,24,14,23,4664273
8180463,24,14,23,4664291
8180607,24,13,23,1554791
8181199,24,14,23,4664711
8181375,24,13,23,1554937
8181407,24,13,23,1554943
8181631,24,14,23,4664957
8182399,24,14,23,4665395
8182767,24,14,23,4665605
8182943,24,13,23,1555235
8183743,24,13,23,1555387
8184255,24,14,23,4666453
8184287,23,13,22,3110981
8185503,23,13,22,3111443
8186271,24,14,23,4667603
8187423,23,11,22,345797
8187439,23,12,22,1037393
8187759,23,13,22,3112301
8187807,23,13,22,3112319
8188383,24,13,23,1556269
8190191,23,13,22,3113225
8191007,24,14,23,4670303
8191727,23,13,22,3113809
8192159,23,11,22,345997
8192319,24,13,23,1557017
8192895,23,13,22,3114253
8193263,24,14,23,4671589
8194111,24,14,23,4672073
8194463,23,12,22,1038283
8195199,24,14,23,4672693
8196847,23,11,22,346195
8197167,23,13,22,3115877
8197503,24,14,23,4674007
8198399,23,13,22,3116345
8199135,23,12,22,1038875
8199151,23,12,22,1038877
8199359,24,13,23,1558355
8199727,24,12,23,519475
8199919,23,13,22,3116923
8200127,24,13,23,1558501
8200703,24,14,23,4675831
8200959,24,12,23,519553
8201151,23,13,22,3117391
8201695,24,13,23,1558799
8201727,24,13,23,1558805
8202495,24,13,23,1558951
8203007,24,14,23,4677145
8203039,23,13,22,3118109
8203519,24,14,23,4677437
8204223,23,13,22,3118559
8205359,23,13,22,3118991
8205439,23,13,22,3119021
8205775,23,13,22,3119149
8205791,23,13,22,3119155
8205823,23,13,22,3119167
8206191,23,12,22,1039769
8206367,24,13,23,1559687
8206591,23,13,22,3119459
8206959,23,13,22,3119599
8207135,24,13,23,1559833
8207327,23,12,22,1039913
8207775,23,13,22,3119909
8208079,24,14,23,4680037
8208879,24,14,23,4680493
8209215,24,14,23,4680685
8209343,23,13,22,3120505
8209791,24,14,23,4681013
8209871,24,13,23,1560353
8210911,23,11,22,346789
8211647,23,13,22,3121381
8211663,24,14,23,4682081
8211871,24,13,23,1560733
8211903,24,13,23,1560739
8212383,24,14,23,4682491
8212415,23,13,22,3121673
8213199,23,12,22,1040657
8213551,23,13,22,3122105
8213967,23,13,22,3122263
8213983,23,13,22,3122269
8214463,24,14,23,4683677
8215039,24,12,23,520445
8215087,24,14,23,4684033
8215967,23,13,22,3123023
8216799,24,14,23,4685009
8218479,24,12,23,520663
8218879,24,13,23,1562065
8219247,24,13,23,1562135
8219519,23,13,22,3124373
8220271,24,14,23,4686989
8221391,23,12,22,1041695
8222239,24,14,23,4688111
8223615,24,13,23,1562965
8223871,24,14,23,4689041
8223983,24,13,23,1563035
8224495,24,14,23,4689397
8225775,24,14,23,4690127
8226207,24,14,23,4690373
8226559,23,13,22,3127049
8226719,24,12,23,521185
8227711,23,13,22,3127487
8228047,23,13,22,3127615
8228255,24,13,23,1563847
8229279,23,13,22,3128083
8229935,24,14,23,4692499
8230191,24,12,23,521405
8230591,24,13,23,1564291
8230847,23,10,22,115877
8231167,24,14,23,4693201
8234015,24,14,23,4694825
8235903,23,13,22,3130601
8236655,23,12,22,1043629
8236703,23,12,22,1043635
8237295,24,12,23,521855
8237471,23,13,22,3131197
8238639,23,13,22,3131641
8239743,24,14,23,4698091
8239855,24,14,23,4698155
8240255,24,14,23,4698383
8240287,24,14,23,4698401
8240511,24,14,23,4698529
8240543,24,14,23,4698547
8241023,24,14,23,4698821
8241375,23,12,22,1044227
8241391,23,12,22,1044229
8242111,24,14,23,4699441
8242159,24,14,23,4699469
8242559,23,12,22,1044377
8242735,24,13,23,1566599
8243327,23,13,22,3133423
8244079,23,13,22,3133709
8244527,24,14,23,4700819
8244895,23,12,22,1044673
8244991,24,14,23,4701083
8245279,23,13,22,3134165
8245471,24,12,23,522373
8245503,24,11,23,174125
8245759,24,14,23,4701521
8247263,24,14,23,4702379
8248047,23,13,22,3135217
8248447,23,12,22,1045123
8249151,23,13,22,3135637
8249567,23,12,22,1045265
8249583,23,12,22,1045267
8249663,24,14,23,4703747
8250783,23,11,22,348473
8251119,23,13,22,3136385
8251455,24,14,23,4704769
8252031,24,14,23,4705097
8252287,24,14,23,4705243
8252735,23,13,22,3136999
8253599,24,14,23,4705991
8253887,23,13,22,3137437
8254623,24,14,23,4706575
8254655,23,13,22,3137729
8254847,24,12,23,522967
8256255,23,13,22,3138337
8256623,23,12,22,1046159
8260543,23,13,22,3139967
8260719,24,12,23,523339
8260863,24,14,23,4710133
8260911,24,14,23,4710161
8261119,24,13,23,1570093
8261311,23,12,22,1046753
8262079,23,13,22,3140551
8262111,23,13,22,3140563
8262255,24,13,23,1570309
8262527,23,10,22,116323
8262687,24,13,23,1570391
8263999,24,14,23,4711921
8264863,23,12,22,1047203
8265183,23,13,22,3141731
8266367,24,14,23,4713271
8266431,23,13,22,3142205
8266991,24,13,23,1571209
8267503,24,14,23,4713919
8268015,24,14,23,4714211
8268735,23,13,22,3143081
8268959,24,12,23,523861
8269519,23,12,22,1047793
8269871,23,13,22,3143513
8269935,23,13,22,3143537
8270239,24,14,23,4715479
8270319,23,13,22,3143683
8270527,24,13,23,1571881
8270783,24,14,23,4715789
8272575,24,14,23,4716811
8272895,24,13,23,1572331
8273439,23,13,22,3144869
8274239,23,12,22,1048391
8275199,24,13,23,1572769
8275455,24,14,23,4718453
8276591,24,14,23,4719101
8276991,23,13,22,3146219
8277535,24,13,23,1573213
8278335,24,12,23,524455
8279295,23,13,22,3147095
8279711,23,13,22,3147253
8280095,24,14,23,4721099
8280127,24,14,23,4721117
8280783,24,14,23,4721491
8280863,23,13,22,3147691
8281279,23,10,22,116587
8281327,24,14,23,4721801
8282015,23,13,22,3148129
8282607,24,13,23,1574177
8283263,24,14,23,4722905
8283631,24,14,23,4723115
8283807,24,13,23,1574405
8284399,23,13,22,3149035
8284607,24,13,23,1574557
8285119,24,14,23,4723963
8285743,24,13,23,1574773
8286255,24,14,23,4724611
8286367,23,13,22,3149783
8287487,23,13,22,3150209
8287743,24,10,23,58339
8288287,23,11,22,350057
8290207,23,13,22,3151243
8291359,24,14,23,4727521
8291791,23,10,22,116735
8291839,23,11,22,350207
8292975,23,11,22,350255
8292991,23,12,22,1050767
8293183,24,13,23,1576187
8293359,23,13,22,3152441
8295151,24,13,23,1576561
8295359,23,12,22,1051067
8295551,24,13,23,1576637
8295887,24,11,23,175189
8296063,24,14,23,4730203
8296511,24,14,23,4730459
8297279,24,14,23,4730897
8298623,24,13,23,1577221
8298911,24,14,23,4731827
8299199,24,14,23,4731991
8299263,23,13,22,3154685
8299503,24,14,23,4732165
8299647,23,13,22,3154831
8300079,24,14,23,4732493
8300991,24,13,23,1577671
8301551,23,13,22,3155555
8302015,24,14,23,4733597
8302127,24,13,23,1577887
8302703,24,14,23,4733989
8303151,24,14,23,4734245
8303359,24,13,23,1578121
8303551,23,12,22,1052105
8303615,24,14,23,4734509
8304383,24,14,23,4734947
8304495,24,13,23,1578337
8304751,24,14,23,4735157
8305471,23,13,22,3157045
8305903,23,11,22,350801
8305919,23,12,22,1052405
8307455,23,13,22,3157799
8309407,23,10,22,116983
8309631,24,13,23,1579313
8309887,24,14,23,4738085
8310207,23,13,22,3158845
8311503,24,13,23,1579669
8312527,24,14,23,4739591
8312703,24,13,23,1579897
8312879,23,12,22,1053287
8312959,23,9,22,39011
8314559,24,14,23,4740749
8314815,24,14,23,4740895
8315327,24,14,23,4741187
8317039,24,12,23,526907
8317631,23,12,22,1053889
8318207,24,12,23,526981
8318255,24,14,23,4742857
8318399,23,13,22,3161959
8319519,23,13,22,3162385
8319535,23,13,22,3162391
8319999,23,12,22,1054189
8320031,24,14,23,4743869
8320111,24,13,23,1581305
8320767,23,13,22,3162859
8320879,24,13,23,1581451
8321151,23,11,22,351445
8322079,24,13,23,1581679
8324335,24,14,23,4746323
8324735,24,14,23,4746551
8324991,24,14,23,4746697
8325023,23,13,22,3164477
8325615,24,13,23,1582351
8326303,24,14,23,4747445
8326351,24,12,23,527497
8326639,24,14,23,4747637
8326943,23,12,22,1055069
8327583,24,12,23,527575
8327711,23,13,22,3165499
8328159,23,10,22,117247
8328351,24,13,23,1582871
8328911,23,13,22,3165955
8329343,23,11,22,351791
8329375,23,12,22,1055377
8329919,24,12,23,527723
8331679,23,12,22,1055669
8331775,24,14,23,4750565
8332031,24,14,23,4750711
8333215,23,13,22,3167591
8333567,24,14,23,4751587
8334079,24,14,23,4751879
8334367,24,14,23,4752043
8334847,23,13,22,3168211
8335551,23,13,22,3168479
8335679,24,14,23,4752791
8335983,24,14,23,4752965
8337727,24,13,23,1584653
8338127,24,11,23,176081
8338751,24,14,23,4754543
8339103,23,13,22,3169829
8339519,24,14,23,4754981
8339871,23,12,22,1056707
8339951,24,14,23,4755227
8340863,24,13,23,1585249
8340895,24,13,23,1585255
8341407,23,13,22,3170705
8342223,23,10,22,117445
8342255,24,14,23,4756541
8342943,24,14,23,4756933
8343023,23,13,22,3171319
8343455,24,14,23,4757225
8343743,23,13,22,3171593
8343775,23,13,22,3171605
8343791,23,13,22,3171611
8343807,23,13,22,3171617
8344191,23,13,22,3171763
8344223,24,14,23,4757663
8344255,24,14,23,4757681
8344959,23,13,22,3172055
8345599,24,13,23,1586149
8346111,24,14,23,4758739
8347103,24,13,23,1586435
8347327,23,13,22,3172955
8347695,23,13,22,3173095
8347871,24,13,23,1586581
8348127,24,14,23,4759889
8348911,23,13,22,3173557
8350447,23,12,22,1058047
8350575,24,13,23,1587095
8351215,23,13,22,3174433
8351599,23,10,22,117577
8351967,23,13,22,3174719
8352799,23,12,22,1058345
8353407,24,12,23,529211
8353999,24,14,23,4763237
8354687,24,14,23,4763629
8354879,24,13,23,1587913
8354943,24,13,23,1587925
8355135,23,12,22,1058641
8355711,24,12,23,529357
8355823,24,14,23,4764277
8355887,23,13,22,3176209
8355903,23,13,22,3176215
8356335,23,11,22,352931
8356351,23,12,22,1058795
8356799,24,14,23,4764833
8357791,24,14,23,4765399
8359023,23,13,22,3177401
8359471,24,14,23,4766357
8359935,24,14,23,4766621
8360159,23,13,22,3177833
8360639,24,14,23,4767023
8361007,24,14,23,4767233
8361263,24,14,23,4767379
8361407,23,13,22,3178307
8361983,24,13,23,1589263
8362239,24,14,23,4767935
8362943,23,13,22,3178891
8363119,24,13,23,1589479
8363311,23,12,22,1059677
8363711,23,13,22,3179183
8364063,24,14,23,4768975
8364143,23,13,22,3179347
8364511,23,12,22,1059829
8366879,24,14,23,4770581
8367263,23,13,22,3180533
8367855,24,13,23,1590379
8368367,24,14,23,4771429
8368831,23,13,22,3181129
8370383,24,14,23,4772579
8371199,23,13,22,3182029
8371583,24,14,23,4773263
8371615,24,14,23,4773281
8371647,24,14,23,4773299
8371919,23,13,22,3182303
8371967,23,13,22,3182321
8372159,24,12,23,530399
8372351,24,14,23,4773701
8372783,24,14,23,4773947
8374271,24,14,23,4774795
8375295,24,13,23,1591793
8375839,23,13,22,3183793
8376063,24,13,23,1591939
8376431,24,13,23,1592009
8376543,24,14,23,4776091
8376639,23,13,22,3184097
8377087,24,14,23,4776401
8378223,24,14,23,4777049
8378335,24,13,23,1592371
8378575,23,12,22,1061611
8378591,23,9,22,39319
8378623,23,12,22,1061617
8380575,23,13,22,3185593
8381759,24,14,23,4779065
8382159,24,14,23,4779293
8382671,24,12,23,531065
8383263,23,12,22,1062205
8383295,23,12,22,1062209
8383471,24,13,23,1593347
8383951,24,14,23,4780315
8384031,23,13,22,3186907
8384239,24,13,23,1593493
8385183,24,14,23,4781017
8385263,23,13,22,3187375
8385279,23,13,22,3187381
8385695,24,14,23,4781309
8385999,23,13,22,3187655
8386783,23,11,22,354217
8386815,23,12,22,1062655
8387199,23,13,22,3188111
8387999,23,12,22,1062805
8388335,23,13,22,3188543
8389887,24,14,23,4783699
8390111,24,13,23,1594609
8393327,24,14,23,4785661
8395071,24,14,23,4786655
8396015,24,13,23,1595731
8396415,24,13,23,1595807
8397439,24,14,23,4788005
8397951,24,12,23,532033
8397983,24,9,23,19705
8398143,24,14,23,4788407
8398575,24,14,23,4788653
8398719,24,13,23,1596245
8400319,24,12,23,532183
8400543,24,14,23,4789775
8401455,24,12,23,532255
8401599,24,14,23,4790377
8401855,24,13,23,1596841
8403423,24,13,23,1597139
8404223,24,13,23,1597291
8407359,24,9,23,19727
8408095,24,13,23,1598027
8408607,24,14,23,4794373
8409887,24,14,23,4795103
8410831,24,12,23,532849
8411199,24,13,23,1598617
8412031,24,12,23,532925
8412287,24,14,23,4796471
8414367,24,11,23,177691
8414591,24,14,23,4797785
8414703,24,13,23,1599283
8415679,24,14,23,4798405
8416191,24,14,23,4798697
8416735,24,8,23,6583
8416815,24,14,23,4799053
8417327,24,14,23,4799345
8418607,24,13,23,1600025
8421407,24,12,23,533519
8423743,24,11,23,177889
8426223,24,14,23,4804417
8426271,24,14,23,4804445
8428607,24,14,23,4805777
8428991,24,14,23,4805995
8429215,24,13,23,1602041
8429983,24,13,23,1602187
8430239,24,14,23,4806707
8430271,24,14,23,4806725
8431007,24,14,23,4807145
8432127,24,14,23,4807783
8432639,24,14,23,4808075
8433407,24,14,23,4808513
8433775,24,14,23,4808723
8435567,24,14,23,4809745
8442015,24,14,23,4813421
8442063,24,13,23,1604483
8442751,24,14,23,4813841
8444351,24,14,23,4814753
8445087,24,14,23,4815173
8445487,24,14,23,4815401
8447231,24,11,23,178385
8448111,24,14,23,4816897
8450303,24,13,23,1606049
8451103,24,13,23,1606201
8451615,24,14,23,4818895
8452927,24,14,23,4819643
8454207,24,12,23,535597
8454463,24,14,23,4820519
8454639,24,13,23,1606873
8454895,24,14,23,4820765
8455487,24,14,23,4821103
8455807,24,13,23,1607095
8456063,24,14,23,4821431
8456351,24,14,23,4821595
8456687,24,14,23,4821787
8460991,24,14,23,4824241
8461503,24,14,23,4824533
8461871,24,14,23,4824743
8462447,24,12,23,536119
8463103,24,14,23,4825445
8463839,24,14,23,4825865
8463871,24,14,23,4825883
8464239,24,14,23,4826093
8465439,24,14,23,4826777
8468511,24,14,23,4828529
8468719,24,13,23,1609549
8469231,24,14,23,4828939
8469375,24,14,23,4829021
8472015,24,14,23,4830527
8472223,24,13,23,1610215
8473023,24,12,23,536789
8474303,24,14,23,4831831
8475647,24,14,23,4832597
8476671,24,14,23,4833181
8477183,24,14,23,4833473
8477295,24,13,23,1611179
8477663,24,12,23,537083
8480623,24,14,23,4835435
8481391,24,14,23,4835873
8481599,24,13,23,1611997
8483311,24,14,23,4836967
8483615,24,14,23,4837141
8484303,24,13,23,1612511
8484479,24,14,23,4837633
8485023,24,14,23,4837943
8485071,24,13,23,1612657
8485103,24,13,23,1612663
8486047,24,14,23,4838527
8486127,24,14,23,4838573
8488495,24,14,23,4839923
8488863,24,14,23,4840133
8490751,24,14,23,4841209
8492335,24,14,23,4842113
8495423,24,14,23,4843873
8498671,24,14,23,4845725
8498927,24,14,23,4845871
8499439,24,14,23,4846163
8500095,24,14,23,4846537
8500351,24,13,23,1615561
8500383,24,13,23,1615567
8500639,24,14,23,4846847
8502719,24,13,23,1616011
8502975,24,14,23,4848179
8503231,24,14,23,4848325
8503743,24,14,23,4848617
8503855,24,13,23,1616227
8504223,24,13,23,1616297
8504879,24,14,23,4849265
8505087,24,13,23,1616461
8505343,24,14,23,4849529
8507615,24,14,23,4850825
8509759,24,13,23,1617349
8512127,24,13,23,1617799
8513151,24,14,23,4853981
8513231,24,13,23,1618009
8513663,24,13,23,1618091
8513743,24,14,23,4854319
8513999,24,11,23,179795
8514031,24,12,23,539387
8514255,24,14,23,4854611
8514719,24,14,23,4854875
8515231,24,11,23,179821
8516287,24,14,23,4855769
8516991,24,14,23,4856171
8518335,24,13,23,1618979
8518847,24,14,23,4857229
8519167,24,13,23,1619137
8519791,24,14,23,4857767
8519903,24,12,23,539759
8520671,24,13,23,1619423
8520703,24,13,23,1619429
8521183,24,14,23,4858561
8521471,24,13,23,1619575
8521839,24,13,23,1619645
8522495,24,14,23,4859309
8522863,24,14,23,4859519
8523631,24,14,23,4859957
8524095,24,14,23,4860221
8524831,24,14,23,4860641
8526543,24,13,23,1620539
8528367,24,14,23,4862657
8529311,24,12,23,540355
8530079,24,13,23,1621211
8531103,24,14,23,4864217
8531391,24,14,23,4864381
8531871,24,14,23,4864655
8532415,24,13,23,1621655
8532527,24,14,23,4865029
8535295,24,14,23,4866607
8538991,24,13,23,1622905
8539455,24,13,23,1622993
8539935,24,14,23,4869253
8540479,24,14,23,4869563
8540911,24,14,23,4869809
8541823,24,13,23,1623443
8541903,24,14,23,4870375
8542415,24,14,23,4870667
8543103,24,14,23,4871059
8544751,24,14,23,4871999
8545951,24,14,23,4872683
8546975,24,14,23,4873267
8548655,24,14,23,4874225
8548831,24,13,23,1624775
8549855,24,14,23,4874909
8551967,24,13,23,1625371
8552479,24,14,23,4876405
8555759,24,14,23,4878275
8556271,24,12,23,542063
8557439,24,12,23,542137
8557983,24,14,23,4879543
8559999,24,14,23,4880693
8560063,24,14,23,4880729
8560543,24,13,23,1627001
8560575,24,13,23,1627007
8560687,24,14,23,4881085
8561311,24,13,23,1627147
8563711,24,13,23,1627603
8563967,24,14,23,4882955
8565727,24,14,23,4883959
8565871,24,14,23,4884041
8565983,24,13,23,1628035
8566815,24,12,23,542731
8567583,24,13,23,1628339
8568351,24,13,23,1628485
8570495,24,14,23,4886677
8570751,24,13,23,1628941
8572063,24,14,23,4887571
8572719,24,6,23,745
8573343,24,14,23,4888301
8573887,24,12,23,543179
8574111,24,14,23,4888739
8574511,24,14,23,4888967
8575423,24,13,23,1629829
8576191,24,12,23,543325
8576303,24,14,23,4889989
8576559,24,13,23,1630045
8577535,24,14,23,4890691
8578015,24,14,23,4890965
8579183,24,14,23,4891631
8579839,24,14,23,4892005
8580127,24,13,23,1630723
8580351,24,14,23,4892297
8581439,24,14,23,4892917
8582255,24,14,23,4893383
8582687,24,14,23,4893629
8583231,24,10,23,60419
8583487,24,14,23,4894085
8584431,24,12,23,543847
8585711,24,14,23,4895353
8585967,24,13,23,1631833
8586703,24,12,23,543991
8587423,24,14,23,4896329
8587471,24,13,23,1632119
8588495,24,14,23,4896941
8589727,24,14,23,4897643
8590495,24,14,23,4898081
8591471,24,9,23,20159
8591839,24,13,23,1632949
8591871,24,13,23,1632955
8592063,24,14,23,4898975
8592127,24,14,23,4899011
8592895,24,14,23,4899449
8595311,24,13,23,1633609
8598047,24,13,23,1634129
8599791,24,14,23,4903381
8599871,24,14,23,4903427
8600303,24,14,23,4903673
8601471,24,14,23,4904339
8602783,24,13,23,1635029
8603183,24,12,23,545035
8603295,24,14,23,4905379
8604095,24,14,23,4905835
8604319,24,12,23,545107
8604607,24,14,23,4906127
8606463,24,14,23,4907185
8607855,24,11,23,181777
8608735,24,14,23,4908481
8609247,24,14,23,4908773
8612159,24,13,23,1636811
8612671,24,14,23,4910725
8612719,24,14,23,4910753
8613103,24,14,23,4910971
8614383,24,14,23,4911701
8614527,24,13,23,1637261
8615551,24,14,23,4912367
8617343,24,14,23,4913389
8617855,24,14,23,4913681
8618431,24,12,23,546001
8620511,24,14,23,4915195
8620543,24,14,23,4915213
8621567,24,13,23,1638599
8623071,24,12,23,546295
8623359,24,14,23,4916819
8627007,24,13,23,1639633
8628463,24,14,23,4919729
8628943,24,12,23,546667
8630479,24,13,23,1640293
8631455,24,14,23,4921435
8631711,24,13,23,1640527
8631743,24,13,23,1640533
8632767,24,14,23,4922183
8633647,24,12,23,546965
8634047,24,13,23,1640971
8634303,24,14,23,4923059
8634415,24,13,23,1641041
8634879,24,12,23,547043
8635647,24,13,23,1641275
8635903,24,14,23,4923971
8636159,24,14,23,4924117
8637039,24,14,23,4924619
8637439,24,14,23,4924847
8638319,24,12,23,547261
8638575,24,14,23,4925495
8638719,24,13,23,1641859
8639599,24,14,23,4926079
8640831,24,14,23,4926781
8643967,24,14,23,4928569
8644815,24,14,23,4929053
8645103,24,14,23,4929217
8645615,24,14,23,4929509
8645791,24,13,23,1643203
8646559,24,12,23,547783
8646591,24,10,23,60865
8647727,24,9,23,20291
8648383,24,14,23,4931087
8649983,24,14,23,4931999
8650975,24,14,23,4932565
8655167,24,13,23,1644985
8657135,24,12,23,548453
8658415,24,14,23,4936807
8659071,24,13,23,1645727
8659103,24,13,23,1645733
8660095,24,14,23,4937765
8660383,24,14,23,4937929
8660863,24,14,23,4938203
8661439,24,13,23,1646177
8662463,24,14,23,4939115
8663599,24,14,23,4939763
8664111,24,11,23,182965
8664831,24,14,23,4940465
8665711,24,13,23,1646989
8670015,24,12,23,549269
8670239,24,14,23,4943549
8670927,24,14,23,4943941
8672719,24,13,23,1648321
8672975,24,14,23,4945109
8673439,24,14,23,4945373
8674175,24,14,23,4945793
8674975,24,14,23,4946249
8675775,24,14,23,4946705
8675887,24,12,23,549641
8676031,24,14,23,4946851
8677855,24,13,23,1649297
8679535,24,14,23,4948849
8679615,24,14,23,4948895
8679727,24,13,23,1649653
8680751,24,14,23,4949543
8680927,24,13,23,1649881
8683039,24,14,23,4950847
8683551,24,14,23,4951139
8685263,24,12,23,550235
8686831,24,13,23,1651003
8687087,24,14,23,4953155
8687343,24,14,23,4953301
8687855,24,14,23,4953593
8688335,24,13,23,1651289
8689055,24,14,23,4954277
8689103,24,13,23,1651435
8690111,24,14,23,4954879
8691359,24,14,23,4955591
8691759,24,14,23,4955819
8693215,24,14,23,4956649
8693503,24,12,23,550757
8693871,24,13,23,1652341
8695039,24,13,23,1652563
8697055,24,14,23,4958839
8697887,24,14,23,4959313
8700399,24,14,23,4960745
8702079,24,13,23,1653901
8702447,24,13,23,1653971
8702959,24,14,23,4962205
8703903,24,14,23,4962743
8704207,24,14,23,4962917
8704415,24,13,23,1654345
8704959,24,14,23,4963345
8705471,24,14,23,4963637
8708207,24,14,23,4965197
8709087,24,13,23,1655233
8712447,24,14,23,4967615
8715327,24,13,23,1656419
8715391,24,13,23,1656431
8715503,24,14,23,4969357
8716351,24,14,23,4969841
8716527,24,13,23,1656647
8718799,24,13,23,1657079
8720831,24,13,23,1657465
8722431,24,13,23,1657769
8722911,24,14,23,4973581
8722943,24,14,23,4973599
8723567,24,13,23,1657985
8723935,24,12,23,552685
8724591,24,14,23,4974539
8724703,24,13,23,1658201
8727359,24,14,23,4976117
8728703,24,8,23,6827
8731263,24,14,23,4978343
8731343,24,13,23,1659463
8732543,24,13,23,1659691
8732831,24,14,23,4979237
8734255,24,14,23,4980049
8735167,24,14,23,4980569
8736511,24,13,23,1660445
8737535,24,14,23,4981919
8738047,24,12,23,553579
8739807,24,14,23,4983215
8740383,24,12,23,553727
8744175,24,14,23,4985705
8744655,24,13,23,1661993
8744687,24,13,23,1661999
8746143,24,14,23,4986827
8746447,24,14,23,4987001
8748591,24,10,23,61583
8748703,24,14,23,4988287
8748735,24,14,23,4988305
8748959,24,13,23,1662811
8749983,24,14,23,4989017
8751103,24,14,23,4989655
8751615,24,14,23,4989947
8752383,24,14,23,4990385
8754207,24,14,23,4991425
8754399,24,12,23,554615
8755519,24,14,23,4992173
8757999,24,12,23,554843
8758079,24,14,23,4993633
8759167,24,12,23,554917
8759535,24,13,23,1664821
8759935,24,13,23,1664897
8760303,24,12,23,554989
8761551,24,14,23,4995613
8762815,24,14,23,4996333
8764719,24,14,23,4997419
8765551,24,14,23,4997893
8765951,24,14,23,4998121
8766367,24,14,23,4998359
8766463,24,14,23,4998413
8766943,24,13,23,1666229
8767343,24,10,23,61715
8767599,24,14,23,4999061
8768543,24,12,23,555511
8771647,24,13,23,1667123
8775039,24,14,23,5003303
8775327,24,14,23,5003467
8775583,24,9,23,20591
8775807,24,14,23,5003741
8775839,24,14,23,5003759
8776175,24,14,23,5003951
8778687,24,13,23,1668461
8779055,24,12,23,556177
8779455,24,13,23,1668607
8779711,24,14,23,5005967
8779775,24,14,23,5006003
8780255,24,12,23,556253
8780479,24,14,23,5006405
8782047,24,14,23,5007299
8782815,24,14,23,5007737
8782847,24,14,23,5007755
8783983,24,14,23,5008403
8784959,24,8,23,6871
8786463,24,13,23,1669939
8788207,24,14,23,5010811
8788719,24,14,23,5011103
8789663,24,12,23,556849
8791455,24,14,23,5012663
8791967,24,11,23,185665
8792223,24,14,23,5013101
8794303,24,12,23,557143
8794335,24,9,23,20635
8794559,24,14,23,5014433
8795135,24,13,23,1671587
8795647,24,14,23,5015053
8795903,24,13,23,1671733
8796271,24,13,23,1671803
8796783,24,14,23,5015701
8801087,24,14,23,5018155
8801599,24,14,23,5018447
8801999,24,14,23,5018675
8802543,24,12,23,557665
8802943,24,13,23,1673071
8803199,24,14,23,5019359
8803791,24,14,23,5019697
8803967,24,14,23,5019797
8806079,24,11,23,185963
8806815,24,13,23,1673807
8806959,24,14,23,5021503
8807583,24,13,23,1673953
8810719,24,11,23,186061
8810975,24,14,23,5023793
8811119,24,13,23,1674625
8815855,24,13,23,1675525
8816255,24,13,23,1675601
8816335,24,14,23,5026849
8816879,24,14,23,5027159
8816959,24,13,23,1675735
8818159,24,13,23,1675963
8818415,24,14,23,5028035
8819359,24,13,23,1676191
8819583,24,14,23,5028701
8821695,24,13,23,1676635
8821951,24,14,23,5030051
8822687,24,14,23,5030471
8822719,24,14,23,5030489
8823711,24,14,23,5031055
8824287,24,14,23,5031383
8824319,24,14,23,5031401
8824575,24,14,23,5031547
8824943,24,14,23,5031757
8828959,24,14,23,5034047
8829727,24,14,23,5034485
8830591,24,14,23,5034977
8830671,24,12,23,559447
8830703,24,10,23,62161
8831871,24,12,23,559523
8832463,24,14,23,5036045
8832495,24,14,23,5036063
8833151,24,14,23,5036437
8836031,24,14,23,5038079
8837599,24,14,23,5038973
8837631,24,14,23,5038991
8838335,24,14,23,5039393
8839279,24,13,23,1679977
8840191,24,14,23,5040451
8840447,24,13,23,1680199
8845519,24,13,23,1681163
8845551,24,13,23,1681169
8845951,24,11,23,186805
8846575,24,14,23,5044091
8848847,24,14,23,5045387
8849055,24,13,23,1681835
8849615,24,14,23,5045825
8849823,24,13,23,1681981
8850111,24,14,23,5046107
8850623,24,12,23,560711
8851903,24,14,23,5047129
8852223,24,13,23,1682437
8852479,24,14,23,5047457
8852527,24,13,23,1682495
8853247,24,14,23,5047895
8853759,24,13,23,1682729
8854127,24,12,23,560933
8858943,24,14,23,5051143
8859263,24,13,23,1683775
8859887,24,14,23,5051681
8860143,24,14,23,5051827
8860191,24,14,23,5051855
8860799,24,13,23,1684067
8861823,24,14,23,5052785
8863135,24,13,23,1684511
8863727,24,14,23,5053871
8863903,24,13,23,1684657
8864927,24,14,23,5054555
8865327,24,14,23,5054783
8866463,24,14,23,5055431
8866815,24,14,23,5055631
8868319,24,14,23,5056489
8871455,24,14,23,5058277
8871967,24,14,23,5058569
8874223,24,14,23,5059855
8874303,24,14,23,5059901
8874879,24,13,23,1686743
8876191,24,14,23,5060977
8876447,24,10,23,62483
8876671,24,14,23,5061251
8878783,24,12,23,562495
8880031,24,14,23,5063167
8880575,24,14,23,5063477
8880687,24,13,23,1687847
8881151,24,12,23,562645
8881919,24,13,23,1688081
8883711,24,14,23,5065265
8885215,24,14,23,5066123
8885279,24,14,23,5066159
8885471,24,14,23,5066269
8887071,24,14,23,5067181
8888015,24,14,23,5067719
8888127,24,12,23,563087
8889071,24,14,23,5068321
8889583,24,14,23,5068613
8890063,24,13,23,1689629
8890239,24,14,23,5068987
8890527,24,12,23,563239
8891087,24,14,23,5069471
8891855,24,14,23,5069909
8892063,24,13,23,1690009
8895791,24,14,23,5072153
8896559,24,14,23,5072591
8896735,24,13,23,1690897
8897023,24,14,23,5072855
8899439,24,13,23,1691411
8899615,24,14,23,5074333
8900463,24,14,23,5074817
8900639,24,13,23,1691639
8903807,24,13,23,1692241
8904575,24,10,23,62681
8904943,24,13,23,1692457
8906399,24,14,23,5078201
8907215,24,13,23,1692889
8908447,24,13,23,1693123
8908703,24,14,23,5079515
8910015,24,13,23,1693421
8910127,24,14,23,5080327
8910591,24,14,23,5080591
8910783,24,13,23,1693567
8911327,24,14,23,5081011
8911471,24,14,23,5081093
8916287,24,12,23,564871
8917535,24,14,23,5084551
8919279,24,14,23,5085545
8919935,24,14,23,5085919
8920223,24,13,23,1695361
8920735,24,14,23,5086375
8921215,24,14,23,5086649
8921535,24,14,23,5086831
8923583,24,14,23,5087999
8925663,24,12,23,565465
8927455,24,14,23,5090207
8928223,24,14,23,5090645
8928799,24,13,23,1696991
8929599,24,13,23,1697143
8932159,24,14,23,5092889
8932479,24,14,23,5093071
8932847,24,14,23,5093281
8934015,24,14,23,5093947
8934095,24,14,23,5093993
8934271,24,13,23,1698031
8935871,24,13,23,1698335
8937007,24,13,23,1698551
8937519,24,14,23,5095945
8938031,24,14,23,5096237
8938975,24,13,23,1698925
8939631,24,14,23,5097149
8941055,24,14,23,5097961
8942191,24,14,23,5098609
8942815,24,13,23,1699655
8944415,24,12,23,566653
8944447,24,11,23,188885
8946927,24,14,23,5101309
8947407,24,14,23,5101583
8948895,24,14,23,5102431
8949663,24,14,23,5102869
8949919,24,13,23,1701005
8950319,24,9,23,21001
8950431,24,14,23,5103307
8950479,24,14,23,5103335
8950719,24,13,23,1701157
8952767,24,14,23,5104639
8953023,24,13,23,1701595
8954623,24,13,23,1701899
8955391,24,13,23,1702045
8955647,24,14,23,5106281
8955759,24,13,23,1702115
8958271,24,14,23,5107777
8959695,24,9,23,21023
8962799,24,13,23,1703453
8962943,24,14,23,5110441
8963455,24,14,23,5110733
8963535,24,13,23,1703593
8963567,24,13,23,1703599
8963823,24,14,23,5110943
8964591,24,14,23,5111381
8966703,24,11,23,189355
8969071,24,8,23,7015
8969695,24,14,23,5114291
8970463,24,14,23,5114729
8975999,24,14,23,5117885
8976079,24,11,23,189553
8977471,24,14,23,5118725
8978415,24,12,23,568807
8978671,24,14,23,5119409
8979103,24,14,23,5119655
8979391,24,14,23,5119819
8980383,24,13,23,1706795
8980895,24,14,23,5120677
8980943,24,14,23,5120705
8981183,24,13,23,1706947
8981695,24,14,23,5121133
8982207,24,14,23,5121425
8982575,24,14,23,5121635
8983551,24,13,23,1707397
8984575,24,14,23,5122775
8985199,24,14,23,5123131
8985567,24,14,23,5123341
8985711,24,14,23,5123423
8986079,24,14,23,5123633
8986655,24,12,23,569329
8986847,24,14,23,5124071
8989823,24,13,23,1708589
8990191,24,11,23,189851
8991615,24,14,23,5126789
8992895,24,13,23,1709173
8994495,24,13,23,1709477
8994751,24,14,23,5128577
8997887,24,14,23,5130365
8998399,24,12,23,570073
8999135,24,13,23,1710359
8999167,24,13,23,1710365
9000191,24,14,23,5131679
9001071,24,13,23,1710727
9002527,24,14,23,5133011
9005183,24,14,23,5134525
9005263,24,14,23,5134571
9005695,24,14,23,5134817
9005807,24,13,23,1711627
9006063,24,14,23,5135027
9006543,24,12,23,570589
9006799,24,14,23,5135447
9006831,24,14,23,5135465
9007263,24,14,23,5135711
9007775,24,12,23,570667
9007823,24,14,23,5136031
9009855,24,14,23,5137189
9010111,24,12,23,570815
9010367,24,14,23,5137481
9011711,24,13,23,1712749
9012191,24,14,23,5138521
9012223,24,14,23,5138539
9014815,24,10,23,63457
9016543,24,14,23,5141003
9019199,24,14,23,5142517
9020143,24,14,23,5143055
9021087,24,13,23,1714531
9021311,24,14,23,5143721
9021599,24,14,23,5143885
9022079,24,14,23,5144159
9022447,24,14,23,5144369
9023135,24,14,23,5144761
9024447,24,14,23,5145509
9027807,24,14,23,5147425
9028639,24,14,23,5147899
9029087,24,14,23,5148155
9030687,24,14,23,5149067
9033935,24,13,23,1716973
9034223,24,14,23,5151083
9034735,24,12,23,572375
9034879,24,14,23,5151457
9035903,24,12,23,572449
9036015,24,14,23,5152105
9036671,24,13,23,1717493
9037359,24,14,23,5152871
9038239,24,12,23,572597
9040831,24,14,23,5154851
9041199,24,14,23,5155061
9042175,24,13,23,1718539
9042399,24,14,23,5155745
9043055,24,14,23,5156119
9043999,24,14,23,5156657
9046079,24,13,23,1719281
9047759,24,14,23,5158801
9047839,24,14,23,5158847
9051295,24,14,23,5160817
9051551,24,13,23,1720321
9051583,24,13,23,1720327
9051807,24,14,23,5161109
9052575,24,14,23,5161547
9052607,24,14,23,5161565
9052719,24,13,23,1720543
9055423,24,13,23,1721057
9055487,24,13,23,1721069
9056447,24,14,23,5163755
9056559,24,13,23,1721273
9057279,24,14,23,5164229
9057327,24,13,23,1721419
9058415,24,14,23,5164877
9058527,24,13,23,1721647
9060671,24,14,23,5166163
9062095,24,13,23,1722325
9062895,24,12,23,574159
9064687,24,14,23,5168453
9068799,24,8,23,7093
9068959,24,14,23,5170889
9070079,24,14,23,5171527
9071359,24,14,23,5172257
9072239,24,12,23,574751
9073695,24,14,23,5173589
9076431,24,14,23,5175149
9078911,24,13,23,1725521
9079423,24,14,23,5176855
9080735,24,14,23,5177603
9081791,24,14,23,5178205
9082415,24,13,23,1726187
9083439,24,14,23,5179145
9084207,24,14,23,5179583
9084415,24,13,23,1726567
9089055,24,13,23,1727449
9091791,24,13,23,1727969
9091967,24,14,23,5184007
9092159,24,12,23,576013
9092223,24,12,23,576017
9092815,24,14,23,5184491
9092927,24,13,23,1728185
9092991,24,13,23,1728197
9094015,24,14,23,5185175
9094127,24,13,23,1728413
9094303,24,14,23,5185339
9094591,24,12,23,576167
9094895,24,13,23,1728559
9095615,24,14,23,5186087
9096895,24,12,23,576313
9098431,24,13,23,1729231
9099311,24,14,23,5188195
9100031,24,13,23,1729535
9100399,24,12,23,576535
9100767,24,13,23,1729675
9103679,24,14,23,5190685
9105647,24,14,23,5191807
9106047,24,14,23,5192035
9107695,24,14,23,5192975
9108639,24,12,23,577057
9108863,24,14,23,5193641
9110175,24,13,23,1731463
9110463,24,14,23,5194553
9111199,24,14,23,5194973
9112575,24,13,23,1731919
9112767,24,14,23,5195867
9112879,24,13,23,1731977
9113599,24,14,23,5196341
9113647,24,13,23,1732123
9113711,24,13,23,1732135
9114671,24,14,23,5196953
9115679,24,9,23,21389
9115903,24,14,23,5197655
9116271,24,14,23,5197865
9118015,24,12,23,577651
9119807,24,14,23,5199881
9119983,24,13,23,1733327
9120383,24,12,23,577801
9122943,24,14,23,5201669
9125279,24,14,23,5203001
9125311,24,14,23,5203019
9126303,24,14,23,5203585
9126447,24,14,23,5203667
9127391,24,12,23,578245
9127423,24,11,23,192749
9128559,24,11,23,192773
9132063,24,11,23,192847
9133775,24,14,23,5207845
9134831,24,13,23,1736149
9135567,24,10,23,64307
9135823,24,14,23,5209013
9136255,24,14,23,5209259
9136879,24,14,23,5209615
9137023,24,14,23,5209697
9137135,24,13,23,1736587
9138879,24,14,23,5210755
9140927,24,14,23,5211923
9141183,24,14,23,5212069
9142383,24,14,23,5212753
9142495,24,14,23,5212817
9142783,24,14,23,5212981
9142831,24,14,23,5213009
9143039,24,13,23,1737709
9143263,24,14,23,5213255
9143295,24,14,23,5213273
9144063,24,14,23,5213711
9147935,24,14,23,5215919
9148479,24,12,23,579581
9149247,24,13,23,1738889
9149567,24,14,23,5216849
9150271,24,14,23,5217251
9152207,24,14,23,5218355
9152671,24,14,23,5218619
9153215,24,12,23,579881
9153983,24,13,23,1739789
9154495,24,14,23,5219659
9155119,24,13,23,1740005
9156287,24,13,23,1740227
9156351,24,13,23,1740239
9156655,24,12,23,580099
9159711,24,14,23,5222633
9161583,24,14,23,5223701
9162047,24,14,23,5223965
9162527,24,12,23,580471
9162783,24,14,23,5224385
9163503,24,14,23,5224795
9164415,24,14,23,5225315
9164495,24,13,23,1741787
9165007,24,14,23,5225653
9165295,24,13,23,1741939
9165807,24,14,23,5226109
9166319,24,14,23,5226401
9167295,24,11,23,193591
9169311,24,14,23,5228107
9170687,24,14,23,5228891
9171423,24,14,23,5229311
9171455,24,14,23,5229329
9172159,24,14,23,5229731
9173247,24,14,23,5230351
9177919,24,14,23,5233015
9178431,24,14,23,5233307
9178607,24,13,23,1744469
9178863,24,14,23,5233553
9179343,24,13,23,1744609
9179775,24,13,23,1744691
9180287,24,14,23,5234365
9180543,24,13,23,1744837
9180575,24,13,23,1744843
9180831,24,14,23,5234675
9182623,24,14,23,5235697
9182655,24,14,23,5235715
9183167,24,14,23,5236007
9183791,24,14,23,5236363
9185183,24,13,23,1745719
9186047,24,11,23,193987
9187807,24,14,23,5238653
9190175,24,14,23,5240003
9190719,24,12,23,582257
9190943,24,14,23,5240441
9193167,24,14,23,5241709
9193967,24,14,23,5242165
9194223,24,12,23,582479
9194479,24,14,23,5242457
9195423,24,11,23,194185
9195679,24,14,23,5243141
9196479,24,14,23,5243597
9198527,24,13,23,1748255
9198895,24,12,23,582775
9199295,24,13,23,1748401
9199359,24,13,23,1748413
9200095,24,12,23,582851
9200895,24,13,23,1748705
9201919,24,14,23,5246699
9203311,24,14,23,5247493
9203935,24,13,23,1749283
9204959,24,14,23,5248433
9206559,24,14,23,5249345
9207503,24,13,23,1749961
9208559,24,14,23,5250485
9209503,24,12,23,583447
9211295,24,14,23,5252045
9211327,24,14,23,5252063
9211439,24,13,23,1750709
9212063,24,14,23,5252483
9212607,24,13,23,1750931
9214511,24,13,23,1751293
9215487,24,14,23,5254435
9216767,24,14,23,5255165
9218847,24,12,23,584039
9220127,24,14,23,5257081
9222351,24,12,23,584261
9222783,24,13,23,1752865
9223295,24,14,23,5258887
9223551,24,11,23,194779
9224943,24,14,23,5259827
9225375,24,14,23,5260073
9225663,24,14,23,5260237
9226655,24,13,23,1753601
9229503,24,14,23,5262427
9230191,24,13,23,1754273
9234751,24,14,23,5265419
9235695,24,13,23,1755319
9236719,24,14,23,5266541
9237119,24,14,23,5266769
9237631,24,12,23,585229
9238175,24,14,23,5267371
9239167,24,13,23,1755979
9239535,24,13,23,1756049
9240559,24,14,23,5268731
9242527,24,14,23,5269853
9243103,24,13,23,1756727
9243903,24,13,23,1756879
9244159,24,14,23,5270783
9244783,24,14,23,5271139
9248799,24,14,23,5273429
9250111,24,13,23,1758059
9250431,24,14,23,5274359
9250879,24,13,23,1758205
9250943,24,13,23,1758217
9251455,24,14,23,5274943
9253535,24,14,23,5276129
9254303,24,14,23,5276567
9255295,24,14,23,5277133
9256239,24,14,23,5277671
9257471,24,14,23,5278373
9258463,24,14,23,5278939
9260543,24,14,23,5280125
9261279,24,14,23,5280545
9261311,24,14,23,5280563
9265903,24,14,23,5283181
9267663,24,13,23,1761395
9268687,24,14,23,5284769
9269695,24,13,23,1761781
9269919,24,14,23,5285471
9269951,24,14,23,5285489
9272255,24,14,23,5286803
9272575,24,14,23,5286985
9272799,24,10,23,65273
9274111,24,14,23,5287861
9276271,24,12,23,587677
9277039,24,13,23,1763177
9278239,24,13,23,1763405
9278703,24,12,23,587831
9279007,24,13,23,1763551
9279551,24,14,23,5290963
9279695,24,14,23,5291045
9279727,24,14,23,5291063
9281007,24,12,23,587977
9281151,24,14,23,5291875
9281663,24,14,23,5292167
9281695,24,14,23,5292185
9282543,24,13,23,1764223
9282975,24,13,23,1764305
9284031,24,14,23,5293517
9284287,24,14,23,5293663
9285167,24,14,23,5294165
9286655,24,14,23,5295013
9287791,24,14,23,5295661
9288159,24,14,23,5295871
9289759,24,14,23,5296783
9293119,24,13,23,1766233
9294575,24,14,23,5299529
9294719,24,13,23,1766537
9295487,24,13,23,1766683
9296879,24,14,23,5300843
9297823,24,13,23,1767127
9298047,24,14,23,5301509
9298479,24,14,23,5301755
9298623,24,12,23,589093
9298815,24,14,23,5301947
9300383,24,14,23,5302841
9301295,24,13,23,1767787
9302127,24,12,23,589315
9302319,24,14,23,5303945
9302495,24,13,23,1768015
9302527,24,13,23,1768021
9303263,24,12,23,589387
9303551,24,14,23,5304647
9303919,24,14,23,5304857
9307855,24,14,23,5307101
9309423,24,14,23,5307995
9310367,24,12,23,589837
9310415,24,14,23,5308561
9311615,24,14,23,5309245
9311647,24,14,23,5309263
9311903,24,13,23,1769803
9312639,24,12,23,589981
9313471,24,13,23,1770101
9313839,24,12,23,590057
9314239,24,13,23,1770247
9315839,24,13,23,1770551
9316095,24,14,23,5311799
9317567,24,14,23,5312639
9318703,24,14,23,5313287
9320479,24,13,23,1771433
9321247,24,13,23,1771579
9321791,24,14,23,5315047
9322991,24,14,23,5315731
9323983,24,13,23,1772099
9324703,24,14,23,5316707
9325039,24,14,23,5316899
9325295,24,14,23,5317045
9327919,24,9,23,21887
9328175,24,14,23,5318687
9328575,24,14,23,5318915
9329663,24,14,23,5319535
9329919,24,13,23,1773227
9330175,24,14,23,5319827
9331167,24,14,23,5320393
9331679,24,14,23,5320685
9332591,24,12,23,591245
9332991,24,13,23,1773811
9333359,24,13,23,1773881
9334383,24,14,23,5322227
9335327,24,13,23,1774255
9337295,24,8,23,7303
9337327,24,12,23,591545
9337663,24,13,23,1774699
9337919,24,14,23,5324243
9338095,24,13,23,1774781
9338607,24,14,23,5324635
9340319,24,14,23,5325611
9340399,24,13,23,1775219
9340575,24,14,23,5325757
9341055,24,14,23,5326031
9342367,24,13,23,1775593
9342399,24,13,23,1775599
9344047,24,14,23,5327737
9344303,24,11,23,197329
9344559,24,14,23,5328029
9345023,24,14,23,5328293
9345279,24,14,23,5328439
9345791,24,14,23,5328731
9346159,24,14,23,5328941
9349919,24,14,23,5331085
9349951,24,14,23,5331103
9350463,24,14,23,5331395
9351407,24,11,23,197479
9351807,24,13,23,1777387
9353423,24,14,23,5333083
9353855,24,14,23,5333329
9353935,24,14,23,5333375
9354303,24,14,23,5333585
9354367,24,14,23,5333621
9354399,24,14,23,5333639
9354655,24,14,23,5333785
9355071,24,14,23,5334023
9355967,24,14,23,5334533
9356223,24,14,23,5334679
9356271,24,14,23,5334707
9356735,24,14,23,5334971
9356847,24,13,23,1778345
9358015,24,13,23,1778567
9359039,24,14,23,5336285
9359839,24,14,23,5336741
9359919,24,13,23,1778929
9362031,24,14,23,5337991
9362175,24,14,23,5338073
9362543,24,14,23,5338283
9362975,24,14,23,5338529
9363775,24,14,23,5338985
9364287,24,10,23,65917
9366767,24,14,23,5340691
9367279,24,14,23,5340983
9368735,24,14,23,5341813
9368959,24,12,23,593549
9369247,24,14,23,5342105
9369295,24,13,23,1780711
9370047,24,14,23,5342561
9370783,24,14,23,5342981
9371695,24,13,23,1781167
9374831,24,12,23,593921
9374975,24,14,23,5345371
9375023,24,14,23,5345399
9375231,24,13,23,1781839
9375999,24,12,23,593995
9376047,24,14,23,5345983
9378111,24,14,23,5347159
9378591,24,14,23,5347433
9380159,24,14,23,5348327
9380591,24,14,23,5348573
9382527,24,14,23,5349677
9382639,24,13,23,1783247
9383071,24,12,23,594443
9383407,24,13,23,1783393
9384351,24,14,23,5350717
9384607,24,13,23,1783621
9389535,24,14,23,5353673
9392447,24,12,23,595037
9395439,24,14,23,5357039
9395519,24,13,23,1785695
9396719,24,13,23,1785923
9400767,24,14,23,5360077
9401903,24,14,23,5360725
9402047,24,14,23,5360807
9404895,24,13,23,1787477
9405471,24,14,23,5362759
9408895,24,7,23,2453
9409775,24,14,23,5365213
9410175,24,14,23,5365441
9410623,24,14,23,5365697
9411279,24,14,23,5366071
9411391,24,14,23,5366135
9411455,24,14,23,5366171
9412735,24,13,23,1788967
9413615,24,14,23,5367403
9414191,24,14,23,5367731
9415103,24,13,23,1789417
9415359,24,14,23,5368397
9416127,24,14,23,5368835
9416239,24,13,23,1789633
9417263,24,14,23,5369483
9417727,24,14,23,5369747
9418239,24,12,23,596671
9418431,24,14,23,5370149
9418799,24,14,23,5370359
9418863,24,14,23,5370395
9419007,24,13,23,1790159
9419519,24,14,23,5370769
9420831,24,14,23,5371517
9423647,24,13,23,1791041
9424671,24,14,23,5373707
9426639,24,14,23,5374829
9427647,24,9,23,22121
9428383,24,13,23,1791941
9428895,24,14,23,5376115
9428927,24,14,23,5376133
9432319,24,12,23,597563
9432367,24,14,23,5378095
9432575,24,14,23,5378213
9434223,24,13,23,1793051
9434335,24,14,23,5379217
9434991,24,13,23,1793197
9438527,24,13,23,1793869
9439359,24,12,23,598009
9440463,24,12,23,598079
9441439,24,14,23,5383267
9441695,24,12,23,598157
9441919,24,14,23,5383541
9442463,24,13,23,1794617
9442863,24,12,23,598231
9444031,24,11,23,199435
9444911,24,14,23,5385247
9446143,24,14,23,5385949
9451839,24,13,23,1796399
9452863,24,14,23,5389781
9453807,24,13,23,1796773
9454063,24,14,23,5390465
9454463,24,14,23,5390693
9456367,24,14,23,5391779
9459647,24,13,23,1797883
9460191,24,14,23,5393959
9460223,24,14,23,5393977
9460479,24,12,23,599347
9460671,24,14,23,5394233
9460735,24,14,23,5394269
9461039,24,14,23,5394443
9461215,24,13,23,1798181
9462239,24,14,23,5395127
9462815,24,12,23,599495
9463039,24,14,23,5395583
9463663,24,14,23,5395939
9466399,24,14,23,5397499
9466655,24,13,23,1799215
9467519,24,11,23,199931
9468143,24,14,23,5398493
9468399,24,14,23,5398639
9468623,24,12,23,599863
9468991,24,13,23,1799659
9469823,24,12,23,599939
9471391,24,13,23,1800115
9471647,24,14,23,5400491
9471903,24,14,23,5400637
9473215,24,14,23,5401385
9474559,24,12,23,600239
9474751,24,14,23,5402261
9475119,24,14,23,5402471
9475775,24,14,23,5402845
9476095,24,13,23,1801009
9476351,24,14,23,5403173
9477087,24,14,23,5403593
9477231,24,13,23,1801225
9480991,24,14,23,5405819
9481935,24,13,23,1802119
9482735,24,12,23,600757
9483135,24,13,23,1802347
9483391,24,14,23,5407187
9484495,24,14,23,5407817
9485471,24,13,23,1802791
9485727,24,14,23,5408519
9486271,24,11,23,200327
9487007,24,13,23,1803083
9488799,24,14,23,5410271
9488895,24,14,23,5410325
9489663,24,14,23,5410763
9490655,24,14,23,5411329
9494847,24,13,23,1804573
9496783,24,11,23,200549
9497583,24,13,23,1805093
9498351,24,13,23,1805239
9499775,24,14,23,5416529
9499807,24,14,23,5416547
9500031,24,14,23,5416675
9500095,24,14,23,5416711
9501679,24,14,23,5417615
9501887,24,13,23,1805911
9501999,24,14,23,5417797
9502767,24,14,23,5418235
9504511,24,14,23,5419229
9505247,24,14,23,5419649
9505903,24,14,23,5420023
9509183,24,14,23,5421893
9510607,24,14,23,5422705
9510719,24,14,23,5422769
9511551,24,14,23,5423243
9512063,24,12,23,602615
9512255,24,14,23,5423645
9512687,24,14,23,5423891
9512831,24,13,23,1807991
9514143,24,14,23,5424721
9515711,24,14,23,5425615
9519871,24,13,23,1809329
9520383,24,14,23,5428279
9520639,24,13,23,1809475
9521775,24,13,23,1809691
9522031,24,14,23,5429219
9522207,24,13,23,1809773
9522719,24,14,23,5429611
9523519,24,14,23,5430067
9525279,24,13,23,1810357
9526143,24,11,23,201169
9526511,24,13,23,1810591
9529791,24,14,23,5433643
9529807,24,14,23,5433653
9530015,24,13,23,1811257
9530047,24,13,23,1811263
9530303,24,14,23,5433935
9531439,24,14,23,5434583
9532415,24,13,23,1811713
9532719,24,13,23,1811771
9533439,24,14,23,5435723
9534063,24,14,23,5436079
9534575,24,14,23,5436371
9535519,24,11,23,201367
9538415,24,14,23,5438561
9539183,24,14,23,5438999
9540079,24,14,23,5439509
9540223,24,12,23,604399
9540335,24,14,23,5439655
9540383,24,14,23,5439683
9540847,24,14,23,5439947
9541791,24,13,23,1813495
9542127,24,13,23,1813559
9543151,24,14,23,5441261
9543327,24,13,23,1813787
9544127,24,13,23,1813939
9544383,24,14,23,5441963
9545119,24,14,23,5442383
9545263,24,13,23,1814155
9547887,24,14,23,5443961
9548399,24,10,23,67213
9548767,24,13,23,1814821
9551391,24,14,23,5445959
9554159,24,14,23,5447537
9555071,24,13,23,1816019
9556639,24,10,23,67271
9557375,24,13,23,1816457
9557887,24,14,23,5449663
9558975,24,12,23,605587
9559743,24,13,23,1816907
9560111,24,12,23,605659
9560511,24,13,23,1817053
9560767,24,14,23,5451305
9562223,24,14,23,5452135
9562879,24,13,23,1817503
9563391,24,14,23,5452801
9564271,24,14,23,5453303
9565407,24,14,23,5453951
9567263,24,14,23,5455009
9568319,24,12,23,606179
9568895,24,14,23,5455939
9569599,24,14,23,5456341
9570175,24,14,23,5456669
9570431,24,14,23,5456815
9571487,24,13,23,1819139
9571535,24,14,23,5457445
9572255,24,13,23,1819285
9572511,24,14,23,5458001
9572767,24,14,23,5458147
9573935,24,14,23,5458813
9574783,24,14,23,5459297
9575983,24,14,23,5459981
9576559,24,12,23,606701
9577215,24,14,23,5460683
9577727,24,12,23,606775
9579263,24,13,23,1820617
9579551,24,14,23,5462015
9579631,24,13,23,1820687
9580863,24,13,23,1820921
9582623,24,14,23,5463767
9584767,24,10,23,67469
9584879,24,14,23,5465053
9586159,24,14,23,5465783
9587103,24,12,23,607369
9587135,24,11,23,202457
9588639,24,13,23,1822399
9590527,24,14,23,5468273
9590783,24,14,23,5468419
9591039,24,13,23,1822855
9591295,24,14,23,5468711
9591551,24,14,23,5468857
9591775,24,11,23,202555
9593887,24,14,23,5470189
9594735,24,14,23,5470673
9595503,24,14,23,5471111
9597727,24,14,23,5472379
9598415,24,13,23,1824257
9599039,24,14,23,5473127
9599215,24,13,23,1824409
9599471,24,14,23,5473373
9600127,24,14,23,5473747
9600239,24,14,23,5473811
9600383,24,13,23,1824631
9600415,24,13,23,1824637
9600895,24,14,23,5474185
9601727,24,14,23,5474659
9602543,24,14,23,5475125
9602975,24,14,23,5475371
9603775,24,14,23,5475827
9605631,24,14,23,5476885
9611759,24,9,23,22553
9613007,24,14,23,5481091
9613039,24,14,23,5481109
9614207,24,14,23,5481775
9614463,24,13,23,1827307
9615231,24,12,23,609151
9616767,24,13,23,1827745
9618335,24,13,23,1828043
9618991,24,14,23,5484503
9620159,24,14,23,5485169
9621247,24,14,23,5485789
9621727,24,14,23,5486063
9621759,24,14,23,5486081
9622639,24,13,23,1828861
9623519,24,14,23,5487085
9624607,24,12,23,609745
9628143,24,11,23,203323
9631103,24,14,23,5491409
9631167,24,14,23,5491445
9632447,24,13,23,1830725
9632959,24,14,23,5492467
9633071,24,14,23,5492531
9634815,24,13,23,1831175
9635583,24,13,23,1831321
9635951,24,13,23,1831391
9636975,24,14,23,5494757
9637919,24,13,23,1831765
9638143,24,14,23,5495423
9641023,24,10,23,67865
9642623,24,13,23,1832659
9643135,24,14,23,5498269
9643759,24,13,23,1832875
9644191,24,13,23,1832957
9644495,24,12,23,611005
9644783,24,14,23,5499209
9645215,24,14,23,5499455
9645263,24,13,23,1833161
9645503,24,14,23,5499619
9646639,24,14,23,5500267
9647295,24,13,23,1833547
9653103,24,13,23,1834651
9653567,24,13,23,1834739
9654591,24,14,23,5504801
9655935,24,13,23,1835189
9656015,24,14,23,5505613
9656383,24,14,23,5505823
9657327,24,14,23,5506361
9657503,24,10,23,67981
9657663,24,14,23,5506553
9658863,24,14,23,5507237
9659887,24,14,23,5507821
9661087,24,14,23,5508505
9661119,24,14,23,5508523
9661375,24,13,23,1836223
9662399,24,14,23,5509253
9662463,24,14,23,5509289
9662511,24,13,23,1836439
9662943,24,13,23,1836521
9666879,24,10,23,68047
9667039,24,14,23,5511899
9668671,24,14,23,5512829
9669439,24,14,23,5513267
9670271,24,14,23,5513741
9670351,24,12,23,612643
9670383,24,11,23,204215
9671295,24,14,23,5514325
9671551,24,12,23,612719
9671807,24,14,23,5514617
9672143,24,14,23,5514809
9674687,24,13,23,1838753
9675199,24,14,23,5516551
9675455,24,13,23,1838899
9678959,24,13,23,1839565
9679359,24,13,23,1839641
9679839,24,14,23,5519197
9680383,24,14,23,5519507
9680863,24,12,23,613309
9681151,24,14,23,5519945
9681695,24,13,23,1840085
9682463,24,13,23,1840231
9684207,24,14,23,5521687
9685791,24,14,23,5522591
9685999,24,13,23,1840903
9690047,24,14,23,5525017
9690303,24,12,23,613907
9690527,24,14,23,5525291
9691903,24,13,23,1842025
9693295,24,14,23,5526869
9693951,24,14,23,5527243
9694463,24,14,23,5527535
9694831,24,14,23,5527745
9696367,24,14,23,5528621
9696799,24,14,23,5528867
9698111,24,13,23,1843205
9698943,24,13,23,1843363
9699391,24,14,23,5530345
9699823,24,14,23,5530591
9699967,24,14,23,5530673
9700815,24,12,23,614573
9700991,24,14,23,5531257
9701247,24,13,23,1843801
9701503,24,14,23,5531549
9701535,24,14,23,5531567
9701583,24,13,23,1843865
9702607,24,14,23,5532179
9703327,24,14,23,5532589
9703839,24,14,23,5532881
9704607,24,14,23,5533319
9705007,24,14,23,5533547
9707631,24,14,23,5535043
9710623,24,13,23,1845583
9713903,24,14,23,5538619
9713983,24,14,23,5538665
9714159,24,13,23,1846255
9714383,24,14,23,5538893
9714415,24,14,23,5538911
9714559,24,13,23,1846331
9716863,24,13,23,1846769
9717183,24,14,23,5540489
9718175,24,14,23,5541055
9718431,24,12,23,615689
9722623,24,14,23,5543591
9724959,24,14,23,5544923
9728239,24,13,23,1848931
9728495,24,14,23,5546939
9728895,24,14,23,5547167
9730255,24,14,23,5547943
9730767,24,14,23,5548235
9731455,24,14,23,5548627
9731743,24,13,23,1849597
9731967,24,14,23,5548919
9732543,24,12,23,616583
9732767,24,14,23,5549375
9735679,24,13,23,1850345
9736703,24,14,23,5551619
9737183,24,12,23,616877
9737519,24,13,23,1850695
9743055,24,12,23,617249
9743087,24,12,23,617251
9743855,24,13,23,1851899
9744543,24,14,23,5556089
9744623,24,13,23,1852045
9744879,24,14,23,5556281
9745567,24,14,23,5556673
9747647,24,14,23,5557859
9747759,24,11,23,205849
9749151,24,14,23,5558717
9750271,24,14,23,5559355
9752431,24,12,23,617843
9752831,24,13,23,1853605
9753711,24,14,23,5561317
9754943,24,14,23,5562019
9760671,24,12,23,618365
9763839,24,13,23,1855697
9764399,24,14,23,5567411
9764975,24,13,23,1855913
9765087,24,14,23,5567803
9768991,24,14,23,5570029
9771247,24,11,23,206345
9772159,24,14,23,5571835
9772671,24,14,23,5572127
9773119,24,13,23,1857461
9773183,24,13,23,1857473
9774207,24,14,23,5573003
9774495,24,14,23,5573167
9774975,24,14,23,5573441
9775551,24,13,23,1857923
9775807,24,14,23,5573915
9776575,24,14,23,5574353
9777087,24,12,23,619405
9777119,24,7,23,2549
9777711,24,14,23,5575001
9778367,24,14,23,5575375
9779455,24,12,23,619555
9779679,24,14,23,5576123
9782015,24,14,23,5577455
9783151,24,14,23,5578103
9784127,24,11,23,206617
9784351,24,14,23,5578787
9785839,24,14,23,5579635
9787087,24,14,23,5580347
9787887,24,14,23,5580803
9788831,24,12,23,620149
9789599,24,13,23,1860593
9790623,24,14,23,5582363
9794863,24,14,23,5584781
9797151,24,14,23,5586085
9799999,24,14,23,5587709
9800575,24,12,23,620893
9802367,24,14,23,5589059
9802447,24,13,23,1863035
9802623,24,14,23,5589205
9803215,24,13,23,1863181
9804271,24,14,23,5590145
9805471,24,14,23,5590829
9805871,24,14,23,5591057
9806495,24,14,23,5591413
9806751,24,13,23,1863853
9807615,24,11,23,207113
9811999,24,14,23,5594551
9813311,24,14,23,5595299
9815279,24,14,23,5596421
9816559,24,13,23,1865717
9817071,24,14,23,5597443
9817215,24,14,23,5597525
9819071,24,14,23,5598583
9819519,24,14,23,5598839
9820607,24,14,23,5599459
9821119,24,14,23,5599751
9821375,24,14,23,5599897
9821743,24,14,23,5600107
9821887,24,14,23,5600189
9822255,24,14,23,5600399
9822687,24,14,23,5600645
9823231,24,13,23,1866985
9823487,24,14,23,5601101
9825135,24,10,23,69161
9827871,24,13,23,1867867
9829439,24,13,23,1868165
9829615,24,14,23,5604595
9830463,24,14,23,5605079
9831407,24,13,23,1868539
9831887,24,14,23,5605891
9832607,24,13,23,1868767
9833407,24,12,23,622973
9833631,24,14,23,5606885
9834031,24,14,23,5607113
9836479,24,13,23,1869503
9836543,24,13,23,1869515
9837055,24,14,23,5608837
9837247,24,13,23,1869649
9837679,24,13,23,1869731
9838047,24,12,23,623267
9838703,24,14,23,5609777
9838815,24,13,23,1869947
9839647,24,13,23,1870105
9839871,24,14,23,5610443
9840495,24,14,23,5610799
9841439,24,14,23,5611337
9841775,24,14,23,5611529
9841983,24,13,23,1870549
9843007,24,14,23,5612231
9845231,24,14,23,5613499
9845455,24,13,23,1871209
9845487,24,13,23,1871215
9846511,24,14,23,5614229
9848367,24,14,23,5615287
9849247,24,14,23,5615789
9849503,24,14,23,5615935
9850159,24,13,23,1872103
9850879,24,14,23,5616719
9850991,24,10,23,69343
9851359,24,13,23,1872331
9851391,24,13,23,1872337
9851647,24,14,23,5617157
9852127,24,9,23,23117
9852159,24,12,23,624161
9852783,24,14,23,5617805
9853551,24,14,23,5618243
9854495,24,11,23,208103
9858799,24,13,23,1873745
9859311,24,14,23,5621527
9859567,24,13,23,1873891
9860735,24,13,23,1874113
9860767,24,13,23,1874119
9862815,24,14,23,5623525
9863615,24,14,23,5623981
9865727,24,14,23,5625185
9868255,24,14,23,5626627
9868511,24,11,23,208399
9870111,24,13,23,1875895
9872191,24,14,23,5628871
9874047,24,13,23,1876643
9874127,24,14,23,5629975
9874159,24,14,23,5629993
9874415,24,12,23,625571
9876927,24,14,23,5631571
9877375,24,14,23,5631827
9879231,24,14,23,5632885
9879487,24,13,23,1877677
9880063,24,14,23,5633359
9880319,24,12,23,625945
9880479,24,14,23,5633597
9881055,24,13,23,1877975
9881087,24,13,23,1877981
9882223,24,13,23,1878197
9883503,24,14,23,5635321
9886751,24,14,23,5637173
9889151,24,14,23,5638541
9889999,24,13,23,1879675
9890255,24,14,23,5639171
9891487,24,14,23,5639873
9891743,24,14,23,5640019
9892255,24,14,23,5640311
9892799,24,13,23,1880207
9894367,24,11,23,208945
9894591,24,14,23,5641643
9895167,24,13,23,1880657
9896159,24,14,23,5642537
9896959,24,14,23,5642993
9898095,24,14,23,5643641
9901295,24,14,23,5645465
9902287,24,14,23,5646031
9902799,24,14,23,5646323
9902975,24,13,23,1882141
9905567,24,14,23,5647901
9906335,24,14,23,5648339
9906639,24,14,23,5648513
9906847,24,13,23,1882877
9907407,24,14,23,5648951
9908415,24,12,23,627725
9908991,24,14,23,5649853
9910527,24,14,23,5650729
9912351,24,13,23,1883923
9916031,24,14,23,5653867
9916111,24,14,23,5653913
9916623,24,10,23,69805
9916655,24,12,23,628247
9917823,24,12,23,628321
9919359,24,13,23,1885255
9919903,24,14,23,5656075
9919935,24,14,23,5656093
9920383,24,14,23,5656349
9920927,24,13,23,1885553
9920959,24,13,23,1885559
9921071,24,14,23,5656741
9921695,24,13,23,1885699
9924095,24,13,23,1886155
9924863,24,10,23,69863
9925119,24,14,23,5659049
9925599,24,13,23,1886441
9926111,24,14,23,5659615
9928735,24,13,23,1887037
9930447,24,14,23,5662087
9931071,24,13,23,1887481
9931647,24,14,23,5662771
9931759,24,14,23,5662835
9932495,24,14,23,5663255
9933695,24,14,23,5663939
9934271,24,12,23,629363
9934495,24,14,23,5664395
9936575,24,12,23,629509
9936943,24,13,23,1888597
9937823,24,14,23,5666293
9938399,24,14,23,5666621
9939055,24,14,23,5666995
9940223,24,14,23,5667661
9941503,24,14,23,5668391
9943007,24,14,23,5669249
9943071,24,14,23,5669285
9944783,24,12,23,630029
9945983,24,11,23,210035
9947855,24,13,23,1890671
9949087,24,13,23,1890905
9949887,24,13,23,1891057
9950143,24,14,23,5673317
9952447,24,14,23,5674631
9952767,24,14,23,5674813
9954303,24,14,23,5675689
9954559,24,13,23,1891945
9957231,24,13,23,1892453
9959663,24,13,23,1892915
9959919,24,14,23,5678891
9960255,24,14,23,5679083
9960687,24,14,23,5679329
9961199,24,12,23,631069
9962479,24,14,23,5680351
9962959,24,14,23,5680625
9963167,24,13,23,1893581
9963727,24,14,23,5681063
9964479,24,14,23,5681491
9964735,24,11,23,210431
9964991,24,14,23,5681783
9968239,24,11,23,210505
9968607,24,13,23,1894615
9969119,24,14,23,5684137
9970719,24,14,23,5685049
9972543,24,13,23,1895363
9973055,24,14,23,5686381
9974911,24,13,23,1895813
9976703,24,14,23,5688461
9977727,24,14,23,5689045
9978559,24,14,23,5689519
9978815,24,12,23,632185
9979007,24,14,23,5689775
9979439,24,14,23,5690021
9980351,24,13,23,1896847
9980575,24,14,23,5690669
9981231,24,14,23,5691043
9982431,24,14,23,5691727
9982463,24,14,23,5691745
9982719,24,13,23,1897297
9983231,24,14,23,5692183
9983455,24,12,23,632479
9984111,24,14,23,5692685
9984991,24,13,23,1897729
9987391,24,13,23,1898185
9988991,24,13,23,1898489
9990863,24,13,23,1898845
9991839,24,14,23,5697091
9994687,24,14,23,5698715
9994799,24,13,23,1899593
9996031,24,13,23,1899827
9996799,24,13,23,1899973
9997423,24,14,23,5700275
9999327,24,14,23,5701361
9999391,24,14,23,5701397
10001183,24,14,23,5702419
10002239,24,11,23,211223
10003183,24,14,23,5703559
10004175,24,13,23,1901375
10004351,24,14,23,5704225
10004719,24,14,23,5704435
10005199,24,14,23,5704709
10005231,24,14,23,5704727
10005487,24,14,23,5704873
10005663,24,14,23,5704973
10005999,24,14,23,5705165
10006943,24,12,23,633967
10006975,24,10,23,70441
10010111,24,13,23,1902503
10010367,24,14,23,5707655
10011135,24,14,23,5708093
10011391,24,14,23,5708239
10011903,24,14,23,5708531
10013551,24,13,23,1903157
10013727,24,14,23,5709571
10014575,24,14,23,5710055
10015039,24,14,23,5710319
10015519,24,13,23,1903531
10017519,24,12,23,634637
10020223,24,13,23,1904425
10020511,24,14,23,5713439
10020591,24,13,23,1904495
10021327,24,13,23,1904635
10021359,24,13,23,1904641
10022559,24,13,23,1904869
10022815,24,14,23,5714753
10024239,24,14,23,5715565
10026095,24,13,23,1905541
10027119,24,14,23,5717207
10030399,24,12,23,635453
10030623,24,14,23,5719205
10034047,24,14,23,5721157
10034847,24,14,23,5721613
10035103,24,10,23,70639
10035263,24,14,23,5721851
10035359,24,14,23,5721905
10036159,24,14,23,5722361
10038207,24,13,23,1907843
10039039,24,13,23,1908001
10039231,24,14,23,5724113
10039343,24,13,23,1908059
10039487,24,14,23,5724259
10039775,24,12,23,636047
10040063,24,14,23,5724587
10040367,24,14,23,5724761
10041087,24,14,23,5725171
10041599,24,14,23,5725463
10042911,24,13,23,1908737
10043423,24,14,23,5726503
10047183,24,13,23,1909549
10047727,24,14,23,5728957
10048895,24,14,23,5729623
10048927,24,14,23,5729641
10050975,24,14,23,5730809
10051007,24,14,23,5730827
10051743,24,14,23,5731247
10052143,24,14,23,5731475
10055167,24,14,23,5733199
10056303,24,14,23,5733847
10056927,24,13,23,1911401
10056959,24,13,23,1911407
10058527,24,12,23,637235
10061039,24,14,23,5736547
10061519,24,14,23,5736821
10062463,24,13,23,1912453
10062719,24,14,23,5737505
10063055,24,14,23,5737697
10063343,24,14,23,5737861
10063599,24,13,23,1912669
10064031,24,13,23,1912751
10064287,24,14,23,5738399
10064543,24,14,23,5738545
10064591,24,14,23,5738573
10065343,24,14,23,5739001
10069471,24,13,23,1913785
10072607,24,10,23,70903
10074943,24,12,23,638275
10075855,24,14,23,5744995
10076911,24,13,23,1915199
10078703,24,14,23,5746619
10080959,24,14,23,5747905
10082239,24,14,23,5748635
10082351,24,13,23,1916233
10082783,24,13,23,1916315
10085407,24,14,23,5750441
10087743,24,14,23,5751773
10091647,24,14,23,5753999
10092527,24,12,23,639389
10093983,24,14,23,5755331
10094127,24,13,23,1918471
10095551,24,14,23,5756225
10097119,24,14,23,5757119
10097151,24,14,23,5757137
10098623,24,14,23,5757977
10099679,24,14,23,5758579
10100191,24,14,23,5758871
10100767,24,12,23,639911
10100959,24,14,23,5759309
10104047,24,14,23,5761069
10105071,24,13,23,1920551
10107839,24,9,23,23717
10108575,24,13,23,1921217
10108975,24,10,23,71159
10109087,24,14,23,5763943
10109343,24,13,23,1921363
10111999,24,14,23,5765603
10112255,24,14,23,5765749
10112511,24,12,23,640655
10112767,24,14,23,5766041
10113215,24,13,23,1922099
10113279,24,13,23,1922111
10114303,24,14,23,5766917
10115183,24,13,23,1922473
10115871,24,14,23,5767811
10118383,24,12,23,641027
10118463,24,14,23,5769289
10118783,24,13,23,1923157
10120655,24,12,23,641171
10120687,24,12,23,641173
10121375,24,14,23,5770949
10121887,24,12,23,641249
10121935,24,14,23,5771269
10123967,24,14,23,5772427
10124223,24,11,23,213799
10124591,24,13,23,1924261
10126335,24,14,23,5773777
10130463,24,13,23,1925377
10133199,24,13,23,1925897
10133999,24,13,23,1926049
10134255,24,14,23,5778293
10134655,24,14,23,5778521
10135423,24,14,23,5778959
10135711,24,14,23,5779123
10135967,24,9,23,23783
10136191,24,14,23,5779397
10136559,24,14,23,5779607
10138303,24,12,23,642289
10140975,24,13,23,1927375
10141919,24,14,23,5782663
10142463,24,14,23,5782973
10143199,24,14,23,5783393
10143231,24,14,23,5783411
10144367,24,14,23,5784059
10144799,24,14,23,5784305
10145311,24,12,23,642733
10146591,24,14,23,5785327
10147903,24,14,23,5786075
10148591,24,14,23,5786467
10148847,24,11,23,214319
10149103,24,14,23,5786759
10150015,24,12,23,643031
10150047,24,12,23,643033
10150783,24,13,23,1929239
10151359,24,14,23,5788045
10151375,24,14,23,5788055
10151583,24,13,23,1929391
10152351,24,11,23,214393
10154943,24,14,23,5790089
10155311,24,14,23,5790299
10155967,24,14,23,5790673
10156655,24,13,23,1930355
10157167,24,14,23,5791357
10157311,24,14,23,5791439
10160959,24,13,23,1931173
10161471,24,14,23,5793811
10162671,24,14,23,5794495
10162927,24,12,23,643849
10163327,24,13,23,1931623
10164463,24,13,23,1931839
10165407,24,14,23,5796055
10165919,24,14,23,5796347
10168223,24,14,23,5797661
10168799,24,12,23,644221
10168991,24,14,23,5798099
10169343,24,14,23,5798299
10169535,24,13,23,1932803
10169855,24,14,23,5798591
10170559,24,14,23,5798993
10170671,24,13,23,1933019
10170847,24,14,23,5799157
10171439,24,13,23,1933165
10171503,24,13,23,1933177
10174783,24,14,23,5801401
10176575,24,13,23,1934141
10177343,24,13,23,1934287
10178799,24,14,23,5803691
10179455,24,14,23,5804065
10179743,24,13,23,1934743
10179967,24,14,23,5804357
10179999,24,14,23,5804375
10182335,24,14,23,5805707
10183071,24,14,23,5806127
10183103,24,14,23,5806145
10186351,24,11,23,215111
10186975,24,14,23,5808353
10187743,24,14,23,5808791
10189119,24,13,23,1936525
10189599,24,14,23,5809849
10190911,24,14,23,5810597
10191087,24,10,23,71737
10191487,24,13,23,1936975
10192255,24,12,23,645707
10192511,24,14,23,5811509
10193023,24,13,23,1937267
10193359,24,10,23,71753
10193535,24,14,23,5812093
10195903,24,14,23,5813443
10196415,24,14,23,5813735
10196527,24,13,23,1937933
10198207,24,14,23,5814757
10198719,24,14,23,5815049
10199151,24,14,23,5815295
10200063,24,13,23,1938605
10200575,24,14,23,5816107
10200831,24,13,23,1938751
10204703,24,13,23,1939487
10205903,24,13,23,1939715
10206271,24,12,23,646595
10206335,24,11,23,215533
10206927,24,14,23,5819729
10207039,24,13,23,1939931
10208719,24,14,23,5820751
10209999,24,14,23,5821481
10210239,24,13,23,1940539
10211007,24,12,23,646895
10211231,24,14,23,5822183
10213423,24,14,23,5823433
10214143,24,13,23,1941281
10214511,24,12,23,647117
10219215,24,10,23,71935
10219375,24,14,23,5826827
10220271,24,14,23,5827337
10221007,24,14,23,5827757
10221183,24,13,23,1942619
10221775,24,14,23,5828195
10222207,24,14,23,5828441
10222319,24,13,23,1942835
10222751,24,12,23,647639
10223343,24,14,23,5829089
10223599,24,14,23,5829235
10224575,24,14,23,5829791
10225311,24,14,23,5830211
10231839,24,14,23,5833933
10232127,24,12,23,648233
10234687,24,14,23,5835557
10235119,24,14,23,5835803
10238079,24,14,23,5837491
10238335,24,13,23,1945879
10238399,24,13,23,1945891
10239935,24,13,23,1946183
10240415,24,14,23,5838823
10240959,24,14,23,5839133
10243071,24,13,23,1946779
10243583,24,14,23,5840629
10245599,24,14,23,5841779
10247711,24,13,23,1947661
10249455,24,14,23,5843977
10250367,24,14,23,5844497
10250447,24,13,23,1948181
10251423,24,14,23,5845099
10251727,24,14,23,5845273
10252447,24,13,23,1948561
10252959,24,14,23,5845975
10255039,24,14,23,5847161
10255663,24,14,23,5847517
10256127,24,14,23,5847781
10256895,24,14,23,5848219
10256943,24,14,23,5848247
10257375,24,14,23,5848493
10257407,24,14,23,5848511
10257919,24,12,23,649867
10259055,24,12,23,649939
10260799,24,14,23,5850445
10261727,24,13,23,1950325
10262591,24,11,23,216721
10264191,24,13,23,1950793
10265071,24,14,23,5852881
10265215,24,14,23,5852963
10266319,24,14,23,5853593
10266351,24,14,23,5853611
10266783,24,14,23,5853857
10267295,24,12,23,650461
10269087,24,14,23,5855171
10270399,24,13,23,1951973
10270719,24,14,23,5856101
10270767,24,12,23,650681
10271199,24,13,23,1952125
10271855,24,14,23,5856749
10276639,24,12,23,651053
10279663,24,14,23,5861201
10280607,24,13,23,1953913
10281087,24,14,23,5862013
10281119,24,14,23,5862031
10281919,24,14,23,5862487
10282735,24,14,23,5862953
10283967,24,14,23,5863655
10285103,24,14,23,5864303
10286047,24,12,23,651649
10287583,24,13,23,1955239
10288607,24,14,23,5866301
10289183,24,13,23,1955543
10291951,24,9,23,24149
10292031,24,14,23,5868253
10292543,24,14,23,5868545
10292863,24,14,23,5868727
10293887,24,13,23,1956437
10294399,24,14,23,5869603
10295423,24,12,23,652243
10296767,24,14,23,5870953
10297327,24,13,23,1957091
10297903,24,14,23,5871601
10299295,24,13,23,1957465
10299391,24,13,23,1957483
10299871,24,14,23,5872723
10299903,24,14,23,5872741
10300351,24,14,23,5872997
10300415,24,14,23,5873033
10301487,24,14,23,5873645
10301919,24,14,23,5873891
10302495,24,12,23,652691
10302575,24,14,23,5874265
10303711,24,14,23,5874913
10304831,24,11,23,217613
10307279,24,14,23,5876947
10308079,24,14,23,5877403
10308335,24,11,23,217687
10310047,24,14,23,5878525
10310815,24,14,23,5878963
10311103,24,13,23,1959709
10312127,24,14,23,5879711
10312639,24,13,23,1960001
10313007,24,12,23,653357
10313263,24,14,23,5880359
10313407,24,13,23,1960147
10314207,24,11,23,217811
10315007,24,13,23,1960451
10318047,24,13,23,1961029
10319071,24,14,23,5883671
10319103,24,14,23,5883689
10320191,24,14,23,5884309
10320671,24,14,23,5884583
10320703,24,14,23,5884601
10322415,24,12,23,653953
10322559,24,14,23,5885659
10323327,24,14,23,5886097
10323839,24,14,23,5886389
10325455,24,13,23,1962437
10326175,24,14,23,5887721
10332015,24,14,23,5891051
10332959,24,11,23,218207
10333215,24,14,23,5891735
10335471,24,14,23,5893021
10336463,24,11,23,218281
10337087,24,14,23,5893943
10337343,24,14,23,5894089
10339055,24,14,23,5895065
10339199,24,13,23,1965049
10339487,24,14,23,5895311
10339775,24,14,23,5895475
10340079,24,14,23,5895649
10340767,24,13,23,1965347
10340799,24,13,23,1965353
10341311,24,14,23,5896351
10341935,24,13,23,1965569
10342079,24,14,23,5896789
10342959,24,14,23,5897291
10344927,24,14,23,5898413
10345071,24,13,23,1966165
10345583,24,14,23,5898787
10345951,24,14,23,5898997
10348863,24,14,23,5900657
10351231,24,14,23,5902007
10351487,24,14,23,5902153
10351743,24,12,23,655811
10352335,24,14,23,5902637
10353279,24,13,23,1967725
10353647,24,13,23,1967795
10353823,24,14,23,5903485
10354111,24,12,23,655961
10354671,24,14,23,5903969
10355135,24,14,23,5904233
10355615,24,13,23,1968169
10355647,24,13,23,1968175
10357215,24,13,23,1968473
10357951,24,13,23,1968613
10358831,24,14,23,5906341
10358895,24,14,23,5906377
10359087,24,13,23,1968829
10360687,24,13,23,1969133
10361055,24,12,23,656401
10361455,24,13,23,1969279
10362911,24,14,23,5908667
10363199,24,14,23,5908831
10365567,24,14,23,5910181
10365647,24,14,23,5910227
10366447,24,14,23,5910683
10367215,24,14,23,5911121
10368159,24,12,23,656851
10369407,24,14,23,5912371
10370239,24,14,23,5912845
10370719,24,14,23,5913119
10370751,24,14,23,5913137
10372095,24,13,23,1971301
10372575,24,14,23,5914177
10373231,24,13,23,1971517
10374655,24,14,23,5915363
10375023,24,14,23,5915573
10375199,24,10,23,73033
10375359,24,14,23,5915765
10377535,24,12,23,657445
10380015,24,14,23,5918419
10380095,24,14,23,5918465
10380527,24,14,23,5918711
10381439,24,13,23,1973077
10381471,24,13,23,1973083
10381775,24,13,23,1973141
10382319,24,14,23,5919733
10382495,24,14,23,5919833
10382799,24,14,23,5920007
10382831,24,14,23,5920025
10383263,24,14,23,5920271
10384031,24,14,23,5920709
10384063,24,14,23,5920727
10384575,24,10,23,73099
10384943,24,13,23,1973743
10388447,24,13,23,1974409
10390383,24,12,23,658259
10391151,24,13,23,1974923
10391871,24,14,23,5925179
10394319,24,13,23,1975525
10394351,24,13,23,1975531
10394751,24,13,23,1975607
10395119,24,12,23,658559
10395263,24,14,23,5927113
10395343,24,14,23,5927159
10395455,24,13,23,1975741
10397055,24,13,23,1976045
10398367,24,14,23,5928883
10398399,24,14,23,5928901
10400447,24,14,23,5930069
10401839,24,14,23,5930863
10402271,24,14,23,5931109
10402559,24,13,23,1977091
10407455,24,14,23,5934065
10407711,24,14,23,5934211
10408687,24,14,23,5934767
10409087,24,14,23,5934995
10412159,24,14,23,5936747
10412191,24,14,23,5936765
10412735,24,12,23,659675
10412927,24,14,23,5937185
10415807,24,13,23,1979609
10416239,24,12,23,659897
10417119,24,14,23,5939575
10418799,24,14,23,5940533
10422335,24,14,23,5942549
10422511,24,13,23,1980883
10423167,24,14,23,5943023
10424047,24,13,23,1981175
10424527,24,14,23,5943799
10425071,24,14,23,5944109
10425759,24,14,23,5944501
10426751,24,12,23,660563
10427951,24,11,23,220213
10430943,24,14,23,5947457
10431679,24,14,23,5947877
10431743,24,14,23,5947913
10432815,24,14,23,5948525
10433567,24,14,23,5948953
10438719,24,14,23,5951891
10439151,24,14,23,5952137
10439295,24,13,23,1984073
10439839,24,14,23,5952529
10441119,24,14,23,5953259
10442175,24,14,23,5953861
10444079,24,14,23,5954947
10444911,24,14,23,5955421
10446703,24,11,23,220609
10449215,24,14,23,5957875
10450463,24,14,23,5958587
10451775,24,13,23,1986445
10454399,24,14,23,5960831
10454511,24,13,23,1986965
10454687,24,14,23,5960995
10455167,24,14,23,5961269
10455999,24,14,23,5961743
10458671,24,14,23,5963267
10458815,24,13,23,1987783
10458879,24,13,23,1987795
10459183,24,13,23,1987853
10459647,24,12,23,662647
10459695,24,14,23,5963851
10462207,24,14,23,5965283
10466031,24,14,23,5967463
10466687,24,9,23,24559
10466847,24,14,23,5967929
10468079,24,14,23,5968631
10468415,24,14,23,5968823
10469023,24,12,23,663241
10469183,24,14,23,5969261
10469247,24,14,23,5969297
10470559,24,13,23,1990015
10470847,24,14,23,5970209
10472127,24,13,23,1990313
10473151,24,14,23,5971523
10474031,24,13,23,1990675
10474751,24,14,23,5972435
10476143,24,14,23,5973229
10476287,24,14,23,5973311
10476655,24,14,23,5973521
10479935,24,13,23,1991797
10480767,24,12,23,663985
10480879,24,14,23,5975929
10481439,24,13,23,1992083
10482303,24,13,23,1992247
10482815,24,14,23,5977033
10483071,24,11,23,221377
10483103,24,12,23,664133
10483327,24,14,23,5977325
10483407,24,13,23,1992457
10484463,24,14,23,5977973
10484895,24,14,23,5978219
10485183,24,14,23,5978383
10486687,24,14,23,5979241
10488943,24,11,23,221501
10490111,24,12,23,664577
10490159,24,14,23,5981221
10494271,24,14,23,5983565
10494783,24,12,23,664873
10495215,24,13,23,1994701
10496063,24,14,23,5984587
10496239,24,14,23,5984687
10496639,24,14,23,5984915
10496751,24,13,23,1994993
10497183,24,11,23,221675
10497519,24,13,23,1995139
10501423,24,13,23,1995881
10502079,24,14,23,5988017
10503423,24,13,23,1996261
10503647,24,14,23,5988911
10503679,24,14,23,5988929
10504303,24,14,23,5989285
10504815,24,14,23,5989577
10506559,24,11,23,221873
10507295,24,13,23,1996997
10508319,24,14,23,5991575
10509631,24,13,23,1997441
10509951,24,14,23,5992505
10512591,24,14,23,5994011
10514879,24,14,23,5995315
10515135,24,13,23,1998487
10516015,24,14,23,5995963
10516991,24,14,23,5996519
10517039,24,12,23,666283
10517439,24,13,23,1998925
10519007,24,13,23,1999223
10520063,24,14,23,5998271
10521199,24,14,23,5998919
10521455,24,14,23,5999065
10523887,24,14,23,6000451
10524191,24,14,23,6000625
10524879,24,13,23,2000339
10524911,24,13,23,2000345
10525391,24,14,23,6001309
10525423,24,14,23,6001327
10526191,24,14,23,6001765
10529439,24,14,23,6003617
10529471,24,14,23,6003635
10531007,24,14,23,6004511
10531583,24,13,23,2001613
10531839,24,14,23,6004985
10532351,24,12,23,667253
10532543,24,14,23,6005387
10532607,24,14,23,6005423
10532911,24,14,23,6005597
10532975,24,14,23,6005633
10533119,24,13,23,2001905
10533631,24,14,23,6006007
10537023,24,12,23,667549
10537759,24,13,23,2002787
10538223,24,12,23,667625
10538303,24,14,23,6008671
10538783,24,14,23,6008945
10539247,24,14,23,6009209
10539727,24,13,23,2003161
10539759,24,13,23,2003167
10540671,24,14,23,6010021
10540927,24,13,23,2003389
10542063,24,13,23,2003605
10542495,24,13,23,2003687
10543007,24,14,23,6011353
10543551,24,14,23,6011663
10543807,24,14,23,6011809
10545567,24,13,23,2004271
10546431,24,11,23,222715
10547311,24,14,23,6013807
10547679,24,14,23,6014017
10548191,24,14,23,6014309
10548447,24,14,23,6014455
10550303,24,13,23,2005171
10551327,24,14,23,6016097
10554351,24,14,23,6017821
10554575,24,11,23,222887
10554863,24,14,23,6018113
10555551,24,14,23,6018505
10555807,24,11,23,222913
10556031,24,14,23,6018779
10556863,24,14,23,6019253
10557567,24,14,23,6019655
10557823,24,14,23,6019801
10559423,24,14,23,6020713
10559471,24,14,23,6020741
10560479,24,12,23,669035
10560511,24,12,23,669037
10561279,24,13,23,2007257
10561647,24,12,23,669109
10562303,24,14,23,6022355
10564207,24,14,23,6023441
10564639,24,14,23,6023687
10566431,24,14,23,6024709
10567375,24,14,23,6025247
10568175,24,14,23,6025703
10568687,24,10,23,74395
10569087,24,13,23,2008741
10571679,24,14,23,6027701
10572447,24,14,23,6028139
10574783,24,14,23,6029471
10575151,24,14,23,6029681
10575359,24,13,23,2009933
10575983,24,14,23,6030155
10576095,24,13,23,2010073
10578175,24,14,23,6031405
10579567,24,13,23,2010733
10580511,24,14,23,6032737
10582511,24,14,23,6033877
10582735,24,12,23,670445
10583167,24,13,23,2011417
10583935,24,11,23,223507
10584559,24,14,23,6035045
10585759,24,14,23,6035729
10587439,24,10,23,74527
10587551,24,14,23,6036751
10587599,24,14,23,6036779
10587695,24,14,23,6036833
10589183,24,14,23,6037681
10589231,24,14,23,6037709
10589887,24,14,23,6038083
10590463,24,14,23,6038411
10596847,24,12,23,671339
10598015,24,12,23,671413
10598559,24,14,23,6043027
10599551,24,13,23,2014531
10599807,24,14,23,6043739
10599839,24,14,23,6043757
10599919,24,13,23,2014601
10600095,24,14,23,6043903
10600575,24,14,23,6044177
10601119,24,13,23,2014829
10601151,24,13,23,2014835
10602911,24,14,23,6045509
10602943,24,14,23,6045527
10604079,24,14,23,6046175
10604287,24,13,23,2015431
10605311,24,14,23,6046877
10606447,24,14,23,6047525
10606559,24,13,23,2015863
10608159,24,13,23,2016167
10611327,24,13,23,2016769
10611583,24,14,23,6050453
10611839,24,14,23,6050599
10613887,24,14,23,6051767
10613919,24,14,23,6051785
10614175,24,14,23,6051931
10615167,24,13,23,2017499
10615791,24,14,23,6052853
10616255,24,14,23,6053117
10616767,24,12,23,672601
10616879,24,14,23,6053473
10620415,24,14,23,6055489
10621183,24,14,23,6055927
10622831,24,14,23,6056867
10623199,24,14,23,6057077
10623295,24,14,23,6057131
10623807,24,10,23,74783
10626175,24,11,23,224399
10626287,24,14,23,6058837
10627279,24,12,23,673267
10630079,24,13,23,2020333
10630303,24,14,23,6061127
10632959,24,14,23,6062641
10633327,24,14,23,6062851
10633983,24,13,23,2021075
10634495,24,14,23,6063517
10634751,24,13,23,2021221
10635519,24,12,23,673789
10635887,24,13,23,2021437
10639391,24,13,23,2022103
10639423,24,13,23,2022109
10639679,24,14,23,6066473
10640079,24,14,23,6066701
10640111,24,14,23,6066719
10642815,24,14,23,6068261
10642927,24,13,23,2022775
10644895,24,12,23,674383
10652527,24,14,23,6073799
10653295,24,14,23,6074237
10654959,24,14,23,6075185
10655807,24,13,23,2025223
10656239,24,13,23,2025305
10656831,24,14,23,6076253
10656895,24,14,23,6076289
10657263,24,14,23,6076499
10657919,24,14,23,6076873
10658207,24,13,23,2025679
10658751,24,14,23,6077347
10659199,24,14,23,6077603
10660287,24,14,23,6078223
10661423,24,14,23,6078871
10662655,24,14,23,6079573
10662911,24,13,23,2026573
10663423,24,14,23,6080011
10664047,24,13,23,2026789
10668095,24,14,23,6082675
10669183,24,13,23,2027765
10669295,24,14,23,6083359
10670799,24,14,23,6084217
10670975,24,14,23,6084317
10671487,24,13,23,2028203
10671999,24,14,23,6084901
10673311,24,14,23,6085649
10673855,24,13,23,2028653
10674223,24,12,23,676241
10674623,24,13,23,2028799
10674879,24,14,23,6086543
10677951,24,14,23,6088295
10678383,24,14,23,6088541
10678895,24,12,23,676537
10679327,24,13,23,2029693
10679519,24,14,23,6089189
10680175,24,14,23,6089563
10681375,24,14,23,6090247
10682431,24,11,23,225587
10682687,24,14,23,6090995
10684031,24,13,23,2030587
10684543,24,14,23,6092053
10685599,24,13,23,2030885
10686191,24,14,23,6092993
10686623,24,14,23,6093239
10687135,24,12,23,677059
10687167,24,10,23,75229
10688047,24,14,23,6094051
10688895,24,14,23,6094535
10689727,24,14,23,6095009
10690671,24,11,23,225761
10691327,24,14,23,6095921
10691551,24,14,23,6096049
10691583,24,14,23,6096067
10691839,24,12,23,677357
10692063,24,14,23,6096341
10692095,24,14,23,6096359
10693375,24,13,23,2032363
10693743,24,13,23,2032433
10694975,24,13,23,2032667
10698047,24,13,23,2033251
10698991,24,14,23,6100291
10699247,24,13,23,2033479
10699647,24,13,23,2033555
10700159,24,14,23,6100957
10700239,24,14,23,6101003
10701439,24,14,23,6101687
10701551,24,13,23,2033917
10702383,24,12,23,678025
10702751,24,13,23,2034145
10705407,24,14,23,6103949
10705663,24,14,23,6104095
10707167,24,14,23,6104953
10707423,24,13,23,2035033
10707999,24,14,23,6105427
10710335,24,14,23,6106759
10713295,24,13,23,2036149
10713583,24,14,23,6108611
10713807,24,14,23,6108739
10714175,24,14,23,6108949
10714239,24,14,23,6108985
10715119,24,14,23,6109487
10716655,24,14,23,6110363
10717087,24,14,23,6110609
10717631,24,12,23,678991
10718399,24,13,23,2037119
10719231,24,13,23,2037277
10719711,24,14,23,6112105
10719743,24,14,23,6112123
10720255,24,14,23,6112415
10720303,24,13,23,2037481
10720559,24,14,23,6112589
10721135,24,12,23,679213
10721279,24,14,23,6112999
10721327,24,14,23,6113027
10721535,24,13,23,2037715
10721791,24,14,23,6113291
10722415,24,14,23,6113647
10723359,24,14,23,6114185
10724671,24,10,23,75493
10726175,24,13,23,2038597
10727119,24,14,23,6116329
10727663,24,14,23,6116639
10727919,24,14,23,6116785
10728911,24,13,23,2039117
10729119,24,14,23,6117469
10729343,24,12,23,679733
10729631,24,14,23,6117761
10729679,24,13,23,2039263
10730879,24,13,23,2039491
10730911,24,13,23,2039497
10730943,24,13,23,2039503
10731167,24,14,23,6118637
10732079,24,13,23,2039719
10734271,24,14,23,6120407
10734847,24,13,23,2040245
10735359,24,14,23,6121027
10735839,24,14,23,6121301
10737151,24,13,23,2040683
10737631,24,14,23,6122323
10738463,24,14,23,6122797
10738719,24,12,23,680327
10740975,24,14,23,6124229
10741455,24,13,23,2041501
10742911,24,14,23,6125333
10743247,24,14,23,6125525
10743535,24,14,23,6125689
10743583,24,14,23,6125717
10744479,24,14,23,6126227
10744991,24,13,23,2042173
10745247,24,14,23,6126665
10749183,24,14,23,6128909
10752255,24,14,23,6130661
10752799,24,10,23,75691
10753055,24,14,23,6131117
10754367,24,13,23,2043955
10755903,24,13,23,2044247
10756927,24,14,23,6133325
10758607,24,12,23,681587
10758895,24,14,23,6134447
10759375,24,13,23,2044907
10761151,24,14,23,6135733
10761775,24,13,23,2045363
10762751,24,14,23,6136645
10763567,24,14,23,6137111
10764511,24,12,23,681961
10765279,24,13,23,2046029
10769439,24,14,23,6140459
10770495,24,14,23,6141061
10771775,24,14,23,6141791
10773999,24,14,23,6143059
10774175,24,14,23,6143159
10775231,24,14,23,6143761
10779183,24,14,23,6146015
10779391,24,13,23,2048711
10781151,24,14,23,6147137
10784463,24,12,23,683225
10785263,24,13,23,2049827
10785407,24,14,23,6149563
10785663,24,11,23,227767
10787023,24,14,23,6150485
10787055,24,14,23,6150503
10787999,24,12,23,683449
10789279,24,14,23,6151771
10789311,24,14,23,6151789
10789535,24,13,23,2050639
10791391,24,14,23,6152975
10791935,24,13,23,2051095
10792447,24,14,23,6153577
10793471,24,13,23,2051387
10794495,24,14,23,6154745
10794975,24,12,23,683891
10795263,24,14,23,6155183
10797375,24,12,23,684043
10799167,24,14,23,6157409
10799743,24,12,23,684193
10799903,24,14,23,6157829
10800367,24,14,23,6158093
10800879,24,12,23,684265
10801311,24,13,23,2052877
10803647,24,13,23,2053321
10804159,24,14,23,6160255
10804415,24,11,23,228163
10804639,24,14,23,6160529
10804783,24,13,23,2053537
10805295,24,14,23,6160903
10807407,24,14,23,6162107
10807919,24,10,23,76079
10810399,24,14,23,6163813
10812223,24,13,23,2054951
10813135,24,14,23,6165373
10814191,24,13,23,2055325
10814847,24,14,23,6166349
10814927,24,11,23,228385
10815103,24,14,23,6166495
10815615,24,14,23,6166787
10816159,24,9,23,25379
10817439,24,14,23,6167827
10818495,24,12,23,685381
10819119,24,14,23,6168785
10819631,24,12,23,685453
10820287,24,14,23,6169451
10820863,24,12,23,685531
10821167,24,13,23,2056651
10822399,24,13,23,2056885
10822623,24,14,23,6170783
10822655,24,14,23,6170801
10822911,24,14,23,6170947
10823423,24,14,23,6171239
10823535,24,13,23,2057101
10823791,24,14,23,6171449
10825535,24,8,23,8467
10828671,24,13,23,2058077
10830975,24,13,23,2058515
10832287,24,14,23,6176293
10832543,24,11,23,228757
10833455,24,14,23,6176959
10833599,24,14,23,6177041
10834911,24,9,23,25423
10836479,24,13,23,2059561
10836735,24,14,23,6178829
10837471,24,14,23,6179249
10837503,24,14,23,6179267
10839071,24,14,23,6180161
10839919,24,13,23,2060215
10840943,24,14,23,6181229
10842863,24,14,23,6182323
10843775,24,14,23,6182843
10844367,24,14,23,6183181
10844399,24,14,23,6183199
10844879,24,14,23,6183473
10845343,24,14,23,6183737
10846655,24,11,23,229055
10847391,24,13,23,2061635
10848159,24,13,23,2061781
10850047,24,14,23,6186419
10850815,24,14,23,6186857
10851295,24,11,23,229153
10851631,24,13,23,2062441
10852207,24,14,23,6187651
10854719,24,14,23,6189083
10856767,24,13,23,2063417
10857167,24,11,23,229277
10857967,24,13,23,2063645
10858735,24,13,23,2063791
10858991,24,14,23,6191519
10859647,24,14,23,6191893
10859935,24,13,23,2064019
10860159,24,14,23,6192185
10860191,24,14,23,6192203
10860415,24,14,23,6192331
10862015,24,14,23,6193243
10862063,24,14,23,6193271
10862271,24,13,23,2064463
10862527,24,14,23,6193535
10863151,24,14,23,6193891
10863263,24,14,23,6193955
10863295,24,14,23,6193973
10865663,24,14,23,6195323
10866543,24,11,23,229475
10866799,24,14,23,6195971
10866911,24,13,23,2065345
10869791,24,14,23,6197677
10870303,24,14,23,6197969
10871279,24,10,23,76525
10872527,24,14,23,6199237
10873039,24,14,23,6199529
10873839,24,14,23,6199985
10874015,24,13,23,2066695
10874783,24,11,23,229649
10876287,24,13,23,2067127
10877311,24,14,23,6201965
10878911,24,14,23,6202877
10879087,24,13,23,2067659
10879487,24,12,23,689245
10880767,24,14,23,6203935
10882159,24,13,23,2068243
10883103,24,14,23,6205267
10883391,24,13,23,2068477
10887231,24,13,23,2069207
10889423,24,14,23,6208871
10889679,24,14,23,6209017
10890399,24,13,23,2069809
10890687,24,14,23,6209591
10891199,24,12,23,689987
10891823,24,14,23,6210239
10892479,24,14,23,6210613
10894447,24,14,23,6211735
10896127,24,14,23,6212693
10897663,24,14,23,6213569
10898287,24,14,23,6213925
10899231,24,14,23,6214463
10899775,24,13,23,2071591
10901199,24,14,23,6215585
10901743,24,12,23,690655
10902399,24,14,23,6216269
10902511,24,13,23,2072111
10903711,24,13,23,2072339
10907039,24,14,23,6218915
10907951,24,13,23,2073145
10908783,24,10,23,76789
10909151,24,13,23,2073373
10911775,24,14,23,6221615
10915055,24,13,23,2074495
10915455,24,13,23,2074571
10915535,24,14,23,6223759
10916479,24,14,23,6224297
10917023,24,10,23,76847
10917759,24,13,23,2075009
10918383,24,14,23,6225383
10920495,24,12,23,691843
10920607,24,14,23,6226651
10923007,24,14,23,6228019
10923263,24,13,23,2076055
10925087,24,14,23,6229205
10926047,24,14,23,6229753
10926399,24,10,23,76913
10927135,24,13,23,2076791
10927647,24,14,23,6230665
10929791,24,14,23,6231887
10929871,24,12,23,692437
10930815,24,14,23,6232471
10932431,24,14,23,6233393
10932639,24,13,23,2077837
10933631,24,14,23,6234077
10933807,24,13,23,2078059
10934719,24,14,23,6234697
10935231,24,14,23,6234989
10935599,24,14,23,6235199
10935855,24,14,23,6235345
10936319,24,14,23,6235609
10936367,24,14,23,6235637
10936831,24,14,23,6235901
10937311,24,13,23,2078725
10938111,24,12,23,692959
10938479,24,13,23,2078947
10939647,24,13,23,2079169
10940015,24,13,23,2079239
10940671,24,14,23,6238091
10941039,24,14,23,6238301
10944207,24,14,23,6240107
10945263,24,14,23,6240709
10947791,24,13,23,2080717
10949023,24,13,23,2080951
10949279,24,14,23,6242999
10950591,24,13,23,2081249
10950703,24,14,23,6243811
10951359,24,13,23,2081395
10951423,24,13,23,2081407
10951935,24,14,23,6244513
10952159,24,11,23,231283
10953983,24,14,23,6245681
10954607,24,14,23,6246037
10955887,24,14,23,6246767
10959343,24,14,23,6248737
10960767,24,13,23,2083183
10961791,24,14,23,6250133
10963359,24,14,23,6251027
10963391,24,14,23,6251045
10964527,24,14,23,6251693
10966271,24,11,23,231581
10968031,24,14,23,6253691
10973423,24,14,23,6256765
10974079,24,13,23,2085713
10974671,24,14,23,6257477
10974847,24,13,23,2085859
10975615,24,12,23,695335
10976703,24,14,23,6258635
10977151,24,13,23,2086297
10979775,24,14,23,6260387
10979807,24,14,23,6260405
10980543,24,14,23,6260825
10981487,24,12,23,695707
10983279,24,14,23,6262385
10983391,24,13,23,2087483
10984991,24,12,23,695929
10987759,24,13,23,2088313
10988271,24,14,23,6265231
10988527,24,11,23,232051
10990239,24,14,23,6266353
10991007,24,14,23,6266791
10991055,24,14,23,6266819
10991487,24,14,23,6267065
10992831,24,13,23,2089277
10993343,24,14,23,6268123
10993599,24,13,23,2089423
10995199,24,13,23,2089727
10996335,24,13,23,2089943
10996991,24,14,23,6270203
10998015,24,14,23,6270787
10999295,24,14,23,6271517
11000863,24,14,23,6272411
11001551,24,14,23,6272803
11002607,24,12,23,697045
11004031,24,14,23,6274217
11004111,24,13,23,2091421
11004399,24,14,23,6274427
11005087,24,14,23,6274819
11007679,24,13,23,2092099
11009279,24,13,23,2092403
11009647,24,8,23,8611
11010271,24,14,23,6277775
11011039,24,14,23,6278213
11014463,24,14,23,6280165
11017711,24,14,23,6282017
11018047,24,14,23,6282209
11019391,24,13,23,2094325
11019679,24,14,23,6283139
11020751,24,14,23,6283751
11020959,24,13,23,2094623
11021519,24,14,23,6284189
11021759,24,13,23,2094775
11022271,24,14,23,6284617
11022527,24,11,23,232769
11022783,24,14,23,6284909
11022895,24,13,23,2094991
11023919,24,14,23,6285557
11024127,24,13,23,2095225
11024639,24,14,23,6285967
11026655,24,14,23,6287117
11027423,24,14,23,6287555
11029823,24,14,23,6288923
11030767,24,11,23,232943
11031679,24,14,23,6289981
11032191,24,14,23,6290273
11032271,24,13,23,2096773
11032735,24,13,23,2096861
11033471,24,13,23,2097001
11034015,24,14,23,6291313
11035071,24,13,23,2097305
11035327,24,14,23,6292061
11038831,24,14,23,6294059
11039023,24,14,23,6294169
11039199,24,14,23,6294269
11039711,24,13,23,2098187
11040223,24,14,23,6294853
11040879,24,13,23,2098409
11041535,24,14,23,6295601
11042847,24,13,23,2098783
11045759,24,14,23,6298009
11046127,24,14,23,6298219
11046383,24,13,23,2099455
11046607,24,14,23,6298493
11046639,24,14,23,6298511
11047119,24,12,23,699865
11047407,24,14,23,6298949
11048399,24,14,23,6299515
11049407,24,14,23,6300089
11050143,24,14,23,6300509
11050687,24,12,23,700091
11050911,24,14,23,6300947
11050943,24,14,23,6300965
11054335,24,14,23,6302899
11055615,24,14,23,6303629
11057119,24,14,23,6304487
11057183,24,14,23,6304523
11057951,24,14,23,6304961
11058495,24,13,23,2101757
11058895,24,11,23,233537
11059519,24,14,23,6305855
11059839,24,14,23,6306037
11061887,24,14,23,6307205
11061967,24,13,23,2102417
11063023,24,14,23,6307853
11063199,24,13,23,2102651
11063711,24,14,23,6308245
11064255,24,14,23,6308555
11067503,24,13,23,2103469
11067871,24,13,23,2103539
11068383,24,14,23,6310909
11071343,24,13,23,2104199
11074799,24,14,23,6314567
11075311,24,12,23,701651
11075647,24,13,23,2105017
11076479,24,12,23,701725
11076591,24,14,23,6315589
11078591,24,14,23,6316729
11080639,24,14,23,6317897
11081775,24,14,23,6318545
11083007,24,14,23,6319247
11083887,24,13,23,2106583
11084831,24,14,23,6320287
11086623,24,13,23,2107103
11086655,24,13,23,2107109
11088415,24,14,23,6322331
11089359,24,12,23,702541
11090639,24,14,23,6323599
11091103,24,14,23,6323863
11091839,24,14,23,6324283
11092127,24,13,23,2108149
11092895,24,10,23,78085
11092927,24,12,23,702767
11093119,24,14,23,6325013
11093151,24,14,23,6325031
11093551,24,14,23,6325259
11094463,24,13,23,2108593
11095231,24,12,23,702913
11095343,24,14,23,6326281
11095999,24,13,23,2108885
11096575,24,14,23,6326983
11097135,24,13,23,2109101
11097567,24,12,23,703061
11099103,24,13,23,2109475
11100479,24,14,23,6329209
11102527,24,14,23,6330377
11103359,24,14,23,6330851
11104895,24,14,23,6331727
11105695,24,14,23,6332183
11105951,24,14,23,6332329
11106687,24,14,23,6332749
11108031,24,14,23,6333515
11109535,24,14,23,6334373
11110399,24,14,23,6334865
11110511,24,10,23,78209
11111935,24,14,23,6335741
11118831,24,14,23,6339673
11118911,24,14,23,6339719
11119343,24,14,23,6339965
11119487,24,13,23,2113349
11121055,24,12,23,704549
11121311,24,14,23,6341087
11122223,24,12,23,704623
11124015,24,14,23,6342629
11124783,24,14,23,6343067
11125247,24,14,23,6343331
11125503,24,14,23,6343477
11132543,24,14,23,6347491
11132735,24,12,23,705289
11134703,24,13,23,2116241
11135471,24,13,23,2116387
11137471,24,12,23,705589
11138751,24,14,23,6351031
11139007,24,13,23,2117059
11139071,24,13,23,2117071
11139583,24,14,23,6351505
11139839,24,12,23,705739
11141343,24,13,23,2117503
11141631,24,14,23,6352673
11144511,24,11,23,235345
11147503,24,14,23,6356021
11149375,24,14,23,6357089
11149439,24,14,23,6357125
11150751,24,13,23,2119291
11150895,24,14,23,6357955
11151807,24,14,23,6358475
11152319,24,13,23,2119589
11153343,24,14,23,6359351
11153455,24,13,23,2119805
11153887,24,11,23,235543
11154943,24,14,23,6360263
11155199,24,14,23,6360409
11155711,24,14,23,6360701
11157535,24,14,23,6361741
11160383,24,14,23,6363365
11160815,24,14,23,6363611
11162495,24,13,23,2121523
11163007,24,14,23,6364861
11163295,24,12,23,707225
11163887,24,14,23,6365363
11164655,24,14,23,6365801
11165087,24,14,23,6366047
11165599,24,12,23,707371
11165855,24,14,23,6366485
11166255,24,14,23,6366713
11166879,24,14,23,6367069
11171071,24,13,23,2123153
11172639,24,11,23,235939
11175631,24,14,23,6372059
11176143,24,10,23,78671
11176255,24,14,23,6372415
11176831,24,14,23,6372743
11176943,24,13,23,2124269
11177455,24,14,23,6373099
11177599,24,14,23,6373181
11177711,24,13,23,2124415
11178879,24,13,23,2124637
11179455,24,14,23,6374239
11179903,24,14,23,6374495
11181247,24,13,23,2125087
11181759,24,14,23,6375553
11182591,24,14,23,6376027
11182639,24,14,23,6376055
11183071,24,14,23,6376301
11183615,24,13,23,2125537
11183871,24,14,23,6376757
11188255,24,13,23,2126419
11189055,24,12,23,708857
11189279,24,14,23,6379841
11189887,24,13,23,2126729
11190911,24,14,23,6380771
11191759,24,13,23,2127085
11191791,24,13,23,2127091
11192015,24,14,23,6381401
11193791,24,12,23,709157
11195071,24,14,23,6383143
11195327,24,13,23,2127763
11196895,24,13,23,2128061
11197631,24,13,23,2128201
11198575,24,14,23,6385141
11199743,24,14,23,6385807
11200255,24,14,23,6386099
11202159,24,14,23,6387185
11203103,24,12,23,709747
11205695,24,14,23,6389201
11205871,24,13,23,2129767
11206383,24,14,23,6389593
11206639,24,11,23,236657
11206895,24,14,23,6389885
11208127,24,14,23,6390587
11208143,24,13,23,2130199
11209167,24,14,23,6391181
11209407,24,13,23,2130439
11209663,24,14,23,6391463
11211775,24,13,23,2130889
11212735,24,14,23,6393215
11212799,24,14,23,6393251
11213935,24,14,23,6393899
11214879,24,11,23,236831
11219183,24,13,23,2132297
11219439,24,14,23,6397037
11220431,24,14,23,6397603
11221119,24,13,23,2132665
11222175,24,14,23,6398597
11222687,24,13,23,2132963
11223199,24,14,23,6399181
11223999,24,14,23,6399637
11224623,24,13,23,2133331
11224991,24,13,23,2133401
11225759,24,13,23,2133547
11226623,24,11,23,237079
11227327,24,13,23,2133845
11228639,24,14,23,6402283
11230751,24,14,23,6403487
11231551,24,14,23,6403943
11232575,24,14,23,6404527
11233519,24,14,23,6405065
11234767,24,11,23,237251
11234799,24,12,23,711755
11235023,24,14,23,6405923
11235055,24,14,23,6405941
11235999,24,11,23,237277
11236223,24,14,23,6406607
11237759,24,14,23,6407483
11239471,24,12,23,712051
11239871,24,13,23,2136229
11242607,24,13,23,2136749
11243631,24,14,23,6410831
11243743,24,13,23,2136965
11244511,24,13,23,2137111
11244767,24,14,23,6411479
11245535,24,14,23,6411917
11247135,24,14,23,6412829
11247311,24,13,23,2137643
11248367,24,14,23,6413531
11249535,24,14,23,6414197
11250383,24,13,23,2138227
11250847,24,13,23,2138315
11252127,24,14,23,6415675
11252415,24,12,23,712871
11253295,24,14,23,6416341
11254783,24,12,23,713021
11254975,24,14,23,6417299
11255087,24,13,23,2139121
11255551,24,13,23,2139209
11256319,24,13,23,2139355
11256575,24,14,23,6418211
11258911,24,14,23,6419543
11259423,24,12,23,713315
11259759,24,13,23,2140009
11260223,24,13,23,2140097
11260703,24,14,23,6420565
11262671,24,14,23,6421687
11262703,24,14,23,6421705
11264127,24,11,23,237871
11264751,24,14,23,6422873
11266511,24,14,23,6423877
11267743,24,14,23,6424579
11267999,24,13,23,2141575
11269423,24,14,23,6425537
11269887,24,14,23,6425801
11270079,24,14,23,6425911
11270623,24,14,23,6426221
11270767,24,13,23,2142101
11270911,24,14,23,6426385
11277007,24,10,23,79381
11277039,24,12,23,714431
11278207,24,12,23,714505
11278575,24,13,23,2143585
11279343,24,12,23,714577
11280031,24,14,23,6431585
11280111,24,13,23,2143877
11281087,24,14,23,6432187
11281343,24,13,23,2144111
11281967,24,14,23,6432689
11283103,24,14,23,6433337
11284591,24,14,23,6434185
11285503,24,14,23,6434705
11285983,24,13,23,2144993
11286639,24,14,23,6435353
11286751,24,13,23,2145139
11287583,24,12,23,715099
11290687,24,13,23,2145887
11291455,24,13,23,2146033
11291775,24,14,23,6438281
11292143,24,14,23,6438491
11293567,24,14,23,6439303
11294079,24,14,23,6439595
11294367,24,14,23,6439759
11296815,24,14,23,6441155
11297327,24,13,23,2147149
11301855,24,14,23,6444029
11303023,24,14,23,6444695
11306703,24,13,23,2148931
11308191,24,14,23,6447641
11308239,24,13,23,2149223
11309263,24,14,23,6448253
11309471,24,13,23,2149457
11310527,24,14,23,6448973
11312319,24,14,23,6449995
11312831,24,14,23,6450287
11313375,24,10,23,79637
11314175,24,13,23,2150351
11314687,24,14,23,6451345
11314943,24,13,23,2150497
11316847,24,12,23,716953
11317567,24,14,23,6452987
11318815,24,13,23,2151233
11320127,24,14,23,6454447
11320383,24,11,23,239059
11320639,24,14,23,6454739
11321583,24,12,23,717253
11322239,24,14,23,6455651
11322783,24,12,23,717329
11322831,24,14,23,6455989
11322863,24,14,23,6456007
11323119,24,13,23,2152051
11324111,24,14,23,6456719
11324863,24,14,23,6457147
11325087,24,12,23,717475
11325119,24,11,23,239159
11328623,24,11,23,239233
11328991,24,13,23,2153167
11330015,24,14,23,6460085
11332927,24,13,23,2153915
11333487,24,14,23,6462065
11335295,24,13,23,2154365
11335919,24,14,23,6463451
11336431,24,13,23,2154581
11336863,24,11,23,239407
11337455,24,14,23,6464327
11338399,24,13,23,2154955
11338623,24,14,23,6464993
11340479,24,14,23,6466051
11340991,24,14,23,6466343
11341871,24,13,23,2155615
11342303,24,13,23,2155697
11342847,24,14,23,6467401
11342895,24,14,23,6467429
11343839,24,12,23,718663
11344127,24,14,23,6468131
11344495,24,14,23,6468341
11345375,24,13,23,2156281
11346239,24,11,23,239605
11348767,24,14,23,6470777
11349711,24,12,23,719035
11351167,24,14,23,6472145
11351503,24,14,23,6472337
11352191,24,14,23,6472729
11353503,24,14,23,6473477
11354047,24,13,23,2157929
11355071,24,14,23,6474371
11356159,24,14,23,6474991
11357375,24,14,23,6475685
11358143,24,14,23,6476123
11359279,24,14,23,6476771
11359487,24,13,23,2158963
11359711,24,14,23,6477017
11360367,24,14,23,6477391
11361055,24,13,23,2159261
11361823,24,13,23,2159407
11363567,24,14,23,6479215
11364559,24,13,23,2159927
11365247,24,14,23,6480173
11365359,24,13,23,2160079
11365871,24,14,23,6480529
11367359,24,10,23,80017
11368495,24,9,23,26675
11369151,24,14,23,6482399
11369775,24,14,23,6482755
11371519,24,14,23,6483749
11371775,24,14,23,6483895
11372031,24,12,23,720449
11372287,24,14,23,6484187
11373167,24,12,23,720521
11375839,24,13,23,2162071
11377871,24,8,23,8899
11377903,24,12,23,720821
11378495,24,14,23,6487727
11379183,24,14,23,6488119
11379439,24,13,23,2162755
11379839,24,13,23,2162831
11380607,24,13,23,2162977
11380895,24,14,23,6489095
11381631,24,14,23,6489515
11381743,24,13,23,2163193
11383199,24,14,23,6490409
11383487,24,14,23,6490573
11384367,24,14,23,6491075
11384879,24,11,23,240421
11385855,24,14,23,6491923
11389807,24,14,23,6494177
11389983,24,13,23,2164759
11390495,24,14,23,6494569
11390751,24,11,23,240545
11391007,24,14,23,6494861
11392239,24,14,23,6495563
11393519,24,13,23,2165431
11393775,24,14,23,6496439
11394879,24,14,23,6497069
11395231,24,14,23,6497269
11395487,24,10,23,80215
11396847,24,14,23,6498191
11397823,24,12,23,722083
11398591,24,13,23,2166395
11399615,24,14,23,6499769
11399727,24,13,23,2166611
11399935,24,14,23,6499951
11400383,24,14,23,6500207
11400495,24,13,23,2166757
11401695,24,13,23,2166985
11401983,24,14,23,6501119
11403295,24,13,23,2167289
11407055,24,14,23,6504011
11408111,24,14,23,6504613
11409103,24,13,23,2168393
11409279,24,14,23,6505279
11409535,24,12,23,722825
11411103,24,13,23,2168773
11411439,24,13,23,2168837
11412159,24,14,23,6506921
11413983,24,14,23,6507961
11414463,24,14,23,6508235
11415039,24,13,23,2169521
11415599,24,14,23,6508883
11415663,24,14,23,6508919
11415743,24,13,23,2169655
11416623,24,14,23,6509467
11416687,24,14,23,6509503
11417823,24,14,23,6510151
11418655,24,14,23,6510625
11419167,24,14,23,6510917
11423983,24,13,23,2171221
11424927,24,14,23,6514201
11425439,24,14,23,6514493
11427119,24,11,23,241313
11427743,24,14,23,6515807
11429375,24,14,23,6516737
11433215,24,14,23,6518927
11434303,24,14,23,6519547
11435327,24,12,23,724459
11435727,24,13,23,2173453
11436095,24,13,23,2173523
11436527,24,12,23,724535
11436671,24,14,23,6520897
11437439,24,14,23,6521335
11438239,24,14,23,6521791
11439087,24,14,23,6522275
11439567,24,13,23,2174183
11442735,24,13,23,2174785
11443455,24,14,23,6524765
11444335,24,13,23,2175089
11444703,24,12,23,725053
11444991,24,14,23,6525641
11451199,24,14,23,6529181
11451263,24,14,23,6529217
11452111,24,13,23,2176567
11453311,24,13,23,2176795
11453855,24,14,23,6530695
11454191,24,14,23,6530887
11454911,24,13,23,2177099
11455423,24,14,23,6531589
11455935,24,14,23,6531881
11456047,24,13,23,2177315
11460063,24,14,23,6534235
11463455,24,12,23,726241
11464223,24,13,23,2178869
11465199,24,14,23,6537163
11465247,24,14,23,6537191
11465455,24,13,23,2179103
11465855,24,11,23,242131
11468959,24,13,23,2179769
11469359,24,10,23,80735
11469471,24,14,23,6539599
11469503,24,14,23,6539617
11470751,24,14,23,6540329
11472063,24,13,23,2180359
11472639,24,14,23,6541405
11472943,24,14,23,6541579
11474799,24,13,23,2180879
11474911,24,14,23,6542701
11475167,24,12,23,726983
11475567,24,13,23,2181025
11478735,24,10,23,80801
11479103,24,13,23,2181697
11479935,24,12,23,727285
11482271,24,12,23,727433
11484831,24,14,23,6548357
11487135,24,14,23,6549671
11487711,24,13,23,2183333
11489471,24,14,23,6551003
11489503,24,14,23,6551021
11489535,24,14,23,6551039
11491647,24,12,23,728027
11494015,24,12,23,728177
11494639,24,14,23,6553949
11496431,24,14,23,6554971
11496943,24,14,23,6555263
11500223,24,13,23,2185711
11500479,24,14,23,6557279
11501055,24,12,23,728623
11501615,24,14,23,6557927
11501679,24,14,23,6557963
11502591,24,13,23,2186161
11503103,24,14,23,6558775
11504239,24,14,23,6559423
11504495,24,11,23,242947
11504751,24,14,23,6559715
11505695,24,12,23,728917
11505727,24,8,23,8999
11505887,24,14,23,6560363
11507231,24,13,23,2187043
11508863,24,13,23,2187353
11508975,24,14,23,6562123
11509231,24,11,23,243047
11509567,24,13,23,2187487
11511167,24,13,23,2187791
11511967,24,13,23,2187943
11512479,24,14,23,6564121
11512991,24,14,23,6564413
11513791,24,14,23,6564869
11514559,24,14,23,6565307
11515071,24,12,23,729511
11516927,24,14,23,6566657
11517039,24,13,23,2188907
11517695,24,14,23,6567095
11521343,24,13,23,2189725
11521567,24,14,23,6569303
11522367,24,14,23,6569759
11523711,24,13,23,2190175
11524479,24,9,23,27041
11524591,24,14,23,6571027
11525103,24,14,23,6571319
11526303,24,14,23,6572003
11526847,24,11,23,243419
11527583,24,13,23,2190911
11528607,24,14,23,6573317
11529919,24,13,23,2191355
11529983,24,13,23,2191367
11530351,24,11,23,243493
11530719,24,13,23,2191507
11530751,24,13,23,2191513
11531007,24,14,23,6574685
11531231,24,14,23,6574813
11537727,24,13,23,2192839
11538159,24,13,23,2192921
11539183,24,14,23,6579347
11540127,24,13,23,2193295
11540351,24,14,23,6580013
11540607,24,14,23,6580159
11540863,24,11,23,243715
11541487,24,14,23,6580661
11542255,24,14,23,6581099
11542463,24,13,23,2193739
11542575,24,14,23,6581281
11543487,24,14,23,6581801
11544479,24,14,23,6582367
11545055,24,14,23,6582695
11547103,24,13,23,2194621
11547679,24,14,23,6584191
11548127,24,14,23,6584447
11549471,24,13,23,2195071
11549727,24,14,23,6585359
11551471,24,10,23,81313
11552383,24,14,23,6586873
11552639,24,12,23,731891
11552831,24,14,23,6587129
11553263,24,14,23,6587375
11553407,24,13,23,2195819
11556287,24,14,23,6589099
11558591,24,14,23,6590413
11559423,24,14,23,6590887
11561215,24,13,23,2197303
11562015,24,12,23,732485
11562607,24,14,23,6592703
11563231,24,14,23,6593059
11565087,24,13,23,2198039
11565855,24,13,23,2198185
11566799,24,14,23,6595093
11567599,24,14,23,6595549
11568511,24,14,23,6596069
11569311,24,14,23,6596525
11570383,24,14,23,6597137
11570591,24,13,23,2199085
11570623,24,13,23,2199091
11571615,24,14,23,6597839
11573295,24,13,23,2199599
11573759,24,12,23,733229
11573807,24,14,23,6599089
11576319,24,14,23,6600521
11578991,24,14,23,6602045
11580959,24,14,23,6603167
11581935,24,12,23,733747
11582159,24,14,23,6603851
11582591,24,14,23,6604097
11582703,24,13,23,2201387
11583727,24,14,23,6604745
11584495,24,14,23,6605183
11584927,24,14,23,6605429
11584959,24,14,23,6605447
11587231,24,14,23,6606743
11595071,24,14,23,6611213
11595551,24,13,23,2203829
11596271,24,14,23,6611897
11597951,24,13,23,2204285
11598463,24,14,23,6613147
11598575,24,14,23,6613211
11599295,24,14,23,6613621
11599855,24,13,23,2204647
11600319,24,13,23,2204735
11600799,24,14,23,6614479
11602431,24,14,23,6615409
11603247,24,14,23,6615875
11603455,24,13,23,2205331
11604223,24,11,23,245053
11604447,24,14,23,6616559
11605983,24,14,23,6617435
11606239,24,14,23,6617581
11608095,24,13,23,2206213
11608895,24,12,23,735455
11609727,24,13,23,2206523
11610175,24,14,23,6619825
11610751,24,14,23,6620153
11610831,24,13,23,2206733
11611007,24,14,23,6620299
11611855,24,14,23,6620783
11612831,24,13,23,2207113
11613343,24,14,23,6621631
11615535,24,13,23,2207627
11617759,24,14,23,6624149
11618415,24,14,23,6624523
11619439,24,12,23,736123
11619839,24,13,23,2208445
11620207,24,13,23,2208515
11621407,24,13,23,2208743
11622719,24,14,23,6626977
11623199,24,14,23,6627251
11625087,24,14,23,6628327
11625343,24,10,23,81833
11627983,24,13,23,2209993
11628447,24,13,23,2210081
11629215,24,13,23,2210227
11631151,24,12,23,736865
11631551,24,13,23,2210671
11631871,24,14,23,6632195
11632127,24,14,23,6632341
11633583,24,5,23,337
11634175,24,14,23,6633509
11635311,24,14,23,6634157
11638303,24,14,23,6635863
11638847,24,14,23,6636173
11638991,24,13,23,2212085
11639023,24,13,23,2212091
11639535,24,14,23,6636565
11639615,24,14,23,6636611
11640047,24,14,23,6636857
11640959,24,13,23,2212459
11640991,24,13,23,2212465
11641983,24,14,23,6637961
11643327,24,13,23,2212909
11643551,24,14,23,6638855
11643583,24,14,23,6638873
11644095,24,10,23,81965
11644351,24,14,23,6639311
11644463,24,13,23,2213125
11645231,24,10,23,81973
11645487,24,14,23,6639959
11646431,24,12,23,737833
11646463,24,11,23,245945
11652415,24,14,23,6643909
11652815,24,14,23,6644137
11653615,24,14,23,6644593
11654271,24,13,23,2214989
11654783,24,14,23,6645259
11654863,24,14,23,6645305
11655807,24,12,23,738427
11656175,24,13,23,2215351
11657343,24,13,23,2215573
11659679,24,13,23,2216017
11659967,24,14,23,6648215
11660287,24,14,23,6648397
11660735,24,14,23,6648653
11661791,24,14,23,6649255
11661823,24,14,23,6649273
11661871,24,14,23,6649301
11662303,24,14,23,6649547
11663215,24,13,23,2216689
11663583,24,13,23,2216759
11671199,24,14,23,6654619
11671247,24,14,23,6654647
11671679,24,14,23,6654893
11671999,24,14,23,6655075
11673535,24,14,23,6655951
11673583,24,14,23,6655979
11673647,24,14,23,6656015
11675391,24,13,23,2219003
11675759,24,12,23,739691
11677183,24,14,23,6658031
11678751,24,14,23,6658925
11680543,24,14,23,6659947
11681087,24,14,23,6660257
11681599,24,10,23,82229
11683711,24,14,23,6661753
11684335,24,13,23,2220703
11684591,24,14,23,6662255
11685071,24,12,23,740281
11687871,24,13,23,2221375
11689471,24,13,23,2221679
11689839,24,8,23,9143
11690463,24,14,23,6665603
11691263,24,14,23,6666059
11692287,24,14,23,6666643
11693087,24,14,23,6667099
11693679,24,13,23,2222479
11696847,24,11,23,247009
11696959,24,14,23,6669307
11697215,24,13,23,2223151
11697471,24,14,23,6669599
11697903,24,14,23,6669845
11698239,24,14,23,6670037
11698671,24,14,23,6670283
11699183,24,12,23,741175
11699615,24,13,23,2223607
11699871,24,14,23,6670967
11701663,24,14,23,6671989
11701695,24,14,23,6672007
11701711,24,14,23,6672017
11702975,24,14,23,6672737
11704319,24,13,23,2224501
11704831,24,14,23,6673795
11705455,24,13,23,2224717
11706479,24,14,23,6674735
11706847,24,14,23,6674945
11707423,24,12,23,741697
11709215,24,14,23,6676295
11709247,24,14,23,6676313
11710959,24,11,23,247307
11712127,24,12,23,741995
11712719,24,14,23,6678293
11713599,24,13,23,2226265
11713663,24,13,23,2226277
11713695,24,13,23,2226283
11714031,24,13,23,2226347
11714207,24,14,23,6679141
11715263,24,13,23,2226581
11715519,24,14,23,6679889
11716031,24,13,23,2226727
11717935,24,12,23,742363
11718191,24,14,23,6681413
11718335,24,13,23,2227165
11719167,24,12,23,742441
11719215,24,14,23,6681997
11719935,24,13,23,2227469
11721839,24,13,23,2227831
11722271,24,13,23,2227913
11723071,24,13,23,2228065
11725599,24,14,23,6685637
11725951,24,14,23,6685837
11726367,24,14,23,6686075
11726575,24,13,23,2228731
11727599,24,14,23,6686777
11728287,24,14,23,6687169
11728591,24,14,23,6687343
11729279,24,13,23,2229245
11729343,24,13,23,2229257
11730079,24,13,23,2229397
11730367,24,14,23,6688355
11730623,24,14,23,6688501
11730879,24,12,23,743183
11731103,24,14,23,6688775
11732991,24,14,23,6689851
11733471,24,14,23,6690125
11733503,24,14,23,6690143
11734527,24,14,23,6690727
11736943,24,14,23,6692105
11737311,24,14,23,6692315
11739455,24,13,23,2231179
11739967,24,14,23,6693829
11740399,24,14,23,6694075
11740479,24,14,23,6694121
11741391,24,12,23,743849
11741823,24,13,23,2231629
11742079,24,14,23,6695033
11742703,24,14,23,6695389
11743647,24,14,23,6695927
11743903,24,14,23,6696073
11744415,24,14,23,6696365
11744959,24,10,23,82675
11748831,24,13,23,2232961
11749631,24,12,23,744371
11749855,24,14,23,6699467
11753791,24,14,23,6701711
11754735,24,13,23,2234083
11755135,24,13,23,2234159
11756159,24,14,23,6703061
11756671,24,12,23,744817
11757439,24,13,23,2234597
11758031,24,14,23,6704129
11759007,24,12,23,744965
11762175,24,13,23,2235497
11762223,24,14,23,6706519
11763199,24,14,23,6707075
11764767,24,14,23,6707969
11766815,24,13,23,2236379
11767839,24,14,23,6709721
11768607,24,14,23,6710159
11769071,24,14,23,6710423
11769471,24,14,23,6710651
11769919,24,13,23,2236969
11772031,24,14,23,6712111
11773311,24,14,23,6712841
11773343,24,14,23,6712859
11773487,24,13,23,2237647
11774399,24,14,23,6713461
11774655,24,13,23,2237869
11775535,24,14,23,6714109
11775999,24,14,23,6714373
11776191,24,13,23,2238161
11776767,24,14,23,6714811
11777215,24,14,23,6715067
11777327,24,13,23,2238377
11777503,24,14,23,6715231
11778095,24,13,23,2238523
11779183,24,14,23,6716189
11782207,24,14,23,6717913
11783407,24,14,23,6718597
11783807,24,14,23,6718825
11783887,24,14,23,6718871
11783967,24,13,23,2239639
11784431,24,13,23,2239727
11784911,24,14,23,6719455
11785887,24,14,23,6720011
11788223,24,14,23,6721343
11788335,24,11,23,248941
11789727,24,14,23,6722201
11791359,24,14,23,6723131
11792063,24,14,23,6723533
11793007,24,12,23,747119
11793631,24,14,23,6724427
11794287,24,14,23,6724801
11799679,24,13,23,2242625
11800735,24,14,23,6728477
11801247,24,12,23,747641
11804207,24,14,23,6730457
11805663,24,14,23,6731287
11805695,24,14,23,6731305
11805951,24,11,23,249313
11806831,24,14,23,6731953
11810847,24,14,23,6734243
11812159,24,13,23,2244997
11812559,24,13,23,2245073
11812927,24,12,23,748381
11813695,24,13,23,2245289
11813759,24,13,23,2245301
11814271,24,14,23,6736195
11814783,24,14,23,6736487
11815551,24,14,23,6736925
11815663,24,13,23,2245663
11816383,24,14,23,6737399
11817663,24,12,23,748681
11817695,24,6,23,1027
11818943,24,14,23,6738859
11819487,24,14,23,6739169
11819567,24,13,23,2246405
11820335,24,13,23,2246551
11821279,24,14,23,6740191
11821535,24,13,23,2246779
11822959,24,14,23,6741149
11823727,24,14,23,6741587
11824159,24,14,23,6741833
11827071,24,9,23,27751
11827231,24,14,23,6743585
11827439,24,13,23,2247901
11827695,24,14,23,6743849
11828207,24,10,23,83261
11828287,24,14,23,6744187
11828463,24,14,23,6744287
11829407,24,12,23,749425
11830687,24,14,23,6745555
11830943,24,13,23,2248567
11831743,24,12,23,749573
11832511,24,13,23,2248865
11834111,24,12,23,749723
11835391,24,14,23,6748237
11835439,24,14,23,6748265
11835903,24,14,23,6748529
11836447,24,9,23,27773
11836527,24,14,23,6748885
11840287,24,13,23,2250343
11842687,24,13,23,2250799
11843023,24,13,23,2250863
11843199,24,14,23,6752689
11843455,24,11,23,250105
11843791,24,13,23,2251009
11844079,24,14,23,6753191
11844767,24,14,23,6753583
11844847,24,14,23,6753629
11845279,24,14,23,6753875
11845823,24,8,23,9265
11847215,24,14,23,6754979
11848159,24,12,23,750613
11848959,24,13,23,2251991
11851263,24,13,23,2252429
11852831,24,11,23,250303
11854143,24,14,23,6758929
11855167,24,12,23,751057
11855935,24,13,23,2253317
11856111,24,14,23,6760051
11857023,24,14,23,6760571
11857647,24,14,23,6760927
11857695,24,14,23,6760955
11858079,24,14,23,6761173
11859071,24,13,23,2253913
11859327,24,14,23,6761885
11859359,24,14,23,6761903
11860095,24,14,23,6762323
11861951,24,14,23,6763381
11862463,24,14,23,6763673
11863807,24,13,23,2254813
11865199,24,14,23,6765233
11865711,24,10,23,83525
11869903,24,14,23,6767915
11870015,24,13,23,2255993
11870847,24,13,23,2256151
11871039,24,14,23,6768563
11871983,24,13,23,2256367
11872463,24,14,23,6769375
11872719,24,11,23,250723
11872975,24,14,23,6769667
11873439,24,14,23,6769931
11875007,24,14,23,6770825
11875263,24,14,23,6770971
11875887,24,13,23,2257109
11877055,24,13,23,2257331
11877375,24,14,23,6772175
11878623,24,12,23,752543
11879391,24,13,23,2257775
11879935,24,14,23,6773635
11880703,24,14,23,6774073
11881071,24,14,23,6774283
11881327,24,13,23,2258143
11881583,24,14,23,6774575
11882015,24,14,23,6774821
11882351,24,14,23,6775013
11882815,24,14,23,6775277
11883295,24,12,23,752839
11883551,24,14,23,6775697
11884575,24,14,23,6776281
11885263,24,13,23,2258891
11885807,24,14,23,6776983
11887087,24,14,23,6777713
11889087,24,14,23,6778853
11889599,24,13,23,2259715
11890079,24,14,23,6779419
11890591,24,14,23,6779711
11890735,24,13,23,2259931
11892479,24,14,23,6780787
11892703,24,9,23,27905
11893295,24,14,23,6781253
11893359,24,14,23,6781289
11893503,24,13,23,2260457
11897711,24,13,23,2261257
11898575,24,11,23,251269
11899375,24,13,23,2261573
11899631,24,14,23,6784865
11900143,24,13,23,2261719
11902111,24,12,23,754031
11902447,24,13,23,2262157
11903391,24,14,23,6787009
11903679,24,13,23,2262391
11904559,24,14,23,6787675
11907071,24,14,23,6789107
11907183,24,13,23,2263057
11908575,24,14,23,6789965
11909087,24,11,23,251491
11910687,24,13,23,2263723
11911487,24,12,23,754625
11913279,24,14,23,6792647
11913455,24,13,23,2264249
11914111,24,14,23,6793121
11914479,24,14,23,6793331
11914735,24,14,23,6793477
11914991,24,12,23,754847
11916415,24,14,23,6794435
11917951,24,14,23,6795311
11919807,24,14,23,6796369
11920063,24,13,23,2265505
11920863,24,12,23,755219
11922687,24,14,23,6798011
11923567,24,13,23,2266171
11924079,24,14,23,6798805
11924511,24,14,23,6799051
11924591,24,14,23,6799097
11924703,24,13,23,2266387
11925727,24,14,23,6799745
11929071,24,10,23,83971
11929471,24,13,23,2267293
11929727,24,14,23,6802025
11930831,24,14,23,6802655
11931807,24,13,23,2267737
11932063,24,14,23,6803357
11932319,24,14,23,6803503
11932607,24,12,23,755963
11932831,24,14,23,6803795
11933231,24,14,23,6804023
11934079,24,13,23,2268169
11935279,24,13,23,2268397
11936735,24,14,23,6806021
11936767,24,14,23,6806039
11937903,24,14,23,6806687
11938047,24,13,23,2268923
11938559,24,14,23,6807061
11938847,24,13,23,2269075
11942207,24,14,23,6809141
11945375,24,14,23,6810947
11946687,24,10,23,84095
11947215,24,14,23,6811997
11947423,24,13,23,2270705
11947567,24,14,23,6812197
11947935,24,14,23,6812407
11949823,24,13,23,2271161
11950079,24,14,23,6813629
11950847,24,14,23,6814067
11953183,24,14,23,6815399
11954031,24,13,23,2271961
11958399,24,12,23,757597
11958511,24,14,23,6818437
11958767,24,13,23,2272861
11959167,24,13,23,2272937
11960191,24,14,23,6819395
11960303,24,13,23,2273153
11960479,24,14,23,6819559
11961279,24,14,23,6820015
11961327,24,14,23,6820043
11961503,24,13,23,2273381
11962815,24,14,23,6820891
11964927,24,14,23,6822095
11965183,24,14,23,6822241
11966319,24,14,23,6822889
11968543,24,13,23,2274719
11969567,24,14,23,6824741
11970879,24,13,23,2275163
11972335,24,14,23,6826319
11973759,24,14,23,6827131
11974271,24,14,23,6827423
11976063,24,14,23,6828445
11976127,24,14,23,6828481
11976175,24,14,23,6828509
11977151,24,12,23,758785
11977263,24,14,23,6829129
11979231,24,14,23,6830251
11980079,24,14,23,6830735
11981055,24,13,23,2277097
11981311,24,14,23,6831437
11982079,24,14,23,6831875
11984191,24,10,23,84359
11986639,24,14,23,6834475
11987663,24,12,23,759451
11988431,24,13,23,2278499
11989151,24,14,23,6835907
11989663,24,13,23,2278733
11990399,24,13,23,2278873
11991423,24,14,23,6837203
11993023,24,14,23,6838115
11993567,24,10,23,84425
11993599,24,12,23,759827
11994367,24,13,23,2279627
11994879,24,14,23,6839173
11995903,24,12,23,759973
11996271,24,13,23,2279989
11997039,24,12,23,760045
11997439,24,13,23,2280211
11997807,24,13,23,2280281
12000495,24,14,23,6842375
12001775,24,12,23,760345
12001919,24,14,23,6843187
12002431,24,14,23,6843479
12002975,24,12,23,760421
12003055,24,14,23,6843835
12003199,24,14,23,6843917
12003535,24,14,23,6844109
12004511,24,13,23,2281555
12005279,24,12,23,760567
12005311,24,11,23,253523
12009695,24,14,23,6847621
12010527,24,14,23,6848095
12011775,24,14,23,6848807
12012319,24,10,23,84557
12012399,24,14,23,6849163
12012575,24,14,23,6849263
12013887,24,13,23,2283337
12015855,24,12,23,761237
12016623,24,13,23,2283857
12017279,24,14,23,6851945
12018815,24,14,23,6852821
12019135,24,14,23,6853003
12019583,24,14,23,6853259
12020671,24,14,23,6853879
12021151,24,14,23,6854153
12021295,24,13,23,2284745
12021807,24,14,23,6854527
12023087,24,14,23,6855257
12024031,24,12,23,761755
12024319,24,14,23,6855959
12027967,24,13,23,2286013
12028959,24,14,23,6858605
12029567,24,13,23,2286317
12029935,24,8,23,9409
12030591,24,14,23,6859535
12031439,24,13,23,2286673
12031871,24,13,23,2286755
12033183,24,14,23,6861013
12033407,24,12,23,762349
12033695,24,14,23,6861305
12034607,24,12,23,762425
12034751,24,14,23,6861907
12037119,24,14,23,6863257
12038255,24,14,23,6863905
12038335,24,14,23,6863951
12039279,24,12,23,762721
12039471,24,14,23,6864599
12039679,24,13,23,2288239
12040047,24,13,23,2288309
12041247,24,13,23,2288537
12041759,24,14,23,6865903
12042559,24,14,23,6866359
12043983,24,12,23,763019
12044927,24,14,23,6867709
12045439,24,14,23,6868001
12046063,24,14,23,6868357
12046575,24,14,23,6868649
12047519,24,12,23,763243
12049343,24,14,23,6870227
12050111,24,14,23,6870665
12051935,24,14,23,6871705
12051967,24,14,23,6871723
12052223,24,12,23,763541
12053759,24,13,23,2290915
12054127,24,13,23,2290985
12055151,24,14,23,6873539
12056095,24,13,23,2291359
12056895,24,12,23,763837
12058063,24,8,23,9431
12058687,24,14,23,6875555
12059119,24,14,23,6875801
12059375,24,14,23,6875947
12060543,24,14,23,6876613
12060799,24,13,23,2292253
12060831,24,13,23,2292259
12061167,24,13,23,2292323
12061823,24,14,23,6877343
12061855,24,14,23,6877361
12061903,24,13,23,2292463
12063135,24,13,23,2292697
12063391,24,14,23,6878237
12063679,24,14,23,6878401
12064303,24,13,23,2292919
12064815,24,14,23,6879049
12066047,24,14,23,6879751
12066927,24,14,23,6880253
12069919,24,14,23,6881959
12071231,24,14,23,6882707
12073199,24,14,23,6883829
12073679,24,13,23,2294701
12073711,24,13,23,2294707
12074703,24,14,23,6884687
12075071,24,14,23,6884897
12075679,24,10,23,85003
12075839,24,14,23,6885335
12077471,24,14,23,6886265
12078015,24,12,23,765175
12078639,24,14,23,6886931
12078783,24,13,23,2295671
12079807,24,14,23,6887597
12080127,24,14,23,6887779
12081711,24,14,23,6888683
12081919,24,13,23,2296267
12084255,24,13,23,2296711
12087791,24,13,23,2297383
12088191,24,13,23,2297459
12089471,24,14,23,6893107
12090063,24,13,23,2297815
12090527,24,13,23,2297903
12091263,24,13,23,2298043
12091551,24,14,23,6894293
12092351,24,14,23,6894749
12093887,24,14,23,6895625
12094463,24,12,23,766217
12095231,24,13,23,2298797
12095599,24,12,23,766289
12095999,24,13,23,2298943
12096255,24,14,23,6896975
12096767,24,12,23,766363
12096815,24,14,23,6897295
12097391,24,14,23,6897623
12097503,24,13,23,2299229
12099103,24,12,23,766511
12099903,24,13,23,2299685
12103919,24,14,23,6901345
12104175,24,13,23,2300497
12104863,24,14,23,6901883
12105119,24,14,23,6902029
12105167,24,14,23,6902057
12106943,24,13,23,2301023
12108703,24,14,23,6904073
12109567,24,14,23,6904565
12110303,24,14,23,6904985
12112127,24,14,23,6906025
12113407,24,14,23,6906755
12114239,24,14,23,6907229
12116607,24,14,23,6908579
12116719,24,12,23,767627
12117311,24,14,23,6908981
12118079,24,14,23,6909419
12119199,24,14,23,6910057
12120767,24,14,23,6910951
12122815,24,14,23,6912119
12123647,24,14,23,6912593
12123903,24,14,23,6912739
12124671,24,14,23,6913177
12125183,24,14,23,6913469
12125663,24,13,23,2304581
12126319,24,14,23,6914117
12128575,24,14,23,6915403
12130799,24,10,23,85391
12131455,24,14,23,6917045
12133503,24,13,23,2306071
12134047,24,14,23,6918523
12134559,24,14,23,6918815
12138031,24,14,23,6920795
12139199,24,14,23,6921461
12139775,24,13,23,2307263
12140767,24,14,23,6922355
12141535,24,14,23,6922793
12144415,24,13,23,2308145
12145391,24,14,23,6924991
12145439,24,14,23,6925019
12146927,24,14,23,6925867
12147407,24,14,23,6926141
12149695,24,14,23,6927445
12149919,24,13,23,2309191
12153023,24,12,23,769927
12153135,24,14,23,6929407
12154991,24,13,23,2310155
12155103,24,14,23,6930529
12155647,24,14,23,6930839
12156447,24,14,23,6931295
12159295,24,13,23,2310973
12160127,24,12,23,770377
12160239,24,14,23,6933457
12161231,24,12,23,770447
12161263,24,12,23,770449
12161663,24,13,23,2311423
12161919,24,14,23,6934415
12162511,24,14,23,6934753
12164255,24,14,23,6935747
12164799,24,11,23,256891
12165167,24,13,23,2312089
12165679,24,14,23,6936559
12168303,24,10,23,85655
12172607,24,13,23,2313503
12173631,24,14,23,6941093
12174975,24,13,23,2313953
12175055,24,14,23,6941905
12175231,24,14,23,6942005
12175999,24,14,23,6942443
12177135,24,14,23,6943091
12177823,24,14,23,6943483
12178879,24,12,23,771565
12180015,24,12,23,771637
12180415,24,13,23,2314987
12180671,24,14,23,6945107
12180783,24,13,23,2315057
12181551,24,13,23,2315203
12181983,24,13,23,2315285
12182015,24,13,23,2315291
12182495,24,14,23,6946147
12182783,24,13,23,2315437
12183007,24,14,23,6946439
12183295,24,14,23,6946603
12184607,24,14,23,6947351
12187167,24,14,23,6948811
12188479,24,14,23,6949559
12189423,24,11,23,257411
12189759,24,13,23,2316763
12190591,24,12,23,772307
12191183,24,14,23,6951101
12191903,24,14,23,6951511
12191951,24,14,23,6951539
12193327,24,13,23,2317441
12194751,24,14,23,6953135
12195295,24,9,23,28615
12195887,24,14,23,6953783
12196351,24,14,23,6954047
12196543,24,14,23,6954157
12197119,24,14,23,6954485
12197999,24,13,23,2318329
12199167,24,13,23,2318551
12200191,24,14,23,6956237
12200735,24,13,23,2318849
12203247,24,14,23,6957979
12204751,24,14,23,6958837
12204783,24,14,23,6958855
12204927,24,14,23,6958937
12207039,24,11,23,257783
12207775,24,13,23,2320187
12208543,24,13,23,2320333
12208799,24,14,23,6961145
12209343,24,12,23,773495
12209567,24,14,23,6961583
12210111,24,13,23,2320631
12210175,24,13,23,2320643
12210943,24,13,23,2320789
12211199,24,14,23,6962513
12211247,24,13,23,2320847
12211679,24,11,23,257881
12212079,24,13,23,2321005
12214047,24,8,23,9553
12216383,24,12,23,773941
12217151,24,13,23,2321969
12218863,24,14,23,6966883
12220031,24,14,23,6967549
12220543,24,14,23,6967841
12220799,24,14,23,6967987
12221311,24,14,23,6968279
12222447,24,14,23,6968927
12222911,24,14,23,6969191
12223391,24,12,23,774385
12223647,24,14,23,6969611
12225023,24,13,23,2323465
12225535,24,14,23,6970687
12226671,24,14,23,6971335
12227551,24,14,23,6971837
12230175,24,14,23,6973333
12230687,24,14,23,6973625
12231487,24,14,23,6974081
12232831,24,12,23,774983
12233023,24,14,23,6974957
12233423,24,14,23,6975185
12233455,24,14,23,6975203
12233599,24,13,23,2325095
12233935,24,10,23,86117
12234223,24,14,23,6975641
12235167,24,11,23,258377
12236223,24,14,23,6976781
12236671,24,13,23,2325679
12238783,24,14,23,6978241
12239295,24,14,23,6978533
12241007,24,12,23,775501
12242799,24,14,23,6980531
12246047,24,13,23,2327461
12246847,24,12,23,775871
12247791,24,14,23,6983377
12248447,24,13,23,2327917
12249295,24,14,23,6984235
12249551,24,13,23,2328127
12249807,24,14,23,6984527
12250575,24,14,23,6984965
12250783,24,13,23,2328361
12251039,24,14,23,6985229
12251583,24,12,23,776171
12251807,24,14,23,6985667
12251839,24,14,23,6985685
12252863,24,14,23,6986269
12255343,24,14,23,6987683
12255743,24,14,23,6987911
12256511,24,14,23,6988349
12258047,24,14,23,6989225
12259183,24,14,23,6989873
12259951,24,14,23,6990311
12261583,24,14,23,6991241
12262127,24,12,23,776839
12262895,24,13,23,2330663
12263919,24,14,23,6992573
12265119,24,14,23,6993257
12265935,24,13,23,2331241
12267423,24,14,23,6994571
12268031,24,10,23,86357
12269823,24,14,23,6995939
12275407,24,13,23,2333041
12276463,24,14,23,6999725
12277999,24,14,23,7000601
12278655,24,14,23,7000975
12279199,24,14,23,7001285
12279711,24,12,23,777953
12280511,24,13,23,2334011
12280991,24,14,23,7002307
12282335,24,14,23,7003073
12283439,24,14,23,7003703
12284015,24,13,23,2334677
12286175,24,14,23,7005263
12288031,24,14,23,7006321
12290367,24,14,23,7007653
12290943,24,14,23,7007981
12291055,24,13,23,2336015
12291199,24,14,23,7008127
12291791,24,13,23,2336155
12292303,24,14,23,7008757
12292815,24,14,23,7009049
12292991,24,13,23,2336383
12294015,24,14,23,7009733
12294591,24,13,23,2336687
12295551,24,14,23,7010609
12296239,24,14,23,7011001
12296751,24,14,23,7011293
12297695,24,13,23,2337277
12298351,24,14,23,7012205
12298495,24,12,23,779143
12301423,24,14,23,7013957
12301535,24,13,23,2338007
12302191,24,14,23,7014395
12302303,24,13,23,2338153
12303167,24,11,23,259813
12303391,24,14,23,7015079
12304879,24,14,23,7015927
12305535,24,10,23,86621
12306127,24,14,23,7016639
12306927,24,14,23,7017095
12307871,24,12,23,779737
12309663,24,14,23,7018655
12311087,24,14,23,7019467
12311551,24,14,23,7019731
12311743,24,13,23,2339947
12312063,24,14,23,7020023
12312687,24,14,23,7020379
12313855,24,14,23,7021045
12314367,24,14,23,7021337
12317215,24,12,23,780329
12319039,24,14,23,7024001
12319615,24,12,23,780481
12321663,24,14,23,7025497
12322255,24,13,23,2341945
12323311,24,14,23,7026437
12323775,24,14,23,7026701
12327391,24,13,23,2342921
12328415,24,14,23,7029347
12329183,24,14,23,7029785
12333695,24,12,23,781373
12333807,24,14,23,7032421
12334543,24,14,23,7032841
12337135,24,12,23,781591
12337855,24,14,23,7034729
12339103,24,13,23,2345147
12339647,24,14,23,7035751
12339871,24,13,23,2345293
12340159,24,14,23,7036043
12340415,24,14,23,7036189
12340927,24,14,23,7036481
12342015,24,14,23,7037101
12342527,24,14,23,7037393
12343407,24,13,23,2345965
12344287,24,14,23,7038397
12345375,24,12,23,782113
12347455,24,14,23,7040203
12348911,24,11,23,260779
12350623,24,14,23,7042009
12351871,24,14,23,7042721
12352671,24,14,23,7043177
12353215,24,13,23,2347829
12353583,24,12,23,782633
12353983,24,13,23,2347975
12355583,24,13,23,2348279
12356095,24,14,23,7045129
12356607,24,14,23,7045421
12356719,24,13,23,2348495
12357375,24,14,23,7045859
12357743,24,14,23,7046069
12357855,24,13,23,2348711
12358623,24,13,23,2348857
12358687,24,13,23,2348869
12358911,24,14,23,7046735
12359647,24,14,23,7047155
12359999,24,14,23,7047355
12361247,24,14,23,7048067
12361791,24,10,23,87017
12362047,24,14,23,7048523
12362991,24,12,23,783229
12363903,24,14,23,7049581
12364415,24,14,23,7049873
12364495,24,13,23,2349973
12364527,24,13,23,2349979
12364783,24,14,23,7050083
12364959,24,13,23,2350061
12365263,24,12,23,783373
12366031,24,13,23,2350265
12366527,24,11,23,261151
12367407,24,14,23,7051579
12369663,24,13,23,2350955
12370687,24,14,23,7053449
12371423,24,14,23,7053869
12371455,24,14,23,7053887
12372591,24,14,23,7054535
12373535,24,11,23,261299
12373871,24,13,23,2351755
12374335,24,13,23,2351843
12377919,24,14,23,7057573
12378863,24,14,23,7058111
12379519,24,14,23,7058485
12379807,24,13,23,2352883
12380623,24,14,23,7059115
12380655,24,14,23,7059133
12381743,24,12,23,784417
12381855,24,14,23,7059817
12382111,24,13,23,2353321
12382655,24,14,23,7060273
12383167,24,14,23,7060565
12385023,24,14,23,7061623
12385535,24,14,23,7061915
12387359,24,14,23,7062955
12387807,24,14,23,7063211
12391151,24,11,23,261671
12392063,24,14,23,7065637
12393455,24,12,23,785159
12394223,24,13,23,2355623
12395455,24,13,23,2355857
12398527,24,13,23,2356441
12398783,24,14,23,7069469
12399663,24,13,23,2356657
12400095,24,13,23,2356739
12400127,24,13,23,2356745
12400495,24,12,23,785605
12400895,24,13,23,2356891
12401263,24,13,23,2356961
12401631,24,12,23,785677
12401919,24,14,23,7071257
12406479,24,14,23,7073857
12406559,24,14,23,7073903
12407023,24,14,23,7074167
12407503,24,12,23,786049
12408191,24,14,23,7074833
12408271,24,13,23,2358293
12408479,24,14,23,7074997
12410271,24,13,23,2358673
12410783,24,14,23,7076311
12410815,24,14,23,7076329
12411295,24,14,23,7076603
12411327,24,14,23,7076621
12415167,24,14,23,7078811
12415599,24,14,23,7079057
12417135,24,14,23,7079933
12420335,24,14,23,7081757
12422015,24,13,23,2360905
12422271,24,14,23,7082861
12422351,24,13,23,2360969
12422895,24,14,23,7083217
12423375,24,14,23,7083491
12423407,24,14,23,7083509
12423583,24,13,23,2361203
12423839,24,14,23,7083755
12424639,24,14,23,7084211
12425151,24,10,23,87463
12428767,24,14,23,7086565
12429567,24,14,23,7087021
12430959,24,12,23,787535
12435151,24,14,23,7090205
12435695,24,12,23,787835
12435951,24,14,23,7090661
12436863,24,12,23,787909
12436975,24,14,23,7091245
12437119,24,14,23,7091327
12437631,24,13,23,2363873
12438943,24,14,23,7092367
12438975,24,14,23,7092385
12439199,24,12,23,788057
12439455,24,14,23,7092659
12441023,24,14,23,7093553
12442111,24,14,23,7094173
12442159,24,14,23,7094201
12442927,24,14,23,7094639
12443871,24,12,23,788353
12444159,24,14,23,7095341
12447039,24,13,23,2365661
12448287,24,14,23,7097695
12450687,24,14,23,7099063
12452735,24,14,23,7100231
12453535,24,14,23,7100687
12454591,24,14,23,7101289
12454847,24,13,23,2367145
12455615,24,12,23,789097
12456383,24,13,23,2367437
12456415,24,13,23,2367443
12456703,24,14,23,7102493
12456959,24,14,23,7102639
12459487,24,13,23,2368027
12462911,24,14,23,7106033
12463743,24,14,23,7106507
12463823,24,12,23,789617
12464623,24,13,23,2369003
12464767,24,14,23,7107091
12465615,24,14,23,7107575
12469919,24,14,23,7110029
12471295,24,13,23,2370271
12471487,24,14,23,7110923
12471551,24,14,23,7110959
12472255,24,14,23,7111361
12473391,24,14,23,7112009
12473599,24,13,23,2370709
12474479,24,14,23,7112629
12475167,24,13,23,2371007
12478527,24,14,23,7114937
12478703,24,13,23,2371679
12479295,24,14,23,7115375
12480671,24,13,23,2372053
12481695,24,14,23,7116743
12481983,24,14,23,7116907
12484511,24,13,23,2372783
12484655,24,14,23,7118431
12485167,24,14,23,7118723
12485535,24,14,23,7118933
12486143,24,11,23,263677
12487279,24,11,23,263701
12489759,24,14,23,7121341
12491071,24,14,23,7122089
12493951,24,13,23,2374577
12494543,24,14,23,7124069
12494975,24,14,23,7124315
12495743,24,14,23,7124753
12495855,24,13,23,2374939
12497855,24,12,23,791773
12498479,24,14,23,7126313
12499967,24,14,23,7127161
12500223,24,12,23,791923
12500271,24,14,23,7127335
12501215,24,14,23,7127873
12501759,24,13,23,2376061
12503151,24,14,23,7128977
12507263,24,9,23,29347
12507887,24,14,23,7131677
12508991,24,14,23,7132307
12510879,24,14,23,7133383
12511679,24,14,23,7133839
12511935,24,12,23,792665
12512703,24,13,23,2378141
12512815,24,14,23,7134487
12513727,24,14,23,7135007
12513839,24,13,23,2378357
12514303,24,12,23,792815
12515071,24,13,23,2378591
12516095,24,14,23,7136357
12520767,24,14,23,7139021
12521247,24,12,23,793255
12521967,24,14,23,7139705
12522015,24,13,23,2379911
12523215,24,13,23,2380139
12523391,24,14,23,7140517
12523647,24,11,23,264469
12523679,24,12,23,793409
12523759,24,14,23,7140727
12524271,24,14,23,7141019
12524527,24,14,23,7141165
12524703,24,14,23,7141265
12525039,24,14,23,7141457
12525983,24,12,23,793555
12527519,24,13,23,2380957
12529151,24,13,23,2381267
12529855,24,13,23,2381401
12530143,24,14,23,7144367
12530735,24,14,23,7144705
12531567,24,14,23,7145179
12532767,24,14,23,7145863
12534079,24,14,23,7146611
12536527,24,10,23,88247
12536639,24,14,23,7148071
12537327,24,13,23,2382821
12538095,24,13,23,2382967
12538495,24,13,23,2383043
12539263,24,13,23,2383189
12539551,24,14,23,7149731
12541631,24,13,23,2383639
12541855,24,14,23,7151045
12541999,24,13,23,2383709
12542655,24,14,23,7151501
12543455,24,14,23,7151957
12544111,24,14,23,7152331
12545903,24,10,23,88313
12546159,24,14,23,7153499
12546271,24,13,23,2384521
12547103,24,12,23,794893
12547295,24,14,23,7154147
12548895,24,14,23,7155059
12549439,24,12,23,795041
12550207,24,13,23,2385269
12550639,24,11,23,265039
12554399,24,14,23,7158197
12555199,24,14,23,7158653
12555711,24,13,23,2386315
12556735,24,14,23,7159529
12557247,24,13,23,2386607
12557615,24,12,23,795559
12558015,24,13,23,2386753
12558447,24,13,23,2386835
12558815,24,12,23,795635
12560127,24,14,23,7161463
12560639,24,14,23,7161755
12562031,24,14,23,7162549
12563679,24,14,23,7163489
12566223,24,13,23,2388313
12566767,24,14,23,7165249
12567279,24,14,23,7165541
12567967,24,14,23,7165933
12570015,24,14,23,7167101
12570047,24,14,23,7167119
12570271,24,14,23,7167247
12572671,24,14,23,7168615
12572895,24,9,23,29501
12572927,24,12,23,796529
12573151,24,14,23,7168889
12573183,24,14,23,7168907
12577567,24,12,23,796823
12577599,24,12,23,796825
12578335,24,13,23,2390615
12579359,24,14,23,7172429
12579567,24,13,23,2390849
12580303,24,13,23,2390989
12581503,24,13,23,2391217
12581759,24,14,23,7173797
12582303,24,12,23,797123
12582639,24,13,23,2391433
12582895,24,14,23,7174445
12583071,24,13,23,2391515
12583583,24,14,23,7174837
12583871,24,13,23,2391667
12585375,24,13,23,2391953
12589023,24,14,23,7177939
12589279,24,11,23,265855
12589535,24,14,23,7178231
12591135,24,14,23,7179143
12594303,24,14,23,7180949
12594895,24,14,23,7181287
12594927,24,14,23,7181305
12595439,24,14,23,7181597
12595839,24,14,23,7181825
12596383,24,11,23,266005
12598719,24,12,23,798163
12599279,24,14,23,7183787
12599855,24,12,23,798235
12600255,24,13,23,2394781
12601247,24,14,23,7184909
12601823,24,13,23,2395079
12602367,24,14,23,7185547
12602879,24,14,23,7185839
12604895,24,13,23,2395663
12605759,24,11,23,266203
12607007,24,14,23,7188193
12607519,24,14,23,7188485
12608751,24,14,23,7189187
12609231,24,12,23,798829
12609263,24,10,23,88759
12609663,24,13,23,2396569
12611023,24,14,23,7190483
12611743,24,14,23,7190893
12612255,24,14,23,7191185
12615359,24,14,23,7192955
12615727,24,14,23,7193165
12616191,24,14,23,7193429
12616671,24,13,23,2397901
12617727,24,14,23,7194305
12619807,24,12,23,799499
12619999,24,14,23,7195601
12621023,24,14,23,7196185
12623087,24,14,23,7197361
12623567,24,14,23,7197635
12625135,24,14,23,7198529
12625567,24,14,23,7198775
12626879,24,10,23,88883
12627407,24,14,23,7199825
12627615,24,13,23,2399981
12628015,24,10,23,88891
12628175,24,14,23,7200263
12628383,24,13,23,2400127
12629183,24,12,23,800093
12630015,24,13,23,2400437
12630527,24,14,23,7201603
12631039,24,14,23,7201895
12631151,24,13,23,2400653
12631295,24,14,23,7202041
12638703,24,14,23,7206265
12638959,24,13,23,2402137
12639359,24,13,23,2402213
12639727,24,12,23,800761
12640383,24,14,23,7207223
12640415,24,14,23,7207241
12640495,24,13,23,2402429
12641151,24,14,23,7207661
12641695,24,13,23,2402657
12641839,24,14,23,7208053
12643007,24,14,23,7208719
12643887,24,14,23,7209221
12645375,24,14,23,7210069
12645631,24,10,23,89015
12646879,24,14,23,7210927
12647023,24,14,23,7211009
12651839,24,13,23,2404585
12652159,24,14,23,7213937
12652239,24,13,23,2404661
12654463,24,14,23,7215251
12654751,24,14,23,7215415
12655599,24,14,23,7215899
12656063,24,14,23,7216163
12656367,24,14,23,7216337
12657199,24,14,23,7216811
12658591,24,14,23,7217605
12659167,24,14,23,7217933
12659199,24,14,23,7217951
12659903,24,14,23,7218353
12661039,24,14,23,7219001
12661215,24,13,23,2406367
12662239,24,14,23,7219685
12662271,24,14,23,7219703
12662639,24,14,23,7219913
12663407,24,14,23,7220351
12663775,24,14,23,7220561
12663839,24,14,23,7220597
12666095,24,14,23,7221883
12666575,24,14,23,7222157
12669647,24,14,23,7223909
12670415,24,14,23,7224347
12672703,24,14,23,7225651
12673791,24,12,23,802919
12674559,24,13,23,2408903
12675183,24,14,23,7227065
12677343,24,14,23,7228297
12679199,24,13,23,2409785
12679967,24,13,23,2409931
12679999,24,13,23,2409937
12680511,24,14,23,7230103
12680831,24,12,23,803365
12680911,24,14,23,7230331
12681967,24,12,23,803437
12682623,24,14,23,7231307
12683391,24,14,23,7231745
12686895,24,14,23,7233743
12687839,24,12,23,803809
12687871,24,11,23,267937
12689887,24,14,23,7235449
12693103,24,14,23,7237283
12695791,24,14,23,7238815
12696047,24,12,23,804329
12696383,24,13,23,2413051
12696639,24,14,23,7239299
12696815,24,13,23,2413133
12697407,24,14,23,7239737
12697839,24,14,23,7239983
12698495,24,14,23,7240357
12698783,24,13,23,2413507
12699007,24,14,23,7240649
12699039,24,14,23,7240667
12699775,24,14,23,7241087
12701343,24,14,23,7241981
12701375,24,14,23,7241999
12701887,24,10,23,89411
12702255,24,13,23,2414167
12703999,24,14,23,7243495
12704511,24,14,23,7243787
12704879,24,14,23,7243997
12706015,24,14,23,7244645
12708159,24,13,23,2415289
12708639,24,14,23,7246141
12708671,24,14,23,7246159
12710527,24,13,23,2415739
12710783,24,14,23,7247363
12711551,24,14,23,7247801
12711631,24,13,23,2415949
12712063,24,13,23,2416031
12712575,24,14,23,7248385
12713119,24,14,23,7248695
12713375,24,14,23,7248841
12713967,24,13,23,2416393
12714431,24,13,23,2416481
12714943,24,14,23,7249735
12717055,24,14,23,7250939
12717247,24,14,23,7251049
12717759,24,14,23,7251341
12718191,24,14,23,7251587
12718527,24,14,23,7251779
12720095,24,14,23,7252673
12720751,24,14,23,7253047
12722207,24,13,23,2417959
12722495,24,14,23,7254041
12723007,24,11,23,268679
12724943,24,13,23,2418479
12725119,24,14,23,7255537
12725743,24,13,23,2418631
12725967,24,14,23,7256021
12726767,24,14,23,7256477
12727711,24,12,23,806335
12728879,24,9,23,29867
12729535,24,14,23,7258055
12730303,24,14,23,7258493
12732159,24,14,23,7259551
12733551,24,12,23,806705
12733951,24,13,23,2420191
12734319,24,13,23,2420261
12739199,24,14,23,7263565
12739311,24,14,23,7263629
12739823,24,13,23,2421307
12740735,24,14,23,7264441
12740815,24,14,23,7264487
12740847,24,14,23,7264505
12741359,24,13,23,2421599
12742095,24,13,23,2421739
12742127,24,13,23,2421745
12742559,24,13,23,2421827
12743327,24,13,23,2421973
12743359,24,13,23,2421979
12745263,24,11,23,269149
12746239,24,14,23,7267579
12746655,24,14,23,7267817
12746975,24,14,23,7267999
12747743,24,14,23,7268437
12750879,24,14,23,7270225
12754159,24,14,23,7272095
12754751,24,14,23,7272433
12757663,24,14,23,7274093
12758975,24,13,23,2424947
12759743,24,13,23,2425093
12759999,24,14,23,7275425
12760255,24,14,23,7275571
12760767,24,14,23,7275863
12761135,24,14,23,7276073
12761711,24,12,23,808489
12762367,24,14,23,7276775
12766751,24,13,23,2426425
12767007,24,14,23,7279421
12767983,24,13,23,2426659
12768383,24,13,23,2426735
12768719,24,12,23,808933
12769487,24,13,23,2426945
12769919,24,12,23,809009
12771455,24,13,23,2427319
12771487,24,13,23,2427325
12772911,24,14,23,7282787
12774079,24,14,23,7283453
12774847,24,14,23,7283891
12775727,24,12,23,809377
12775935,24,14,23,7284511
12775983,24,14,23,7284539
12776415,24,14,23,7284785
12776447,24,14,23,7284803
12776959,24,12,23,809455
12777215,24,14,23,7285241
12777695,24,13,23,2428505
12777727,24,13,23,2428511
12779039,24,14,23,7286281
12779551,24,14,23,7286573
12782831,24,12,23,809827
12783391,24,14,23,7288763
12783823,24,14,23,7289009
12784159,24,14,23,7289201
12784255,24,14,23,7289255
12784367,24,13,23,2429773
12785055,24,14,23,7289711
12785311,24,14,23,7289857
12785359,24,14,23,7289885
12785823,24,14,23,7290149
12787103,24,13,23,2430293
12788127,24,14,23,7291463
12789871,24,11,23,270091
12790239,24,13,23,2430889
12792863,24,14,23,7294163
12793375,24,10,23,90055
12797823,24,14,23,7296991
12799135,24,14,23,7297739
12799183,24,12,23,810863
12799471,24,14,23,7297931
12800639,24,14,23,7298597
12800959,24,14,23,7298779
12803007,24,14,23,7299947
12803375,24,14,23,7300157
12803839,24,14,23,7300421
12804095,24,14,23,7300567
12804143,24,14,23,7300595
12804863,24,14,23,7301005
12805087,24,12,23,811237
12807199,24,14,23,7302337
12808511,24,14,23,7303085
12809247,24,14,23,7303505
12810991,24,10,23,90179
12811071,24,14,23,7304545
12811583,24,14,23,7304837
12811903,24,14,23,7305019
12813295,24,12,23,811757
12813695,24,13,23,2435347
12815807,24,14,23,7307245
12818911,24,14,23,7309015
12819391,24,14,23,7309289
12819759,24,14,23,7309499
12819967,24,13,23,2436539
12820959,24,14,23,7310183
12821535,24,12,23,812279
12824607,24,13,23,2437421
12826239,24,11,23,270859
12827119,24,14,23,7313695
12827711,24,13,23,2438011
12829855,24,14,23,7315255
12831135,24,14,23,7315985
12831167,24,14,23,7316003
12832047,24,12,23,812945
12832447,24,13,23,2438911
12833279,24,12,23,813023
12833327,24,14,23,7317235
12833983,24,13,23,2439203
12834047,24,13,23,2439215
12835071,24,14,23,7318229
12835951,24,13,23,2439577
12839231,24,14,23,7320601
12839711,24,14,23,7320875
12839743,24,14,23,7320893
12840175,24,14,23,7321139
12840479,24,14,23,7321313
12841599,24,14,23,7321951
12842111,24,14,23,7322243
12842703,24,14,23,7322581
12844015,24,14,23,7323329
12844191,24,13,23,2441143
12844447,24,14,23,7323575
12844479,24,14,23,7323593
12844991,24,11,23,271255
12845215,24,14,23,7324013
12847359,24,9,23,30145
12847519,24,14,23,7325327
12853567,24,13,23,2442925
12855423,24,14,23,7329833
12855503,24,11,23,271477
12856191,24,14,23,7330271
12856735,24,9,23,30167
12856815,24,14,23,7330627
12858015,24,14,23,7331311
12858815,24,14,23,7331767
12860863,24,14,23,7332935
12861951,24,14,23,7333555
12861999,24,14,23,7333583
12862975,24,13,23,2444713
12863743,24,11,23,271651
12863967,24,14,23,7334705
12864111,24,13,23,2444929
12864623,24,14,23,7335079
12867615,24,13,23,2445595
12869247,24,13,23,2445905
12870271,24,14,23,7338299
12870783,24,12,23,815399
12871375,24,14,23,7338929
12871551,24,13,23,2446343
12873119,24,11,23,271849
12874175,24,14,23,7340525
12874431,24,14,23,7340671
12875455,24,12,23,815695
12876287,24,13,23,2447243
12876735,24,14,23,7341985
12877311,24,14,23,7342313
12878047,24,14,23,7342733
12878591,24,13,23,2447681
12879359,24,13,23,2447827
12880495,24,13,23,2448043
12880751,24,14,23,7344275
12880927,24,13,23,2448125
12881519,24,14,23,7344713
12881951,24,14,23,7344959
12885119,24,14,23,7346765
12885487,24,14,23,7346975
12885999,24,10,23,90707
12888735,24,13,23,2449609
12889759,24,14,23,7349411
12890303,24,13,23,2449907
12891135,24,13,23,2450065
12891327,24,14,23,7350305
12891439,24,13,23,2450123
12891615,24,14,23,7350469
12892207,24,13,23,2450269
12892271,24,13,23,2450281
12892783,24,14,23,7351135
12898079,24,13,23,2451385
12898543,24,13,23,2451473
12899055,24,14,23,7354711
12899791,24,14,23,7355131
12900991,24,14,23,7355815
12901359,24,14,23,7356025
12901503,24,14,23,7356107
12901823,24,14,23,7356289
12901871,24,14,23,7356317
12902303,24,14,23,7356563
12902639,24,14,23,7356755
12902847,24,13,23,2452291
12902959,24,14,23,7356937
12903103,24,14,23,7357019
12903839,24,14,23,7357439
12904863,24,14,23,7358023
12906607,24,14,23,7359017
12907119,24,11,23,272567
12907487,24,13,23,2453173
12912335,24,14,23,7362283
12913647,24,14,23,7363031
12913791,24,13,23,2454371
12914127,24,10,23,90905
12914383,24,14,23,7363451
12914415,24,14,23,7363469
12915359,24,11,23,272741
12916095,24,13,23,2454809
12916863,24,13,23,2454955
12917119,24,14,23,7365011
12921599,24,13,23,2455855
12923935,24,13,23,2456299
12926671,24,13,23,2456819
12927039,24,12,23,818963
12927471,24,13,23,2456971
12927807,24,13,23,2457035
12928895,24,14,23,7371725
12929183,24,14,23,7371889
12930255,24,14,23,7372501
12930975,24,13,23,2457637
12931775,24,12,23,819263
12932031,24,14,23,7373513
12933055,24,14,23,7374097
12933679,24,13,23,2458151
12934399,24,14,23,7374863
12934447,24,13,23,2458297
12935935,24,14,23,7375739
12936703,24,14,23,7376177
12938271,24,14,23,7377071
12938863,24,14,23,7377409
12939807,24,14,23,7377947
12941343,24,14,23,7378823
12942975,24,14,23,7379753
12943087,24,13,23,2459939
12943855,24,13,23,2460085
12944111,24,14,23,7380401
12944367,24,14,23,7380547
12944799,24,14,23,7380793
12944879,24,14,23,7380839
12945855,24,11,23,273385
12948527,24,13,23,2460973
12949759,24,13,23,2461207
12949983,24,14,23,7383749
12952607,24,14,23,7385245
12956287,24,14,23,7387343
12958191,24,14,23,7388429
12958335,24,13,23,2462837
12958847,24,14,23,7388803
12958879,24,14,23,7388821
12958959,24,14,23,7388867
12959103,24,13,23,2462983
12959135,24,13,23,2462989
12959391,24,14,23,7389113
12960703,24,13,23,2463287
12962495,24,14,23,7390883
12963119,24,14,23,7391239
12964351,24,14,23,7391941
12968255,24,14,23,7394167
12969279,24,12,23,821639
12970047,24,13,23,2465063
12970879,24,13,23,2465221
12971135,24,14,23,7395809
12973183,24,13,23,2465659
12973215,24,13,23,2465665
12973471,24,14,23,7397141
12974207,24,14,23,7397561
12975551,24,13,23,2466109
12976175,24,14,23,7398683
12979455,24,13,23,2466851
12980479,24,14,23,7401137
12982495,24,13,23,2467429
12982591,24,13,23,2467447
12985071,24,14,23,7403755
12985727,24,10,23,91409
12987119,24,14,23,7404923
12988063,24,12,23,822829
12988831,24,13,23,2468633
12989599,24,13,23,2468779
12989855,24,14,23,7406483
12991167,24,13,23,2469077
12991791,24,14,23,7407587
12992255,24,14,23,7407851
12992623,24,14,23,7408061
12992735,24,11,23,274375
12993023,24,14,23,7408289
12994047,24,14,23,7408873
12995183,24,14,23,7409521
12995695,24,14,23,7409813
12997407,24,12,23,823421
12998687,24,14,23,7411519
12998975,24,13,23,2470561
12999375,24,13,23,2470637
12999807,24,12,23,823573
12999919,24,14,23,7412221
12999999,24,14,23,7412267
13001855,24,14,23,7413325
13003503,24,14,23,7414265
13004479,24,10,23,91541
13009375,24,14,23,7417613
13009951,24,13,23,2472647
13011823,24,13,23,2473003
13014655,24,13,23,2473541
13015103,24,14,23,7420879
13015247,24,14,23,7420961
13015279,24,14,23,7420979
13016223,24,11,23,274871
13016559,24,13,23,2473903
13018047,24,14,23,7422557
13018095,24,13,23,2474195
13018671,24,14,23,7422913
13020927,24,12,23,824911
13021119,24,14,23,7424309
13022207,24,14,23,7424929
13022687,24,14,23,7425203
13022719,24,14,23,7425221
13023343,24,14,23,7425577
13023487,24,14,23,7425659
13023855,24,14,23,7425869
13025599,24,11,23,275069
13027391,24,14,23,7427885
13028127,24,14,23,7428305
13028591,24,14,23,7428569
13029103,24,11,23,275143
13030815,24,14,23,7429837
13030863,24,14,23,7429865
13031631,24,14,23,7430303
13032063,24,14,23,7430549
13032863,24,14,23,7431005
13033407,24,13,23,2477105
13033919,24,14,23,7431607
13034031,24,14,23,7431671
13034175,24,13,23,2477251
13036847,24,13,23,2477759
13037679,24,13,23,2477917
13037871,24,14,23,7433861
13039103,24,14,23,7434563
13039839,24,14,23,7434983
13039871,24,14,23,7435001
13042927,24,14,23,7436743
13043407,24,14,23,7437017
13044975,24,14,23,7437911
13046719,24,11,23,275515
13048191,24,13,23,2479915
13049247,24,14,23,7440347
13050367,24,14,23,7440985
13050623,24,13,23,2480377
13050847,24,14,23,7441259
13050879,24,14,23,7441277
13051647,24,14,23,7441715
13052159,24,13,23,2480669
13052671,24,14,23,7442299
13057343,24,14,23,7444963
13058111,24,14,23,7445401
13058287,24,14,23,7445501
13058543,24,14,23,7445647
13059567,24,12,23,827359
13060255,24,14,23,7446623
13060847,24,14,23,7446961
13061327,24,14,23,7447235
13061535,24,13,23,2482451
13062047,24,14,23,7447645
13062847,24,14,23,7448101
13064703,24,13,23,2483053
13065727,24,14,23,7449743
13066719,24,14,23,7450309
13067231,24,14,23,7450601
13069631,24,14,23,7451969
13070111,24,10,23,92003
13072447,24,12,23,828175
13073103,24,14,23,7453949
13073279,24,13,23,2484683
13074415,24,13,23,2484899
13074591,24,14,23,7454797
13075439,24,14,23,7455281
13076015,24,12,23,828401
13076383,24,13,23,2485273
13077183,24,12,23,828475
13079007,24,14,23,7457315
13079295,24,14,23,7457479
13079599,24,14,23,7457653
13079855,24,13,23,2485933
13080831,24,14,23,7458355
13081087,24,13,23,2486167
13082111,24,14,23,7459085
13082655,24,13,23,2486465
13083679,24,14,23,7459979
13085471,24,14,23,7461001
13085935,24,14,23,7461265
13086415,24,14,23,7461539
13086751,24,14,23,7461731
13086959,24,13,23,2487283
13087215,24,14,23,7461995
13088975,24,14,23,7462999
13090175,24,14,23,7463683
13090207,24,14,23,7463701
13090463,24,13,23,2487949
13091263,24,12,23,829367
13091487,24,14,23,7464431
13091519,24,14,23,7464449
13093343,24,14,23,7465489
13093375,24,14,23,7465507
13094191,24,14,23,7465973
13095135,24,13,23,2488837
13095423,24,14,23,7466675
13095967,24,10,23,92185
13096127,24,14,23,7467077
13097759,24,14,23,7468007
13098527,24,14,23,7468445
13100351,24,14,23,7469485
13100671,24,12,23,829963
13101775,24,12,23,830033
13102207,24,13,23,2490181
13102543,24,13,23,2490245
13103775,24,13,23,2490479
13104287,24,14,23,7471729
13104543,24,13,23,2490625
13107711,24,11,23,276803
13108479,24,13,23,2491373
13110015,24,12,23,830555
13111151,24,12,23,830627
13111551,24,13,23,2491957
13111919,24,13,23,2492027
13113663,24,14,23,7477075
13115887,24,12,23,830927
13116031,24,14,23,7478425
13116143,24,14,23,7478489
13116223,24,13,23,2492845
13117167,24,14,23,7479073
13119135,24,14,23,7480195
13119391,24,12,23,831149
13120191,24,13,23,2493599
13124351,24,14,23,7483169
13127199,24,13,23,2494931
13128479,24,14,23,7485523
13129935,24,12,23,831817
13129967,24,11,23,277273
13130879,24,14,23,7486891
13132927,24,14,23,7488059
13133695,24,14,23,7488497
13134271,24,13,23,2496275
13134527,24,14,23,7488971
13134783,24,14,23,7489117
13135407,24,13,23,2496491
13135807,24,12,23,832189
13135919,24,14,23,7489765
13136895,24,14,23,7490321
13137599,24,14,23,7490723
13138479,24,13,23,2497075
13140735,24,14,23,7492511
13143071,24,14,23,7493843
13144815,24,13,23,2498279
13146271,24,14,23,7495667
13146607,24,14,23,7495859
13147519,24,12,23,832931
13148607,24,14,23,7496999
13148719,24,11,23,277669
13148863,24,14,23,7497145
13151743,24,14,23,7498787
13151999,24,14,23,7498933
13152367,24,14,23,7499143
13153391,24,12,23,833303
13153583,24,14,23,7499837
13153791,24,13,23,2499985
13154159,24,13,23,2500055
13158095,24,11,23,277867
13158463,24,13,23,2500873
13159663,24,13,23,2501101
13161631,24,12,23,833825
13161855,24,14,23,7504553
13164591,24,14,23,7506113
13166047,24,14,23,7506943
13166335,24,11,23,278041
13166703,24,13,23,2502439
13171007,24,12,23,834419
13174079,24,13,23,2503841
13174655,24,14,23,7511851
13175279,24,13,23,2504069
13175935,24,14,23,7512581
13176735,24,14,23,7513037
13178239,24,14,23,7513895
13179583,24,13,23,2504887
13180415,24,12,23,835015
13180463,24,14,23,7515163
13181695,24,14,23,7515865
13181919,24,13,23,2505331
13181951,24,13,23,2505337
13182207,24,14,23,7516157
13183087,24,13,23,2505553
13184031,24,14,23,7517197
13184111,24,14,23,7517243
13188591,24,10,23,92837
13189183,24,14,23,7520135
13189951,24,14,23,7520573
13190015,24,14,23,7520609
13192127,24,12,23,835757
13192751,24,14,23,7522169
13192895,24,13,23,2507417
13193919,24,14,23,7522835
13195263,24,13,23,2507867
13195519,24,14,23,7523747
13195775,24,14,23,7523893
13195823,24,14,23,7523921
13199215,24,14,23,7525855
13202159,24,14,23,7527533
13202207,24,13,23,2509187
13203071,24,13,23,2509351
13203583,24,14,23,7528345
13204175,24,13,23,2509561
13204639,24,13,23,2509649
13204895,24,14,23,7529093
13205231,24,14,23,7529285
13205663,24,14,23,7529531
13206175,24,12,23,836647
13207087,24,14,23,7530343
13207455,24,14,23,7530553
13208767,24,14,23,7531301
13209343,24,13,23,2510543
13209711,24,11,23,278957
13210367,24,14,23,7532213
13210879,24,12,23,836945
13210927,24,14,23,7532533
13211503,24,14,23,7532861
13213215,24,11,23,279031
13214015,24,13,23,2511431
13217519,24,13,23,2512097
13218031,24,14,23,7536583
13218287,24,13,23,2512243
13218687,24,13,23,2512319
13219455,24,13,23,2512465
13219711,24,14,23,7537541
13220287,24,12,23,837541
13220479,24,14,23,7537979
13221823,24,13,23,2512915
13222335,24,14,23,7539037
13222847,24,14,23,7539329
13223935,24,14,23,7539949
13224415,24,14,23,7540223
13224447,24,14,23,7540241
13225215,24,14,23,7540679
13226207,24,14,23,7541245
13229087,24,14,23,7542887
13230831,24,11,23,279403
13231423,24,14,23,7544219
13231743,24,14,23,7544401
13232191,24,14,23,7544657
13232335,24,13,23,2514913
13232847,24,14,23,7545031
13235583,24,14,23,7546591
13237439,24,13,23,2515883
13237807,24,12,23,838651
13238207,24,13,23,2516029
13239775,24,13,23,2516327
13241087,24,14,23,7549729
13241455,24,14,23,7549939
13241599,24,14,23,7550021
13242223,24,14,23,7550377
13242399,24,14,23,7550477
13246271,24,14,23,7552685
13246959,24,14,23,7553077
13248159,24,14,23,7553761
13248719,24,13,23,2518027
13248975,24,14,23,7554227
13249695,24,14,23,7554637
13249743,24,14,23,7554665
13249983,24,13,23,2518267
13250207,24,14,23,7554929
13250463,24,14,23,7555075
13250975,24,14,23,7555367
13251119,24,13,23,2518483
13251775,24,14,23,7555823
13253311,24,14,23,7556699
13253743,24,14,23,7556945
13253887,24,13,23,2519009
13256559,24,12,23,839839
13256959,24,13,23,2519593
13258527,24,13,23,2519891
13259071,24,14,23,7559983
13259551,24,14,23,7560257
13260495,24,13,23,2520265
13261007,24,14,23,7561087
13261295,24,12,23,840139
13261695,24,13,23,2520493
13261951,24,14,23,7561625
13262495,24,12,23,840215
13265567,24,13,23,2521229
13266335,24,13,23,2521375
13267135,24,12,23,840509
13269215,24,14,23,7565767
13271071,24,13,23,2522275
13272095,24,14,23,7567409
13274831,24,14,23,7568969
13275343,24,11,23,280343
13275375,24,12,23,841031
13275631,24,14,23,7569425
13276799,24,14,23,7570091
13278591,24,14,23,7571113
13278655,24,14,23,7571149
13280239,24,14,23,7572053
13283071,24,14,23,7573667
13283839,24,14,23,7574105
13284319,24,13,23,2524793
13284463,24,14,23,7574461
13285343,24,14,23,7574963
13289087,24,13,23,2525699
13290111,24,14,23,7577681
13292703,24,14,23,7579159
13292991,24,12,23,842147
13294895,24,13,23,2526803
13295551,24,14,23,7580783
13295663,24,13,23,2526949
13296127,24,13,23,2527037
13296383,24,14,23,7581257
13297119,24,14,23,7581677
13297775,24,14,23,7582051
13298431,24,13,23,2527475
13298943,24,14,23,7582717
13298991,24,14,23,7582745
13300335,24,13,23,2527837
13301279,24,14,23,7584049
13302079,24,14,23,7584505
13303423,24,14,23,7585271
13304303,24,13,23,2528591
13304703,24,11,23,280963
13306015,24,14,23,7586749
13307087,24,14,23,7587361
13308319,24,14,23,7588063
13308575,24,13,23,2529403
13309999,24,14,23,7589021
13310655,24,14,23,7589395
13311231,24,14,23,7589723
13311487,24,14,23,7589869
13313279,24,13,23,2530297
13314303,24,14,23,7591475
13318383,24,13,23,2531267
13318639,24,14,23,7593947
13318783,24,12,23,843781
13318895,24,14,23,7594093
13319919,24,12,23,843853
13321343,24,14,23,7595489
13321663,24,14,23,7595671
13321711,24,14,23,7595699
13321887,24,13,23,2531933
13322687,24,13,23,2532085
13323199,24,14,23,7596547
13323455,24,11,23,281359
13323679,24,14,23,7596821
13323823,24,13,23,2532301
13325823,24,10,23,93803
13327327,24,13,23,2532967
13331263,24,13,23,2533715
13332719,24,14,23,7601975
13332975,24,14,23,7602121
13334143,24,14,23,7602787
13334591,24,14,23,7603043
13334655,24,14,23,7603079
13335423,24,14,23,7603517
13335935,24,13,23,2534603
13336447,24,14,23,7604101
13337503,24,12,23,844967
13338159,24,14,23,7605077
13339071,24,13,23,2535199
13339103,24,13,23,2535205
13339327,24,14,23,7605743
13339647,24,14,23,7605925
13339903,24,12,23,845119
13341951,24,14,23,7607239
13342575,24,13,23,2535865
13349023,24,14,23,7611271
13350047,24,13,23,2537285
13350783,24,13,23,2537425
13351359,24,14,23,7612603
13352895,24,14,23,7613479
13353407,24,14,23,7613771
13353951,24,10,23,94001
13353983,24,12,23,846011
13354751,24,13,23,2538179
13355119,24,12,23,846083
13358191,24,13,23,2538833
13359423,24,13,23,2539067
13360159,24,13,23,2539207
13360847,24,14,23,7618013
13360959,24,11,23,282151
13362815,24,14,23,7619135
13363359,24,12,23,846605
13363407,24,14,23,7619473
13363695,24,13,23,2539879
13363919,24,14,23,7619765
13365663,24,12,23,846751
13365695,24,11,23,282251
13368319,24,14,23,7622273
13369567,24,13,23,2540995
13372159,24,14,23,7624463
13373295,24,14,23,7625111
13374063,24,14,23,7625549
13376239,24,12,23,847421
13377007,24,13,23,2542409
13377599,24,14,23,7627565
13378031,24,14,23,7627811
13378687,24,14,23,7628185
13378975,24,13,23,2542783
13379231,24,14,23,7628495
13380047,24,13,23,2542987
13380287,24,14,23,7629097
13381055,24,14,23,7629535
13381535,24,14,23,7629809
13381567,24,14,23,7629827
13382191,24,14,23,7630183
13382335,24,14,23,7630265
13385951,24,13,23,2544109
13389343,24,14,23,7634261
13390975,24,14,23,7635191
13391567,24,14,23,7635529
13392079,24,14,23,7635821
13392767,24,14,23,7636213
13392879,24,14,23,7636277
13393567,24,14,23,7636669
13393791,24,12,23,848533
13393823,24,11,23,282845
13394079,24,14,23,7636961
13394623,24,13,23,2545757
13396415,24,14,23,7638293
13397551,24,14,23,7638941
13397951,24,14,23,7639169
13398127,24,13,23,2546423
13398207,24,14,23,7639315
13398527,24,12,23,848833
13400287,24,14,23,7640501
13401631,24,13,23,2547089
13402143,24,14,23,7641559
13404399,24,12,23,849205
13405311,24,14,23,7643365
13405823,24,14,23,7643657
13405903,24,13,23,2547901
13405935,24,13,23,2547907
13406447,24,14,23,7644013
13406959,24,14,23,7644305
13407647,24,14,23,7644697
13407903,24,12,23,849427
13408703,24,13,23,2548433
13409439,24,13,23,2548573
13409663,24,14,23,7645847
13410351,24,14,23,7646239
13415535,24,14,23,7649195
13415647,24,13,23,2549753
13416303,24,14,23,7649633
13416415,24,13,23,2549899
13416479,24,13,23,2549911
13418815,24,13,23,2550355
13421183,24,13,23,2550805
13421551,24,13,23,2550875
13422319,24,13,23,2551021
13423551,24,13,23,2551255
13423775,24,14,23,7653893
13424063,24,14,23,7654057
13425199,24,14,23,7654705
13430383,24,14,23,7657661
13431327,24,11,23,283637
13433151,24,14,23,7659239
13434095,24,13,23,2553259
13434943,24,14,23,7660261
13435887,24,14,23,7660799
13436063,24,10,23,94579
13436223,24,14,23,7660991
13437423,24,14,23,7661675
13438399,24,12,23,851359
13439935,24,13,23,2554369
13440767,24,12,23,851509
13440959,24,14,23,7663691
13441071,24,13,23,2554585
13441503,24,13,23,2554667
13441535,24,13,23,2554673
13442303,24,13,23,2554819
13442559,24,14,23,7664603
13443183,24,14,23,7664959
13444127,24,14,23,7665497
13445439,24,10,23,94645
13449855,24,14,23,7668763
13451247,24,12,23,852173
13452735,24,14,23,7670405
13452847,24,13,23,2556823
13453759,24,14,23,7670989
13454271,24,14,23,7671281
13454639,24,14,23,7671491
13455871,24,14,23,7672193
13456127,24,14,23,7672339
13457407,24,14,23,7673069
13458399,24,14,23,7673635
13459487,24,12,23,852695
13461567,24,14,23,7675441
13462767,24,14,23,7676125
13464351,24,14,23,7677029
13464447,24,14,23,7677083
13465247,24,14,23,7677539
13465983,24,14,23,7677959
13467295,24,13,23,2559569
13467327,24,13,23,2559575
13467695,24,11,23,284405
13468319,24,14,23,7679291
13468575,24,14,23,7679437
13469695,24,13,23,2560025
13470207,24,14,23,7680367
13470719,24,14,23,7680659
13470975,24,14,23,7680805
13473023,24,14,23,7681973
13476671,24,13,23,2561351
13477103,24,12,23,853811
13478015,24,14,23,7684819
13479375,24,12,23,853955
13479663,24,14,23,7685759
13480095,24,14,23,7686005
13480143,24,13,23,2562011
13480831,24,14,23,7686425
13481407,24,13,23,2562251
13482431,24,14,23,7687337
13483199,24,14,23,7687775
13483311,24,13,23,2562613
13484543,24,13,23,2562847
13485055,24,14,23,7688833
13486191,24,14,23,7689481
13491839,24,14,23,7692701
13493631,24,14,23,7693723
13494431,24,14,23,7694179
13494767,24,14,23,7694371
13498879,24,14,23,7696715
13499583,24,14,23,7697117
13499951,24,14,23,7697327
13500639,24,14,23,7697719
13500927,24,13,23,2565961
13501919,24,14,23,7698449
13504031,24,12,23,855517
13505775,24,14,23,7700647
13506799,24,13,23,2567077
13507311,24,14,23,7701523
13507567,24,11,23,285247
13510047,24,14,23,7703083
13511327,24,14,23,7703813
13511359,24,14,23,7703831
13512639,24,13,23,2568187
13514239,24,13,23,2568491
13515375,24,13,23,2568707
13515743,24,12,23,856259
13516031,24,14,23,7706495
13516831,24,14,23,7706951
13518703,24,14,23,7708019
13519679,24,13,23,2569525
13520591,24,14,23,7709095
13521615,24,12,23,856631
13522383,24,13,23,2570039
13523183,24,13,23,2570191
13523439,24,14,23,7710719
13524639,24,14,23,7711403
13525551,24,13,23,2570641
13527711,24,14,23,7713155
13529279,24,14,23,7714049
13530079,24,14,23,7714505
13534927,24,13,23,2572423
13535471,24,14,23,7717579
13536383,24,14,23,7718099
13536927,24,9,23,31763
13537007,24,14,23,7718455
13537519,24,14,23,7718747
13538175,24,14,23,7719121
13541055,24,14,23,7720763
13541935,24,13,23,2573755
13542303,24,13,23,2573825
13542879,24,14,23,7721803
13543167,24,13,23,2573989
13543535,24,13,23,2574059
13543679,24,14,23,7722259
13545071,24,11,23,286039
13546303,24,8,23,10595
13546463,24,14,23,7723847
13547551,24,14,23,7724467
13548863,24,14,23,7725215
13549807,24,11,23,286139
13550975,24,12,23,858491
13551311,24,13,23,2575537
13551743,24,13,23,2575619
13552335,24,14,23,7727195
13553055,24,14,23,7727605
13553311,24,11,23,286213
13554367,24,14,23,7728353
13554623,24,14,23,7728499
13555135,24,14,23,7728791
13555647,24,12,23,858787
13556271,24,14,23,7729439
13556927,24,14,23,7729813
13557983,24,12,23,858935
13558239,24,14,23,7730561
13558783,24,13,23,2576957
13559551,24,13,23,2577103
13560575,24,14,23,7731893
13561711,24,14,23,7732541
13564399,24,14,23,7734073
13564799,24,14,23,7734301
13565167,24,14,23,7734511
13565679,24,14,23,7734803
13566447,24,14,23,7735241
13567391,24,12,23,859531
13567439,24,14,23,7735807
13569727,24,12,23,859679
13570495,24,13,23,2579183
13571839,24,14,23,7738315
13576991,24,14,23,7741253
13577535,24,13,23,2580521
13577935,24,11,23,286733
13578735,24,13,23,2580749
13578879,24,14,23,7742329
13579135,24,12,23,860275
13579727,24,14,23,7742813
13580447,24,14,23,7743223
13580527,24,14,23,7743269
13580927,24,14,23,7743497
13582063,24,14,23,7744145
13582319,24,14,23,7744291
13583295,24,14,23,7744847
13583919,24,14,23,7745203
13584031,24,14,23,7745267
13585055,24,14,23,7745851
13586911,24,13,23,2582303
13587935,24,14,23,7747493
13590047,24,13,23,2582899
13590559,24,14,23,7748989
13591871,24,14,23,7749737
13592639,24,14,23,7750175
13592815,24,13,23,2583425
13593215,24,12,23,861167
13593407,24,14,23,7750613
13597055,24,13,23,2584231
13597887,24,12,23,861463
13598079,24,14,23,7753277
13598623,24,13,23,2584529
13599167,24,14,23,7753897
13599647,24,14,23,7754171
13602047,24,14,23,7755539
13602927,24,13,23,2585347
13603807,24,14,23,7756543
13603871,24,14,23,7756579
13604063,24,13,23,2585563
13605663,24,13,23,2585867
13606431,24,13,23,2586013
13607663,24,13,23,2586247
13608175,24,14,23,7759033
13608831,24,13,23,2586469
13609087,24,14,23,7759553
13609679,24,14,23,7759891
13610447,24,14,23,7760329
13611423,24,14,23,7760885
13611967,24,12,23,862355
13612191,24,14,23,7761323
13612591,24,14,23,7761551
13614383,24,14,23,7762573
13614591,24,14,23,7762691
13615615,24,14,23,7763275
13616127,24,14,23,7763567
13616895,24,14,23,7764005
13617263,24,14,23,7764215
13618207,24,13,23,2588251
13619055,24,14,23,7765237
13619999,24,14,23,7765775
13620335,24,14,23,7765967
13621567,24,14,23,7766669
13621967,24,14,23,7766897
13622511,24,12,23,863023
13624047,24,13,23,2589361
13624783,24,12,23,863167
13624991,24,14,23,7768621
13625071,24,14,23,7768667
13625503,24,14,23,7768913
13626047,24,11,23,287749
13626927,24,14,23,7769725
13627295,24,14,23,7769935
13627807,24,14,23,7770227
13628719,24,13,23,2590249
13629183,24,13,23,2590337
13629551,24,10,23,95941
13629919,24,13,23,2590477
13630207,24,14,23,7771595
13635359,24,12,23,863837
13636127,24,13,23,2591657
13636847,24,14,23,7775381
13637871,24,14,23,7775965
13638383,24,14,23,7776257
13638527,24,13,23,2592113
13639327,24,13,23,2592265
13640095,24,12,23,864137
13642687,24,14,23,7778711
13643519,24,14,23,7779185
13643823,24,14,23,7779359
13645679,24,14,23,7780417
13646815,24,14,23,7781065
13650751,24,14,23,7783309
13651071,24,13,23,2594497
13651439,24,13,23,2594567
13652607,24,13,23,2594789
13652687,24,14,23,7784413
13653663,24,14,23,7784969
13655935,24,14,23,7786265
13656111,24,13,23,2595455
13656623,24,14,23,7786657
13658879,24,12,23,865327
13659647,24,13,23,2596127
13660671,24,14,23,7788965
13660783,24,13,23,2596343
13661215,24,12,23,865475
13661439,24,14,23,7789403
13663551,24,11,23,288541
13663775,24,14,23,7790735
13665519,24,13,23,2597243
13665999,24,14,23,7792003
13666543,24,14,23,7792313
13667311,24,14,23,7792751
13667487,24,13,23,2597617
13668559,24,13,23,2597821
13669023,24,13,23,2597909
13670047,24,14,23,7794311
13671359,24,13,23,2598353
13671727,24,12,23,866141
13672127,24,13,23,2598499
13672927,24,11,23,288739
13674239,24,14,23,7796701
13674751,24,14,23,7796993
13676863,24,13,23,2599399
13677791,24,14,23,7798727
13679423,24,14,23,7799657
13681535,24,13,23,2600287
13682047,24,14,23,7801153
13683695,24,14,23,7802093
13684127,24,14,23,7802339
13684159,24,14,23,7802357
13684671,24,10,23,96329
13685807,24,10,23,96337
13689055,24,14,23,7805149
13689887,24,14,23,7805623
13691679,24,11,23,289135
13695471,24,14,23,7808807
13695871,24,14,23,7809035
13696383,24,12,23,867703
13696751,24,13,23,2603179
13697919,24,13,23,2603401
13698607,24,14,23,7810595
13699487,24,13,23,2603699
13700287,24,13,23,2603851
13700543,24,14,23,7811699
13700799,24,14,23,7811845
13701119,24,12,23,868003
13701631,24,14,23,7812319
13702911,24,14,23,7813049
13703647,24,14,23,7813469
13703679,24,14,23,7813487
13703791,24,13,23,2604517
13704159,24,13,23,2604587
13704671,24,14,23,7814053
13709951,24,14,23,7817063
13710207,24,14,23,7817209
13710799,24,13,23,2605849
13711007,24,14,23,7817665
13712831,24,12,23,868745
13713055,24,14,23,7818833
13713391,24,14,23,7819025
13713967,24,12,23,868817
13714367,24,13,23,2606527
13716479,24,14,23,7820785
13716671,24,13,23,2606965
13717695,24,14,23,7821479
13718783,24,14,23,7822099
13719007,24,13,23,2607409
13721119,24,14,23,7823431
13721631,24,14,23,7823723
13723263,24,14,23,7824653
13723343,24,12,23,869411
13724287,24,14,23,7825237
13725167,24,14,23,7825739
13725855,24,14,23,7826131
13726415,24,13,23,2608817
13728447,24,13,23,2609203
13728959,24,14,23,7827901
13729071,24,14,23,7827965
13729439,24,14,23,7828175
13730415,24,8,23,10739
13730815,24,13,23,2609653
13731071,24,14,23,7829105
13732975,24,14,23,7830191
13733919,24,11,23,290027
13735135,24,14,23,7831423
13737791,24,13,23,2610979
13738479,24,14,23,7833329
13738623,24,12,23,870379
13738735,24,14,23,7833475
13738815,24,14,23,7833521
13739247,24,14,23,7833767
13739759,24,12,23,870451
13739903,24,14,23,7834141
13740191,24,13,23,2611435
13741039,24,14,23,7834789
13741215,24,14,23,7834889
13741519,24,14,23,7835063
13741727,24,13,23,2611727
13742287,24,14,23,7835501
13742495,24,13,23,2611873
13742783,24,14,23,7835783
13743039,24,14,23,7835929
13743295,24,11,23,290225
13743551,24,14,23,7836221
13743663,24,13,23,2612095
13745151,24,14,23,7837133
13745407,24,14,23,7837279
13745919,24,14,23,7837571
13746399,24,13,23,2612615
13749279,24,14,23,7839487
13749791,24,14,23,7839779
13750591,24,14,23,7840235
13753471,24,13,23,2613959
13753839,24,12,23,871343
13754175,24,13,23,2614093
13754607,24,13,23,2614175
13757375,24,12,23,871567
13757999,24,14,23,7844459
13758511,24,12,23,871639
13758911,24,13,23,2614993
13759487,24,14,23,7845307
13759791,24,14,23,7845481
13760991,24,14,23,7846165
13761279,24,13,23,2615443
13761647,24,13,23,2615513
13762015,24,12,23,871861
13766175,24,14,23,7849121
13766351,24,13,23,2616407
13766431,24,14,23,7849267
13767407,24,14,23,7849823
13768575,24,14,23,7850489
13768863,24,14,23,7850653
13769887,24,13,23,2617079
13770399,24,14,23,7851529
13771167,24,14,23,7851967
13771199,24,14,23,7851985
13771711,24,14,23,7852277
13775039,24,14,23,7854175
13775983,24,14,23,7854713
13776751,24,14,23,7855151
13777519,24,14,23,7855589
13777887,24,14,23,7855799
13777951,24,14,23,7855835
13779263,24,13,23,2618861
13781055,24,14,23,7857605
13781999,24,12,23,873127
13783199,24,12,23,873203
13783279,24,14,23,7858873
13783759,24,14,23,7859147
13784223,24,14,23,7859411
13784527,24,14,23,7859585
13784735,24,13,23,2619901
13787039,24,13,23,2620339
13788671,24,13,23,2620649
13789951,24,14,23,7862677
13792287,24,14,23,7864009
13793599,24,14,23,7864757
13795967,24,14,23,7866107
13796079,24,12,23,874019
13797247,24,12,23,874093
13798015,24,13,23,2622425
13798607,24,14,23,7867613
13799327,24,14,23,7868023
13799839,24,14,23,7868315
13800383,24,13,23,2622875
13802799,24,14,23,7870003
13804447,24,14,23,7870943
13804543,24,14,23,7870997
13805679,24,14,23,7871645
13806623,24,12,23,874687
13809183,24,14,23,7873643
13810159,24,11,23,291637
13810495,24,13,23,2624797
13810559,24,13,23,2624809
13811407,24,14,23,7874911
13812607,24,14,23,7875595
13813119,24,14,23,7875887
13813151,24,14,23,7875905
13813663,24,10,23,97237
13813887,24,14,23,7876325
13814719,24,14,23,7876799
13815231,24,13,23,2625697
13817791,24,14,23,7878551
13817903,24,13,23,2626205
13818111,24,14,23,7878733
13820127,24,14,23,7879883
13820927,24,14,23,7880339
13820959,24,14,23,7880357
13822783,24,14,23,7881397
13823295,24,14,23,7881689
13824543,24,13,23,2627467
13826799,24,14,23,7883687
13827455,24,14,23,7884061
13827487,24,14,23,7884079
13828799,24,14,23,7884827
13829055,24,14,23,7884973
13829535,24,14,23,7885247
13831359,24,14,23,7886287
13831871,24,14,23,7886579
13831935,24,14,23,7886615
13832191,24,14,23,7886761
13832415,24,10,23,97369
13832639,24,14,23,7887017
13832671,24,14,23,7887035
13832703,24,14,23,7887053
13834207,24,14,23,7887911
13834863,24,14,23,7888285
13839679,24,14,23,7891031
13841279,24,14,23,7891943
13841823,24,12,23,876917
13842879,24,14,23,7892855
13843903,24,14,23,7893439
13844895,24,13,23,2631335
13845039,24,14,23,7894087
13847663,24,11,23,292429
13849055,24,14,23,7896377
13851423,24,14,23,7897727
13853503,24,12,23,877657
13854415,24,14,23,7899433
13854847,24,14,23,7899679
13855359,24,14,23,7899971
13855471,24,13,23,2633345
13856239,24,13,23,2633491
13859519,24,14,23,7902343
13859775,24,13,23,2634163
13860031,24,14,23,7902635
13860767,24,14,23,7903055
13860911,24,13,23,2634379
13860975,24,13,23,2634391
13861375,24,13,23,2634467
13861855,24,14,23,7903675
13861887,24,14,23,7903693
13862399,24,14,23,7903985
13863535,24,14,23,7904633
13867647,24,9,23,32539
13867807,24,14,23,7907069
13868271,24,14,23,7907333
13868783,24,10,23,97625
13868863,24,14,23,7907671
13870207,24,14,23,7908437
13871263,24,14,23,7909039
13873087,24,13,23,2636693
13873855,24,13,23,2636839
13874111,24,14,23,7910663
13876223,24,13,23,2637289
13876479,24,14,23,7912013
13878303,24,14,23,7913053
13880863,24,13,23,2638171
13883599,24,13,23,2638691
13884031,24,11,23,293197
13884399,24,13,23,2638843
13884655,24,14,23,7916675
13884911,24,14,23,7916821
13885087,24,14,23,7916921
13886927,24,14,23,7917971
13887903,24,13,23,2639509
13889839,24,12,23,879959
13890559,24,14,23,7920041
13891071,24,12,23,880037
13891839,24,13,23,2640257
13896511,24,13,23,2641145
13896943,24,12,23,880409
13897023,24,14,23,7923727
13897503,24,14,23,7924001
13898271,24,14,23,7924439
13898479,24,13,23,2641519
13898879,24,13,23,2641595
13899647,24,13,23,2641741
13899903,24,14,23,7925369
13899935,24,14,23,7925387
13900671,24,14,23,7925807
13900783,24,13,23,2641957
13901215,24,13,23,2642039
13901247,24,13,23,2642045
13901807,24,14,23,7926455
13902239,24,14,23,7926701
13902383,24,13,23,2642261
13903871,24,14,23,7927631
13905407,24,14,23,7928507
13906399,24,14,23,7929073
13909023,24,13,23,2643523
13911679,24,14,23,7932083
13911759,24,13,23,2644043
13912559,24,13,23,2644195
13913071,24,14,23,7932877
13913295,24,11,23,293815
13914271,24,14,23,7933561
13914751,24,14,23,7933835
13915583,24,14,23,7934309
13915695,24,12,23,881597
13918719,24,14,23,7936097
13918975,24,14,23,7936243
13919199,24,12,23,881819
13921023,24,14,23,7937411
13921791,24,14,23,7937849
13921903,24,13,23,2645971
13922927,24,14,23,7938497
13923359,24,14,23,7938743
13923871,24,12,23,882115
13925151,24,14,23,7939765
13926015,24,14,23,7940257
13926463,24,14,23,7940513
13926895,24,14,23,7940759
13927151,24,14,23,7940905
13927407,24,11,23,294113
13927663,24,14,23,7941197
13929935,24,14,23,7942493
13931167,24,14,23,7943195
13933023,24,14,23,7944253
13933311,24,12,23,882713
13933503,24,14,23,7944527
13933871,24,14,23,7944737
13934079,24,13,23,2648285
13934703,24,14,23,7945211
13935647,24,11,23,294287
13937983,24,12,23,883009
13938287,24,13,23,2649085
13938719,24,13,23,2649167
13941487,24,12,23,883231
13941887,24,13,23,2649769
13943023,24,13,23,2649985
13943967,24,14,23,7950493
13944223,24,13,23,2650213
13944255,24,13,23,2650219
13946159,24,11,23,294509
13946415,24,14,23,7951889
13946527,24,13,23,2650651
13947359,24,12,23,883603
13947391,24,11,23,294535
13948095,24,13,23,2650949
13949183,24,14,23,7953467
13953343,24,14,23,7955839
13953855,24,14,23,7956131
13954687,24,14,23,7956605
13955311,24,14,23,7956961
13955711,24,14,23,7957189
13955823,24,14,23,7957253
13958527,24,14,23,7958795
13958559,24,14,23,7958813
13959151,24,14,23,7959151
13960095,24,14,23,7959689
13961631,24,14,23,7960565
13963263,24,14,23,7961495
13963375,24,13,23,2653853
13965167,24,14,23,7962581
13965279,24,13,23,2654215
13965535,24,14,23,7962791
13966111,24,12,23,884791
13966303,24,14,23,7963229
13967391,24,14,23,7963849
13970047,24,13,23,2655121
13970303,24,14,23,7965509
13971151,24,13,23,2655331
13972639,24,14,23,7966841
13972895,24,14,23,7966987
13973887,24,13,23,2655851
13974975,24,14,23,7968173
13976111,24,14,23,7968821
13976575,24,14,23,7969085
13977055,24,13,23,2656453
13977711,24,14,23,7969733
13979135,24,14,23,7970545
13982015,24,14,23,7972187
13984383,24,14,23,7973537
13984495,24,13,23,2657867
13984895,24,11,23,295327
13985487,24,14,23,7974167
13985951,24,14,23,7974431
13987263,24,10,23,98459
13987279,24,14,23,7975189
13988399,24,10,23,98467
13988511,24,14,23,7975891
13988543,24,14,23,7975909
13988559,24,14,23,7975919
13989567,24,12,23,886277
13990847,24,14,23,7977223
13991167,24,13,23,2659135
13991423,24,14,23,7977551
13992703,24,13,23,2659427
13993471,24,13,23,2659573
13994607,24,13,23,2659789
13997775,24,10,23,98533
13998143,24,13,23,2660461
13998831,24,14,23,7981775
13998975,24,12,23,886873
13999343,24,13,23,2660689
13999743,24,13,23,2660765
14000767,24,14,23,7982879
14001535,24,14,23,7983317
14001903,24,14,23,7983527
14002879,24,13,23,2661361
14003871,24,14,23,7984649
14006751,24,13,23,2662097
14006895,24,14,23,7986373
14007407,24,14,23,7986665
14008543,24,14,23,7987313
14012911,24,14,23,7989803
14013167,24,14,23,7989949
14013903,24,14,23,7990369
14015471,24,14,23,7991263
14015615,24,14,23,7991345
14015983,24,14,23,7991555
14016639,24,14,23,7991929
14016751,24,14,23,7991993
14018975,24,14,23,7993261
14019263,24,13,23,2664475
14019519,24,14,23,7993571
14020095,24,12,23,888211
14020287,24,14,23,7994009
14020655,24,14,23,7994219
14020911,24,14,23,7994365
14022143,24,14,23,7995067
14023791,24,14,23,7996007
14024159,24,14,23,7996217
14026991,24,14,23,7997831
14027647,24,14,23,7998205
14028015,24,14,23,7998415
14029007,24,13,23,2666327
14030207,24,13,23,2666555
14030239,24,13,23,2666561
14030975,24,13,23,2666701
14031295,24,14,23,8000285
14032031,24,14,23,8000705
14037615,24,12,23,889321
14040383,24,13,23,2668489
14041151,24,11,23,296515
14041407,24,14,23,8006051
14041727,24,14,23,8006233
14043007,24,14,23,8006963
14043631,24,14,23,8007319
14043775,24,14,23,8007401
14043887,24,13,23,2669155
14044143,24,14,23,8007611
14045343,24,14,23,8008295
14045855,24,12,23,889843
14045887,24,11,23,296615
14046767,24,14,23,8009107
14049759,24,13,23,2670271
14050047,24,14,23,8010977
14050271,24,14,23,8011105
14052383,24,14,23,8012309
14052895,24,10,23,98921
14052975,24,14,23,8012647
14056767,24,13,23,2671603
14057087,24,14,23,8014991
14057199,24,13,23,2671685
14057967,24,13,23,2671831
14058223,24,14,23,8015639
14059167,24,13,23,2672059
14059391,24,14,23,8016305
14060159,24,14,23,8016743
14060479,24,14,23,8016925
14062527,24,14,23,8018093
14063359,24,14,23,8018567
14063663,24,14,23,8018741
14064095,24,14,23,8018987
14064127,24,14,23,8019005
14064383,24,14,23,8019151
14064607,24,12,23,891031
14066143,24,13,23,2673385
14068511,24,13,23,2673835
14068543,24,13,23,2673841
14068767,24,14,23,8021651
14069055,24,14,23,8021815
14072015,24,13,23,2674501
14072447,24,13,23,2674583
14072895,24,14,23,8024005
14072959,24,14,23,8024041
14073983,24,12,23,891625
14074815,24,13,23,2675033
14075327,24,14,23,8025391
14077631,24,14,23,8026705
14078431,24,14,23,8027161
14078719,24,12,23,891925
14080047,24,14,23,8028083
14080623,24,13,23,2676137
14081135,24,14,23,8028703
14083391,24,11,23,297407
14084895,24,13,23,2676949
14085359,24,13,23,2677037
14085919,24,14,23,8031431
14087839,24,14,23,8032525
14089375,24,14,23,8033401
14089919,24,14,23,8033711
14090687,24,14,23,8034149
14092287,24,14,23,8035061
14093567,24,13,23,2678597
14094639,24,13,23,2678801
14096607,24,13,23,2679175
14097183,24,14,23,8037853
14098639,24,8,23,11027
14098751,24,14,23,8038747
14099263,24,14,23,8039039
14099695,24,14,23,8039285
14101119,24,14,23,8040097
14101199,24,14,23,8040143
14101375,24,13,23,2680081
14102943,24,13,23,2680379
14103711,24,13,23,2680525
14103967,24,14,23,8041721
14107039,24,14,23,8043473
14108127,24,14,23,8044093
14110575,24,14,23,8045489
14111519,24,11,23,298001
14111775,24,14,23,8046173
14113087,24,13,23,2682307
14115455,24,13,23,2682757
14115647,24,14,23,8048381
14116223,24,12,23,894301
14116255,24,10,23,99367
14117615,24,14,23,8049503
14118815,24,14,23,8050187
14119359,24,13,23,2683499
14120495,24,13,23,2683715
14120639,24,14,23,8051227
14120959,24,12,23,894601
14121519,24,14,23,8051729
14122095,24,12,23,894673
14122495,24,13,23,2684095
14123519,24,14,23,8052869
14124063,24,13,23,2684393
14127135,24,13,23,2684977
14128367,24,13,23,2685211
14128767,24,13,23,2685287
14129215,24,14,23,8056117
14129871,24,13,23,2685497
14130047,24,14,23,8056591
14130239,24,12,23,895189
14132207,24,13,23,2685941
14133951,24,14,23,8058817
14136063,24,14,23,8060021
14136319,24,14,23,8060167
14136511,24,13,23,2686759
14136799,24,14,23,8060441
14137391,24,14,23,8060779
14137455,24,14,23,8060815
14137967,24,14,23,8061107
14138111,24,13,23,2687063
14139423,24,14,23,8061937
14143103,24,14,23,8064035
14143263,24,14,23,8064127
14144207,24,14,23,8064665
14144639,24,14,23,8064911
14144975,24,14,23,8065103
14145743,24,14,23,8065541
14146719,24,12,23,896233
14147487,24,13,23,2688845
14147519,24,13,23,2688851
14150959,24,13,23,2689505
14151167,24,14,23,8068633
14151983,24,14,23,8069099
14152927,24,13,23,2689879
14153215,24,14,23,8069801
14153759,24,10,23,99631
14153983,24,14,23,8070239
14156095,24,12,23,896827
14158655,24,14,23,8072903
14158719,24,14,23,8072939
14159087,24,14,23,8073149
14160031,24,13,23,2691229
14161023,24,14,23,8074253
14161343,24,14,23,8074435
14163359,24,14,23,8075585
14163391,24,14,23,8075603
14163503,24,13,23,2691889
14164527,24,14,23,8076251
14165471,24,12,23,897421
14166127,24,14,23,8077163
14171375,24,10,23,99755
14171455,24,14,23,8080201
14172655,24,14,23,8080885
14173567,24,14,23,8081405
14173679,24,12,23,897941
14173903,24,14,23,8081597
14174079,24,13,23,2693899
14174959,24,14,23,8082199
14177839,24,14,23,8083841
14178783,24,13,23,2694793
14179327,24,14,23,8084689
14179631,24,14,23,8084863
14180575,24,14,23,8085401
14180831,24,14,23,8085547
14181343,24,14,23,8085839
14182255,24,13,23,2695453
14183455,24,13,23,2695681
14184991,24,13,23,2695973
14186015,24,14,23,8088503
14186559,24,12,23,898757
14186991,24,13,23,2696353
14190239,24,14,23,8090911
14191295,24,12,23,899057
14191551,24,14,23,8091659
14193711,24,14,23,8092891
14194367,24,13,23,2697755
14194943,24,14,23,8093593
14195199,24,13,23,2697913
14195455,24,14,23,8093885
14195679,24,14,23,8094013
14196223,24,14,23,8094323
14199583,24,14,23,8096239
14200127,24,14,23,8096549
14200863,24,14,23,8096969
14202495,24,14,23,8097899
14203087,24,14,23,8098237
14203375,24,13,23,2699467
14203631,24,14,23,8098547
14204319,24,14,23,8098939
14204399,24,14,23,8098985
14205375,24,11,23,299983
14207743,24,9,23,33337
14209503,24,14,23,8101895
14210239,24,14,23,8102315
14210303,24,14,23,8102351
14215407,24,14,23,8105261
14215807,24,14,23,8105489
14215887,24,11,23,300205
14218367,24,14,23,8106949
14218399,24,14,23,8106967
14218623,24,13,23,2702365
14219647,24,14,23,8107679
14221247,24,14,23,8108591
14221359,24,13,23,2702885
14224127,24,11,23,300379
14224495,24,13,23,2703481
14225263,24,11,23,300403
14225519,24,14,23,8111027
14226463,24,12,23,901285
14226495,24,7,23,3709
14227775,24,14,23,8112313
14228255,24,14,23,8112587
14229199,24,13,23,2704375
14229999,24,11,23,300503
14230335,24,13,23,2704591
14231759,24,14,23,8114585
14232735,24,13,23,2705047
14233247,24,14,23,8115433
14233503,24,11,23,300577
14234303,24,13,23,2705345
14234559,24,14,23,8116181
14236031,24,14,23,8117021
14238975,24,13,23,2706233
14239999,24,14,23,8119283
14240879,24,13,23,2706595
14241311,24,13,23,2706677
14242111,24,13,23,2706829
14244591,24,14,23,8121901
14244991,24,14,23,8122129
14245247,24,9,23,33425
14245503,24,14,23,8122421
14246639,24,14,23,8123069
14247583,24,12,23,902623
14248383,24,13,23,2708021
14249375,24,14,23,8124629
14249919,24,12,23,902771
14251711,24,14,23,8125961
14251775,24,14,23,8125997
14252031,24,14,23,8126143
14252543,24,14,23,8126435
14252591,24,13,23,2708821
14252655,24,13,23,2708833
14253167,24,14,23,8126791
14254623,24,8,23,11149
14254847,24,14,23,8127749
14256959,24,12,23,903217
14257007,24,14,23,8128981
14258927,24,13,23,2710025
14259327,24,12,23,903367
14259439,24,14,23,8130367
14261119,24,14,23,8131325
14261631,24,11,23,301171
14261743,24,14,23,8131681
14261887,24,14,23,8131763
14262687,24,14,23,8132219
14266111,24,14,23,8134171
14266559,24,14,23,8134427
14267503,24,11,23,301295
14267871,24,13,23,2711725
14268895,24,14,23,8135759
14274031,24,14,23,8138687
14274799,24,14,23,8139125
14275743,24,11,23,301469
14276479,24,13,23,2713361
14277247,24,13,23,2713507
14279359,24,14,23,8141725
14281983,24,13,23,2714407
14282239,24,14,23,8143367
14282863,24,14,23,8143723
14283375,24,14,23,8144015
14283807,24,14,23,8144261
14283999,24,14,23,8144371
14285119,24,11,23,301667
14285855,24,13,23,2715143
14288191,24,13,23,2715587
14289023,24,13,23,2715745
14290127,24,13,23,2715955
14291103,24,14,23,8148421
14291151,24,14,23,8148449
14291359,24,13,23,2716189
14291615,24,14,23,8148713
14292351,24,14,23,8149133
14292383,24,14,23,8149151
14292415,24,14,23,8149169
14292527,24,13,23,2716411
14293375,24,14,23,8149717
14294575,24,14,23,8150401
14294783,24,14,23,8150519
14295807,24,14,23,8151103
14297199,24,13,23,2717299
14299759,24,14,23,8153357
14302927,24,14,23,8155163
14303471,24,13,23,2718491
14304751,24,14,23,8156203
14306239,24,11,23,302113
14306511,24,13,23,2719069
14307999,24,14,23,8158055
14309375,24,13,23,2719613
14309887,24,14,23,8159131
14310143,24,13,23,2719759
14312479,24,13,23,2720203
14313327,24,14,23,8161093
14314351,24,12,23,906853
14316319,24,13,23,2720933
14317631,24,14,23,8163547
14318063,24,14,23,8163793
14318719,24,13,23,2721389
14319487,24,13,23,2721535
14319775,24,14,23,8164769
14320287,24,12,23,907229
14320623,24,13,23,2721751
14321199,24,14,23,8165581
14321567,24,14,23,8165791
14322111,24,14,23,8166101
14322367,24,14,23,8166247
14323711,24,14,23,8167013
14324223,24,13,23,2722435
14324479,24,14,23,8167451
14324991,24,11,23,302509
14326751,24,14,23,8168747
14328863,24,13,23,2723317
14331599,24,13,23,2723837
14331631,24,13,23,2723843
14332799,24,13,23,2724065
14333391,24,14,23,8172533
14333567,24,13,23,2724211
14334591,24,14,23,8173217
14335423,24,14,23,8173691
14336127,24,14,23,8174093
14336559,24,14,23,8174339
14338527,24,14,23,8175461
14339071,24,12,23,908419
14339375,24,13,23,2725315
14339839,24,13,23,2725403
14340207,24,12,23,908491
14340319,24,14,23,8176483
14340607,24,13,23,2725549
14340863,24,14,23,8176793
14341631,24,14,23,8177231
14342111,24,13,23,2725835
14342767,24,14,23,8177879
14345455,24,14,23,8179411
14345855,24,14,23,8179639
14345935,24,14,23,8179685
14346111,24,10,23,100985
14347503,24,14,23,8180579
14349695,24,14,23,8181829
14349759,24,14,23,8181865
14351551,24,13,23,2727629
14351663,24,14,23,8182951
14351919,24,12,23,909233
14352319,24,13,23,2727775
14355487,24,10,23,101051
14355567,24,14,23,8185177
14355711,24,14,23,8185259
14356735,24,14,23,8185843
14356783,24,14,23,8185871
14360191,24,12,23,909757
14361727,24,13,23,2729563
14362831,24,13,23,2729773
14363807,24,14,23,8189875
14364319,24,14,23,8190167
14365999,24,10,23,101125
14366255,24,14,23,8191271
14367199,24,12,23,910201
14368991,24,14,23,8192831
14369759,24,14,23,8193269
14370671,24,12,23,910421
14371071,24,13,23,2731339
14373183,24,14,23,8195221
14374975,24,13,23,2732081
14375119,24,14,23,8196325
14375407,24,12,23,910721
14375631,24,14,23,8196617
14375663,24,14,23,8196635
14376063,24,14,23,8196863
14378111,24,13,23,2732677
14378367,24,14,23,8198177
14378431,24,14,23,8198213
14378479,24,13,23,2732747
14379679,24,13,23,2732975
14379711,24,13,23,2732981
14380447,24,13,23,2733121
14380991,24,14,23,8199673
14381247,24,11,23,303697
14381503,24,14,23,8199965
14381823,24,14,23,8200147
14382639,24,14,23,8200613
14383103,24,14,23,8200877
14383871,24,14,23,8201315
14384239,24,14,23,8201525
14388031,24,14,23,8203687
14389487,24,11,23,303871
14389887,24,13,23,2734915
14390399,24,14,23,8205037
14392015,24,14,23,8205959
14392383,24,14,23,8206169
14392479,24,14,23,8206223
14393791,24,13,23,2735657
14394351,24,14,23,8207291
14395871,24,14,23,8208157
14396415,24,14,23,8208467
14397183,24,14,23,8208905
14398431,24,13,23,2736539
14398975,24,14,23,8209927
14400255,24,14,23,8210657
14401855,24,14,23,8211569
14402367,24,10,23,101381
14405359,24,14,23,8213567
14405791,24,14,23,8213813
14405839,24,12,23,912649
14407103,24,11,23,304243
14408639,24,13,23,2738479
14408863,24,14,23,8215565
14409631,24,14,23,8216003
14410607,24,7,23,3757
14411231,24,14,23,8216915
14411263,24,14,23,8216933
14411887,24,14,23,8217289
14412543,24,13,23,2739221
14413055,24,14,23,8217955
14413103,24,14,23,8217983
14414079,24,12,23,913171
14414447,24,13,23,2739583
14417983,24,13,23,2740255
14418239,24,14,23,8220911
14418415,24,13,23,2740337
14418559,24,14,23,8221093
14418671,24,14,23,8221157
14419327,24,14,23,8221531
14419583,24,13,23,2740559
14420095,24,14,23,8221969
14421199,24,14,23,8222599
14421919,24,13,23,2741003
14422431,24,14,23,8223301
14422687,24,13,23,2741149
14422975,24,14,23,8223611
14423599,24,14,23,8223967
14425599,24,14,23,8225107
14426223,24,13,23,2741821
14427615,24,14,23,8226257
14432495,24,13,23,2743013
14434031,24,12,23,914435
14434367,24,13,23,2743369
14435823,24,14,23,8230937
14436767,24,13,23,2743825
14439103,24,13,23,2744269
14441071,24,12,23,914881
14441215,24,14,23,8234011
14443551,24,14,23,8235343
14447135,24,14,23,8237387
14448703,24,14,23,8238281
14448767,24,14,23,8238317
14448847,24,13,23,2746121
14449359,24,14,23,8238655
14450047,24,13,23,2746349
14450559,24,14,23,8239339
14450671,24,14,23,8239403
14450847,24,13,23,2746501
14451359,24,14,23,8239795
14451615,24,11,23,305183
14451871,24,14,23,8240087
14452271,24,14,23,8240315
14453183,24,13,23,2746945
14453439,24,14,23,8240981
14455295,24,14,23,8242039
14455551,24,13,23,2747395
14456511,24,14,23,8242733
14458911,24,14,23,8244101
14461247,24,14,23,8245433
14463471,24,14,23,8246701
14464159,24,13,23,2749031
14464415,24,14,23,8247239
14465471,24,14,23,8247841
14465727,24,10,23,101827
14468863,24,13,23,2749925
14469231,24,11,23,305555
14469599,24,13,23,2750065
14472303,24,13,23,2750579
14473535,24,13,23,2750813
14476527,24,14,23,8254145
14476607,24,13,23,2751397
14476927,24,14,23,8254373
14477439,24,12,23,917185
14478495,24,14,23,8255267
14478799,24,14,23,8255441
14479775,24,12,23,917333
14480031,24,14,23,8256143
14482991,24,14,23,8257831
14483199,24,14,23,8257949
14483503,24,14,23,8258123
14483967,24,14,23,8258387
14484447,24,12,23,917629
14484735,24,14,23,8258825
14487583,24,13,23,2753483
14487871,24,14,23,8260613
14488607,24,14,23,8261033
14490319,24,12,23,918001
14490351,24,11,23,306001
14490751,24,13,23,2754085
14491263,24,14,23,8262547
14492799,24,14,23,8263423
14493343,24,14,23,8263733
14495167,24,14,23,8264773
14496191,24,12,23,918373
14496303,24,14,23,8265421
14496959,24,13,23,2755265
14498271,24,14,23,8266543
14500063,24,13,23,2755855
14501119,24,14,23,8268167
14501743,24,14,23,8268523
14504735,24,13,23,2756743
14505679,24,14,23,8270767
14506191,24,14,23,8271059
14506223,24,14,23,8271077
14506479,24,14,23,8271223
14507679,24,14,23,8271907
14507903,24,12,23,919115
14508991,24,14,23,8272655
14509727,24,14,23,8273075
14512063,24,14,23,8274407
14512431,24,14,23,8274617
14512639,24,12,23,919415
14514399,24,14,23,8275739
14515743,24,13,23,2758835
14519103,24,14,23,8278421
14519535,24,14,23,8278667
14520959,24,14,23,8279479
14521215,24,13,23,2759875
14521471,24,14,23,8279771
14522015,24,12,23,920009
14522239,24,14,23,8280209
14523551,24,13,23,2760319
14524319,24,12,23,920155
14524975,24,14,23,8281769
14525087,24,13,23,2760611
14526943,24,14,23,8282891
14529567,24,14,23,8284387
14531615,24,14,23,8285555
14532927,24,13,23,2762101
14533871,24,14,23,8286841
14534351,24,14,23,8287115
14535663,24,13,23,2762621
14536431,24,13,23,2762767
14537119,24,14,23,8288693
14538287,24,14,23,8289359
14538623,24,14,23,8289551
14539199,24,13,23,2763293
14539711,24,14,23,8290171
14539967,24,13,23,2763439
14540335,24,13,23,2763509
14540847,24,14,23,8290819
14541791,24,14,23,8291357
14542303,24,13,23,2763883
14542591,24,14,23,8291813
14547999,24,14,23,8294897
14549055,24,14,23,8295499
14550335,24,14,23,8296229
14550399,24,14,23,8296265
14550479,24,13,23,2765437
14552511,24,12,23,921941
14554047,24,13,23,2766115
14555647,24,13,23,2766419
14555903,24,14,23,8299403
14556671,24,14,23,8299841
14557295,24,14,23,8300197
14558463,24,14,23,8300863
14559087,24,13,23,2767073
14561823,24,12,23,922531
14562543,24,14,23,8303189
14563823,24,13,23,2767973
14563967,24,14,23,8304001
14565103,24,14,23,8304649
14565359,24,11,23,307585
14565615,24,14,23,8304941
14566559,24,12,23,922831
14566591,24,8,23,11393
14567839,24,14,23,8306209
14568095,24,13,23,2768785
14569151,24,14,23,8306957
14572143,24,14,23,8308663
14573599,24,11,23,307759
14575935,24,12,23,923425
14576495,24,14,23,8311145
14577903,24,13,23,2770649
14578303,24,12,23,923575
14578463,24,14,23,8312267
14579839,24,13,23,2771017
14580863,24,14,23,8313635
14580895,24,14,23,8313653
14581183,24,14,23,8313817
14581407,24,13,23,2771315
14582207,24,13,23,2771467
14582431,24,14,23,8314529
14584831,24,14,23,8315897
14585087,24,14,23,8316043
14585599,24,14,23,8316335
14585967,24,14,23,8316545
14586479,24,10,23,102677
14586847,24,13,23,2772349
14587871,24,14,23,8317631
14589471,24,14,23,8318543
14590271,24,14,23,8318999
14590783,24,13,23,2773097
14591215,24,11,23,308131
14592719,24,13,23,2773465
14592751,24,13,23,2773471
14593487,24,11,23,308179
14593743,24,14,23,8320979
14594943,24,14,23,8321663
14595519,24,13,23,2773997
14595967,24,14,23,8322247
14596543,24,14,23,8322575
14597823,24,13,23,2774435
14598191,24,12,23,924835
14598591,24,13,23,2774581
14599167,24,14,23,8324071
14599423,24,12,23,924913
14601215,24,14,23,8325239
14601983,24,14,23,8325677
14602095,24,13,23,2775247
14602351,24,14,23,8325887
14604255,24,14,23,8326973
14605343,24,14,23,8327593
14607087,24,14,23,8328587
14608543,24,14,23,8329417
14609103,24,13,23,2776579
14610335,24,13,23,2776813
14610847,24,14,23,8330731
14612159,24,14,23,8331479
14613471,24,9,23,34289
14613695,24,14,23,8332355
14614063,24,14,23,8332565
14614751,24,14,23,8332957
14615039,24,13,23,2777707
14617343,24,13,23,2778145
14618143,24,12,23,926099
14618479,24,13,23,2778361
14620879,24,13,23,2778817
14621391,24,14,23,8336743
14622335,24,14,23,8337281
14622879,24,12,23,926399
14623215,24,13,23,2779261
14624159,24,14,23,8338321
14624415,24,13,23,2779489
14625231,24,14,23,8338933
14626719,24,13,23,2779927
14629119,24,13,23,2780383
14629343,24,14,23,8341277
14629855,24,11,23,308947
14632815,24,14,23,8343257
14634783,24,14,23,8344379
14635727,24,11,23,309071
14637119,24,14,23,8345711
14637215,24,14,23,8345765
14637295,24,13,23,2781937
14637551,24,14,23,8345957
14638495,24,13,23,2782165
14638751,24,14,23,8346641
14638975,24,14,23,8346769
14640623,24,14,23,8347709
14641823,24,14,23,8348393
14641855,24,14,23,8348411
14642175,24,14,23,8348593
14643711,24,14,23,8349469
14644703,24,13,23,2783345
14645359,24,14,23,8350409
14645471,24,13,23,2783491
14649583,24,14,23,8352817
14649839,24,10,23,103123
14650239,24,13,23,2784397
14650495,24,14,23,8353337
14651087,24,14,23,8353675
14651599,24,14,23,8353967
14652287,24,14,23,8354359
14653087,24,14,23,8354815
14654847,24,13,23,2785273
14655935,24,14,23,8356439
14656047,24,13,23,2785501
14656415,24,13,23,2785571
14657647,24,13,23,2785805
14658815,24,13,23,2786027
14660575,24,14,23,8359085
14660639,24,14,23,8359121
14660719,24,13,23,2786389
14661599,24,14,23,8359669
14661663,24,14,23,8359705
14665087,24,11,23,309691
14665343,24,14,23,8361803
14665423,24,13,23,2787283
14667983,24,14,23,8363309
14668735,24,14,23,8363737
14668959,24,13,23,2787955
14669759,24,12,23,929369
14670383,24,14,23,8364677
14671039,24,14,23,8365051
14671151,24,14,23,8365115
14671359,24,13,23,2788411
14671983,24,14,23,8365589
14672095,24,11,23,309839
14672383,24,14,23,8365817
14672895,24,13,23,2788703
14673663,24,13,23,2788849
14674687,24,14,23,8367131
14676223,24,14,23,8368007
14678335,24,13,23,2789737
14679167,24,12,23,929965
14679279,24,14,23,8369749
14680303,24,12,23,930037
14680959,24,14,23,8370707
14681071,24,13,23,2790257
14681503,24,12,23,930113
14681551,24,14,23,8371045
14681727,24,14,23,8371145
14682575,24,12,23,930181
14683071,24,13,23,2790637
14683583,24,14,23,8372203
14683839,24,11,23,310087
14684063,24,14,23,8372477
14685951,24,14,23,8373553
14687711,24,13,23,2791519
14689311,24,13,23,2791823
14691647,24,13,23,2792267
14693103,24,14,23,8377631
14695039,24,14,23,8378735
14696175,24,14,23,8379383
14696319,24,13,23,2793155
14697151,24,13,23,2793313
14698031,24,14,23,8380441
14699167,24,14,23,8381089
14699455,24,13,23,2793751
14699711,24,14,23,8381399
14699823,24,13,23,2793821
14700287,24,12,23,931303
14700479,24,14,23,8381837
14701023,24,13,23,2794049
14701055,24,13,23,2794055
14701615,24,14,23,8382485
14701823,24,13,23,2794201
14703215,24,14,23,8383397
14706751,24,14,23,8385413
14707839,24,14,23,8386033
14708431,24,12,23,931819
14710175,24,14,23,8387365
14710431,24,13,23,2795837
14710991,24,14,23,8387831
14712191,24,14,23,8388515
14712255,24,14,23,8388551
14713279,24,14,23,8389135
14714335,24,10,23,103577
14715903,24,13,23,2796877
14716159,24,14,23,8390777
14717039,24,13,23,2797093
14717919,24,14,23,8391781
14718207,24,13,23,2797315
14719775,24,13,23,2797613
14720543,24,13,23,2797759
14723199,24,14,23,8394791
14723311,24,13,23,2798285
14723791,24,14,23,8395129
14723823,24,14,23,8395147
14723967,24,14,23,8395229
14724079,24,13,23,2798431
14726079,24,11,23,310979
14729727,24,14,23,8398513
14729983,24,13,23,2799553
14730239,24,14,23,8398805
14730495,24,14,23,8398951
14733167,24,14,23,8400475
14734447,24,14,23,8401205
14735423,24,12,23,933529
14736623,24,12,23,933605
14737215,24,14,23,8402783
14738159,24,13,23,2801107
14738895,24,12,23,933749
14739583,24,14,23,8404133
14739615,24,14,23,8404151
14741407,24,14,23,8405173
14741919,24,14,23,8405465
14741951,24,14,23,8405483
14743551,24,14,23,8406395
14746591,24,14,23,8408129
14746655,24,14,23,8408165
14749215,24,14,23,8409625
14749471,24,11,23,311473
14749727,24,14,23,8409917
14750703,24,8,23,11537
14751359,24,14,23,8410847
14752463,24,14,23,8411477
14752639,24,13,23,2803859
14753263,24,14,23,8411933
14753951,24,14,23,8412325
14754207,24,11,23,311573
14757823,24,14,23,8414533
14757887,24,14,23,8414569
14758079,24,13,23,2804893
14758335,24,14,23,8414825
14758655,24,14,23,8415007
14758911,24,12,23,935017
14759103,24,14,23,8415263
14759679,24,13,23,2805197
14760047,24,12,23,935089
14760191,24,14,23,8415883
14762015,24,13,23,2805641
14765295,24,14,23,8418793
14766319,24,13,23,2806459
14767487,24,13,23,2806681
14769567,24,14,23,8421229
14769599,24,14,23,8421247
14770047,24,14,23,8421503
14770079,24,14,23,8421521
14770111,24,14,23,8421539
14770735,24,14,23,8421895
14770879,24,14,23,8421977
14773759,24,13,23,2807873
14774383,24,14,23,8423975
14774463,24,13,23,2808007
14774783,24,14,23,8424203
14774895,24,13,23,2808089
14775327,24,11,23,312019
14778831,24,7,23,3853
14779631,24,13,23,2808989
14780031,24,12,23,936355
14780111,24,14,23,8427241
14780655,24,14,23,8427551
14781311,24,14,23,8427925
14781567,24,13,23,2809357
14781935,24,13,23,2809427
14782671,24,13,23,2809567
14782703,24,13,23,2809573
14783135,24,13,23,2809655
14783935,24,13,23,2809807
14784159,24,14,23,8429549
14784959,24,14,23,8430005
14785839,24,11,23,312241
14786463,24,14,23,8430863
14787231,24,14,23,8431301
14787551,24,14,23,8431483
14788863,24,14,23,8432231
14794367,24,14,23,8435369
14794447,24,13,23,2811805
14796271,24,14,23,8436455
14796447,24,10,23,104155
14797807,24,14,23,8437331
14798239,24,14,23,8437577
14799551,24,13,23,2812775
14800319,24,13,23,2812921
14800831,24,14,23,8439055
14801343,24,14,23,8439347
14801455,24,13,23,2813137
14802479,24,14,23,8439995
14807583,24,14,23,8442905
14809295,24,12,23,938209
14809983,24,14,23,8444273
14810239,24,14,23,8444419
14812031,24,13,23,2815147
14812575,24,14,23,8445751
14812607,24,14,23,8445769
14813887,24,14,23,8446499
14814143,24,14,23,8446645
14814655,24,14,23,8446937
14816255,24,14,23,8447849
14816303,24,12,23,938653
14817023,24,14,23,8448287
14817535,24,12,23,938731
14818271,24,13,23,2816333
14818783,24,14,23,8449291
14821231,24,14,23,8450687
14823967,24,14,23,8452247
14824063,24,14,23,8452301
14824319,24,14,23,8452447
14825967,24,14,23,8453387
14826911,24,12,23,939325
14826943,24,11,23,313109
14827679,24,13,23,2818121
14828079,24,11,23,313133
14828703,24,14,23,8454947
14829471,24,14,23,8455385
14830783,24,13,23,2818711
14830847,24,13,23,2818723
14831359,24,14,23,8456461
14832895,24,14,23,8457337
14837055,24,13,23,2819903
14837455,24,11,23,313331
14837823,24,13,23,2820049
14838079,24,14,23,8460293
14838399,24,14,23,8460475
14838911,24,14,23,8460767
14840047,24,14,23,8461415
14840447,24,14,23,8461643
14840527,24,13,23,2820563
14841247,24,14,23,8462099
14843071,24,14,23,8463139
14843551,24,14,23,8463413
14843583,24,14,23,8463431
14843951,24,14,23,8463641
14844831,24,13,23,2821381
14845951,24,14,23,8464781
14848223,24,14,23,8466077
14852735,24,12,23,940961
14852847,24,14,23,8468713
14853871,24,12,23,941033
14854015,24,14,23,8469379
14854271,24,13,23,2823175
14855151,24,14,23,8470027
14859967,24,14,23,8472773
14860335,24,14,23,8472983
14860511,24,13,23,2824361
14861055,24,14,23,8473393
14861567,24,14,23,8473685
14862447,24,13,23,2824729
14863391,24,14,23,8474725
14864415,24,12,23,941701
14865183,24,13,23,2825249
14866495,24,14,23,8476495
14867183,24,13,23,2825629
14867695,24,14,23,8477179
14867951,24,11,23,313975
14868287,24,13,23,2825839
14869967,24,14,23,8478475
14870975,24,14,23,8479049
14871487,24,12,23,942149
14872111,24,14,23,8479697
14872623,24,12,23,942221
14873023,24,13,23,2826739
14873791,24,12,23,942295
14873903,24,14,23,8480719
14874559,24,13,23,2827031
14875759,24,13,23,2827259
14876127,24,12,23,942443
14878559,24,5,23,431
14880063,24,13,23,2828077
14880287,24,14,23,8484359
14881263,24,13,23,2828305
14883567,24,13,23,2828743
14883823,24,14,23,8486375
14883999,24,13,23,2828825
14884511,24,14,23,8486767
14884591,24,14,23,8486813
14885023,24,14,23,8487059
14889151,24,14,23,8489413
14889439,24,13,23,2829859
14890207,24,10,23,104815
14890463,24,14,23,8490161
14890495,24,14,23,8490179
14890863,24,14,23,8490389
14893375,24,13,23,2830607
14896367,24,14,23,8493527
14897391,24,14,23,8494111
14898047,24,13,23,2831495
14898559,24,14,23,8494777
14898591,24,14,23,8494795
14899647,24,12,23,943933
14900783,24,12,23,944005
14901151,24,13,23,2832085
14904063,24,14,23,8497915
14906687,24,8,23,11659
14906847,24,14,23,8499503
14908191,24,13,23,2833423
14910191,24,11,23,314867
14911103,24,14,23,8501929
14911359,24,12,23,944675
14912127,24,13,23,2834171
14914495,24,13,23,2834621
14915007,24,14,23,8504155
14916799,24,13,23,2835059
14917311,24,14,23,8505469
14918399,24,12,23,945121
14918559,24,14,23,8506181
14918623,24,14,23,8506217
14919167,24,13,23,2835509
14919535,24,12,23,945193
14919935,24,13,23,2835655
14920735,24,12,23,945269
14920959,24,14,23,8507549
14921327,24,14,23,8507759
14925519,24,14,23,8510149
14926063,24,14,23,8510459
14927311,24,13,23,2837057
14929311,24,13,23,2837437
14929567,24,14,23,8512457
14931903,24,14,23,8513789
14931967,24,14,23,8513825
14932015,24,13,23,2837951
14934815,24,8,23,11681
14935039,24,14,23,8515577
14938655,24,13,23,2839213
14940367,24,14,23,8518615
14941055,24,13,23,2839669
14941311,24,14,23,8519153
14941567,24,14,23,8519299
14941935,24,14,23,8519509
14942191,24,13,23,2839885
14942447,24,14,23,8519801
14942879,24,14,23,8520047
14943215,24,14,23,8520239
14943647,24,14,23,8520485
14943679,24,14,23,8520503
14944159,24,12,23,946753
14944719,24,14,23,8521097
14946303,24,14,23,8521999
14950431,24,13,23,2841451
14951455,24,14,23,8524937
14953711,24,14,23,8526223
14953791,24,14,23,8526269
14954191,24,14,23,8526497
14954223,24,14,23,8526515
14954703,24,10,23,105269
14954991,24,14,23,8526953
14955135,24,13,23,2842345
14955391,24,14,23,8527181
14955935,24,11,23,315833
14956671,24,13,23,2842637
14958271,24,12,23,947647
14958463,24,14,23,8528933
14958575,24,13,23,2842999
14959007,24,13,23,2843081
14959551,24,14,23,8529553
14961967,24,14,23,8530931
14962175,24,13,23,2843683
14962431,24,14,23,8531195
14962911,24,12,23,947941
14963167,24,14,23,8531615
14963199,24,14,23,8531633
14964191,24,14,23,8532199
14966815,24,13,23,2844565
14967615,24,12,23,948239
14968047,24,13,23,2844799
14969071,24,14,23,8534981
14969471,24,14,23,8535209
14970319,24,13,23,2845231
14970575,24,14,23,8535839
14971551,24,13,23,2845465
14972575,24,14,23,8536979
14973631,24,14,23,8537581
14974143,24,14,23,8537873
14974255,24,13,23,2845979
14975023,24,13,23,2846125
14975487,24,13,23,2846213
14975999,24,14,23,8538931
14981919,24,14,23,8542307
14983663,24,13,23,2847767
14983807,24,14,23,8543383
14984431,24,13,23,2847913
14984943,24,14,23,8544031
14985375,24,14,23,8544277
14985455,24,14,23,8544323
14986703,24,13,23,2848345
14987679,24,14,23,8545591
14989823,24,14,23,8546813
14990591,24,14,23,8547251
14996719,24,14,23,8550745
14997567,24,14,23,8551229
14997999,24,14,23,8551475
14998255,24,14,23,8551621
14998767,24,14,23,8551913
14999679,24,13,23,2850811
14999711,24,13,23,2850817
15001039,24,14,23,8553209
15002303,24,14,23,8553929
15002559,24,14,23,8554075
15003071,24,14,23,8554367
15003183,24,13,23,2851477
15003695,24,14,23,8554723
15003951,24,11,23,316847
15004207,24,14,23,8555015
15004671,24,14,23,8555279
15005183,24,11,23,316873
15005439,24,14,23,8555717
15007199,24,14,23,8556721
15009855,24,12,23,950915
15010623,24,13,23,2852891
15011055,24,11,23,316997
15011135,24,14,23,8558965
15011455,24,13,23,2853049
15012991,24,13,23,2853341
15013583,24,14,23,8560361
15014047,24,14,23,8560625
15014783,24,14,23,8561045
15014895,24,13,23,2853703
15015359,24,13,23,2853791
15016495,24,13,23,2854007
15018463,24,13,23,2854381
15018495,24,13,23,2854387
15019007,24,14,23,8563453
15019263,24,12,23,951511
15020511,24,14,23,8564311
15021055,24,14,23,8564621
15021167,24,13,23,2854895
15021823,24,14,23,8565059
15021935,24,13,23,2855041
15022191,24,14,23,8565269
15022303,24,13,23,2855111
15023071,24,13,23,2855257
15024159,24,14,23,8566391
15025871,24,13,23,2855789
15026303,24,10,23,105773
15027183,24,14,23,8568115
15027695,24,14,23,8568407
15028383,24,14,23,8568799
15028943,24,13,23,2856373
15029407,24,13,23,2856461
15030719,24,14,23,8570131
15031855,24,14,23,8570779
15032367,24,14,23,8571071
15033311,24,11,23,317467
15035135,24,14,23,8572649
15035903,24,14,23,8573087
15037983,24,12,23,952697
15038783,24,13,23,2858243
15039263,24,14,23,8575003
15039807,24,14,23,8575313
15040207,24,14,23,8575541
15041151,24,13,23,2858693
15041919,24,13,23,2858839
15042175,24,14,23,8576663
15042431,24,14,23,8576809
15044079,24,14,23,8577749
15045055,24,10,23,105905
15047935,24,14,23,8579947
15049183,24,14,23,8580659
15050607,24,14,23,8581471
15051807,24,14,23,8582155
15052399,24,13,23,2860831
15055087,24,14,23,8584025
15055599,24,12,23,953813
15055679,24,14,23,8584363
15055935,24,13,23,2861503
15056767,24,12,23,953887
15057135,24,13,23,2861731
15057903,24,12,23,953959
15058303,24,13,23,2861953
15058671,24,13,23,2862023
15059903,24,13,23,2862257
15060639,24,13,23,2862397
15060671,24,13,23,2862403
15061695,24,14,23,8587793
15062015,24,14,23,8587975
15063295,24,14,23,8588705
15064175,24,13,23,2863069
15064543,24,13,23,2863139
15065311,24,13,23,2863285
15067935,24,14,23,8591351
15067967,24,14,23,8591369
15068703,24,14,23,8591789
15070079,24,13,23,2864191
15071439,24,14,23,8593349
15072415,24,13,23,2864635
15072639,24,14,23,8594033
15072671,24,14,23,8594051
15073183,24,10,23,106103
15073263,24,14,23,8594389
15073439,24,14,23,8594489
15076655,24,12,23,955147
15077055,24,13,23,2865517
15077375,24,14,23,8596733
15077423,24,13,23,2865587
15077487,24,13,23,2865599
15078447,24,14,23,8597345
15079679,24,14,23,8598047
15080415,24,14,23,8598467
15081503,24,14,23,8599087
15081791,24,13,23,2866417
15083759,24,12,23,955597
15085263,24,13,23,2867077
15087999,24,13,23,2867597
15088831,24,13,23,2867755
15089055,24,14,23,8603393
15089343,24,14,23,8603557
15089823,24,14,23,8603831
15090799,24,8,23,11803
15091455,24,14,23,8604761
15092191,24,14,23,8605181
15093247,24,14,23,8605783
15098607,24,13,23,2869613
15098687,24,14,23,8608885
15099119,24,14,23,8609131
15099199,24,14,23,8609177
15100911,24,13,23,2870051
15101087,24,14,23,8610253
15101391,24,14,23,8610427
15101423,24,14,23,8610445
15102623,24,14,23,8611129
15102671,24,14,23,8611157
15103679,24,11,23,318953
15110175,24,14,23,8615435
15110463,24,14,23,8615599
15110687,24,10,23,106367
15113023,24,12,23,957451
15113855,24,13,23,2872511
15114879,24,14,23,8618117
15116015,24,14,23,8618765
15116959,24,13,23,2873101
15117759,24,12,23,957751
15118895,24,12,23,957823
15119039,24,14,23,8620489
15119295,24,13,23,2873545
15119551,24,14,23,8620781
15120127,24,12,23,957901
15120431,24,13,23,2873761
15120863,24,13,23,2873843
15121663,24,13,23,2873995
15126047,24,14,23,8624485
15126303,24,13,23,2874877
15126559,24,14,23,8624777
15127167,24,10,23,106483
15127327,24,14,23,8625215
15127791,24,14,23,8625479
15128271,24,12,23,958417
15130751,24,14,23,8627167
15130783,24,14,23,8627185
15132063,24,14,23,8627915
15133375,24,13,23,2876221
15133631,24,14,23,8628809
15134463,24,14,23,8629283
15134767,24,14,23,8629457
15135231,24,14,23,8629721
15135711,24,13,23,2876665
15135743,24,13,23,2876671
15135935,24,14,23,8630123
15136703,24,14,23,8630561
15137903,24,14,23,8631245
15138271,24,14,23,8631455
15138335,24,14,23,8631491
15140927,24,14,23,8632969
15142383,24,12,23,959311
15142607,24,14,23,8633927
15142687,24,13,23,2877991
15143119,24,13,23,2878073
15143663,24,14,23,8634529
15144351,24,13,23,2878307
15144607,24,14,23,8635067
15145119,24,13,23,2878453
15145919,24,10,23,106615
15147423,24,13,23,2878891
15149535,24,14,23,8637877
15150335,24,14,23,8638333
15151727,24,12,23,959903
15152159,24,13,23,2879791
15157743,24,14,23,8642557
15158255,24,14,23,8642849
15158431,24,13,23,2880983
15159455,24,14,23,8643533
15159711,24,14,23,8643679
15159967,24,12,23,960425
15160191,24,14,23,8643953
15160767,24,13,23,2881427
15160879,24,14,23,8644345
15161791,24,14,23,8644865
15162671,24,13,23,2881789
15162927,24,14,23,8645513
15163391,24,14,23,8645777
15164159,24,14,23,8646215
15164927,24,14,23,8646653
15167807,24,13,23,2882765
15168543,24,13,23,2882905
15169055,24,14,23,8649007
15169567,24,14,23,8649299
15170879,24,13,23,2883349
15171199,24,14,23,8650229
15172991,24,14,23,8651251
15173503,24,14,23,8651543
15174047,24,10,23,106813
15174271,24,14,23,8651981
15175103,24,14,23,8652455
15175215,24,12,23,961391
15176383,24,12,23,961465
15178207,24,14,23,8654225
15178287,24,13,23,2884757
15178495,24,14,23,8654389
15178943,24,14,23,8654645
15179007,24,14,23,8654681
15179055,24,13,23,2884903
15180255,24,13,23,2885131
15180543,24,14,23,8655557
15181311,24,14,23,8655995
15181679,24,14,23,8656205
15182879,24,14,23,8656889
15183167,24,14,23,8657053
15186415,24,14,23,8658905
15186671,24,14,23,8659051
15187007,24,14,23,8659243
15187183,24,14,23,8659343
15187839,24,14,23,8659717
15188095,24,12,23,962207
15189439,24,14,23,8660629
15189455,24,14,23,8660639
15191743,24,14,23,8661943
15192543,24,14,23,8662399
15192831,24,12,23,962507
15193967,24,12,23,962579
15194159,24,14,23,8663321
15194367,24,13,23,2887813
15194735,24,13,23,2887883
15195247,24,14,23,8663941
15199007,24,13,23,2888695
15199039,24,13,23,2888701
15199471,24,13,23,2888783
15201407,24,13,23,2889151
15202431,24,14,23,8668037
15203487,24,14,23,8668639
15203743,24,13,23,2889595
15203775,24,13,23,2889601
15205279,24,13,23,2889887
15206303,24,14,23,8670245
15208751,24,13,23,2890547
15211295,24,14,23,8673091
15212863,24,14,23,8673985
15213887,24,12,23,963841
15214207,24,14,23,8674751
15214655,24,13,23,2891669
15214831,24,14,23,8675107
15215231,24,14,23,8675335
15217311,24,14,23,8676521
15218111,24,14,23,8676977
15218815,24,14,23,8677379
15220159,24,13,23,2892715
15220415,24,14,23,8678291
15221151,24,14,23,8678711
15221295,24,13,23,2892931
15222239,24,14,23,8679331
15222895,24,13,23,2893235
15223919,24,14,23,8680289
15225055,24,14,23,8680937
15229167,24,10,23,107201
15229759,24,14,23,8683619
15230335,24,12,23,964883
15230671,24,13,23,2894713
15233471,24,13,23,2895245
15234607,24,13,23,2895461
15236399,24,14,23,8687405
15238655,24,14,23,8688691
15239791,24,14,23,8689339
15240047,24,13,23,2896495
15241247,24,13,23,2896723
15242015,24,12,23,965623
15242783,24,13,23,2897015
15243983,24,13,23,2897243
15244015,24,13,23,2897249
15244159,24,14,23,8691829
15244351,24,12,23,965771
15244783,24,13,23,2897395
15245471,24,14,23,8692577
15245807,24,14,23,8692769
15246751,24,12,23,965923
15248031,24,14,23,8694037
15248063,24,14,23,8694055
15249343,24,14,23,8694785
15250623,24,13,23,2898505
15251199,24,14,23,8695843
15251503,24,14,23,8696017
15252079,24,14,23,8696345
15252223,24,13,23,2898809
15256895,24,13,23,2899697
15257375,24,14,23,8699365
15258495,24,12,23,966667
15259087,24,14,23,8700341
15259263,24,13,23,2900147
15260287,24,14,23,8701025
15260831,24,12,23,966815
15261167,24,13,23,2900509
15261599,24,13,23,2900591
15262399,24,13,23,2900743
15265279,24,14,23,8703871
15265903,24,13,23,2901409
15266271,24,13,23,2901479
15266783,24,14,23,8704729
15268063,24,14,23,8705459
15270207,24,12,23,967409
15271999,24,14,23,8707703
15272767,24,14,23,8708141
15272943,24,13,23,2902747
15273455,24,14,23,8708533
15274911,24,8,23,11947
15275135,24,14,23,8709491
15276159,24,14,23,8710075
15276415,24,13,23,2903407
15277247,24,12,23,967855
15278015,24,13,23,2903711
15279583,24,12,23,968003
15279615,24,12,23,968005
15281407,24,14,23,8713067
15282799,24,14,23,8713861
15283231,24,14,23,8714107
15283311,24,14,23,8714153
15284255,24,12,23,968299
15284287,24,9,23,35863
15284447,24,14,23,8714801
15285023,24,13,23,2905043
15287759,24,12,23,968521
15287791,24,11,23,322841
15289551,24,14,23,8717711
15291039,24,14,23,8718559
15291551,24,14,23,8718851
15291951,24,14,23,8719079
15292351,24,14,23,8719307
15293743,24,14,23,8720101
15294575,24,14,23,8720575
15295231,24,13,23,2906983
15296767,24,13,23,2907275
15297135,24,12,23,969115
15299103,24,13,23,2907719
15300127,24,14,23,8723741
15300671,24,11,23,323113
15300927,24,14,23,8724197
15301871,24,12,23,969415
15302271,24,13,23,2908321
15303151,24,14,23,8725465
15303295,24,14,23,8725547
15303407,24,13,23,2908537
15303663,24,14,23,8725757
15304095,24,14,23,8726003
15304351,24,14,23,8726149
15305407,24,11,23,323213
15306143,24,13,23,2909057
15306287,24,14,23,8727253
15308479,24,13,23,2909501
15309279,24,13,23,2909653
15309567,24,14,23,8729123
15309791,24,14,23,8729251
15311903,24,14,23,8730455
15314239,24,14,23,8731787
15317487,24,13,23,2911213
15317743,24,14,23,8733785
15318175,24,14,23,8734031
15318687,24,13,23,2911441
15318911,24,14,23,8734451
15319167,24,14,23,8734597
15320047,24,14,23,8735099
15320623,24,12,23,970603
15320815,24,14,23,8735537
15322047,24,14,23,8736239
15322415,24,14,23,8736449
15323615,24,14,23,8737133
15323647,24,14,23,8737151
15323903,24,14,23,8737297
15325039,24,14,23,8737945
15326687,24,14,23,8738885
15327551,24,14,23,8739377
15330031,24,10,23,107911
15330431,24,13,23,2913673
15332479,24,14,23,8742187
15332767,24,13,23,2914117
15333823,24,14,23,8742953
15334847,24,14,23,8743537
15335471,24,13,23,2914631
15338799,24,14,23,8745791
15339007,24,13,23,2915303
15339567,24,14,23,8746229
15339775,24,13,23,2915449
15340575,24,12,23,971867
15341791,24,14,23,8747497
15342367,24,14,23,8747825
15344879,24,13,23,2916419
15345903,24,14,23,8749841
15348895,24,14,23,8751547
15349151,24,13,23,2917231
15350143,24,14,23,8752259
15351551,24,13,23,2917687
15351919,24,13,23,2917757
15353087,24,13,23,2917979
15354991,24,13,23,2918341
15358271,24,14,23,8756893
15359215,24,14,23,8757431
15360495,24,12,23,973129
15361151,24,14,23,8758535
15361407,24,14,23,8758681
15361695,24,12,23,973205
15361919,24,14,23,8758973
15363055,24,14,23,8759621
15364031,24,11,23,324451
15366143,24,14,23,8761381
15366399,24,10,23,108167
15367279,24,14,23,8762029
15371119,24,14,23,8764219
15371295,24,14,23,8764319
15373551,24,14,23,8765605
15375167,24,14,23,8766527
15375231,24,14,23,8766563
15375423,24,14,23,8766673
15375775,24,10,23,108233
15375855,24,14,23,8766919
15375999,24,14,23,8767001
15376511,24,13,23,2922431
15377343,24,13,23,2922589
15377967,24,14,23,8768123
15378879,24,13,23,2922881
15379903,24,14,23,8769227
15380015,24,13,23,2923097
15381039,24,14,23,8769875
15381247,24,13,23,2923331
15381807,24,14,23,8770313
15382015,24,13,23,2923477
15382271,24,14,23,8770577
15383007,24,14,23,8770997
15383151,24,13,23,2923693
15386687,24,13,23,2924365
15387887,24,13,23,2924593
15389391,24,13,23,2924879
15389567,24,14,23,8774737
15390159,24,13,23,2925025
15390367,24,14,23,8775193
15390415,24,14,23,8775221
15390591,24,13,23,2925107
15391359,24,13,23,2925253
15391903,24,14,23,8776069
15393471,24,14,23,8776963
15394815,24,14,23,8777729
15396351,24,14,23,8778605
15396975,24,14,23,8778961
15397167,24,13,23,2926357
15397999,24,12,23,975505
15398111,24,14,23,8779609
15398399,24,13,23,2926591
15398767,24,13,23,2926661
15399967,24,13,23,2926889
15401279,24,14,23,8781415
15402223,24,14,23,8781953
15404159,24,14,23,8783057
15404271,24,13,23,2927707
15404527,24,14,23,8783267
15405215,24,14,23,8783659
15406239,24,12,23,976027
15407487,24,14,23,8784955
15408319,24,14,23,8785429
15409663,24,14,23,8786195
15410143,24,13,23,2928823
15410175,24,13,23,2928829
15410655,24,14,23,8786761
15410687,24,14,23,8786779
15413279,24,10,23,108497
15413871,24,14,23,8788595
15415615,24,12,23,976621
15417407,24,14,23,8790611
15417583,24,13,23,2930237
15418175,24,14,23,8791049
15418751,24,13,23,2930459
15418831,24,14,23,8791423
15420623,24,13,23,2930815
15420863,24,14,23,8792581
15422111,24,14,23,8793293
15422143,24,14,23,8793311
15422655,24,10,23,108563
15422911,24,14,23,8793749
15424047,24,14,23,8794397
15424991,24,12,23,977215
15425759,24,13,23,2931791
15426527,24,13,23,2931937
15428463,24,12,23,977435
15428927,24,13,23,2932393
15432175,24,14,23,8799031
15432399,24,13,23,2933053
15432767,24,13,23,2933123
15432831,24,13,23,2933135
15433455,24,14,23,8799761
15434399,24,11,23,325937
15434735,24,13,23,2933497
15437359,24,14,23,8801987
15438303,24,13,23,2934175
15438527,24,14,23,8802653
15438847,24,14,23,8802835
15439871,24,13,23,2934473
15440383,24,14,23,8803711
15440431,24,14,23,8803739
15440863,24,14,23,8803985
15441007,24,13,23,2934689
15442975,24,13,23,2935063
15445711,24,13,23,2935583
15446511,24,13,23,2935735
15448223,24,14,23,8808181
15449647,24,9,23,36251
15449759,24,14,23,8809057
15450239,24,14,23,8809331
15451071,24,14,23,8809805
15453183,24,12,23,979001
15453487,24,13,23,2937061
15453951,24,13,23,2937149
15454319,24,12,23,979073
15454719,24,13,23,2937295
15454975,24,14,23,8812031
15456111,24,14,23,8812679
15456223,24,13,23,2937581
15456879,24,14,23,8813117
15457055,24,13,23,2937739
15459023,24,8,23,12091
15459647,24,14,23,8814695
15460415,24,14,23,8815133
15461359,24,12,23,979519
15461503,24,14,23,8815753
15462127,24,13,23,2938703
15463839,24,14,23,8817085
15466031,24,11,23,326605
15467263,24,10,23,108877
15467423,24,14,23,8819129
15468399,24,9,23,36295
15470847,24,14,23,8821081
15470895,24,14,23,8821109
15471647,24,14,23,8821537
15475327,24,14,23,8823635
15475519,24,14,23,8823745
15476031,24,14,23,8824037
15476463,24,14,23,8824283
15476607,24,12,23,980485
15476799,24,14,23,8824475
15478431,24,14,23,8825405
15479199,24,14,23,8825843
15479743,24,13,23,2942051
15481535,24,14,23,8827175
15481855,24,14,23,8827357
15484783,24,11,23,327001
15485039,24,14,23,8829173
15485983,24,12,23,981079
15487775,24,14,23,8830733
15489087,24,13,23,2943827
15489519,24,11,23,327101
15490175,24,14,23,8832101
15492223,24,13,23,2944423
15492479,24,14,23,8833415
15492591,24,13,23,2944493
15492767,24,14,23,8833579
15493823,24,13,23,2944727
15494079,24,14,23,8834327
15495215,24,14,23,8834975
15496495,24,12,23,981745
15496751,24,14,23,8835851
15496895,24,13,23,2945311
15497215,24,14,23,8836115
15497775,24,14,23,8836435
15498351,24,14,23,8836763
15500319,24,14,23,8837885
15502143,24,14,23,8838925
15504159,24,14,23,8840075
15504511,24,14,23,8840275
15504767,24,10,23,109141
15504927,24,14,23,8840513
15505023,24,14,23,8840567
15506127,24,14,23,8841197
15506159,24,14,23,8841215
15506495,24,14,23,8841407
15507103,24,12,23,982417
15507871,24,13,23,2947397
15507903,24,13,23,2947403
15508159,24,14,23,8842355
15508895,24,14,23,8842775
15511039,24,13,23,2947999
15511295,24,14,23,8844143
15511663,24,14,23,8844353
15513087,24,14,23,8845165
15514367,24,14,23,8845895
15517759,24,14,23,8847829
15517935,24,14,23,8847929
15518591,24,14,23,8848303
15518959,24,14,23,8848513
15519039,24,14,23,8848559
15519951,24,12,23,983231
15520639,24,14,23,8849471
15521407,24,14,23,8849909
15521439,24,14,23,8849927
15522975,24,14,23,8850803
15523775,24,14,23,8851259
15523887,24,13,23,2950441
15528191,24,12,23,983753
15528415,24,14,23,8853905
15528991,24,13,23,2951411
15532351,24,14,23,8856149
15533695,24,13,23,2952305
15533951,24,14,23,8857061
15534207,24,14,23,8857207
15536031,24,13,23,2952749
15537711,24,14,23,8859205
15539391,24,14,23,8860163
15540159,24,14,23,8860601
15541215,24,14,23,8861203
15541247,24,14,23,8861221
15541503,24,13,23,2953789
15541727,24,14,23,8861495
15541759,24,14,23,8861513
15542383,24,14,23,8861869
15542527,24,14,23,8861951
15543327,24,14,23,8862407
15546399,24,14,23,8864159
15547167,24,14,23,8864597
15548143,24,11,23,328339
15548479,24,13,23,2955115
15549855,24,14,23,8866129
15549903,24,14,23,8866157
15551903,24,14,23,8867297
15551935,24,14,23,8867315
15552047,24,13,23,2955793
15553215,24,13,23,2956015
15554303,24,14,23,8868665
15555327,24,14,23,8869249
15556063,24,14,23,8869669
15557663,24,14,23,8870581
15558911,24,14,23,8871293
15559279,24,14,23,8871503
15559535,24,14,23,8871649
15561455,24,13,23,2957581
15562191,24,12,23,985907
15562959,24,13,23,2957867
15562991,24,13,23,2957873
15563471,24,14,23,8873893
15563647,24,14,23,8873993
15564015,24,14,23,8874203
15566383,24,14,23,8875553
15568287,24,14,23,8876639
15569407,24,14,23,8877277
15570623,24,14,23,8877971
15570799,24,13,23,2959357
15577583,24,14,23,8881939
15578239,24,13,23,2960771
15578751,24,14,23,8882605
15578783,24,14,23,8882623
15579007,24,13,23,2960917
15580607,24,13,23,2961221
15581631,24,14,23,8884247
15581743,24,13,23,2961437
15582111,24,12,23,987169
15582767,24,14,23,8884895
15583231,24,14,23,8885159
15584255,24,14,23,8885743
15585391,24,14,23,8886391
15588383,24,13,23,2962699
15590719,24,13,23,2963143
15591039,24,14,23,8889611
15591119,24,13,23,2963219
15591551,24,12,23,987767
15592143,24,14,23,8890241
15592431,24,14,23,8890405
15593887,24,11,23,329305
15596223,24,12,23,988063
15597503,24,14,23,8893297
15598559,24,12,23,988211
15598591,24,12,23,988213
15599359,24,13,23,2964785
15599727,24,12,23,988285
15600383,24,14,23,8894939
15601151,24,14,23,8895377
15601519,24,14,23,8895587
15601695,24,13,23,2965229
15602287,24,14,23,8896025
15602719,24,14,23,8896271
15604975,24,14,23,8897557
15605375,24,14,23,8897785
15605631,24,9,23,36617
15606255,24,14,23,8898287
15606767,24,10,23,109859
15607023,24,14,23,8898725
15607967,24,12,23,988807
15608015,24,14,23,8899291
15608271,24,13,23,2966479
15609503,24,13,23,2966713
15609759,24,14,23,8900285
15610303,24,12,23,988955
15610559,24,14,23,8900741
15611071,24,13,23,2967011
15612383,24,14,23,8901781
15612927,24,14,23,8902091
15613039,24,13,23,2967385
15615231,24,14,23,8903405
15616255,24,14,23,8903989
15616879,24,13,23,2968115
15617343,24,12,23,989401
15617567,24,14,23,8904737
15618847,24,13,23,2968489
15619711,24,12,23,989551
15620303,24,14,23,8906297
15621247,24,13,23,2968945
15622015,24,11,23,329899
15622639,24,14,23,8907629
15623727,24,14,23,8908249
15623839,24,14,23,8908313
15624639,24,14,23,8908769
15625519,24,10,23,109991
15625631,24,14,23,8909335
15625775,24,14,23,8909417
15626719,24,12,23,989995
15626751,24,11,23,329999
15632447,24,14,23,8913221
15633215,24,14,23,8913659
15634127,24,13,23,2971393
15635071,24,14,23,8914717
15635183,24,14,23,8914781
15635583,24,14,23,8915009
15636127,24,11,23,330197
15637887,24,14,23,8916323
15637951,24,14,23,8916359
15638431,24,12,23,990737
15638463,24,12,23,990739
15638655,24,14,23,8916761
15639199,24,13,23,2972357
15641023,24,14,23,8918111
15641599,24,13,23,2972813
15642159,24,14,23,8918759
15642367,24,13,23,2972959
15643391,24,14,23,8919461
15643759,24,14,23,8919671
15644527,24,14,23,8920109
15644639,24,13,23,2973391
15645471,24,12,23,991183
15646239,24,13,23,2973695
15649407,24,13,23,2974297
15649663,24,14,23,8923037
15651023,24,14,23,8923813
15651535,24,14,23,8924105
15651999,24,14,23,8924369
15652735,24,14,23,8924789
15653311,24,13,23,2975039
15653823,24,14,23,8925409
15654447,24,13,23,2975255
15654959,24,14,23,8926057
15659263,24,14,23,8928511
15659631,24,14,23,8928721
15660143,24,14,23,8929013
15660575,24,14,23,8929259
15660911,24,14,23,8929451
15661375,24,14,23,8929715
15662111,24,14,23,8930135
15662799,24,14,23,8930527
15663855,24,13,23,2977043
15665311,24,14,23,8931959
15665359,24,12,23,992443
15665647,24,14,23,8932151
15666623,24,11,23,330841
15667871,24,14,23,8933419
15668383,24,14,23,8933711
15669295,24,13,23,2978077
15670527,24,13,23,2978311
15670783,24,14,23,8935079
15672575,24,14,23,8936101
15673199,24,13,23,2978819
15675935,24,12,23,993113
15677759,24,14,23,8939057
15677935,24,13,23,2979719
15678191,24,14,23,8939303
15680671,24,12,23,993413
15680895,24,14,23,8940845
15680927,24,14,23,8940863
15681007,24,13,23,2980303
15681951,24,14,23,8941447
15682495,24,14,23,8941757
15683119,24,14,23,8942113
15685631,24,14,23,8943545
15686255,24,14,23,8943901
15687135,24,14,23,8944403
15687903,24,14,23,8944841
15690047,24,12,23,994007
15690607,24,14,23,8946383
15692015,24,13,23,2982395
15692271,24,14,23,8947331
15692415,24,12,23,994157
15693263,24,14,23,8947897
15693887,24,13,23,2982751
15694911,24,14,23,8948837
15694975,24,14,23,8948873
15697455,24,13,23,2983429
15698367,24,14,23,8950807
15698623,24,13,23,2983651
15699455,24,12,23,994603
15701247,24,14,23,8952449
15701871,24,14,23,8952805
15702015,24,14,23,8952887
15703151,24,14,23,8953535
15707887,24,14,23,8956235
15709599,24,13,23,2985737
15710079,24,14,23,8957485
15710655,24,14,23,8957813
15711935,24,13,23,2986181
15712303,24,12,23,995417
15712703,24,13,23,2986327
15715327,24,14,23,8960477
15716095,24,14,23,8960915
15716463,24,14,23,8961125
15716607,24,13,23,2987069
15718367,24,14,23,8962211
15719455,24,14,23,8962831
15720143,24,13,23,2987741
15721087,24,14,23,8963761
15722111,24,13,23,2988115
15722623,24,14,23,8964637
15723215,24,13,23,2988325
15723503,24,14,23,8965139
15723679,24,13,23,2988413
15724271,24,14,23,8965577
15728127,24,14,23,8967775
15729631,24,14,23,8968633
15730143,24,14,23,8968925
15731455,24,13,23,2989891
15732255,24,11,23,332227
15732591,24,13,23,2990107
15733055,24,13,23,2990195
15735503,24,14,23,8971981
15736047,24,14,23,8972291
15736447,24,14,23,8972519
15736959,24,12,23,996979
15737327,24,13,23,2991007
15738751,24,14,23,8973833
15739327,24,12,23,997129
15739343,24,14,23,8974171
15740831,24,13,23,2991673
15740863,24,13,23,2991679
15741375,24,14,23,8975329
15741887,24,14,23,8975621
15743455,24,14,23,8976515
15744255,24,14,23,8976971
15745247,24,14,23,8977537
15748127,24,14,23,8979179
15748415,24,14,23,8979343
15750271,24,13,23,2993467
15750783,24,14,23,8980693
15751231,24,14,23,8980949
15751375,24,13,23,2993677
15752863,24,14,23,8981879
15754735,24,14,23,8982947
15757247,24,13,23,2994793
15757503,24,14,23,8984525
15757615,24,13,23,2994863
15757791,24,14,23,8984689
15758639,24,14,23,8985173
15758815,24,13,23,2995091
15762751,24,10,23,110957
15764719,24,13,23,2996213
15765199,24,14,23,8988913
15765743,24,14,23,8989223
15766223,24,12,23,998833
15766943,24,14,23,8989907
15766991,24,13,23,2996645
15768735,24,14,23,8990929
15768959,24,13,23,2997019
15769247,24,14,23,8991221
15769503,24,14,23,8991367
15769535,24,14,23,8991385
15769647,24,14,23,8991449
15770015,24,14,23,8991659
15772927,24,13,23,2997773
15774831,24,13,23,2998135
15775711,24,14,23,8994907
15776543,24,14,23,8995381
15778111,24,14,23,8996275
15779711,24,14,23,8997187
15780335,24,12,23,999727
15780479,24,14,23,8997625
15781615,24,14,23,8998273
15782095,24,14,23,8998547
15782303,24,13,23,2999555
15783071,24,13,23,2999701
15783359,24,14,23,8999267
15783871,24,11,23,333317
15786975,24,13,23,3000443
15789087,24,14,23,9002533
15790335,24,14,23,9003245
15790879,24,10,23,111155
15791135,24,14,23,9003701
15792447,24,13,23,3001483
15793215,24,12,23,1000543
15794415,24,12,23,1000619
15794671,24,14,23,9005717
15795183,24,13,23,3002003
15795615,24,11,23,333565
15795839,24,14,23,9006383
15796687,24,12,23,1000763
15797807,24,14,23,9007505
15799231,24,14,23,9008317
15800319,24,12,23,1000993
15800367,24,14,23,9008965
15801455,24,12,23,1001065
15801599,24,14,23,9009667
15801855,24,13,23,3003271
15802591,24,12,23,1001137
15803423,24,13,23,3003569
15807007,24,14,23,9012751
15808751,24,14,23,9013745
15809151,24,14,23,9013973
15809231,24,13,23,3004673
15810431,24,13,23,3004901
15811743,24,14,23,9015451
15812255,24,14,23,9015743
15813567,24,13,23,3005497
15813935,24,13,23,3005567
15814655,24,14,23,9017111
15815167,24,13,23,3005801
15815423,24,14,23,9017549
15816559,24,14,23,9018197
15817327,24,14,23,9018635
15821119,24,14,23,9020797
15821631,24,14,23,9021089
15822063,24,14,23,9021335
15822543,24,12,23,1002401
15822575,24,12,23,1002403
15823487,24,14,23,9022147
15824335,24,14,23,9022631
15824543,24,13,23,3007583
15825103,24,14,23,9023069
15825135,24,14,23,9023087
15825279,24,13,23,3007723
15827247,24,8,23,12379
15827615,24,13,23,3008167
15827871,24,14,23,9024647
15829503,24,14,23,9025577
15830271,24,14,23,9026015
15830527,24,14,23,9026161
15832319,24,13,23,3009061
15836623,24,9,23,37159
15837423,24,13,23,3010031
15837823,24,12,23,1003369
15837935,24,14,23,9030385
15839903,24,14,23,9031507
15840383,24,14,23,9031781
15840415,24,14,23,9031799
15841727,24,13,23,3010849
15842751,24,14,23,9033131
15843375,24,14,23,9033487
15843887,24,14,23,9033779
15844255,24,14,23,9033989
15844351,24,14,23,9034043
15844607,24,14,23,9034189
15844831,24,12,23,1003813
15845119,24,14,23,9034481
15845487,24,14,23,9034691
15849791,24,14,23,9037145
15850735,24,11,23,334729
15851135,24,13,23,3012637
15852159,24,14,23,9038495
15852927,24,14,23,9038933
15853007,24,11,23,334777
15853263,24,14,23,9039125
15853695,24,14,23,9039371
15853727,24,14,23,9039389
15854239,24,10,23,111601
15856575,24,12,23,1004557
15857343,24,13,23,3013817
15858175,24,13,23,3013975
15858367,24,14,23,9042035
15859199,24,14,23,9042509
15859247,24,13,23,3014179
15860223,24,14,23,9043093
15860703,24,14,23,9043367
15860735,24,14,23,9043385
15861503,24,14,23,9043823
15861871,24,14,23,9044033
15866575,24,14,23,9046715
15866607,24,14,23,9046733
15868031,24,14,23,9047545
15868063,24,14,23,9047563
15870111,24,14,23,9048731
15870399,24,14,23,9048895
15871935,24,14,23,9049771
15872447,24,14,23,9050063
15872991,24,10,23,111733
15873023,24,12,23,1005599
15873791,24,13,23,3016943
15874159,24,12,23,1005671
15874303,24,14,23,9051121
15876127,24,13,23,3017387
15877999,24,13,23,3017743
15879023,24,14,23,9053813
15879487,24,14,23,9054077
15879887,24,14,23,9054305
15881855,24,14,23,9055427
15882479,24,14,23,9055783
15882735,24,13,23,3018643
15883679,24,14,23,9056467
15883935,24,13,23,3018871
15884703,24,12,23,1006339
15885471,24,13,23,3019163
15886815,24,14,23,9058255
15888575,24,13,23,3019753
15888863,24,14,23,9059423
15891999,24,14,23,9061211
15894767,24,14,23,9062789
15894847,24,13,23,3020945
15895423,24,14,23,9063163
15896047,24,13,23,3021173
15896815,24,13,23,3021319
15900351,24,13,23,3021991
15900575,24,14,23,9066101
15900607,24,14,23,9066119
15901231,24,14,23,9066475
15901343,24,14,23,9066539
15902175,24,14,23,9067013
15903743,24,14,23,9067907
15906015,24,14,23,9069203
15907615,24,14,23,9070115
15908383,24,14,23,9070553
15909503,24,14,23,9071191
15910607,24,14,23,9071821
15910783,24,14,23,9071921
15911071,24,14,23,9072085
15913663,24,13,23,3024521
15914431,24,13,23,3024667
15915455,24,14,23,9074585
15916591,24,14,23,9075233
15917167,24,13,23,3025187
15918335,24,13,23,3025409
15918847,24,14,23,9076519
15920159,24,14,23,9077267
15923439,24,12,23,1008793
15924287,24,14,23,9079621
15924351,24,14,23,9079657
15924975,24,13,23,3026671
15925487,24,14,23,9080305
15925999,24,14,23,9080597
15926943,24,12,23,1009015
15926975,24,8,23,12457
15927503,24,14,23,9081455
15927759,24,14,23,9081601
15928255,24,14,23,9081883
15930415,24,12,23,1009235
15931135,24,14,23,9083525
15931391,24,14,23,9083671
15931647,24,12,23,1009313
15931871,24,14,23,9083945
15931903,24,14,23,9083963
15932527,24,14,23,9084319
15935343,24,14,23,9085925
15938079,24,14,23,9087485
15938687,24,12,23,1009759
15939023,24,13,23,3029341
15940223,24,13,23,3029569
15940767,24,14,23,9089017
15941023,24,12,23,1009907
15941359,24,13,23,3029785
15941615,24,14,23,9089501
15941791,24,13,23,3029867
15942591,24,13,23,3030019
15942815,24,14,23,9090185
15945471,24,14,23,9091699
15946863,24,10,23,112253
15947231,24,13,23,3030901
15949855,24,14,23,9094199
15950143,24,14,23,9094363
15951167,24,13,23,3031649
15952191,24,14,23,9095531
15952767,24,12,23,1010651
15953615,24,14,23,9096343
15953647,24,14,23,9096361
15954559,24,14,23,9096881
15956351,24,14,23,9097903
15958575,24,12,23,1011019
15958943,24,13,23,3033127
15959807,24,12,23,1011097
15961343,24,13,23,3033583
15961599,24,14,23,9100895
15962223,24,14,23,9101251
15963167,24,14,23,9101789
15965727,24,14,23,9103249
15966847,24,11,23,337181
15967039,24,14,23,9103997
15967471,24,14,23,9104243
15967951,24,12,23,1011613
15967983,24,11,23,337205
15969743,24,14,23,9105539
15970511,24,14,23,9105977
15970719,24,13,23,3035365
15971743,24,14,23,9106679
15971775,24,14,23,9106697
15971887,24,13,23,3035587
15973855,24,9,23,37481
15974079,24,14,23,9108011
15974447,24,14,23,9108221
15975167,24,14,23,9108631
15975423,24,13,23,3036259
15975679,24,14,23,9108923
15976559,24,13,23,3036475
15977327,24,12,23,1012207
15978527,24,12,23,1012283
15978751,24,14,23,9110675
15979295,24,13,23,3036995
15980607,24,14,23,9111733
15981263,24,13,23,3037369
15983343,24,14,23,9113293
15984287,24,14,23,9113831
15984799,24,13,23,3038041
15985103,24,13,23,3038099
15985599,24,11,23,337577
15985823,24,14,23,9114707
15986335,24,13,23,3038333
15986735,24,11,23,337601
15987103,24,13,23,3038479
15987903,24,12,23,1012877
15988671,24,13,23,3038777
15989503,24,13,23,3038935
15990239,24,11,23,337675
15995199,24,14,23,9120053
15997679,24,13,23,3040489
15999103,24,14,23,9122279
15999135,24,14,23,9122297
16000559,24,14,23,9123109
16001471,24,14,23,9123629
16004095,24,14,23,9125125
16005231,24,14,23,9125773
16005743,24,14,23,9126065
16006111,24,14,23,9126275
16006687,24,12,23,1014067
16011983,24,14,23,9129623
16012159,24,13,23,3043241
16012671,24,14,23,9130015
16012751,24,14,23,9130061
16012959,24,13,23,3043393
16015231,24,13,23,3043825
16017887,24,14,23,9132989
16019759,24,14,23,9134057
16019967,24,13,23,3044725
16020703,24,12,23,1014955
16020959,24,14,23,9134741
16025215,24,14,23,9137167
16025471,24,11,23,338419
16025839,24,13,23,3045841
16026863,24,14,23,9138107
16027807,24,12,23,1015405
16027855,24,14,23,9138673
16028367,24,14,23,9138965
16029119,24,14,23,9139393
16029135,24,14,23,9139403
16029343,24,13,23,3046507
16030911,24,13,23,3046805
16031423,24,14,23,9140707
16032511,24,12,23,1015703
16033279,24,13,23,3047255
16033903,24,14,23,9142121
16034847,24,11,23,338617
16035071,24,14,23,9142787
16038719,24,13,23,3048289
16040687,24,12,23,1016221
16041343,24,14,23,9146363
16041423,24,13,23,3048803
16041455,24,13,23,3048809
16042111,24,14,23,9146801
16042479,24,14,23,9147011
16043455,24,13,23,3049189
16044447,24,14,23,9148133
16048351,24,14,23,9150359
16049119,24,14,23,9150797
16054479,24,14,23,9153853
16054511,24,14,23,9153871
16055359,24,14,23,9154355
16055423,24,14,23,9154391
16055967,24,10,23,113021
16056047,24,14,23,9154747
16056559,24,14,23,9155039
16057215,24,14,23,9155413
16058271,24,12,23,1017335
16058831,24,14,23,9156335
16059071,24,13,23,3052157
16059839,24,13,23,3052303
16060095,24,14,23,9157055
16060863,24,14,23,9157493
16061183,24,14,23,9157675
16061439,24,13,23,3052607
16061487,24,14,23,9157849
16062207,24,13,23,3052753
16062463,24,14,23,9158405
16062719,24,14,23,9158551
16063599,24,14,23,9159053
16064735,24,14,23,9159701
16068223,24,14,23,9161689
16069503,24,14,23,9162419
16069759,24,14,23,9162565
16070095,24,14,23,9162757
16070783,24,13,23,3054383
16071375,24,14,23,9163487
16072095,24,14,23,9163897
16072575,24,14,23,9164171
16072687,24,13,23,3054745
16073663,24,14,23,9164791
16075263,24,14,23,9165703
16075775,24,14,23,9165995
16075967,24,14,23,9166105
16076543,24,14,23,9166433
16077023,24,12,23,1018523
16077055,24,12,23,1018525
16078303,24,14,23,9167437
16078959,24,13,23,3055937
16080927,24,13,23,3056311
16081727,24,11,23,339607
16083583,24,14,23,9170447
16083839,24,14,23,9170593
16084463,24,13,23,3056983
16084687,24,14,23,9171077
16084719,24,14,23,9171095
16085151,24,14,23,9171341
16088255,24,14,23,9173111
16088367,24,13,23,3057725
16088991,24,14,23,9173531
16090367,24,13,23,3058105
16090879,24,14,23,9174607
16097775,24,13,23,3059513
16098543,24,13,23,3059659
16099567,24,14,23,9179561
16099967,24,14,23,9179789
16100815,24,13,23,3060091
16101791,24,14,23,9180829
16102079,24,13,23,3060331
16102335,24,14,23,9181139
16102959,24,14,23,9181495
16104447,24,13,23,3060781
16106975,24,14,23,9183785
16108399,24,14,23,9184597
16109087,24,13,23,3061663
16109599,24,14,23,9185281
16111087,24,8,23,12601
16111679,24,14,23,9186467
16112367,24,14,23,9186859
16113471,24,14,23,9187489
16114559,24,12,23,1020901
16118207,24,14,23,9190189
16118719,24,14,23,9190481
16118975,24,14,23,9190627
16119487,24,14,23,9190919
16120575,24,14,23,9191539
16125471,24,13,23,3064777
16125727,24,14,23,9194477
16126495,24,14,23,9194915
16126703,24,13,23,3065011
16127871,24,13,23,3065233
16130463,24,14,23,9197177
16130495,24,14,23,9197195
16130751,24,14,23,9197341
16130975,24,10,23,113549
16133311,24,12,23,1022089
16134255,24,14,23,9199339
16134447,24,12,23,1022161
16135167,24,14,23,9199859
16135215,24,13,23,3066629
16135279,24,13,23,3066641
16135935,24,14,23,9200297
16136303,24,14,23,9200507
16136415,24,13,23,3066857
16137183,24,13,23,3067003
16137247,24,13,23,3067015
16137759,24,14,23,9201337
16142975,24,14,23,9204311
16143055,24,13,23,3068119
16143519,24,13,23,3068207
16144031,24,14,23,9204913
16144831,24,14,23,9205369
16145967,24,14,23,9206017
16146335,24,14,23,9206227
16146847,24,14,23,9206519
16147455,24,10,23,113665
16147615,24,14,23,9206957
16147935,24,14,23,9207139
16149247,24,14,23,9207887
16151151,24,14,23,9208973
16151583,24,14,23,9209219
16152095,24,11,23,341093
16152895,24,13,23,3069989
16155263,24,13,23,3070439
16155887,24,14,23,9211673
16156287,24,14,23,9211901
16156799,24,12,23,1023577
16156991,24,14,23,9212303
16158191,24,14,23,9212987
16158623,24,14,23,9213233
16159391,24,14,23,9213671
16160303,24,12,23,1023799
16161727,24,14,23,9215003
16162095,24,14,23,9215213
16163583,24,14,23,9216061
16164719,24,14,23,9216709
16169679,24,12,23,1024393
16169711,24,11,23,341465
16169791,24,14,23,9219601
16170815,24,12,23,1024465
16172015,24,12,23,1024541
16172415,24,13,23,3073699
16172447,24,13,23,3073705
16172783,24,13,23,3073769
16174015,24,13,23,3074003
16174527,24,14,23,9222301
16177087,24,13,23,3074587
16177919,24,12,23,1024915
16178655,24,13,23,3074885
16179311,24,14,23,9225029
16179423,24,13,23,3075031
16180479,24,14,23,9225695
16183839,24,14,23,9227611
16184783,24,14,23,9228149
16185551,24,14,23,9228587
16185583,24,14,23,9228605
16186751,24,14,23,9229271
16188063,24,13,23,3076673
16188095,24,13,23,3076679
16188351,24,14,23,9230183
16188831,24,13,23,3076819
16189087,24,14,23,9230603
16189343,24,14,23,9230749
16189855,24,14,23,9231041
16190767,24,12,23,1025729
16191167,24,13,23,3077263
16191231,24,13,23,3077275
16191487,24,14,23,9231971
16191535,24,13,23,3077333
16192255,24,14,23,9232409
16192559,24,14,23,9232583
16193503,24,13,23,3077707
16193791,24,14,23,9233285
16198783,24,14,23,9236131
16199295,24,14,23,9236423
16200575,24,13,23,3079051
16200831,24,14,23,9237299
16203167,24,14,23,9238631
16203199,24,14,23,9238649
16203455,24,14,23,9238795
16203935,24,14,23,9239069
16204335,24,14,23,9239297
16208095,24,14,23,9241441
16208127,24,14,23,9241459
16213231,24,14,23,9244369
16213711,24,14,23,9244643
16214143,24,14,23,9244889
16214655,24,13,23,3081727
16214911,24,14,23,9245327
16215023,24,13,23,3081797
16215535,24,14,23,9245683
16219327,24,13,23,3082615
16220207,24,14,23,9248347
16220719,24,14,23,9248639
16221151,24,14,23,9248885
16221695,24,13,23,3083065
16221951,24,14,23,9249341
16222831,24,13,23,3083281
16227135,24,12,23,1028033
16227567,24,13,23,3084181
16230047,24,14,23,9253957
16230095,24,14,23,9253985
16231871,24,12,23,1028333
16232095,24,14,23,9255125
16233007,24,12,23,1028405
16233151,24,14,23,9255727
16233407,24,13,23,3085291
16234175,24,12,23,1028479
16234495,24,14,23,9256493
16235519,24,14,23,9257077
16236767,24,14,23,9257789
16237599,24,14,23,9258263
16239471,24,14,23,9259331
16240159,24,14,23,9259723
16240671,24,14,23,9260015
16242383,24,12,23,1028999
16243183,24,13,23,3087149
16243839,24,14,23,9261821
16243951,24,13,23,3087295
16244207,24,14,23,9262031
16244895,24,14,23,9262423
16244975,24,14,23,9262469
16246223,24,13,23,3087727
16247247,24,14,23,9263765
16248479,24,14,23,9264467
16249599,24,14,23,9265105
16250047,24,14,23,9265361
16250815,24,14,23,9265799
16255039,24,14,23,9268207
16256799,24,13,23,3089737
16257663,24,12,23,1029967
16257775,24,14,23,9269767
16258943,24,14,23,9270433
16259199,24,13,23,3090193
16260079,24,14,23,9271081
16260255,24,14,23,9271181
16261535,24,13,23,3090637
16263071,24,13,23,3090929
16263647,24,14,23,9273115
16264447,24,14,23,9273571
16265839,24,11,23,343495
16267071,24,7,23,4241
16268319,24,14,23,9275779
16268831,24,14,23,9276071
16269631,24,14,23,9276527
16270975,24,13,23,3092431
16272367,24,14,23,9278087
16273567,24,14,23,9278771
16274079,24,11,23,343669
16274303,24,14,23,9279191
16274879,24,13,23,3093173
16275903,24,14,23,9280103
16276415,24,12,23,1031155
16277039,24,14,23,9280751
16277183,24,13,23,3093611
16278015,24,13,23,3093769
16278783,24,12,23,1031305
16279007,24,14,23,9281873
16280319,24,13,23,3094207
16281823,24,13,23,3094493
16282655,24,13,23,3094651
16282847,24,14,23,9284063
16285391,24,13,23,3095171
16285823,24,9,23,38213
16286191,24,13,23,3095323
16286447,24,14,23,9286115
16287103,24,14,23,9286489
16287903,24,14,23,9286945
16289951,24,14,23,9288113
16290495,24,12,23,1032047
16290751,24,14,23,9288569
16292399,24,13,23,3096503
16293055,24,14,23,9289883
16293167,24,13,23,3096649
16294655,24,14,23,9290795
16295423,24,14,23,9291233
16295791,24,14,23,9291443
16297583,24,14,23,9292465
16300751,24,14,23,9294271
16301951,24,14,23,9294955
16302207,24,11,23,344263
16302319,24,14,23,9295165
16302831,24,14,23,9295457
16303087,24,14,23,9295603
16303263,24,14,23,9295703
16303519,24,14,23,9295849
16303567,24,14,23,9295877
16303599,24,14,23,9295895
16304543,24,12,23,1032937
16305823,24,14,23,9297163
16306943,24,11,23,344363
16312639,24,14,23,9301049
16314607,24,14,23,9302171
16314863,24,14,23,9302317
16315007,24,14,23,9302399
16315087,24,10,23,114845
16317055,24,13,23,3101189
16317423,24,12,23,1033753
16317823,24,13,23,3101335
16319391,24,13,23,3101633
16320415,24,14,23,9305483
16320991,24,12,23,1033979
16321215,24,14,23,9305939
16321535,24,14,23,9306121
16321839,24,14,23,9306295
16322559,24,13,23,3102235
16323583,24,14,23,9307289
16324575,24,14,23,9307855
16324831,24,13,23,3102667
16327999,24,12,23,1034423
16328767,24,13,23,3103415
16328943,24,14,23,9310345
16329599,24,13,23,3103573
16329855,24,14,23,9310865
16330447,24,14,23,9311203
16330911,24,14,23,9311467
16331935,24,13,23,3104017
16332191,24,14,23,9312197
16332927,24,14,23,9312617
16334271,24,13,23,3104461
16334527,24,14,23,9313529
16335407,24,13,23,3104677
16337007,24,13,23,3104981
16339167,24,14,23,9316175
16339199,24,14,23,9316193
16341103,24,14,23,9317279
16341311,24,13,23,3105799
16342079,24,9,23,38345
16343679,24,13,23,3106249
16344447,24,11,23,345155
16344783,24,13,23,3106459
16345551,24,12,23,1035535
16345839,24,14,23,9319979
16347839,24,14,23,9321119
16350719,24,13,23,3107587
16351743,24,14,23,9323345
16352767,24,14,23,9323929
16353903,24,14,23,9324577
16354927,24,12,23,1036129
16356127,24,12,23,1036205
16356895,24,13,23,3108761
16358127,24,13,23,3108995
16358207,24,14,23,9327031
16358463,24,11,23,345451
16358639,24,14,23,9327277
16360063,24,13,23,3109363
16360863,24,12,23,1036505
16361119,24,14,23,9328691
16361199,24,13,23,3109579
16362143,24,14,23,9329275
16362943,24,14,23,9329731
16364079,24,14,23,9330379
16365311,24,14,23,9331081
16371007,24,13,23,3111443
16372207,24,13,23,3111671
16372463,24,14,23,9335159
16373375,24,13,23,3111893
16373455,24,14,23,9335725
16373967,24,14,23,9336017
16374943,24,11,23,345799
16375279,24,13,23,3112255
16376703,24,14,23,9337577
16378559,24,14,23,9338635
16378815,24,13,23,3112927
16379951,24,13,23,3113143
16380207,24,14,23,9339575
16380383,24,13,23,3113225
16380415,24,13,23,3113231
16380895,24,14,23,9339967
16381439,24,14,23,9340277
16382207,24,14,23,9340715
16383455,24,13,23,3113809
16384319,24,11,23,345997
16386111,24,14,23,9342941
16386687,24,10,23,115349
16387311,24,14,23,9343625
16387567,24,14,23,9343771
16389791,24,13,23,3115013
16390271,24,14,23,9345313
16390591,24,13,23,3115165
16391583,24,14,23,9346061
16391615,24,14,23,9346079
16392127,24,13,23,3115457
16392239,24,14,23,9346435
16392751,24,14,23,9346727
16393695,24,11,23,346195
16395455,24,14,23,9348269
16395519,24,14,23,9348305
16396591,24,14,23,9348917
16397343,24,14,23,9349345
16397359,24,14,23,9349355
16398367,24,12,23,1038881
16398559,24,14,23,9350039
16399135,24,13,23,3116789
16402127,24,14,23,9352073
16402303,24,13,23,3117391
16403439,24,13,23,3117607
16404639,24,13,23,3117835
16406063,24,14,23,9354317
16406575,24,10,23,115489
16408319,24,14,23,9355603
16409567,24,14,23,9356315
16409855,24,14,23,9356479
16410879,24,13,23,3119021
16411247,24,12,23,1039697
16411679,24,13,23,3119173
16415551,24,13,23,3119909
16415983,24,12,23,1039997
16416063,24,14,23,9360019
16417263,24,14,23,9360703
16417519,24,13,23,3120283
16418287,24,12,23,1040143
16418687,24,13,23,3120505
16418943,24,14,23,9361661
16420255,24,13,23,3120803
16420287,24,13,23,3120809
16420399,24,14,23,9362491
16421567,24,14,23,9363157
16422447,24,14,23,9363659
16423423,24,13,23,3121405
16423679,24,14,23,9364361
16424447,24,14,23,9364799
16425439,24,14,23,9365365
16428063,24,13,23,3122287
16428351,24,14,23,9367025
16429087,24,14,23,9367445
16431823,24,14,23,9369005
16432959,24,14,23,9369653
16433023,24,14,23,9369689
16433567,24,10,23,115679
16434159,24,14,23,9370337
16434735,24,12,23,1041185
16434927,24,14,23,9370775
16435903,24,12,23,1041259
16437727,24,14,23,9372371
16437807,24,13,23,3124139
16438463,24,14,23,9372791
16439151,24,14,23,9373183
16440063,24,14,23,9373703
16440799,24,14,23,9374123
16444191,24,14,23,9376057
16447135,24,14,23,9377735
16447183,24,13,23,3125921
16448959,24,14,23,9378775
16449215,24,13,23,3126307
16450207,24,14,23,9379487
16451183,24,7,23,4289
16451583,24,13,23,3126757
16452063,24,14,23,9380545
16452095,24,14,23,9380563
16452607,24,14,23,9380855
16452911,24,14,23,9381029
16453119,24,13,23,3127049
16453679,24,14,23,9381467
16453743,24,14,23,9381503
16454687,24,11,23,347483
16455903,24,14,23,9382735
16456479,24,14,23,9383063
16458559,24,13,23,3128083
16458991,24,13,23,3128165
16459071,24,14,23,9384541
16459903,24,14,23,9385015
16460015,24,14,23,9385079
16460527,24,12,23,1042819
16460671,24,14,23,9385453
16461295,24,13,23,3128603
16462495,24,13,23,3128831
16463007,24,14,23,9386785
16463263,24,13,23,3128977
16472383,24,14,23,9392131
16473407,24,12,23,1043635
16474607,24,12,23,1043711
16474751,24,14,23,9393481
16474863,24,14,23,9393545
16474943,24,13,23,3131197
16475807,24,11,23,347929
16476623,24,14,23,9394549
16477167,24,14,23,9394859
16479935,24,14,23,9396437
16480815,24,13,23,3132313
16481791,24,14,23,9397495
16482783,24,12,23,1044229
16483071,24,14,23,9398225
16486431,24,14,23,9400141
16487199,24,14,23,9400579
16489279,24,14,23,9401765
16489343,24,14,23,9401801
16490623,24,13,23,3134177
16491935,24,14,23,9403279
16492991,24,13,23,3134627
16494015,24,14,23,9404465
16494127,24,13,23,3134843
16495151,24,14,23,9405113
16495359,24,13,23,3135077
16495615,24,14,23,9405377
16495807,24,14,23,9405487
16496095,24,13,23,3135217
16496319,24,14,23,9405779
16496383,24,14,23,9405815
16496751,24,14,23,9406025
16496895,24,12,23,1045123
16498719,24,14,23,9407147
16501535,24,12,23,1045417
16502399,24,13,23,3136415
16502479,24,14,23,9409291
16503503,24,13,23,3136625
16503679,24,14,23,9409975
16504527,24,14,23,9410459
16505327,24,14,23,9410915
16506271,24,12,23,1045717
16509951,24,14,23,9413551
16510463,24,14,23,9413843
16511279,24,13,23,3138103
16512111,24,12,23,1046087
16512511,24,13,23,3138337
16512879,24,13,23,3138407
16518383,24,13,23,3139453
16518639,24,14,23,9418505
16519375,24,14,23,9418925
16519807,24,14,23,9419171
16520351,24,12,23,1046609
16520575,24,14,23,9419609
16520607,24,14,23,9419627
16522431,24,14,23,9420667
16524799,24,14,23,9422017
16525215,24,14,23,9422255
16525423,24,13,23,3140791
16526191,24,9,23,38777
16529439,24,14,23,9424663
16529727,24,12,23,1047203
16531951,24,14,23,9426095
16532863,24,13,23,3142205
16532943,24,14,23,9426661
16533375,24,14,23,9426907
16537135,24,13,23,3143017
16537535,24,13,23,3143093
16538559,24,14,23,9429863
16538623,24,14,23,9429899
16538879,24,14,23,9430045
16539327,24,14,23,9430301
16539391,24,14,23,9430337
16539871,24,13,23,3143537
16540639,24,13,23,3143683
16540927,24,14,23,9431213
16542319,24,14,23,9432007
16542575,24,11,23,349339
16542751,24,14,23,9432253
16543967,24,14,23,9432947
16545311,24,13,23,3144571
16546879,24,13,23,3144869
16547055,24,14,23,9434707
16547535,24,14,23,9434981
16549279,24,13,23,3145325
16551471,24,14,23,9437225
16552639,24,14,23,9437891
16553007,24,14,23,9438101
16553983,24,13,23,3146219
16554239,24,14,23,9438803
16554495,24,14,23,9438949
16554543,24,14,23,9438977
16554751,24,13,23,3146365
16554975,24,14,23,9439223
16555119,24,13,23,3146435
16559423,24,13,23,3147253
16560767,24,14,23,9442525
16561791,24,13,23,3147703
16562559,24,10,23,116587
16562671,24,14,23,9443611
16562815,24,14,23,9443693
16562927,24,13,23,3147919
16563359,24,13,23,3148001
16563615,24,14,23,9444149
16563871,24,14,23,9444295
16564895,24,12,23,1049431
16565807,24,14,23,9445399
16566687,24,14,23,9445901
16567295,24,11,23,349861
16568431,24,11,23,349885
16568799,24,13,23,3149035
16570223,24,14,23,9447917
16572735,24,13,23,3149783
16574703,24,13,23,3150157
16575359,24,14,23,9450845
16575615,24,14,23,9450991
16575727,24,14,23,9451055
16576239,24,13,23,3150449
16577695,24,14,23,9452177
16577951,24,14,23,9452323
16579199,24,14,23,9453035
16579567,24,14,23,9453245
16580543,24,13,23,3151267
16583135,24,14,23,9455279
16583935,24,14,23,9455735
16587071,24,14,23,9457523
16587551,24,13,23,3152599
16589631,24,14,23,9458983
16590143,24,14,23,9459275
16590719,24,12,23,1051067
16590911,24,14,23,9459713
16590975,24,14,23,9459749
16591055,24,13,23,3153265
16593855,24,13,23,3153797
16597759,24,12,23,1051513
16598527,24,13,23,3154685
16599295,24,13,23,3154831
16599663,24,13,23,3154901
16600095,24,12,23,1051661
16600175,24,14,23,9464995
16603167,24,13,23,3155567
16604399,24,13,23,3155801
16605679,24,14,23,9468133
16607167,24,8,23,12989
16607695,24,14,23,9469283
16608671,24,13,23,3156613
16609727,24,14,23,9470441
16610607,24,12,23,1052327
16611007,24,13,23,3157057
16611071,24,13,23,3157069
16611327,24,14,23,9471353
16611887,24,14,23,9471673
16612463,24,14,23,9472001
16617071,24,14,23,9474629
16618271,24,14,23,9475313
16619039,24,14,23,9475751
16620015,24,12,23,1052923
16620415,24,13,23,3158845
16621215,24,12,23,1052999
16621983,24,13,23,3159143
16622575,24,14,23,9477767
16623007,24,14,23,9478013
16623151,24,13,23,3159365
16625663,24,14,23,9479527
16625919,24,9,23,39011
16627167,24,14,23,9480385
16631871,24,14,23,9483067
16632959,24,12,23,1053743
16633071,24,14,23,9483751
16633151,24,14,23,9483797
16633327,24,13,23,3161299
16634063,24,11,23,351271
16634751,24,14,23,9484709
16635263,24,12,23,1053889
16635519,24,14,23,9485147
16636543,24,14,23,9485731
16637631,24,12,23,1054039
16637855,24,14,23,9486479
16638399,24,13,23,3162263
16641327,24,14,23,9488459
16641535,24,13,23,3162859
16642303,24,11,23,351445
16642527,24,14,23,9489143
16642559,24,14,23,9489161
16642671,24,13,23,3163075
16643103,24,13,23,3163157
16643183,24,14,23,9489517
16649375,24,12,23,1054783
16650911,24,13,23,3164641
16651423,24,14,23,9494215
16651935,24,14,23,9494507
16653503,24,14,23,9495401
16654271,24,14,23,9495839
16655103,24,14,23,9496313
16655327,24,14,23,9496441
16655359,24,14,23,9496459
16655871,24,14,23,9496751
16656495,24,14,23,9497107
16657151,24,13,23,3165827
16657519,24,12,23,1055299
16658751,24,12,23,1055377
16659055,24,13,23,3166189
16660511,24,14,23,9499397
16660799,24,14,23,9499561
16661279,24,14,23,9499835
16664015,24,14,23,9501395
16664047,24,14,23,9501413
16665807,24,14,23,9502417
16666527,24,13,23,3167609
16667295,24,13,23,3167755
16669183,24,14,23,9504341
16669951,24,14,23,9504779
16670175,24,14,23,9504907
16673023,24,14,23,9506531
16673391,24,14,23,9506741
16675359,24,14,23,9507863
16676927,24,14,23,9508757
16677103,24,13,23,3169619
16677695,24,14,23,9509195
16678127,24,14,23,9509441
16679071,24,13,23,3169993
16679919,24,14,23,9510463
16680431,24,14,23,9510755
16680863,24,14,23,9511001
16681407,24,13,23,3170437
16681663,24,14,23,9511457
16682399,24,14,23,9511877
16682431,24,14,23,9511895
16683311,24,10,23,117437
16683775,24,13,23,3170887
16686047,24,13,23,3171319
16688159,24,14,23,9515161
16691839,24,14,23,9517259
16692351,24,13,23,3172517
16692863,24,14,23,9517843
16694655,24,13,23,3172955
16694719,24,13,23,3172967
16695423,24,13,23,3173101
16695855,24,13,23,3173183
16696223,24,12,23,1057751
16696879,24,14,23,9520133
16697823,24,13,23,3173557
16698047,24,14,23,9520799
16698671,24,14,23,9521155
16699615,24,14,23,9521693
16699903,24,14,23,9521857
16699951,24,14,23,9521885
16700159,24,13,23,3174001
16705231,24,13,23,3174965
16705663,24,11,23,352783
16706543,24,14,23,9525643
16707743,24,14,23,9526327
16709055,24,14,23,9527075
16709167,24,10,23,117619
16709327,24,14,23,9527231
16710335,24,12,23,1058645
16710959,24,14,23,9528161
16711615,24,14,23,9528535
16711727,24,14,23,9528599
16712671,24,11,23,352931
16712703,24,12,23,1058795
16713471,24,13,23,3176531
16713839,24,12,23,1058867
16715263,24,14,23,9530615
16720511,24,13,23,3177869
16721647,24,13,23,3178085
16721791,24,14,23,9534337
16722079,24,12,23,1059389
16722127,24,14,23,9534529
16722671,24,14,23,9534839
16723151,24,12,23,1059457
16723439,24,14,23,9535277
16724415,24,11,23,353179
16724639,24,14,23,9535961
16726783,24,10,23,117743
16728287,24,13,23,3179347
16730367,24,14,23,9539227
16730991,24,13,23,3179861
16731167,24,14,23,9539683
16735551,24,14,23,9542183
16736751,24,14,23,9542867
16737407,24,14,23,9543241
16737663,24,13,23,3181129
16737727,24,13,23,3181141
16739263,24,13,23,3181433
16739743,24,14,23,9544573
16740287,24,14,23,9544883
16740399,24,13,23,3181649
16741375,24,14,23,9545503
16741679,24,14,23,9545677
16742399,24,13,23,3182029
16743535,24,13,23,3182245
16744927,24,14,23,9547529
16747327,24,14,23,9548897
16749695,24,14,23,9550247
16750751,24,14,23,9550849
16751679,24,13,23,3183793
16751775,24,13,23,3183811
16752287,24,14,23,9551725
16752543,24,11,23,353773
16752767,24,14,23,9551999
16753343,24,13,23,3184109
16755135,24,14,23,9553349
16755711,24,13,23,3184559
16756271,24,14,23,9553997
16756847,24,13,23,3184775
16757247,24,12,23,1061617
16759039,24,14,23,9555575
16760351,24,13,23,3185441
16761151,24,13,23,3185593
16763679,24,14,23,9558221
16764031,24,14,23,9558421
16764655,24,13,23,3186259
16768159,24,13,23,3186925
16768415,24,14,23,9560921
16768703,24,14,23,9561085
16770527,24,13,23,3187375
16770559,24,13,23,3187381
16771183,24,14,23,9562499
16773743,24,14,23,9563959
16774255,24,14,23,9564251
16775023,24,14,23,9564689
16775999,24,12,23,1062805
