r,n,s,S,c
11,7,3,6,5
43,6,3,5,37
59,9,4,8,19
75,12,3,11,1
123,10,5,9,59
187,8,4,7,119
203,8,3,7,43
219,9,5,8,209
315,11,4,10,25
331,9,3,8,35
347,14,6,13,31
379,9,5,8,361
411,19,9,18,31
475,11,5,10,113
507,12,6,11,181
539,14,8,13,433
587,10,3,9,31
603,17,10,16,545
635,11,5,10,151
763,23,12,22,97
827,10,4,9,131
859,20,10,19,97
923,12,6,11,329
987,10,5,9,469
1019,13,7,12,545
1099,11,3,10,29
1115,24,14,23,637
1179,20,10,19,133
1275,16,9,15,767
1339,12,4,11,53
1371,11,6,10,977
1435,13,7,12,767
1499,13,5,12,89
1531,11,6,10,1091
1563,14,8,13,1253
1627,19,10,18,367
1659,12,5,11,197
1691,22,11,21,143
1787,13,7,12,955
1883,20,11,19,637
1947,11,6,10,1387
2043,20,11,19,691
2075,14,8,13,1663
2123,14,3,13,7
2139,21,12,20,1085
2203,13,7,12,1177
2299,17,9,16,691
2331,16,8,15,467
2395,12,6,11,853
2459,19,11,18,1663
2555,13,6,12,455
2587,14,7,13,691
2651,19,11,18,1793
2811,19,11,18,1901
2907,13,7,12,1553
2971,13,6,12,529
3067,15,8,14,1229
3163,16,9,15,1901
3387,13,4,12,67
3483,14,8,13,2791
3547,12,5,11,421
3611,17,9,16,1085
3675,13,7,12,1963
3707,15,5,14,55
3835,14,8,13,3073
4091,15,8,14,1639
4187,18,9,17,629
4251,15,8,14,1703
4379,17,10,16,3947
4443,13,6,12,791
4507,14,8,13,3611
4635,18,10,17,2089
4699,23,13,22,1787
4859,14,8,13,3893
4955,15,8,14,1985
5115,15,7,14,683
5211,22,12,21,1321
5275,15,8,14,2113
5371,14,8,13,4303
5403,22,13,21,4109
5531,14,7,13,1477
5595,15,5,14,83
5723,14,8,13,4585
5787,16,8,15,1159
5883,14,7,13,1571
5979,15,8,14,2395
6139,20,11,19,2075
6219,13,3,12,41
6235,21,12,20,3161
6299,15,7,14,841
6555,19,10,18,1477
6651,18,6,17,37
6683,13,7,12,3569
6747,14,8,13,5405
6907,17,9,16,2075
7003,15,7,14,935
7067,14,6,13,629
7163,20,9,19,269
7259,14,8,13,5815
7419,19,11,18,5015
7451,17,10,16,6715
7483,15,4,14,37
7707,21,12,20,3907
7771,14,7,13,2075
7803,13,5,12,463
7835,17,10,16,7061
7931,19,10,18,1787
8187,16,9,15,4919
8283,21,12,20,4199
8347,16,9,15,5015
8539,17,6,16,95
8603,19,11,18,5815
8731,15,8,14,3497
8795,18,9,17,1321
8955,19,11,18,6053
9051,17,9,16,2719
9243,24,13,23,1757
9371,17,9,16,2815
9499,24,14,23,5417
9755,15,8,14,3907
9819,17,10,16,8849
9883,22,11,21,835
10075,16,9,15,6053
10267,19,8,18,257
10315,15,3,14,17
10491,24,14,23,5983
10523,14,8,13,8429
10779,15,7,14,1439
10843,22,13,21,8245
10907,17,10,16,9829
11003,24,14,23,6275
11035,20,10,19,1243
11259,14,8,13,9019
11355,23,12,22,1439
11675,17,8,16,1169
11803,21,12,20,5983
11899,14,5,13,353
12027,15,8,14,4817
12059,20,11,19,4075
12123,23,13,22,4609
12283,14,8,13,9839
12315,24,13,23,2341
12379,21,12,20,6275
12443,14,8,13,9967
12571,23,9,22,59
12699,16,8,15,2543
12827,17,9,16,3853
12891,23,13,22,4901
13051,15,8,14,5227
13147,14,8,13,10531
13307,14,7,13,3553
13339,19,10,18,3005
13467,14,8,13,10787
13563,18,8,17,679
13595,21,11,20,2297
13723,18,7,17,229
13787,14,5,13,409
13851,16,9,15,8321
13915,15,8,14,5573
13979,14,8,13,11197
14075,15,7,14,1879
14171,14,8,13,11351
14331,20,11,19,4843
14363,17,10,16,12943
14491,14,7,13,3869
14587,22,12,21,3697
14747,17,10,16,13289
14843,14,6,13,1321
14939,15,8,14,5983
15195,14,7,13,4057
15259,15,6,14,679
15355,20,11,19,5189
15451,17,8,16,1547
15515,17,10,16,13981
15643,21,10,20,881
15675,14,4,13,155
15771,19,10,18,3553
15963,15,7,14,2131
16027,18,9,17,2407
16123,17,9,16,4843
16411,19,10,18,3697
16635,18,10,17,7495
16795,19,11,18,11351
16987,24,13,23,3229
17147,16,9,15,10301
17243,24,14,23,9833
17499,22,12,21,4435
17659,17,10,16,15913
18011,18,9,17,2705
18267,22,13,21,13889
18523,17,10,16,16691
18715,15,8,14,7495
19035,16,9,15,11435
19099,18,10,17,8605
19451,16,8,15,3895
19547,18,10,17,8807
19707,18,10,17,8879
19739,21,11,20,3335
19995,21,12,20,10135
20091,16,5,15,149
20475,18,8,17,1025
20507,16,9,15,12319
20571,21,12,20,10427
20635,18,8,17,1033
20763,23,11,22,877
21019,22,12,21,5327
21275,20,11,19,7189
21339,16,8,15,4273
21499,16,7,15,1435
21595,17,10,16,19459
21659,16,8,15,4337
21979,16,5,15,163
22171,15,8,14,8879
22363,17,8,16,2239
22555,19,10,18,5081
22619,22,13,21,17197
22683,17,7,16,757
22811,16,9,15,13703
22939,18,9,17,3445
23035,15,6,14,1025
23387,16,7,15,1561
23547,20,11,19,7957
23579,19,11,18,15935
23707,18,10,17,10681
23803,16,9,15,14299
23835,17,9,16,7159
23867,16,4,15,59
23963,17,10,16,21593
24315,22,13,21,18487
24347,24,14,23,13883
24571,17,10,16,22141
24603,24,14,23,14029
24667,23,13,22,9377
24731,17,10,16,22285
24923,15,6,14,1109
25115,16,8,15,5029
25371,17,10,16,22861
25691,16,9,15,15433
25851,18,10,17,11647
26139,17,8,16,2617
26267,16,9,15,15779
26459,18,10,17,11921
26619,18,10,17,11993
26651,15,8,14,10673
26699,17,3,16,11
26715,22,13,21,20311
26875,22,12,21,6811
27035,21,12,20,13703
27163,16,7,15,1813
27291,17,9,16,8197
27675,17,10,16,24937
27739,17,10,16,24995
28059,15,8,14,11237
28187,19,11,18,19049
28411,16,8,15,5689
28507,17,10,16,25687
28955,23,11,22,1223
29083,15,8,14,11647
29211,22,12,21,7403
29275,24,14,23,16693
29339,23,13,22,11153
29435,17,8,16,2947
29467,16,9,15,17701
29787,24,14,23,16985
29947,15,8,14,11993
30107,15,7,14,4019
30235,19,10,18,6811
30299,16,8,15,6067
30459,16,7,15,2033
30715,16,9,15,18451
30747,17,9,16,9235
30971,17,10,16,27907
31131,21,12,20,15779
31323,23,8,22,49
31387,22,13,21,23863
31643,22,6,21,11
31771,16,9,15,19085
31835,15,8,14,12749
31899,17,9,16,9581
32155,18,9,17,4829
32283,17,10,16,29089
32347,16,7,15,2159
32507,22,13,21,24715
32603,16,9,15,19585
32763,18,10,17,14761
32859,20,10,19,3701
32923,18,10,17,14833
33179,16,9,15,19931
33531,18,10,17,15107
33563,22,13,21,25517
33627,24,14,23,19175
33819,21,12,20,17141
34043,17,9,16,10225
34395,24,14,23,19613
34651,17,10,16,31223
34907,20,11,19,11795
35067,16,9,15,21065
35099,18,8,17,1757
35419,17,10,16,31915
35483,22,13,21,26977
35579,17,10,16,32059
35867,21,12,20,18179
35931,20,9,19,1349
35995,23,12,22,4561
36379,16,9,15,21853
36635,18,10,17,16505
36891,17,10,16,33241
36955,16,9,15,22199
37403,19,11,18,25277
37467,22,10,21,1055
37659,22,13,21,28631
37979,20,11,19,12833
38171,18,10,17,17197
38427,17,10,16,34625
38555,19,8,18,965
39163,24,14,23,22331
39195,17,10,16,35317
39323,21,12,20,19931
39419,16,6,15,877
39675,16,9,15,23833
39931,16,9,15,23987
39963,21,12,20,20255
40187,17,10,16,36211
40347,22,12,21,10225
40475,24,13,23,7693
40699,22,13,21,30943
40955,17,9,16,12301
41115,17,9,16,12349
41243,18,10,17,18581
41307,16,6,15,919
41563,16,9,15,24967
41627,19,10,18,9377
41723,17,10,16,37595
41755,22,13,21,31745
41819,16,9,15,25121
42075,20,10,19,4739
42139,16,9,15,25313
42587,23,13,22,16189
42651,17,10,16,38431
42843,19,9,18,3217
43003,23,12,22,5449
43035,16,8,15,8617
43099,24,14,23,24575
43419,23,13,22,16505
43611,24,10,23,307
43675,22,13,21,33205
43803,23,13,22,16651
44059,21,12,20,22331
44123,20,11,19,14909
44443,16,8,15,8899
44571,23,13,22,16943
44699,19,10,18,10069
44891,19,11,18,30337
45083,18,10,17,20311
45339,16,9,15,27235
45467,20,8,19,569
45595,16,9,15,27389
45851,18,10,17,20657
46107,21,12,20,23369
46331,16,8,15,9277
46491,16,7,15,3103
46619,18,9,17,7001
46875,22,12,21,11879
47099,17,10,16,42439
47355,20,11,19,16001
47387,18,10,17,21349
47899,21,12,20,24277
48155,18,10,17,21695
48219,16,8,15,9655
48283,24,12,23,3059
48379,20,10,19,5449
48539,22,12,21,12301
48795,16,9,15,29311
48891,16,9,15,29369
48987,19,10,18,11035
49147,22,12,21,12455
49179,22,12,21,12463
49307,21,12,20,24991
49403,20,11,19,16693
49563,17,10,16,44659
49915,21,9,20,937
49947,21,12,20,25315
50267,17,10,16,45293
50779,16,9,15,30503
50843,19,10,18,11453
51035,19,11,18,34489
51451,20,10,19,5795
51611,20,10,19,5813
51803,17,9,16,15559
51867,19,11,18,35051
51963,21,11,20,8779
51995,21,12,20,26353
52219,19,8,18,1307
52315,20,11,19,17677
52475,20,11,19,17731
52507,17,10,16,47311
52763,18,10,17,23771
52859,19,5,18,49
53019,24,12,23,3359
53083,22,13,21,40357
53243,16,8,15,10661
53275,17,9,16,16001
53339,17,10,16,48061
53403,16,8,15,10693
54043,17,10,16,48695
54107,17,8,16,5417
54267,17,7,16,1811
54299,24,14,23,30961
54427,17,8,16,5449
54555,24,13,23,10369
54747,17,5,16,203
54811,22,13,21,41671
55131,16,8,15,11039
55291,19,10,18,12455
55323,24,12,23,3505
55451,16,7,15,3701
55579,17,9,16,16693
55707,16,9,15,33463
55963,17,10,16,50425
56059,21,10,20,3157
56155,18,7,17,937
56315,17,10,16,50743
56347,17,10,16,50771
56475,19,11,18,38165
56571,17,9,16,16991
56603,16,9,15,34001
56635,18,4,17,35
57179,17,10,16,51521
57339,22,12,21,14531
57435,24,14,23,32749
57499,21,12,20,29143
57755,20,10,19,6505
57883,17,8,16,5795
57947,17,10,16,52213
58107,21,11,20,9817
58139,21,12,20,29467
58203,19,10,18,13111
58395,22,13,21,44395
58459,18,9,17,8779
58523,19,10,18,13183
58619,20,11,19,19807
58907,16,8,15,11795
59035,17,9,16,17731
59227,19,11,18,40025
59387,19,11,18,40133
59467,16,3,15,49
59483,24,14,23,33917
59643,17,10,16,53741
59931,21,7,20,125
60059,16,9,15,36077
60571,17,10,16,54577
60955,17,10,16,54923
61179,17,8,16,6125
61275,22,13,21,46585
61531,18,10,17,27721
61691,22,13,21,46901
61723,17,10,16,55615
61979,18,10,17,27923
62107,22,12,21,15739
62203,16,8,15,12455
62235,19,9,18,4673
62491,22,13,21,47509
62555,23,13,22,23779
63003,22,13,21,47899
63067,18,8,17,3157
63227,18,7,17,1055
63259,19,11,18,42749
63483,17,9,16,19067
63515,16,9,15,38153
64091,16,8,15,12833
64155,23,12,22,8129
64251,17,10,16,57893
64283,19,11,18,43441
64411,16,6,15,1433
64507,19,10,18,14531
64539,20,9,19,2423
64667,16,9,15,38845
64923,16,9,15,38999
65115,17,7,16,2173
65179,17,10,16,58729
65275,23,10,22,919
65371,18,9,17,9817
65531,19,11,18,44285
65691,19,11,18,44393
65787,22,13,21,50015
65819,22,13,21,50039
65947,17,9,16,19807
66139,18,10,17,29797
66299,21,11,20,11201
66331,19,11,18,44825
66395,17,10,16,59825
66587,20,11,19,22499
66715,17,10,16,60113
67163,17,10,16,60517
67835,18,9,17,10187
68635,20,11,19,23191
68859,24,14,23,39263
68891,19,11,18,46555
69147,22,9,21,649
69403,19,11,18,46901
69467,22,13,21,52813
69723,17,9,16,20941
69883,22,13,21,53129
69915,19,10,18,15749
70171,17,10,16,63227
70427,19,11,18,47593
70939,19,11,18,47939
71195,24,14,23,40595
71771,24,12,23,4547
71931,23,13,22,27343
71963,24,14,23,41033
72091,17,10,16,64957
72187,17,6,16,803
72347,23,12,22,9167
72443,18,9,17,10879
72699,17,9,16,21835
72731,20,11,19,24575
72987,19,10,18,16441
73243,22,11,21,6187
73371,18,10,17,33055
73467,17,10,16,66197
73563,22,13,21,55927
73819,22,12,21,18707
74011,19,11,18,50015
74075,20,6,19,103
74331,17,9,16,22325
74395,22,12,21,18853
74587,18,9,17,11201
74843,24,13,23,14225
74907,18,9,17,11249
75355,18,10,17,33949
75803,17,8,16,7589
76187,24,14,23,43441
76443,18,10,17,34439
76571,17,10,16,68993
77211,18,8,17,3865
77339,22,11,21,6533
77467,21,12,20,39263
77851,20,11,19,26305
77915,22,12,21,19745
78107,17,9,16,23459
78363,21,9,20,1471
78619,19,11,18,53129
78875,17,10,16,71069
79099,17,8,16,7919
79259,17,7,16,2645
79899,20,10,19,8999
80155,19,11,18,54167
80283,18,10,17,36169
80891,23,13,22,30749
80923,20,11,19,27343
80987,19,8,18,2027
81051,18,10,17,36515
81179,17,10,16,73145
81307,17,10,16,73261
81563,17,9,16,24497
81659,18,9,17,12263
81755,22,13,21,62155
81947,17,10,16,73837
82075,23,13,22,31199
82171,17,10,16,74039
83035,21,12,20,42085
83195,18,10,17,37481
83227,22,12,21,21091
83547,17,9,16,25093
83611,21,12,20,42377
84059,19,10,18,18935
84219,24,13,23,16007
84635,17,10,16,76259
84763,22,13,21,64441
85083,17,10,16,76663
85147,22,13,21,64733
85243,17,10,16,76807
85531,22,11,21,7225
86011,17,8,16,8611
86107,22,12,21,21821
86171,17,8,16,8627
86555,21,11,20,14623
86811,23,13,22,32999
87131,19,10,18,19627
87323,22,12,21,22129
87899,22,8,21,275
88091,17,10,16,79373
88219,24,7,23,23
88475,17,9,16,26573
89083,23,13,22,33863
89243,17,10,16,80411
89371,18,9,17,13421
89499,18,10,17,40321
89947,24,14,23,51287
90107,18,10,17,40595
90267,18,10,17,40667
90395,21,12,20,45815
90715,24,14,23,51725
90779,24,14,23,51761
90907,18,10,17,40955
91387,17,10,16,82343
91419,22,12,21,23167
91675,18,8,17,4589
91739,22,13,21,69745
91995,17,10,16,82891
92155,17,10,16,83035
92235,18,3,17,19
92411,21,12,20,46837
92571,22,12,21,23459
92827,20,9,19,3485
92955,22,13,21,70669
93211,18,10,17,41993
93275,19,10,18,21011
93339,22,13,21,70961
93467,23,12,22,11843
93851,23,13,22,35675
94235,23,13,22,35821
94299,19,11,18,63725
94747,21,11,20,16007
94875,20,11,19,32057
94971,19,8,18,2377
95771,17,10,16,86293
96027,24,13,23,18251
96283,18,9,17,14459
96507,19,10,18,21739
96539,21,12,20,48929
96667,22,12,21,24497
96859,17,8,16,9697
96923,20,11,19,32749
97019,22,13,21,73759
97051,24,14,23,55337
97179,17,6,16,1081
97275,23,13,22,36977
97435,21,9,20,1829
97563,24,12,23,6181
97691,17,9,16,29341
97819,18,10,17,44069
98299,17,10,16,88571
98331,24,13,23,18689
98395,17,10,16,88657
98459,17,10,16,88715
98555,19,11,18,66601
98907,19,11,18,66839
99067,17,10,16,89263
99163,22,13,21,75389
99579,19,9,18,7477
99931,22,13,21,75973
99995,22,13,21,76021
100187,22,10,21,2821
100635,17,8,16,10075
100955,19,10,18,22741
101019,20,11,19,34133
101115,19,10,18,22777
101467,17,9,16,30475
101531,21,11,20,17153
101627,19,11,18,68677
102171,17,10,16,92059
102427,18,10,17,46145
102683,21,12,20,52043
103003,17,10,16,92809
103515,22,13,21,78697
103707,17,10,16,93443
103963,18,10,17,46837
104091,17,8,16,10421
104475,22,13,21,79427
104731,18,10,17,47183
104859,22,12,21,26573
105627,21,11,20,17845
105723,19,10,18,23815
105883,21,12,20,53665
106139,20,11,19,35863
106491,21,9,20,1999
106523,21,12,20,53989
106651,22,9,21,1001
106747,23,13,22,40577
106779,17,10,16,96211
107163,17,10,16,96557
107259,19,10,18,24161
107611,17,10,16,96961
107771,19,11,18,72829
108123,19,11,18,73067
108187,20,10,19,12185
108379,17,9,16,32551
108539,21,11,20,18337
109147,17,10,16,98345
109211,20,11,19,36901
109595,22,12,21,27773
110235,17,10,16,99325
110619,17,10,16,99671
111003,17,8,16,11113
111195,21,12,20,56357
111387,17,10,16,100363
111643,24,12,23,7073
111899,24,14,23,63803
112155,17,9,16,33685
112635,21,10,20,6343
112667,22,13,21,85655
112891,22,13,21,85825
112923,17,10,16,101747
113051,19,11,18,76397
113659,24,14,23,64807
113691,17,10,16,102439
113819,21,11,20,19229
113915,17,10,16,102641
114075,21,12,20,57817
114203,24,14,23,65117
114523,17,10,16,103189
114683,21,11,20,19375
114715,21,12,20,58141
114843,22,11,21,9701
114939,23,13,22,43691
114971,23,13,22,43703
115099,19,10,18,25927
115291,21,12,20,58433
115355,23,13,22,43849
115451,17,9,16,34675
115803,18,10,17,52171
115963,19,11,18,78365
116379,17,10,16,104861
116987,17,10,16,105409
117147,17,10,16,105553
117339,18,9,17,17621
117755,17,8,16,11789
117851,24,13,23,22399
118043,20,10,19,13295
118299,17,10,16,106591
118395,17,5,16,439
118555,21,11,20,20029
118811,19,9,18,8921
118875,18,10,17,53555
119387,21,12,20,60509
119579,22,10,21,3367
119643,18,8,17,5989
119803,18,7,17,1999
119835,19,11,18,80981
119899,22,13,21,91153
119963,18,8,17,6005
120091,20,11,19,40577
120283,18,5,17,223
120827,17,10,16,108869
120859,21,12,20,61255
120923,22,13,21,91931
121115,20,9,19,4547
121499,18,10,17,54737
121595,17,10,16,109561
121691,17,7,16,4061
121851,22,10,21,3431
121883,19,10,18,27455
122107,18,9,17,18337
122171,17,4,16,151
122267,19,11,18,82625
122395,23,13,22,46525
122715,18,10,17,55285
122875,21,11,20,20759
122907,19,11,18,83057
123035,22,11,21,10393
123131,23,13,22,46805
123163,20,11,19,41615
123291,17,10,16,111089
123419,19,8,18,3089
123483,18,10,17,55631
123547,23,13,22,46963
123675,22,11,21,10447
123739,17,10,16,111493
123995,17,9,16,37241
124059,17,10,16,111781
124571,18,9,17,18707
125019,22,13,21,95045
125179,18,10,17,56395
125467,17,7,16,4187
125531,21,12,20,63623
125979,19,11,18,85133
126107,18,10,17,56813
126491,19,10,18,28493
126715,18,8,17,6343
127003,19,11,18,85825
127067,17,10,16,114491
127259,20,10,19,14333
127515,17,10,16,114895
127771,17,9,16,38375
128603,17,8,16,12875
128763,17,7,16,4297
129019,18,9,17,19375
129275,22,13,21,98281
129307,20,11,19,43691
129787,18,10,17,58471
130043,17,10,16,117173
130075,17,9,16,39067
130587,19,11,18,88247
130651,20,7,19,545
130715,18,10,17,58889
130811,17,10,16,117865
130907,17,9,16,39317
131163,24,13,23,24929
131483,18,9,17,19745
131739,21,12,20,66769
131931,18,10,17,59437
132187,24,14,23,75371
132251,18,10,17,59581
132699,18,10,17,59783
133723,21,12,20,67775
133787,24,14,23,76283
134395,22,13,21,102173
134811,22,12,21,34163
135195,19,11,18,91361
135259,21,9,20,2539
135707,19,10,18,30569
136731,19,11,18,92399
137307,21,11,20,23197
137499,20,11,19,46459
137627,18,10,17,62003
137723,19,6,18,383
137883,21,12,20,69883
138235,18,9,17,20759
138651,22,13,21,105409
139003,18,10,17,62623
139355,21,11,20,23543
139515,24,14,23,79549
139867,20,9,19,5251
139931,21,12,20,70921
140027,22,12,21,35485
140539,24,13,23,26711
141339,18,8,17,7075
141563,24,14,23,80717
142107,18,10,17,64021
142363,24,14,23,81173
143003,22,12,21,36239
143387,22,13,21,109009
143451,21,11,20,24235
143643,18,9,17,21571
143963,20,11,19,48643
144411,18,10,17,65059
144635,21,8,20,905
144667,23,13,22,54991
144795,22,7,21,151
146683,22,13,21,111515
146715,18,10,17,66097
146843,18,10,17,66155
146971,21,12,20,74489
147099,19,9,18,11045
147483,18,10,17,66443
147707,22,10,21,4159
148059,20,11,19,50027
148123,19,11,18,100097
148315,24,13,23,28189
148571,23,11,22,6275
148635,22,13,21,112999
149083,20,9,19,5597
149147,24,12,23,9449
149915,24,13,23,28493
150171,19,10,18,33827
150619,22,10,21,4241
150779,21,10,20,8491
150811,22,13,21,114653
151195,19,11,18,102173
151547,19,8,18,3793
151643,21,11,20,25619
151707,19,8,18,3797
152603,22,13,21,116015
153115,21,12,20,77603
153595,23,13,22,58385
153627,18,10,17,69211
154011,21,9,20,2891
154267,19,11,18,104249
154779,19,10,18,34865
155291,19,11,18,104941
155419,24,13,23,29539
155483,19,11,18,105071
155675,24,14,23,88763
156059,22,13,21,118643
156251,20,11,19,52795
156411,24,14,23,89183
156827,22,13,21,119227
156923,21,10,20,8837
156955,21,12,20,79549
157275,20,11,19,53141
157531,19,10,18,35485
157691,19,10,18,35521
157947,23,11,22,6671
158107,21,11,20,26711
158875,19,11,18,107363
159003,21,12,20,80587
159259,21,12,20,80717
160411,22,13,21,121951
160795,22,13,21,122243
161307,18,10,17,72671
161883,23,13,22,61535
162203,21,11,20,27403
162395,18,8,17,8129
162459,24,13,23,30877
162555,20,11,19,54925
162715,18,6,17,905
163099,21,12,20,82663
163227,24,9,23,383
163483,19,11,18,110477
163835,19,10,18,36905
163931,18,10,17,73853
163995,19,10,18,36941
164603,20,10,19,18539
164699,19,11,18,111299
165019,19,11,18,111515
165467,20,11,19,55909
166171,19,8,18,4159
166555,23,13,22,63311
166683,22,13,21,126719
167003,18,9,17,25079
167707,19,10,18,37777
167771,21,12,20,85031
168219,22,12,21,42629
168475,23,12,22,21347
168539,18,10,17,75929
168987,24,14,23,96353
169243,19,10,18,38123
169627,18,8,17,8491
169979,24,14,23,96919
170395,21,11,20,28787
171291,21,12,20,86815
171547,22,13,21,130417
171771,20,11,19,58039
171867,21,12,20,87107
172315,19,10,18,38815
172699,18,10,17,77803
172827,19,11,18,116791
173147,18,10,17,78005
173915,18,9,17,26117
174171,24,13,23,33103
174683,18,10,17,78697
174747,23,13,22,66425
174843,22,13,21,132923
174875,19,11,18,118175
175131,21,11,20,29587
175259,22,12,21,44413
175643,22,13,21,133531
175771,18,10,17,79187
175963,21,12,20,89183
176539,18,8,17,8837
176923,19,10,18,39853
177179,21,11,20,29933
177691,20,9,19,6671
178459,19,10,18,40199
178939,22,13,21,136037
179227,21,10,20,10093
179355,24,14,23,102265
179451,18,10,17,80845
179483,19,11,18,121289
179611,24,11,23,3793
179739,20,11,19,60731
180059,18,10,17,81119
180251,23,11,22,7613
180315,22,13,21,137083
180987,18,9,17,27179
181083,22,12,21,45889
181403,23,12,22,22985
181915,18,10,17,81955
182107,21,12,20,92297
182523,18,10,17,82229
182683,18,10,17,82301
182939,23,13,22,69539
183035,22,13,21,139151
183291,18,8,17,9175
183835,20,10,19,20705
183931,18,5,17,341
184091,24,14,23,104965
184571,24,14,23,105239
184923,23,12,22,23431
185627,22,13,21,141121
185883,20,11,19,62807
186139,23,12,22,23585
186363,18,10,17,83959
186395,22,11,21,15745
187131,18,10,17,84305
187163,21,12,20,94859
187227,20,7,19,781
187547,22,12,21,47527
187707,20,4,19,29
188059,23,13,22,71485
188187,22,12,21,47689
188507,24,14,23,107483
188827,18,10,17,85069
189179,23,13,22,71911
189275,18,10,17,85271
189531,19,9,18,14231
189595,18,10,17,85415
189723,22,13,21,144235
190043,24,14,23,108359
190299,21,12,20,96449
190459,22,12,21,48265
190555,19,11,18,128771
191003,18,7,17,3187
191067,22,12,21,48419
191227,21,12,20,96919
191259,21,12,20,96935
191579,24,14,23,109235
192155,24,13,23,36521
192603,19,10,18,43385
193051,20,10,19,21743
193307,18,9,17,29029
193627,19,11,18,130847
194075,20,11,19,65575
194139,19,8,18,4859
194299,19,7,18,1621
194331,23,12,22,24623
195355,21,12,20,99011
195579,18,10,17,88111
195611,18,9,17,29375
195835,23,13,22,74441
195867,23,13,22,74453
196347,18,10,17,88457
196443,20,9,19,7375
196603,23,12,22,24911
196699,19,11,18,132923
196763,21,12,20,99725
197211,19,10,18,44423
197371,23,13,22,75025
197403,21,12,20,100049
197723,19,11,18,133615
198299,22,13,21,150755
198907,19,9,18,14935
199067,22,13,21,151339
199259,22,12,21,50495
199419,21,12,20,101071
199707,24,14,23,113869
199963,24,13,23,38005
200219,18,9,17,30067
200475,22,12,21,50803
200539,20,11,19,67759
200955,19,11,18,135799
200987,18,10,17,90547
201307,19,11,18,136037
201499,21,12,20,102125
202011,22,13,21,153577
202843,24,14,23,115657
203003,19,11,18,137183
203419,22,11,21,17183
203515,19,9,18,15281
204027,23,13,22,77555
204059,18,10,17,91931
204443,21,10,20,11513
204635,20,11,19,69143
205147,18,6,17,1141
205211,23,13,22,78005
205467,24,11,23,4339
205563,21,12,20,104185
205659,20,9,19,7721
205915,19,11,18,139151
205979,20,9,19,7733
206427,19,10,18,46499
206491,22,13,21,156983
207099,19,11,18,139951
207259,24,14,23,118175
207451,19,11,18,140189
207515,22,10,21,5843
207611,19,11,18,140297
208027,20,11,19,70289
208283,19,8,18,5213
208539,21,11,20,35231
209435,18,9,17,31451
209691,21,12,20,106277
210971,18,10,17,95045
211355,19,10,18,47609
211707,19,11,18,143065
211739,24,13,23,40243
212059,18,8,17,10615
212123,20,10,19,23891
212219,19,11,18,143411
212731,19,9,18,15973
212763,24,14,23,121313
212827,20,11,19,71911
213083,23,12,22,26999
213147,22,13,21,162043
213275,24,13,23,40535
213403,23,13,22,81119
213787,22,13,21,162529
213851,20,11,19,72257
214171,20,11,19,72365
214267,19,10,18,48265
214683,21,11,20,36269
215131,18,10,17,96919
215291,19,11,18,145487
215451,19,11,18,145595
215835,23,13,22,82043
216603,24,14,23,123503
217371,23,13,22,82627
217627,22,13,21,165449
218203,18,10,17,98303
218971,18,8,17,10961
219131,20,11,19,74041
219291,18,7,17,3659
219899,19,11,18,148601
220187,22,13,21,167395
220443,22,9,21,2069
220571,19,10,18,49685
220923,19,11,18,149293
220955,20,11,19,74657
221179,20,10,19,24911
221339,20,10,19,24929
221435,21,12,20,112229
221595,19,11,18,149747
221979,20,10,19,25001
222043,20,11,19,75025
222363,20,11,19,75133
222491,23,11,22,9397
222747,19,8,18,5575
222811,23,13,22,84695
223307,19,3,18,23
223899,18,9,17,33623
224027,20,11,19,75695
224283,19,10,18,50521
224347,18,10,17,101071
224507,22,12,21,56893
224539,22,11,21,18967
224795,23,12,22,28483
225115,18,10,17,101417
225563,23,13,22,85741
225819,22,13,21,171677
226043,18,8,17,11315
226331,19,11,18,152947
227355,19,9,18,17071
227579,18,10,17,102527
228091,24,13,23,43351
228347,20,11,19,77155
228507,18,9,17,34315
228603,22,12,21,57931
228635,22,11,21,19313
228891,19,10,18,51559
229115,19,11,18,154829
229403,19,11,18,155023
229627,21,12,20,116381
230651,18,9,17,34637
231003,23,13,22,87809
231259,18,10,17,104185
231419,23,13,22,87967
231835,23,12,22,29375
232027,18,10,17,104531
232187,18,10,17,104603
232603,23,13,22,88417
232699,22,12,21,58969
233499,19,10,18,52597
233755,21,11,20,39491
234011,21,12,20,118603
235035,19,10,18,52943
235547,19,11,18,159175
235803,21,10,20,13279
236699,24,13,23,44987
236795,18,10,17,106679
236827,22,11,21,20005
237211,24,14,23,135253
237563,18,9,17,35675
237723,18,9,17,35699
237979,22,12,21,60307
238331,18,10,17,107371
238843,23,12,22,30263
239195,23,13,22,90923
239259,18,10,17,107789
239611,23,13,22,91081
241435,24,13,23,45887
241499,22,12,21,61199
242715,24,14,23,138391
243707,18,10,17,109793
243739,19,11,18,164711
244731,24,14,23,139541
245755,22,13,21,186833
245851,20,11,19,83069
246171,18,10,17,110903
246875,20,10,19,27805
247035,23,12,22,31301
247643,24,12,23,15689
247803,21,12,20,125593
247899,20,11,19,83761
248411,21,9,20,4663
248923,24,14,23,141931
249115,18,10,17,112229
249499,24,14,23,142259
249883,18,9,17,37525
249947,20,10,19,28151
250459,21,11,20,42313
250651,18,10,17,112921
250715,19,8,18,6275
250875,19,7,18,2093
250907,22,12,21,63583
250971,20,11,19,84799
251035,19,8,18,6283
251355,19,5,18,233
252187,18,9,17,37871
252571,19,10,18,56893
252923,18,10,17,113945
252955,18,10,17,113959
253083,21,12,20,128269
253179,20,9,19,9505
253339,21,12,20,128399
253691,23,13,22,96433
253787,19,10,18,57167
253947,22,13,21,193061
253979,21,12,20,128723
254107,24,14,23,144887
254203,20,11,19,85891
254491,18,8,17,12739
254555,21,10,20,14335
254619,19,11,18,172063
255643,19,9,18,19195
255771,21,12,20,129631
255995,21,12,20,129745
256251,20,10,19,28861
256603,21,11,20,43351
257051,24,12,23,16285
257115,20,11,19,86875
257179,19,10,18,57931
257275,20,11,19,86929
257563,18,10,17,116035
257691,19,11,18,174139
257787,21,8,20,1613
257819,21,12,20,130669
257883,19,11,18,174269
258075,21,12,20,130799
258331,18,10,17,116381
259611,24,14,23,148025
259867,21,12,20,131707
260091,19,9,18,19529
260187,24,13,23,49451
260347,20,11,19,87967
260859,22,10,21,7345
260891,22,12,21,66113
261371,20,11,19,88313
261723,18,7,17,4367
261787,19,10,18,58969
262139,21,12,20,132859
262299,23,12,22,33235
262427,22,13,21,199507
262555,20,9,19,9857
263003,19,10,18,59243
263323,19,10,18,59315
263771,22,10,21,7427
263835,19,11,18,178291
264027,19,11,18,178421
264187,19,11,18,178529
264283,23,13,22,100459
264603,20,11,19,89405
264795,21,11,20,44735
264955,22,11,21,22381
266011,21,12,20,134821
266267,21,12,20,134951
267035,23,12,22,33835
268283,19,11,18,181297
268699,20,10,19,30263
269307,19,9,18,20221
269563,20,11,19,91081
269723,23,13,22,102527
269851,22,13,21,205151
270075,21,10,20,15209
270107,24,14,23,154009
270363,24,13,23,51385
270427,22,13,21,205589
270619,22,13,21,205735
270747,20,11,19,91481
271099,24,11,23,5725
271643,22,13,21,206513
272027,19,11,18,183827
272411,20,8,19,3409
273179,19,10,18,61535
273563,22,13,21,207973
273691,23,13,22,104035
273947,22,13,21,208265
274203,19,11,18,185297
274523,22,13,21,208703
274715,19,9,18,20627
275227,23,12,22,34873
275483,20,10,19,31027
275739,19,11,18,186335
276475,19,11,18,186833
276763,23,13,22,105203
277499,19,11,18,187525
277787,19,10,18,62573
277915,20,10,19,31301
278363,24,14,23,158717
278555,20,10,19,31373
278811,19,11,18,188411
278939,20,11,19,94249
279195,21,12,20,141503
279387,22,13,21,212401
279707,24,13,23,53161
280219,24,14,23,159775
281883,19,11,18,190487
282139,22,13,21,214493
282267,23,12,22,35765
282715,22,13,21,214931
282907,19,11,18,191179
283419,19,11,18,191525
284667,22,13,21,216415
284699,20,10,19,32065
285339,21,12,20,144617
285691,19,11,18,193061
285723,20,11,19,96541
286491,22,13,21,217801
287579,22,13,21,218629
289179,22,13,21,219845
289947,22,13,21,220429
290331,21,11,20,49049
290907,21,12,20,147439
291099,19,11,18,196715
292379,21,10,20,16465
293275,22,13,21,222959
293467,19,8,18,7345
293531,24,14,23,167365
293787,19,6,18,817
294555,24,12,23,18661
295003,19,10,18,66451
295163,23,12,22,37399
295515,23,13,22,112331
295579,23,13,22,112355
295771,22,13,21,224857
295963,23,13,22,112501
296091,24,13,23,56275
297051,19,11,18,200737
298011,22,13,21,226559
298075,19,9,18,22381
298235,21,12,20,151153
298267,21,12,20,151169
299547,22,11,21,25303
299611,19,10,18,67489
300123,19,11,18,202813
300699,20,8,19,3763
301051,24,14,23,171653
301083,24,14,23,171671
301467,22,13,21,229187
301723,22,13,21,229381
302107,22,13,21,229673
302843,24,14,23,172675
303771,20,10,19,34213
304219,19,10,18,68527
304379,21,12,20,154267
304987,21,9,20,5725
305243,22,13,21,232057
305755,19,10,18,68873
306203,22,13,21,232787
306267,19,11,18,206965
306843,20,10,19,34559
307035,21,11,20,51871
307611,19,8,18,7699
309499,19,11,18,209149
309659,21,12,20,156943
310043,23,13,22,117853
310267,22,13,21,235877
310427,24,14,23,176999
310523,19,10,18,69947
310555,21,12,20,157397
311131,21,10,20,17521
311451,22,13,21,236777
311547,19,11,18,210533
312059,19,9,18,23431
312091,22,13,21,237263
312347,21,12,20,158305
312571,21,12,20,158419
312987,20,10,19,35251
313179,21,11,20,52909
313435,22,13,21,238285
313595,19,10,18,70639
313755,19,10,18,70675
314011,20,11,19,106099
314107,19,11,18,212263
314139,24,13,23,59705
314363,21,8,20,1967
314395,21,12,20,159343
314459,19,11,18,212501
314619,19,11,18,212609
315003,21,5,20,73
315163,24,14,23,179699
316443,21,12,20,160381
316955,24,14,23,180721
317435,23,10,22,4469
317467,24,14,23,181013
318203,19,10,18,71677
318619,23,11,22,13457
318875,22,12,21,80807
319003,23,13,22,121259
319515,22,12,21,80969
319643,22,13,21,243005
319899,19,10,18,72059
320251,19,11,18,216415
320283,22,13,21,243491
320347,24,10,23,2255
320667,22,10,21,9029
320763,19,11,18,216761
321371,21,11,20,54293
321627,22,13,21,244513
322075,19,7,18,2687
322587,21,12,20,163495
322811,22,13,21,245413
322843,22,13,21,245437
323611,22,12,21,82007
324379,21,9,20,6089
325403,22,11,21,27487
326427,21,11,20,55147
326651,21,10,20,18395
326683,19,9,18,24529
326907,22,13,21,248527
326939,22,13,21,248551
327195,23,13,22,124373
327419,19,10,18,73753
327675,22,11,21,27679
327835,21,11,20,55385
328443,19,11,18,221951
328475,21,11,20,55493
328731,19,11,18,222145
330779,19,11,18,223529
331003,22,13,21,251641
331035,20,11,19,111851
331291,19,9,18,24875
331547,23,11,22,14003
331803,22,12,21,84083
332059,20,10,19,37399
332379,22,12,21,84229
332571,21,11,20,56185
332891,24,13,23,63269
333083,20,11,19,112543
333339,22,13,21,253417
333915,24,14,23,190391
334875,19,11,18,226297
335099,22,13,21,254755
335131,20,10,19,37745
335387,19,11,18,226643
335707,24,14,23,191413
336155,20,11,19,113581
336219,19,6,18,935
336283,22,13,21,255655
336987,24,14,23,192143
338523,23,12,22,42893
338683,21,12,20,171653
339035,22,13,21,257747
339483,19,11,18,229411
339611,22,13,21,258185
339995,19,11,18,229757
340507,19,9,18,25567
340635,22,12,21,86321
340763,21,11,20,57569
342043,19,10,18,77047
342267,24,13,23,65051
342299,20,11,19,115657
342779,21,12,20,173729
343067,19,11,18,231833
343131,21,8,20,2147
343291,22,13,21,260983
343579,24,14,23,195901
344475,22,13,21,261883
344731,22,12,21,87359
345179,23,13,22,131209
346203,24,10,23,2437
346363,24,14,23,197489
347675,19,11,18,234947
347803,21,12,20,176275
347995,24,14,23,198419
348699,19,11,18,235639
348763,24,14,23,198857
349211,22,13,21,265483
349275,21,10,20,19669
350043,19,8,18,8761
350363,19,7,18,2923
350875,24,12,23,22229
350971,21,12,20,177881
351003,22,13,21,266845
351899,21,12,20,178351
352091,22,13,21,267673
352539,22,13,21,268013
352667,22,13,21,268111
354555,23,13,22,134773
354971,19,9,18,26653
355067,22,13,21,269935
355419,21,10,20,20015
356187,19,10,18,80233
356443,22,11,21,30109
356891,19,11,18,241175
357019,19,11,18,241261
357115,20,8,19,4469
357403,22,13,21,271711
358651,21,10,20,20197
358683,24,13,23,68171
359067,19,11,18,242645
359163,24,14,23,204787
359579,19,9,18,26999
359707,24,14,23,205097
360091,21,12,20,182503
360187,24,12,23,22819
360475,24,14,23,205535
360699,21,11,20,60937
361051,20,11,19,121993
361723,22,9,21,3395
362331,19,10,18,81617
363099,20,10,19,40895
363163,19,11,18,245413
363259,20,10,19,40913
363291,22,13,21,276187
363675,19,11,18,245759
364827,22,13,21,277355
367771,19,11,18,248527
367867,23,10,22,5179
368027,24,13,23,69947
368283,19,11,18,248873
368635,19,9,18,27679
368667,23,13,22,140137
368795,19,9,18,27691
369403,20,10,19,41605
369435,23,13,22,140429
369915,22,11,21,31247
370267,20,11,19,125107
370331,19,10,18,83419
370683,19,11,18,250495
371355,19,11,18,250949
371483,22,13,21,282415
373339,23,13,22,141913
373787,24,14,23,213125
374555,23,13,22,142375
374779,19,10,18,84421
375195,22,11,21,31693
375963,19,11,18,254063
376091,23,12,22,47653
376827,19,11,18,254647
376859,23,13,22,143251
376987,19,11,18,254755
377243,23,10,22,5311
377435,24,13,23,71735
378107,22,11,21,31939
378715,24,14,23,215935
379675,19,11,18,256571
380187,19,10,18,85639
380571,24,13,23,72331
380699,19,11,18,257263
380955,21,9,20,7151
381531,23,13,22,145027
381723,19,10,18,85985
381979,23,11,22,16133
382235,19,11,18,258301
383003,22,13,21,291173
383259,19,9,18,28777
383995,19,10,18,86497
384027,22,10,21,10813
384411,21,11,20,64943
384667,23,13,22,146219
385019,19,11,18,260183
385051,21,11,20,65051
385179,19,11,18,260291
385307,19,11,18,260377
385563,20,8,19,4825
385819,19,11,18,260723
387675,22,13,21,294725
388123,22,11,21,32785
388635,20,10,19,43771
388955,23,12,22,49283
389147,21,11,20,65743
389403,19,10,18,87715
389723,21,12,20,197521
389787,23,13,22,148165
390235,22,13,21,296671
391451,19,11,18,264529
391835,22,13,21,297887
392731,20,11,19,132697
392795,19,7,18,3277
393307,24,14,23,224255
393883,24,13,23,74861
394331,22,13,21,299785
394907,22,13,21,300223
395099,22,12,21,100123
395259,21,12,20,200327
395867,22,13,21,300953
395931,22,13,21,301001
397339,21,11,20,67127
397403,19,9,18,29839
397563,23,13,22,151121
397851,20,10,19,44809
397915,21,12,20,201673
398875,20,11,19,134773
399355,21,12,20,202403
399451,19,11,18,269935
399611,22,13,21,303799
399643,19,11,18,270065
399867,22,6,21,139
400027,22,13,21,304115
401499,19,11,18,271319
401691,24,13,23,76345
402011,19,9,18,30185
402203,22,12,21,101923
402523,22,13,21,306013
403099,22,13,21,306451
403707,22,13,21,306913
404059,21,12,20,204787
404219,23,12,22,51217
405275,21,12,20,205403
405595,19,11,18,274087
406107,19,11,18,274433
406779,19,8,18,10181
406939,19,7,18,3395
407547,21,12,20,206555
407835,22,13,21,310051
408219,24,14,23,232757
408571,22,12,21,103537
409243,22,9,21,3841
409851,19,10,18,92321
410203,19,11,18,277201
410267,21,11,20,69311
410715,19,11,18,277547
410779,24,14,23,234217
410907,23,13,22,156193
411227,19,9,18,30877
411291,24,14,23,234509
411643,23,13,22,156473
411899,22,13,21,313141
412059,24,14,23,234947
412315,21,10,20,23219
412763,19,10,18,92977
412923,19,10,18,93013
413339,22,11,21,34915
413691,20,8,19,5177
413787,19,11,18,279623
413851,20,8,19,5179
413979,23,13,22,157361
414491,22,12,21,105037
415003,24,13,23,78875
415259,22,13,21,315695
416155,19,9,18,31247
416411,21,11,20,70349
416507,24,12,23,26387
416763,22,12,21,105613
416923,20,10,19,46957
417435,22,11,21,35261
417531,21,12,20,211615
417627,20,11,19,141109
418395,19,11,18,282737
419067,19,10,18,94397
419099,23,13,22,159307
419419,19,11,18,283429
419611,22,13,21,319003
419675,20,10,19,47267
419835,20,10,19,47285
419931,21,12,20,212831
420091,19,11,18,283883
420251,19,11,18,283991
421019,20,11,19,142255
421147,22,13,21,320171
421403,23,13,22,160183
422171,23,13,22,160475
423003,23,12,22,53597
423707,22,13,21,322117
424347,19,11,18,286759
424699,19,11,18,286997
425243,22,13,21,323285
425371,19,9,18,31939
425627,22,11,21,35953
425723,21,12,20,215767
425979,20,10,19,47977
426011,22,13,21,323869
426139,20,10,19,47995
426587,22,13,21,324307
426747,19,10,18,96127
426843,20,11,19,144223
427163,20,11,19,144331
427611,19,11,18,288965
428123,21,12,20,216983
428315,24,8,23,335
429851,20,10,19,48413
429915,22,13,21,326837
430331,22,12,21,109051
430875,24,14,23,245675
431131,22,13,21,327761
431195,23,12,22,54635
431387,21,10,20,24293
432155,24,13,23,82135
432379,23,12,22,54785
432539,19,11,18,292295
433435,22,13,21,329513
433563,19,11,18,292987
433915,19,11,18,293225
434011,22,13,21,329951
434267,24,14,23,247609
434459,22,10,21,12233
434971,20,11,19,146969
437019,20,11,19,147661
437275,19,11,18,295495
437339,22,12,21,110827
438107,22,13,21,333065
438299,19,10,18,98729
439067,20,10,19,49451
439323,19,11,18,296879
439835,19,9,18,33025
440571,23,12,22,55823
440603,23,10,22,6203
441371,19,10,18,99421
441627,21,11,20,74609
441755,19,11,18,298523
441883,19,11,18,298609
442395,19,11,18,298955
442619,22,12,21,112165
444411,24,14,23,253393
445531,22,12,21,112903
445691,21,12,20,225887
445979,19,10,18,100459
446299,21,12,20,226195
448027,19,11,18,302761
448539,19,11,18,303107
449307,22,13,21,341579
449371,19,7,18,3749
449851,19,4,18,139
450075,22,13,21,342163
450299,23,13,22,171167
451227,22,13,21,343039
451611,21,12,20,228887
451675,20,9,19,16957
451835,21,12,20,229001
452187,22,13,21,343769
452443,24,13,23,85991
452699,20,11,19,152959
453019,24,14,23,258301
453371,22,13,21,344669
453403,22,13,21,344693
454299,24,14,23,259031
454491,21,12,20,230347
454747,20,10,19,51217
455195,19,10,18,102535
455707,21,12,20,230963
455771,20,11,19,153997
456219,19,11,18,308297
456283,21,8,20,2855
456443,24,7,23,119
457499,22,13,21,347807
458267,22,13,21,348391
458587,19,9,18,34433
458779,24,12,23,29065
458843,20,11,19,155035
458907,23,13,22,174439
459003,24,14,23,261713
459355,23,10,22,6467
459547,24,13,23,87341
459803,21,12,20,233039
459867,20,11,19,155381
460635,21,12,20,233461
460795,22,12,21,116771
461051,20,9,19,17309
461563,22,13,21,350897
461851,21,12,20,234077
462075,23,13,22,175643
462491,23,13,22,175801
462683,19,11,18,312665
463099,20,11,19,156473
463451,24,11,23,9787
463643,23,13,22,176239
464411,23,13,22,176531
464891,22,12,21,117809
464923,22,12,21,117817
465147,20,11,19,157165
465563,19,11,18,314611
465659,21,9,20,8741
465947,21,12,20,236153
466459,22,13,21,354619
466587,19,10,18,105101
466715,22,12,21,118271
466779,19,11,18,315433
467611,19,11,18,315995
467803,19,9,18,35125
468059,20,11,19,158149
468123,19,9,18,35149
468219,22,13,21,355957
468251,22,13,21,355981
468571,21,10,20,26387
469243,20,11,19,158549
469595,22,11,21,39667
469659,19,10,18,105793
469755,21,11,20,79361
470171,19,11,18,317725
470299,23,13,22,178769
470427,20,8,19,5887
470555,22,13,21,357733
470683,19,11,18,318071
470811,22,12,21,119309
471067,23,12,22,59687
471835,23,13,22,179353
472347,22,13,21,359095
473083,22,12,21,119885
473499,20,10,19,53329
473851,21,11,20,80053
474107,21,12,20,240289
474139,21,12,20,240305
474267,19,10,18,106831
474363,20,11,19,160279
474651,24,14,23,270635
474875,22,9,21,4457
474971,19,11,18,320969
475419,24,14,23,271073
475995,19,11,18,321661
476187,23,13,22,181007
476315,19,11,18,321877
476411,20,10,19,53657
476827,19,11,18,322223
477435,20,11,19,161317
477595,20,11,19,161371
478235,22,13,21,363571
478491,23,13,22,181883
478747,22,13,21,363961
479323,24,14,23,273299
479899,24,12,23,30403
480027,21,12,20,243289
481275,19,11,18,325229
481947,24,14,23,274795
482043,21,11,20,81437
482299,21,12,20,244441
482587,19,9,18,36235
482715,20,10,19,54367
483067,22,11,21,40805
483099,19,11,18,326461
483163,23,13,22,183659
483323,19,10,18,108871
483483,19,10,18,108907
483579,23,13,22,183817
483739,20,11,19,163447
483995,23,12,22,61325
484123,19,10,18,109051
484187,19,11,18,327197
484507,19,11,18,327413
484635,19,11,18,327499
484891,22,8,21,1517
485451,20,3,19,25
486171,19,11,18,328537
486427,20,10,19,54785
486683,19,11,18,328883
487067,21,12,20,246857
488475,20,11,19,165047
489499,20,9,19,18377
490139,22,12,21,124207
490491,19,11,18,331457
490779,19,11,18,331651
491035,23,10,22,6913
491259,22,11,21,41497
491547,20,11,19,166085
491771,23,13,22,186931
492635,24,14,23,280889
493211,21,12,20,249971
493659,22,12,21,125099
494235,22,12,21,125245
495643,20,10,19,55823
495899,19,11,18,335111
496155,22,13,21,377195
496731,21,12,20,251755
497179,22,10,21,13999
497691,20,11,19,168161
497947,19,10,18,112165
498075,24,14,23,283991
498843,24,14,23,284429
498971,19,11,18,337187
499355,21,12,20,253085
499963,21,12,20,253393
500507,22,13,21,380503
502011,24,14,23,286235
502427,22,12,21,127321
502555,24,13,23,95515
502811,24,14,23,286691
502875,21,12,20,254869
503035,22,12,21,127475
503579,24,14,23,287129
505115,23,12,22,64001
505883,20,11,19,170929
506107,21,12,20,256507
506875,22,13,21,385345
507995,19,11,18,343285
508059,22,13,21,386245
508155,21,12,20,257545
508187,21,12,20,257561
508763,24,13,23,96695
509019,19,10,18,114659
509083,22,13,21,387023
509787,24,14,23,290669
510043,19,11,18,344669
510555,19,9,18,38335
511067,21,12,20,259021
511227,22,12,21,129551
511643,22,13,21,388969
512091,19,10,18,115351
512283,21,12,20,259637
512603,19,11,18,346399
512859,21,8,20,3209
513019,22,7,21,535
513115,19,11,18,346745
513179,21,8,20,3211
513307,23,12,22,65039
513499,21,5,20,119
513819,22,13,21,390623
514715,20,10,19,57971
515227,23,13,22,195847
515323,19,9,18,38693
515483,22,13,21,391889
515739,22,13,21,392083
515867,24,13,23,98045
515931,22,10,21,14527
516123,22,13,21,392375
516251,22,13,21,392473
516347,19,11,18,348929
516379,21,12,20,261713
516699,19,10,18,116389
516763,20,11,19,174605
516859,22,13,21,392935
516891,22,13,21,392959
517371,24,12,23,32777
517787,20,9,19,19439
517915,22,13,21,393737
518139,24,13,23,98477
518395,19,10,18,116771
518747,19,11,18,350551
519195,24,14,23,296033
519259,19,11,18,350897
519323,21,10,20,29245
519419,19,11,18,351005
519835,20,11,19,175643
519931,19,8,18,13013
519963,23,13,22,197647
520027,22,11,21,43927
520219,22,13,21,395489
521307,24,13,23,99079
522011,22,13,21,396851
522235,21,9,20,9803
522331,24,14,23,297821
522491,19,11,18,353081
522523,21,12,20,264827
523003,19,10,18,117809
523515,19,11,18,353773
523931,20,10,19,59009
524283,22,13,21,398579
525051,22,13,21,399163
525147,21,10,20,29573
525339,22,12,21,133127
525403,23,13,22,199715
525467,21,10,20,29591
525979,20,11,19,177719
526171,23,11,22,22223
526331,21,11,20,88919
527387,23,12,22,66823
528155,23,13,22,200761
528411,22,13,21,401717
528635,22,13,21,401887
530203,24,14,23,302309
530427,21,11,20,89611
530683,24,13,23,100861
530715,21,12,20,268979
531451,24,9,23,1247
531483,24,12,23,33671
532763,24,14,23,303769
533595,23,13,22,202829
534171,20,11,19,180487
534779,23,13,22,203279
535323,22,10,21,15073
535643,22,13,21,407215
536347,21,11,20,90611
536603,21,12,20,271963
536859,20,9,19,20155
537179,21,12,20,272255
537883,20,11,19,181741
538619,21,11,20,90995
539931,20,10,19,60811
540763,22,13,21,411107
540955,20,11,19,182779
541275,21,12,20,274331
541339,22,13,21,411545
541787,23,13,22,205943
542971,23,13,22,206393
543483,22,12,21,137725
544027,20,11,19,183817
545051,20,11,19,184163
545307,23,13,22,207281
545563,24,11,23,11521
547579,24,14,23,312217
547835,24,11,23,11569
549467,21,12,20,278483
549627,23,12,22,69641
550491,22,12,21,139501
551163,23,13,22,209507
551515,24,14,23,314461
553051,22,13,21,420449
553243,20,11,19,186931
553499,23,13,22,210395
553563,23,13,22,210419
553627,21,12,20,280591
555611,20,8,19,6953
555675,21,12,20,281629
555771,22,12,21,140839
555931,20,6,19,773
556283,23,13,22,211453
556699,24,14,23,317417
557083,23,13,22,211757
557147,21,10,20,31375
558683,22,12,21,141577
558875,24,13,23,106219
559195,21,11,20,94471
559515,22,13,21,425363
559771,21,12,20,283705
560219,23,9,22,2629
560283,22,13,21,425947
560379,24,13,23,106505
560411,24,13,23,106511
561435,24,14,23,320117
561755,20,10,19,63269
562267,22,11,21,47495
563227,22,13,21,428185
564379,22,13,21,429061
564763,21,12,20,286235
564891,23,12,22,71575
564987,21,12,20,286349
565659,23,13,22,215017
566363,22,10,21,15947
566523,22,13,21,430691
567291,22,13,21,431275
567899,20,10,19,63961
567963,21,12,20,287857
568411,23,11,22,24007
568475,24,14,23,324131
568859,21,12,20,288311
569755,21,8,20,3565
571163,23,13,22,217109
571419,22,13,21,434413
571643,22,11,21,48287
571803,22,13,21,434705
572571,22,13,21,435289
572667,21,10,20,32249
572699,23,13,22,217693
572827,24,13,23,108871
572955,21,12,20,290387
573435,23,13,22,217973
573467,23,13,22,217985
573691,24,11,23,12115
574203,20,9,19,21557
574491,24,13,23,109187
574715,22,13,21,436919
575483,24,14,23,328127
575739,22,10,21,16211
575899,21,10,20,32431
576251,20,11,19,194705
576283,24,14,23,328583
576539,22,13,21,438305
576603,23,11,22,24353
576763,21,11,20,97439
577307,22,13,21,438889
578075,22,12,21,146491
578587,23,13,22,219931
578843,21,12,20,293371
579099,21,12,20,293501
579611,22,13,21,440641
580347,20,10,19,65363
581371,22,13,21,441979
581627,23,13,22,221087
582043,21,10,20,32777
582299,24,13,23,110671
582395,20,11,19,196781
582907,21,11,20,98477
584219,20,7,19,2437
584731,22,13,21,444533
586395,23,13,22,222899
587291,21,12,20,297653
588059,22,12,21,149021
588443,22,13,21,447355
588827,21,9,20,11053
589563,20,10,19,66401
589851,24,14,23,336319
590587,20,11,19,199549
590875,21,11,20,99823
592539,22,13,21,450469
592923,21,11,20,100169
593051,23,12,22,75143
593435,20,9,19,22279
593755,21,12,20,300929
596059,22,13,21,453145
596251,22,12,21,151097
596635,22,13,21,453583
597019,21,11,20,100861
597147,24,12,23,37831
597531,20,11,19,201895
597851,21,12,20,303005
598107,23,13,22,227351
598683,24,13,23,113785
599323,23,13,22,227813
599707,24,14,23,341939
600059,23,12,22,76031
600827,23,13,22,228385
601243,23,12,22,76181
601371,22,13,21,457183
601627,20,11,19,203279
602139,22,11,21,50863
602651,20,9,19,22625
602715,22,12,21,152735
603419,24,13,23,114685
604187,24,10,23,4253
604923,24,13,23,114971
605211,21,11,20,102245
605435,24,14,23,345205
605979,23,12,22,76781
606043,21,12,20,307157
606203,22,12,21,153619
606363,21,12,20,307319
606811,22,12,21,153773
607067,23,12,22,76919
607387,22,12,21,153919
607515,23,13,22,230927
609051,21,12,20,308681
609563,22,13,21,463411
609819,20,11,19,206047
609947,22,13,21,463703
610139,22,13,21,463849
610395,24,13,23,116011
610843,20,11,19,206393
610971,24,14,23,348361
612187,20,8,19,7661
612507,20,7,19,2555
613019,24,14,23,349529
614043,22,13,21,466817
614171,23,12,22,77819
614811,24,14,23,350551
615003,22,12,21,155849
615259,23,12,22,77957
615451,22,13,21,467887
615579,22,12,21,155995
615707,23,13,22,234041
616027,21,12,20,312217
616859,23,13,22,234479
617243,21,12,20,312833
617723,24,14,23,352211
617755,22,13,21,469639
618331,20,10,19,69641
619035,20,11,19,209161
619163,22,11,21,52301
619547,24,14,23,353251
620827,24,14,23,353981
621211,23,11,22,26237
621307,21,12,20,314893
621563,21,12,20,315023
621723,20,9,19,23341
621851,22,13,21,472753
622235,22,13,21,473045
622331,24,14,23,354839
624219,21,12,20,316369
624475,20,10,19,70333
625307,24,11,23,13205
625819,20,11,19,211453
627739,22,13,21,477229
629147,24,13,23,119575
629915,20,11,19,212837
630043,22,13,21,478981
630171,24,14,23,359309
630427,21,11,20,106505
630523,23,12,22,79891
630779,20,9,19,23681
630875,22,12,21,159871
630939,20,9,19,23687
632091,24,14,23,360403
632475,21,10,20,35617
632827,20,11,19,213821
633627,24,14,23,361279
633883,24,13,23,120475
634971,22,12,21,160909
635931,22,13,21,483457
636923,20,10,19,71735
637947,23,13,22,242495
638107,20,11,19,215605
638491,22,12,21,161801
638971,20,11,19,215897
639067,22,12,21,161947
639131,20,11,19,215951
639579,24,14,23,364673
641115,23,12,22,81233
641787,22,13,21,487909
641819,20,11,19,216859
642331,23,10,22,9043
642843,20,11,19,217205
643867,20,10,19,72517
644187,21,12,20,326489
644379,22,11,21,54431
644635,23,12,22,81679
645403,21,9,20,12115
646139,20,10,19,72773
647163,20,11,19,218665
647323,20,11,19,218719
647419,21,12,20,328127
647451,21,11,20,109381
647931,24,13,23,123145
647963,20,11,19,218935
648443,24,14,23,369727
648795,22,13,21,493237
649627,22,12,21,164623
650331,21,12,20,329603
650491,23,12,22,82421
651547,21,10,20,36691
651867,24,13,23,123893
652379,24,14,23,371971
652827,23,12,22,82717
653563,21,12,20,331241
653595,21,11,20,110419
653723,22,12,21,165661
654939,22,7,21,683
656027,24,14,23,374051
657051,24,14,23,374635
657403,22,13,21,499781
657819,22,12,21,166699
658171,22,13,21,500365
659099,23,13,22,250535
659547,20,9,19,24761
660571,22,13,21,502189
661499,22,13,21,502895
661595,20,11,19,223541
661755,24,14,23,377317
661787,21,11,20,111803
662555,24,14,23,377773
662779,24,12,23,41989
662939,21,12,20,335993
663067,24,14,23,378065
663387,23,12,22,84055
663643,20,11,19,224233
663803,23,13,22,252323
664155,21,9,20,12467
664315,24,13,23,126259
666203,22,13,21,506471
666651,22,12,21,168937
666715,24,13,23,126715
666779,21,12,20,337939
667291,23,13,22,253649
667419,22,13,21,507395
667739,20,11,19,225617
668251,21,11,20,112895
668315,24,13,23,127019
668923,20,8,19,8371
669083,20,7,19,2791
669691,22,13,21,509123
669947,22,13,21,509317
670363,22,13,21,509633
671579,23,12,22,85093
671995,20,10,19,75685
672155,24,12,23,42583
672347,21,11,20,113587
672603,21,12,20,340891
672859,20,11,19,227347
672923,21,12,20,341053
673435,22,13,21,511969
674907,20,10,19,76013
675067,20,10,19,76031
675611,24,14,23,385217
675931,20,11,19,228385
676379,22,13,21,514207
677883,21,12,20,343567
678299,20,9,19,25465
678651,24,14,23,386951
678939,22,12,21,172051
679675,22,13,21,516713
679707,21,12,20,344491
680539,21,11,20,114971
680795,21,12,20,345043
681115,21,12,20,345205
681211,20,10,19,76723
681563,24,11,23,14393
682075,22,13,21,518537
682235,20,11,19,230515
682395,20,11,19,230569
683675,24,14,23,389815
684571,22,13,21,520435
686491,20,11,19,231953
686843,23,11,22,29009
687099,22,12,21,174119
687515,20,9,19,25811
687867,22,13,21,522941
688891,22,10,21,19397
689435,24,13,23,131033
690267,22,13,21,524765
691227,24,14,23,394121
692507,24,13,23,131617
692763,22,13,21,526663
694363,24,14,23,395909
694683,20,11,19,234721
694939,21,12,20,352211
695451,23,13,22,264353
695707,20,11,19,235067
696059,21,11,20,117593
698459,21,12,20,353995
699419,20,11,19,236321
699547,24,13,23,132955
700443,20,10,19,78889
701467,20,11,19,237013
701979,21,9,20,13177
702235,22,13,21,533863
703515,20,10,19,79235
703643,23,13,22,267467
703899,20,11,19,237835
704027,21,11,20,118939
704507,22,13,21,535591
704539,20,11,19,238051
704603,21,12,20,357109
704795,24,14,23,401857
705307,24,14,23,402149
705691,22,13,21,536491
706651,21,12,20,358147
707227,21,12,20,358439
707835,22,13,21,538121
708123,21,10,20,39877
708379,23,13,22,269267
708443,22,13,21,538583
708859,22,12,21,179633
709211,22,13,21,539167
709723,24,12,23,44963
710171,21,11,20,119977
710427,22,13,21,540091
710683,20,11,19,240127
711515,23,7,22,371
711835,23,13,22,270581
711995,21,4,20,55
712699,22,13,21,541819
712955,22,12,21,180671
713371,24,14,23,406747
713755,22,13,21,542621
714011,21,12,20,361877
714587,24,14,23,407441
715355,23,13,22,271919
715867,22,12,21,181409
716027,21,12,20,362899
716059,21,12,20,362915
716635,22,13,21,544811
717339,23,10,22,10099
717467,22,13,21,545443
717851,22,13,21,545735
718363,21,11,20,121361
718619,22,13,21,546319
719099,24,12,23,45557
720123,21,12,20,364975
720155,21,12,20,364991
720731,21,9,20,13529
720891,22,13,21,548047
720923,24,14,23,411053
721691,24,14,23,411491
721947,22,13,21,548849
722779,23,13,22,274741
723355,21,12,20,366613
723547,23,13,22,275033
723611,23,13,22,275057
723995,23,13,22,275203
724251,21,12,20,367067
724763,23,13,22,275495
724827,21,11,20,122453
726299,21,12,20,368105
727131,23,13,22,276395
727707,20,11,19,245879
728219,24,14,23,415213
728315,21,12,20,369127
728731,20,10,19,82075
728923,21,11,20,123145
729179,22,13,21,554347
729371,22,12,21,184831
729499,21,12,20,369727
729755,20,11,19,246571
729883,23,13,22,277441
729947,22,9,21,6851
730267,23,9,22,3427
731803,20,10,19,82421
732315,22,11,21,61859
732827,20,11,19,247609
733275,22,13,21,557461
734491,24,14,23,418789
735515,24,12,23,46597
736251,24,13,23,139931
736283,24,13,23,139937
736411,22,10,21,20735
737115,21,11,20,124529
737371,22,13,21,560575
737691,21,12,20,373879
738139,22,11,21,62351
738459,23,11,22,31189
738587,22,13,21,561499
738971,20,11,19,249685
741467,22,13,21,563689
741979,23,12,22,94013
742043,24,14,23,423095
742683,22,13,21,564613
743419,22,11,21,62797
744475,21,12,20,377317
744731,20,9,19,27959
745243,22,11,21,62951
745467,23,10,22,10495
745627,21,10,20,41989
746267,21,10,20,42025
746331,22,11,21,63043
746651,23,11,22,31535
746779,20,11,19,252323
747931,22,13,21,568603
748123,22,12,21,189583
748315,21,11,20,126421
748795,24,13,23,142315
748827,20,11,19,253015
749083,22,13,21,569479
749659,22,13,21,569917
750683,22,13,21,570695
752027,22,13,21,571717
752635,21,11,20,127151
752891,23,13,22,286187
752923,20,11,19,254399
754267,24,12,23,47785
754779,22,13,21,573809
755355,22,13,21,574247
756123,22,13,21,574831
758011,23,13,22,288133
758043,20,11,19,256129
758811,23,13,22,288437
758875,22,13,21,576923
760059,22,13,21,577823
760091,20,10,19,85607
760219,22,13,21,577945
761115,20,11,19,257167
761499,23,13,22,289459
762107,24,13,23,144845
762267,23,13,22,289751
763131,22,13,21,580159
763483,21,12,20,386951
764155,22,13,21,580937
764955,22,13,21,581545
765019,23,13,22,290797
765787,23,13,22,291089
767003,23,13,22,291551
767067,24,14,23,437363
768251,22,13,21,584051
768411,22,13,21,584173
770139,23,11,22,32527
771163,21,10,20,43427
771323,22,13,21,586387
771931,22,13,21,586849
772187,22,11,21,65227
772699,20,9,19,29009
772763,22,12,21,195827
773211,23,13,22,293911
774427,23,13,22,294373
774747,20,11,19,261773
775195,23,13,22,294665
775259,21,11,20,130973
776443,24,14,23,442709
777467,22,9,21,7297
778491,21,11,20,131519
778523,24,13,23,147965
778843,20,10,19,87719
779003,24,14,23,444169
779035,24,14,23,444187
779515,24,14,23,444461
779867,23,13,22,296441
780123,22,13,21,593077
780283,24,14,23,444899
780539,21,10,20,43955
780891,20,11,19,263849
781339,22,13,21,594001
781403,21,11,20,132011
781563,22,11,21,66019
782075,20,8,19,9787
784635,21,11,20,132557
784667,22,13,21,596531
785147,20,10,19,88429
785659,22,11,21,66365
786459,22,13,21,597893
786587,22,13,21,597991
786715,21,12,20,398725
786843,22,9,21,7385
787227,22,13,21,598477
788059,20,10,19,88757
788891,23,11,22,33319
789083,20,11,19,266617
789243,20,11,19,266671
789787,22,12,21,200141
790171,22,13,21,600715
791323,22,13,21,601591
791579,24,14,23,451339
791835,24,12,23,50165
792091,22,12,21,200725
792347,22,13,21,602369
792603,24,13,23,150641
792859,22,13,21,602759
793627,24,14,23,452507
793851,22,11,21,67057
794363,20,10,19,89467
794395,23,13,22,301963
794907,21,12,20,402877
795035,22,11,21,67157
795387,20,11,19,268747
796699,21,8,20,4985
797787,24,14,23,454879
798363,22,13,21,606943
798555,22,12,21,202363
798747,22,13,21,607235
799323,22,13,21,607673
799515,22,13,21,607819
799771,22,10,21,22519
801051,21,12,20,405991
802203,21,10,20,45175
802843,21,10,20,45211
803227,22,11,21,67849
803419,22,13,21,610787
804507,23,13,22,305807
805659,24,14,23,459367
806555,22,13,21,613171
807579,22,13,21,613949
808475,24,14,23,460973
808987,21,10,20,45557
810011,23,11,22,34211
810651,22,13,21,616285
810843,22,12,21,205477
811611,22,13,21,617015
811675,22,13,21,617063
814235,21,12,20,412673
814619,20,11,19,275245
814747,24,14,23,464549
815771,22,13,21,620177
816667,20,10,19,91979
816923,21,12,20,414035
817819,23,13,22,310867
817947,22,12,21,207277
818843,22,13,21,622513
819451,22,13,21,622975
819803,21,12,20,415495
819995,24,12,23,51949
820059,21,12,20,415625
820379,21,12,20,415787
821243,24,14,23,468253
822523,24,14,23,468983
822555,24,14,23,469001
823579,22,13,21,626113
823835,20,11,19,278359
824091,23,12,22,104417
824987,22,8,21,2581
826907,22,13,21,628643
827131,23,13,22,314407
827227,24,14,23,471665
828059,21,10,20,46631
829019,22,12,21,210083
829275,20,9,19,31133
830107,24,13,23,157769
830235,22,12,21,210391
830619,22,13,21,631465
830715,23,13,22,315769
831003,22,13,21,631757
831131,23,10,22,11701
831323,20,11,19,280889
832795,22,13,21,633119
835099,22,13,21,634871
835419,20,10,19,94091
835867,24,14,23,476591
836443,22,13,21,635893
836635,24,14,23,477029
837275,22,10,21,23575
837467,20,11,19,282965
838299,21,11,20,141623
838651,20,8,19,10495
839291,20,5,19,389
840283,24,13,23,159703
840795,24,14,23,479401
840987,22,13,21,639347
841243,23,13,22,319771
841723,20,10,19,94801
842907,20,11,19,284803
843163,23,13,22,320501
843291,21,12,20,427399
843547,22,13,21,641293
844635,20,10,19,95129
844955,20,10,19,95165
845659,20,11,19,285733
845819,20,11,19,285787
845915,21,12,20,428729
846427,22,13,21,643483
847899,23,13,22,322301
848123,24,12,23,53731
848667,20,9,19,31861
848987,22,12,21,215143
849179,24,14,23,484181
849435,23,13,22,322885
849691,20,11,19,287095
850171,24,14,23,484747
850715,20,11,19,287441
850939,20,10,19,95839
851483,21,12,20,431551
851963,20,11,19,287863
852059,21,12,20,431843
852123,20,11,19,287917
852219,23,12,22,107981
852763,20,11,19,288133
853083,22,12,21,216181
854107,24,14,23,486991
854619,22,13,21,649711
855291,21,12,20,433481
855323,21,11,20,144499
855835,20,11,19,289171
855899,24,13,23,162671
856091,23,13,22,325415
856667,24,13,23,162817
856859,20,11,19,289517
857371,21,11,20,144845
857627,21,12,20,434665
858363,22,12,21,217519
858779,24,14,23,489655
859291,24,14,23,489947
859419,21,10,20,48397
859547,24,14,23,490093
859995,23,13,22,326899
860443,23,11,22,36341
861275,22,12,21,218257
861435,21,12,20,436595
862299,22,13,21,655549
862459,22,12,21,218557
862811,22,13,21,655939
864027,24,14,23,492647
865051,20,11,19,292285
866299,24,14,23,493943
866587,22,11,21,73201
866971,22,13,21,659101
867067,24,14,23,494381
867419,20,8,19,10855
867579,21,12,20,439709
868187,23,13,22,330013
868443,24,13,23,165055
868507,22,13,21,660269
869019,23,13,22,330329
870235,24,14,23,496187
870491,20,10,19,98041
870651,22,12,21,220633
870811,21,12,20,441347
871579,24,12,23,55217
873499,21,12,20,442709
873563,20,10,19,98387
875163,22,13,21,665329
876283,22,13,21,666181
876379,21,12,20,444169
876571,22,12,21,222133
876955,21,12,20,444461
877307,22,13,21,666959
879387,24,13,23,167135
879707,20,10,19,99079
879867,22,13,21,668905
879899,24,14,23,501697
880155,24,13,23,167281
880667,22,12,21,223171
880731,20,11,19,297583
881403,21,8,20,5515
881691,21,12,20,446861
882939,20,10,19,99443
883451,23,13,22,335815
883707,22,13,21,671825
883963,22,13,21,672019
884475,22,13,21,672409
884763,22,12,21,224209
884987,20,11,19,299021
885339,22,11,21,74785
885595,24,12,23,56105
885915,22,12,21,224501
886011,20,9,19,33263
886363,24,13,23,168461
887195,24,13,23,168619
887387,23,10,22,12493
887547,21,10,20,49981
887579,21,12,20,449845
888059,20,11,19,300059
890907,23,12,22,112883
892155,20,10,19,100481
893339,22,13,21,679147
893691,21,10,20,50327
893723,21,12,20,452959
894203,20,11,19,302135
894555,21,11,20,151127
895771,21,12,20,453997
896859,22,13,21,681823
899099,23,12,22,113921
899483,20,11,19,303919
900379,22,13,21,684499
901531,20,10,19,101537
901787,22,12,21,228523
902395,20,11,19,304903
903003,23,13,22,343247
904859,21,12,20,458603
905243,20,9,19,33985
905755,23,13,22,344293
906267,20,11,19,306211
907355,23,12,22,114967
908315,20,10,19,102301
908699,20,11,19,307033
908955,21,12,20,460679
909339,20,11,19,307249
909403,22,12,21,230453
909563,22,13,21,691481
909851,21,8,20,5693
909979,22,12,21,230599
911195,23,13,22,346361
911451,24,12,23,57743
912411,20,11,19,308287
912475,22,13,21,693695
912923,22,10,21,25705
913051,21,12,20,462755
913243,22,13,21,694279
913435,20,11,19,308633
914011,24,14,23,521147
914523,21,12,20,463501
916251,22,13,21,696565
917019,22,11,21,77461
917595,22,12,21,232529
917659,24,13,23,174409
918299,23,13,22,349061
918619,21,12,20,465577
919195,21,12,20,465869
919387,23,13,22,349475
920731,22,13,21,699971
921627,20,11,19,311401
921851,21,12,20,467215
922139,21,10,20,51929
922395,24,13,23,175309
922907,24,14,23,526219
923163,24,11,23,19495
923899,21,12,20,468253
924155,20,6,19,1285
924827,22,13,21,703085
924923,24,14,23,527369
926491,23,13,22,352175
926811,21,12,20,469729
927387,21,12,20,470021
927739,22,13,21,705299
927995,21,12,20,470329
928155,22,12,21,235205
928507,22,13,21,705883
928923,22,13,21,706199
931099,22,12,21,235951
932603,22,13,21,708997
933115,23,12,22,118231
933531,20,9,19,35047
933659,22,13,21,709799
933883,23,13,22,354985
934171,21,12,20,473459
934299,24,14,23,532715
934555,20,11,19,315769
934747,22,13,21,710627
935067,23,13,22,355435
936187,21,12,20,474481
936347,22,12,21,237281
936603,20,10,19,105487
936699,24,14,23,534083
936731,24,14,23,534101
937243,24,12,23,59377
937627,20,11,19,316807
937755,22,13,21,712913
937979,21,8,20,5869
938139,22,8,21,2935
938267,21,12,20,475535
938779,24,13,23,178423
940027,22,13,21,714641
940123,24,14,23,536035
940699,20,11,19,317845
940795,22,13,21,715225
941051,24,13,23,178855
941211,21,10,20,53003
941723,20,11,19,318191
941851,22,13,21,716027
941915,24,11,23,19891
942491,23,12,22,119419
942939,22,13,21,716855
943259,23,13,22,358549
943963,22,10,21,26579
944123,21,10,20,53167
945307,21,11,20,159701
946459,21,12,20,479687
947227,23,12,22,120019
947291,22,13,21,720163
949915,20,11,19,320959
950043,24,14,23,541691
950267,21,10,20,53513
950299,21,12,20,481633
950427,22,10,21,26761
950523,24,13,23,180655
950555,24,13,23,180661
951067,24,14,23,542275
951131,21,11,20,160685
951387,22,13,21,723277
951451,21,11,20,160739
952603,20,8,19,11921
954139,21,10,20,53731
954619,23,13,22,362867
954907,24,14,23,544465
955483,22,13,21,726391
955675,20,10,19,107635
956443,21,12,20,484747
956507,22,13,21,727169
956667,22,13,21,727291
957083,22,13,21,727607
958555,23,13,22,364363
958747,20,10,19,107981
959259,22,11,21,81029
960603,22,13,21,730283
960763,22,13,21,730405
961275,23,12,22,121799
961307,23,11,22,40601
961627,23,13,22,365531
963355,22,10,21,27125
964635,21,12,20,488899
964859,22,13,21,733519
964891,20,10,19,108673
965371,24,12,23,61159
965915,20,11,19,326365
966747,23,13,22,367477
966907,24,13,23,183769
967931,24,14,23,551891
968795,22,13,21,736511
969371,22,13,21,736949
969467,23,12,22,122837
969819,23,13,22,368645
971355,24,14,23,553843
971867,24,14,23,554135
974235,22,13,21,740647
974587,21,12,20,493943
974875,22,13,21,741133
975515,21,12,20,494413
975611,22,12,21,247231
976155,23,13,22,371053
976987,21,11,20,165053
977307,23,13,22,371491
978171,22,13,21,743639
978203,22,13,21,743663
978587,22,12,21,247985
978971,22,13,21,744247
979035,21,10,20,55133
979195,24,14,23,558313
980059,23,11,22,41393
980571,20,8,19,12271
980731,20,7,19,4091
980763,24,14,23,559207
981243,24,14,23,559481
981275,24,14,23,559499
982267,22,13,21,746753
982299,22,13,21,746777
983035,24,14,23,560503
983067,22,13,21,747361
983131,21,11,20,166091
983643,20,10,19,110785
983803,22,12,21,249307
984155,24,11,23,20783
984731,23,12,22,124771
985083,23,13,22,374447
985499,23,13,22,374605
986395,22,13,21,749891
987163,22,13,21,750475
987387,22,11,21,83405
987739,20,11,19,333739
989435,23,11,22,41789
989947,20,9,19,37165
990459,22,13,21,752981
990619,24,14,23,564827
990747,21,12,20,502133
991003,23,13,22,376697
991643,22,13,21,753881
992539,21,12,20,503041
992859,20,10,19,111823
992923,23,12,22,125809
993531,24,11,23,20981
993883,20,11,19,335815
994043,20,11,19,335869
994331,24,13,23,188981
994587,21,12,20,504079
994843,21,12,20,504209
995099,24,13,23,189127
995355,22,13,21,756703
995995,22,13,21,757189
996635,21,12,20,505117
997371,24,13,23,189559
997659,24,14,23,568841
997787,21,10,20,56189
998043,23,13,22,379373
998139,20,11,19,337253
998395,24,14,23,569261
998427,24,14,23,569279
998651,21,11,20,168713
999163,20,9,19,37511
999515,24,14,23,569899
999707,22,12,21,253337
999835,22,13,21,760109
1000027,24,14,23,570191
1000091,22,13,21,760303
1000699,21,10,20,56353
1001883,21,11,20,169259
1002651,24,14,23,571687
1002779,21,12,20,508231
1003035,21,12,20,508361
1003163,24,14,23,571979
1003803,22,12,21,254375
1004187,22,13,21,763417
1006235,23,13,22,382487
1006331,20,11,19,340021
1006619,23,13,22,382633
1007003,23,10,22,14177
1007131,22,13,21,765655
1007355,20,11,19,340367
1008027,21,11,20,170297
1008283,22,13,21,766531
1009179,20,8,19,12629
1009739,22,3,21,13
1010715,21,10,20,56917
1011227,24,14,23,576577
1011995,22,12,21,256451
1012251,24,12,23,64129
1012379,22,13,21,769645
1012763,21,11,20,171097
1013787,22,9,21,9515
1014427,23,13,22,385601
1015323,20,10,19,114353
1015547,20,11,19,343135
1016411,24,14,23,579533
1016667,24,14,23,579679
1017851,22,12,21,257935
1017947,23,13,22,386939
1018267,24,14,23,580591
1018523,24,13,23,193579
1019035,22,12,21,258235
1019931,23,10,22,14359
1021467,20,10,19,115045
1021947,22,12,21,258973
1021979,22,11,21,86327
1023131,22,12,21,259273
1024251,24,14,23,584003
1025275,24,14,23,584587
1025627,22,13,21,779717
1026043,22,12,21,260011
1027323,23,13,22,390503
1027867,22,12,21,260473
1028187,24,14,23,586247
1029211,22,13,21,782441
1029403,22,13,21,782587
1030171,22,11,21,87019
1030811,24,14,23,587743
1031163,21,12,20,522617
1031323,22,12,21,261349
1032347,21,12,20,523217
1035003,21,12,20,524563
1035035,21,12,20,524579
1035515,23,13,22,393617
1036059,22,12,21,262549
1036539,24,13,23,197003
1037147,20,8,19,12979
1037307,20,7,19,4327
1037467,20,8,19,12983
1037595,22,13,21,788815
1037787,20,5,19,481
1038587,22,13,21,789569
1039003,22,10,21,29255
1040219,20,10,19,117157
1040379,24,12,23,65911
1040539,21,12,20,527369
1040667,24,14,23,593363
1041051,23,11,22,43969
1041147,21,12,20,527677
1041179,21,12,20,527693
1041659,22,13,21,791905
1042075,21,9,20,19561
1042523,24,14,23,594421
1043611,20,10,19,117539
1044123,21,11,20,176395
1044315,20,11,19,352855
1046523,20,9,19,39289
1046619,22,12,21,265225
1046939,24,14,23,596939
1048219,21,10,20,59029
1048731,24,14,23,597961
1048859,23,13,22,398689
1049339,21,12,20,531829
1049627,23,13,22,398981
1050267,21,11,20,177433
1050715,22,12,21,266263
1051419,24,13,23,199831
1051675,22,13,21,799519
1051899,24,14,23,599767
1053467,24,14,23,600661
1053787,21,12,20,534083
1053979,24,14,23,600953
1054811,22,12,21,267301
1055771,22,13,21,802633
1056283,23,12,22,133837
1056859,24,12,23,66955
1057051,23,13,22,401803
1057563,22,13,21,803995
1058459,21,11,20,178817
1059419,24,14,23,604055
1059931,21,12,20,537197
1060955,23,12,22,134429
1061147,21,9,20,19919
1062171,23,11,22,44861
1063163,21,12,20,538835
1063195,22,13,21,808277
1063675,23,13,22,404321
1063963,22,13,21,808861
1064219,22,10,21,29965
1065243,21,11,20,179963
1066075,21,12,20,540311
1067771,24,13,23,202939
1068315,22,11,21,90241
1068571,24,12,23,67697
1069147,23,12,22,135467
1069339,21,11,20,180655
1069595,21,12,20,542095
1069659,22,13,21,813191
1071195,24,14,23,610769
1071867,23,13,22,407435
1073915,22,13,21,816427
1074779,24,13,23,204271
1075451,21,12,20,545063
1075611,24,12,23,68143
1075803,23,13,22,408931
1076379,24,13,23,204575
1077531,21,11,20,182039
1077787,21,12,20,546247
1079067,22,13,21,820343
1079707,23,12,22,136805
1079899,21,8,20,6757
1080059,23,13,22,410549
1080219,21,6,20,751
1081595,24,14,23,616699
1081947,22,13,21,822533
1082139,24,14,23,617009
1082395,22,12,21,274291
1082459,23,13,22,411461
1082523,22,13,21,822971
1084443,23,12,22,137405
1084571,21,12,20,549685
1085691,22,13,21,825379
1086043,21,10,20,61159
1086107,22,13,21,825695
1087899,23,12,22,137843
1088667,21,12,20,551761
1088923,21,12,20,551891
1089179,22,13,21,828031
1091579,21,12,20,553237
1091835,23,13,22,415025
1092187,21,10,20,61505
1092251,24,14,23,622775
1092635,23,12,22,138443
1094683,22,12,21,277405
1095451,21,12,20,555199
1096443,24,14,23,625165
1096475,22,12,21,277859
1096859,21,12,20,555913
1097115,21,12,20,556043
1097723,21,12,20,556351
1097755,21,12,20,556367
1098491,23,9,22,5155
1098523,23,12,22,139189
1100539,22,11,21,92963
1100571,22,12,21,278897
1101595,21,12,20,558313
1101659,24,14,23,628139
1102363,23,13,22,419027
1102491,24,14,23,628613
1103899,21,12,20,559481
1104635,22,10,21,31103
1105435,22,13,21,840389
1105915,21,12,20,560503
1106075,24,12,23,70073
1106203,22,13,21,840973
1106683,23,11,22,46741
1106715,23,12,22,140227
1108507,24,7,23,289
1109787,24,14,23,632773
1110267,24,14,23,633047
1110683,21,12,20,562919
1111067,24,14,23,633503
1111323,22,13,21,844865
1112347,24,13,23,211411
1112731,21,12,20,563957
1113627,22,13,21,846617
1113851,21,10,20,62725
1114139,23,13,22,423503
1114203,22,13,21,847055
1114875,23,11,22,47087
1116155,22,13,21,848539
1116827,21,12,20,566033
1117339,22,13,21,849439
1117723,21,9,20,20981
1118043,24,14,23,637481
1120251,22,13,21,851653
1120283,22,13,21,851677
1120347,21,12,20,567817
1120923,21,12,20,568109
1121435,22,13,21,852553
1121819,21,11,20,189521
1122075,22,13,21,853039
1122395,21,12,20,568855
1122971,21,12,20,569147
1123579,22,13,21,854183
1124347,22,13,21,854767
1125531,22,13,21,855667
1125915,21,11,20,190213
1126171,22,13,21,856153
1126235,23,13,22,428101
1126491,21,12,20,570931
1126939,22,9,21,10577
1127003,23,13,22,428393
1128443,22,13,21,857881
1128539,24,14,23,643465
1129723,23,13,22,429427
1130267,22,13,21,859267
1130491,23,13,22,429719
1131099,24,13,23,214975
1131355,22,13,21,860095
1131611,22,12,21,286763
1131675,23,13,22,430169
1131803,21,12,20,573623
1132187,22,12,21,286909
1132379,22,13,21,860873
1132955,22,13,21,861311
1133723,24,14,23,646421
1134107,21,11,20,191597
1134363,22,13,21,862381
1134683,21,12,20,575083
1135131,22,11,21,95885
1135259,23,13,22,431531
1135643,23,13,22,431677
1135899,21,12,20,575699
1136475,21,8,20,7111
1136635,22,13,21,864109
1136795,21,7,20,2371
1138459,22,13,21,865495
1138971,24,12,23,72157
1139099,23,13,22,432991
1139547,22,13,21,866323
1139867,23,13,22,433283
1139995,21,12,20,577775
1140987,22,12,21,289139
1141147,21,12,20,578359
1141531,24,14,23,650873
1142043,21,12,20,578813
1142619,21,10,20,64345
1143323,22,11,21,96577
1143835,23,13,22,434791
1145115,22,12,21,290185
1145243,21,12,20,580435
1146011,24,9,23,2689
1146139,21,12,20,580889
1147675,22,13,21,872501
1147739,24,14,23,654413
1148507,24,14,23,654851
1148571,24,14,23,654887
1148763,21,10,20,64691
1149019,22,13,21,873523
1149723,23,13,22,437029
1150107,23,11,22,48575
1151259,23,12,22,145871
1151771,22,13,21,875615
1152027,21,12,20,583873
1153115,22,13,21,876637
1153435,21,12,20,584587
1154075,24,14,23,658025
1154331,21,12,20,585041
1154459,22,12,21,292553
1154811,22,13,21,877927
1155067,22,9,21,10841
1155099,22,12,21,292715
1155163,23,13,22,439097
1155227,21,9,20,21685
1155867,22,13,21,878729
1156379,23,13,22,439559
1157115,23,11,22,48871
1157915,23,13,22,440143
1158171,21,12,20,586987
1158395,22,13,21,880651
1158427,22,13,21,880675
1159259,24,13,23,220327
1159771,22,12,21,293899
1160219,21,12,20,588025
1162395,24,11,23,24547
1162651,22,12,21,294629
1163259,22,11,21,98261
1163291,22,12,21,294791
1163355,23,13,22,442211
1163419,21,11,20,196549
1163867,22,12,21,294937
1165403,22,13,21,885979
1166107,21,11,20,197003
1166587,22,13,21,886879
1167003,22,13,21,887195
1167131,24,11,23,24647
1167963,22,12,21,295975
1168155,21,10,20,65783
1168923,22,13,21,888655
1169435,24,12,23,74087
1170427,21,10,20,65911
1171099,22,13,21,890309
1171451,22,11,21,98953
1171611,21,11,20,197933
1172251,21,11,20,198041
1172731,23,13,22,445775
1173083,21,12,20,594545
1173595,24,14,23,669155
1173915,23,13,22,446225
1174107,24,12,23,74383
1174779,22,13,21,893107
1175195,22,13,21,893423
1175387,24,14,23,670177
1175803,22,13,21,893885
1176667,23,13,22,447271
1177115,22,13,21,894883
1178011,24,13,23,223891
1178875,22,13,21,896221
1179899,22,13,21,896999
1180315,22,12,21,299105
1180699,22,13,21,897607
1181339,23,13,22,449047
1182107,23,13,22,449339
1182459,21,12,20,599297
1182747,24,13,23,224791
1182971,24,14,23,674501
1183003,24,14,23,674519
1183387,21,12,20,599767
1183579,22,13,21,899797
1183835,22,9,21,11111
1183995,22,13,21,900113
1185883,24,11,23,25043
1186043,23,13,22,450835
1186459,23,12,22,150331
1186843,23,13,22,451139
1187067,22,13,21,902449
1187675,22,13,21,902911
1187931,22,11,21,100345
1188251,22,13,21,903349
1188507,22,12,21,301181
1188603,21,12,20,602411
1188955,24,13,23,225971
1189531,23,13,22,452161
1191579,21,12,20,603919
1192027,22,11,21,100691
1193211,22,8,21,3733
1193371,21,7,20,2489
1195035,23,13,22,454253
1195547,22,12,21,302965
1195867,22,13,21,909139
1196283,21,10,20,67367
1196315,22,13,21,909479
1196443,22,13,21,909577
1197147,21,11,20,202247
1197723,21,12,20,607033
1198331,24,13,23,227753
1198843,22,13,21,911401
1199195,21,10,20,67531
1199259,22,13,21,911717
1199355,23,10,22,16885
1199387,24,14,23,683861
1199643,24,14,23,684007
1200219,22,11,21,101383
1200411,22,13,21,912593
1201691,23,12,22,152261
1202587,22,9,21,11287
1203227,23,13,22,457367
1205499,22,10,21,33943
1205531,22,12,21,305495
1206523,21,11,20,203831
1206683,22,11,21,101929
1207067,22,13,21,917653
1207579,23,12,22,153007
1207835,22,12,21,306079
1208347,23,13,22,459313
1208603,22,13,21,918821
1210779,22,11,21,102275
1211163,24,14,23,690575
1211387,23,13,22,460469
1211675,24,12,23,76763
1211803,21,9,20,22747
1212187,22,13,21,921545
1212443,24,13,23,230435
1216347,24,12,23,77059
1216795,21,12,20,616699
1217051,21,12,20,616829
1217627,24,14,23,694261
1218587,22,13,21,926411
1218971,22,11,21,102967
1219995,21,11,20,206107
1220251,24,13,23,231919
1220443,23,12,22,154637
1223707,22,11,21,103367
1223835,21,12,20,620267
1224731,21,10,20,68969
1225755,24,11,23,25885
1225819,22,13,21,931909
1226779,22,13,21,932639
1227003,24,14,23,699607
1227515,24,14,23,699899
1227771,24,14,23,700045
1227803,22,10,21,34571
1228187,21,11,20,207491
1228827,21,11,20,207599
1229467,23,13,22,467341
1229659,21,12,20,623219
1229979,21,12,20,623381
1230683,22,12,21,311869
1233435,22,13,21,937699
1233499,21,12,20,625165
1234011,22,13,21,938137
1234715,21,12,20,625781
1234971,21,11,20,208637
1235035,22,13,21,938915
1235195,22,13,21,939037
1235739,23,12,22,156575
1236123,21,12,20,626495
1236731,22,13,21,940205
1236763,21,12,20,626819
1237147,24,14,23,705391
1237243,23,13,22,470297
1237275,23,13,22,470309
1237659,23,13,22,470455
1238875,22,12,21,313945
1239035,21,12,20,627971
1239643,21,12,20,628279
1239803,24,12,23,78545
1239835,24,12,23,78547
1242907,21,12,20,629933
1243387,22,13,21,945265
1243419,22,13,21,945289
1243931,23,12,22,157613
1245179,21,12,20,631085
1245339,22,12,21,315583
1245979,22,12,21,315745
1247835,21,12,20,632431
1248411,24,13,23,237271
1249051,21,12,20,633047
1250075,22,12,21,316783
1251611,22,13,21,951517
1251995,21,11,20,211513
1252507,23,13,22,476099
1252891,23,13,22,476245
1253019,22,10,21,35281
1253659,23,13,22,476537
1254043,21,11,20,211859
1254139,22,12,21,317813
1254683,24,13,23,238463
1255419,24,13,23,238603
1256091,21,10,20,70735
1256731,22,13,21,955409
1256987,24,13,23,238901
1257115,22,11,21,106189
1257499,24,14,23,716995
1258075,22,13,21,956431
1258267,22,12,21,318859
1258779,23,13,22,478483
1259291,22,13,21,957355
1259803,22,13,21,957745
1261563,22,13,21,959083
1261659,21,12,20,639437
1262171,22,13,21,959545
1263259,24,11,23,26677
1264923,22,13,21,961637
1265435,23,13,22,481013
1266267,22,13,21,962659
1268507,24,14,23,723271
1269019,21,9,20,23821
1269787,24,14,23,724001
1270011,22,12,21,321835
1270043,24,14,23,724147
1270363,22,13,21,965773
1271067,21,11,20,214735
1272411,23,13,22,483665
1273083,21,12,20,645227
1273115,21,11,20,215081
1273371,21,12,20,645373
1273947,21,12,20,645665
1274395,24,14,23,726629
1277179,21,12,20,647303
1277211,21,11,20,215773
1278203,22,12,21,323911
1278555,22,13,21,972001
1279131,24,14,23,729329
1280411,21,12,20,648941
1281275,21,12,20,649379
1282331,22,11,21,108319
1282587,23,12,22,162511
1284187,23,13,22,488141
1284379,24,10,23,9041
1285403,21,11,20,217157
1285883,24,13,23,244393
1286235,22,13,21,977839
1286555,21,12,20,652055
1287419,21,12,20,652493
1288955,22,13,21,979907
1290075,21,12,20,653839
1290331,22,13,21,980953
1290907,24,14,23,736043
1292699,21,12,20,655169
1293051,22,13,21,983021
1293851,22,13,21,983629
1294491,24,13,23,246029
1295611,21,12,20,656645
1295643,22,13,21,984991
1296219,21,12,20,656953
1296379,22,12,21,328517
1296987,22,9,21,12173
1297051,23,13,22,493031
1297147,22,13,21,986135
1297179,22,13,21,986159
1299035,23,11,22,54865
1299483,21,12,20,658607
1299739,24,14,23,741079
1299995,24,13,23,247075
1300507,24,14,23,741517
1301659,22,12,21,329855
1302523,24,14,23,742667
1302555,23,12,22,165041
1302619,24,14,23,742721
1303131,24,10,23,9173
1303291,23,13,22,495403
1303323,23,13,22,495415
1304411,21,12,20,661105
1304571,22,12,21,330593
1304987,22,13,21,992095
1305179,22,11,21,110249
1305627,21,12,20,661721
1306363,22,8,21,4087
1306395,22,12,21,331055
1307931,22,13,21,994333
1308443,23,12,22,165787
1309083,22,13,21,995209
1309435,21,10,20,73739
1309467,21,12,20,663667
1310235,22,13,21,996085
1310715,23,12,22,166075
1310875,21,12,20,664381
1311483,23,13,22,498517
1311515,21,12,20,664705
1312347,21,10,20,73903
1313371,22,11,21,110941
1313531,21,11,20,221909
1313819,24,14,23,749107
1314075,24,13,23,249751
1314587,22,12,21,333131
1314651,23,13,22,499721
1314843,24,12,23,83299
1315611,21,12,20,666781
1315867,23,13,22,500183
1315931,22,13,21,1000415
1316123,22,13,21,1000561
1316379,24,13,23,250189
1318651,22,10,21,37129
1318747,24,13,23,250639
1319003,24,14,23,752063
1319675,21,11,20,222947
1321371,24,14,23,753413
1322011,22,13,21,1005037
1322075,23,13,22,502543
1322139,24,14,23,753851
1322843,23,13,22,502835
1323803,21,12,20,670933
1325307,22,13,21,1007543
1328219,22,13,21,1009757
1328987,22,13,21,1010341
1330715,24,14,23,758741
1330843,21,12,20,674501
1331739,22,13,21,1012433
1333915,22,12,21,338029
1334939,21,12,20,676577
1335131,24,13,23,253753
1336155,24,14,23,761843
1337595,22,13,21,1016885
1337755,24,14,23,762755
1338139,23,13,22,508649
1338523,24,14,23,763193
1338907,23,11,22,56549
1339931,22,13,21,1018661
1340955,22,10,21,37757
1342235,24,13,23,255103
1342459,22,13,21,1020583
1342747,24,14,23,765601
1343131,21,12,20,680729
1343739,21,12,20,681037
1344283,22,13,21,1021969
1345531,23,13,22,511459
1346715,23,13,22,511909
1346811,22,12,21,341297
1346843,22,12,21,341305
1347227,22,13,21,1024207
1347419,24,14,23,768265
1348123,21,11,20,227753
1348379,22,13,21,1025083
1350299,24,14,23,769907
1350811,24,13,23,256733
1351067,22,13,21,1027127
1351323,24,14,23,770491
1352475,22,13,21,1028197
1352955,23,12,22,171427
1353307,23,13,22,514415
1353723,23,13,22,514573
1354523,23,13,22,514877
1355547,24,13,23,257633
1355611,22,11,21,114509
1356891,23,13,22,515777
1357595,22,13,21,1032089
1358843,24,14,23,774779
1359131,22,12,21,344419
1359259,22,13,21,1033355
1359707,22,10,21,38285
1359867,22,13,21,1033817
1359899,22,13,21,1033841
1360923,22,12,21,344873
1361147,23,12,22,172465
1361755,24,11,23,28757
1362011,24,14,23,776585
1363579,23,5,22,79
1364219,22,13,21,1037125
1365019,22,12,21,345911
1365083,23,13,22,518891
1366011,21,10,20,76925
1366267,23,13,22,519341
1367195,21,11,20,230975
1367451,21,12,20,693055
1368059,22,13,21,1040045
1368091,21,12,20,693379
1368219,24,14,23,780125
1368315,22,13,21,1040239
1368923,21,10,20,77089
1369243,21,10,20,77107
1369883,24,14,23,781073
1370107,21,11,20,231467
1370875,24,14,23,781639
1370907,24,14,23,781657
1371163,24,12,23,86867
1371227,22,13,21,1042453
1371387,24,14,23,781931
1371419,24,14,23,781949
1372187,21,12,20,695455
1372411,22,13,21,1043353
1372827,22,13,21,1043669
1372955,23,9,22,6443
1373275,23,13,22,522005
1373979,21,11,20,232121
1374299,24,13,23,261197
1374459,23,13,22,522455
1374875,23,13,22,522613
1375003,22,11,21,116147
1375227,23,10,22,19361
1376251,21,11,20,232505
1376411,23,11,22,58133
1376507,22,13,21,1046467
1377371,24,13,23,261781
1378395,23,13,22,523951
1378971,24,13,23,262085
1379483,24,14,23,786547
1380123,21,11,20,233159
1380379,21,12,20,699607
1380603,22,13,21,1049581
1380955,21,12,20,699899
1381147,23,11,22,58333
1382651,23,13,22,525569
1383067,23,13,22,525727
1384539,22,13,21,1052573
1385115,22,13,21,1053011
1386491,24,14,23,790543
1386747,24,13,23,263563
1387099,21,12,20,703013
1387259,22,12,21,351547
1388635,22,13,21,1055687
1389211,21,12,20,704083
1389339,23,11,22,58679
1389659,24,14,23,792349
1391259,21,12,20,705121
1391355,22,12,21,352585
1391707,23,8,22,2177
1393307,21,12,20,706159
1393499,24,14,23,794539
1393947,22,13,21,1059725
1394779,21,10,20,78545
1395867,22,13,21,1061185
1396379,23,12,22,176929
1396827,22,13,21,1061915
1397851,22,10,21,39359
1398043,22,13,21,1062839
1398555,24,13,23,265807
1399035,24,14,23,797695
1399451,21,12,20,709273
1399547,22,12,21,354661
1399579,24,14,23,798005
1400571,21,12,20,709841
1400603,24,14,23,798589
1400859,24,13,23,266245
1401115,24,14,23,798881
1402139,22,13,21,1065953
1403291,22,13,21,1066829
1403483,22,13,21,1066975
1403995,24,10,23,9883
1404059,22,13,21,1067413
1404187,23,13,22,533755
1404955,23,13,22,534047
1405019,21,11,20,237365
1407227,22,10,21,39623
1407387,22,13,21,1069943
1408667,24,12,23,89243
1408763,21,12,20,713993
1409275,23,11,22,59521
1409883,22,13,21,1071841
1410075,23,13,22,535993
1410203,24,13,23,268021
1410299,21,9,20,26473
1412123,22,13,21,1073543
1412347,21,11,20,238603
1414171,24,13,23,268775
1415163,24,14,23,806891
1415195,22,13,21,1075879
1415579,22,13,21,1076171
1416219,22,13,21,1076657
1416443,21,10,20,79765
1416475,24,13,23,269213
1416955,24,14,23,807913
1418491,21,11,20,239641
1420315,22,13,21,1079771
1423387,22,13,21,1082107
1423771,21,11,20,240533
1424155,23,13,22,541345
1424667,21,12,20,722053
1425819,21,10,20,80293
1426075,23,13,22,542075
1426203,22,13,21,1084247
1426683,21,11,20,241025
1428123,22,13,21,1085707
1428507,24,14,23,814499
1429531,22,9,21,13417
1430555,21,11,20,241679
1431067,24,14,23,815959
1431579,24,14,23,816251
1431643,22,13,21,1088383
1432603,21,10,20,80675
1432987,22,11,21,121045
1433627,22,11,21,121099
1433691,24,13,23,272485
1434267,23,13,22,545189
1435227,24,13,23,272777
1435739,22,13,21,1091497
1436251,24,14,23,818915
1436699,21,11,20,242717
1437531,21,12,20,728573
1437723,22,11,21,121445
1438299,22,12,21,364481
1439003,23,13,22,546989
1443675,21,12,20,731687
1443835,24,12,23,91471
1444603,24,13,23,274559
1445147,22,13,21,1098649
1445531,22,13,21,1098941
1445915,22,11,21,122137
1446491,22,12,21,366557
1447195,23,13,22,550103
1447931,23,12,22,183461
1448443,21,6,20,1007
1449819,24,14,23,826651
1450747,22,13,21,1102907
1450779,21,12,20,735287
1451099,24,14,23,827381
1452443,24,13,23,276049
1452635,23,12,22,184057
1452795,21,12,20,736309
1453723,22,13,21,1105169
1453851,23,12,22,184211
1453915,22,13,21,1105315
1454331,22,13,21,1105631
1455387,23,13,22,553217
1456123,23,12,22,184499
1456891,21,12,20,738385
1457147,21,12,20,738515
1457403,22,13,21,1107967
1457819,21,9,20,27365
1458843,22,11,21,123229
1460059,23,13,22,554993
1460475,24,14,23,832727
1460891,23,10,22,20567
1461531,22,13,21,1111105
1461915,21,11,20,246977
1463067,21,12,20,741515
1464987,24,11,23,30937
1465083,21,12,20,742537
1465339,21,12,20,742667
1466011,21,11,20,247669
1466651,22,13,21,1114997
1466779,22,13,21,1115095
1470715,24,14,23,838565
1471515,22,13,21,1118695
1471579,21,12,20,745829
1471771,24,14,23,839167
1472283,24,14,23,839459
1472795,24,13,23,279917
1473307,22,13,21,1120057
1473819,24,14,23,840335
1474203,21,11,20,249053
1474299,24,12,23,93401
1474587,24,14,23,840773
1475355,23,13,22,560807
1475675,21,12,20,747905
1476699,24,12,23,93553
1476891,21,8,20,9241
1478491,24,14,23,842999
1478907,21,12,20,749543
1478939,22,13,21,1124339
1479195,23,13,22,562267
1479771,21,12,20,749981
1479963,22,10,21,41671
1480955,21,12,20,750581
1482779,23,13,22,563629
1483035,21,10,20,83515
1484379,22,13,21,1128475
1485051,21,12,20,752657
1485563,22,13,21,1129375
1485915,21,12,20,753095
1485979,22,13,21,1129691
1487451,23,13,22,565405
1489147,21,12,20,754733
1489179,21,10,20,83861
1489659,22,13,21,1132489
1490203,23,11,22,62939
1491195,21,12,20,755771
1491547,24,13,23,283481
1491803,22,13,21,1134119
1492123,23,13,22,567181
1493755,22,13,21,1135603
1494107,21,12,20,757247
1494171,24,14,23,851939
1494875,23,12,22,189409
1495643,23,13,22,568519
1496859,23,13,22,568981
1498267,22,13,21,1139033
1498907,22,13,21,1139519
1499899,23,13,22,570137
1500187,24,12,23,95041
1500411,22,12,21,380221
1501179,22,13,21,1141247
1501787,22,13,21,1141709
1501947,24,14,23,856373
1501979,24,14,23,856391
1502235,24,14,23,856537
1503067,23,12,22,190447
1503483,23,13,22,571499
1504283,23,12,22,190601
1504859,24,8,23,1177
1505019,21,7,20,3139
1505051,23,13,22,572095
1507323,23,13,22,572959
1507355,21,12,20,763961
1507931,21,10,20,84917
1507995,24,13,23,286607
1508091,23,13,22,573251
1509019,22,13,21,1147207
1509211,22,12,21,382451
1509371,21,12,20,764983
1509979,22,13,21,1147937
1510427,22,12,21,382759
1511195,22,13,21,1148861
1512027,21,11,20,255443
1513467,21,12,20,767059
1513499,21,12,20,767075
1514235,24,9,23,3553
1514523,22,12,21,383797
1515291,21,12,20,767983
1516795,24,14,23,864839
1516827,24,14,23,864857
1517147,23,10,22,21359
1517211,22,13,21,1153435
1518171,21,11,20,256481
1518331,23,11,22,64127
1519131,24,14,23,866171
1519387,21,12,20,770059
1519643,21,12,20,770189
1521659,21,12,20,771211
1522683,22,12,21,385865
1522715,22,12,21,385873
1523451,21,9,20,28597
1523803,23,13,22,579223
1526939,23,13,22,580415
1528091,23,13,22,580853
1528347,22,13,21,1161901
1528475,21,12,20,774665
1528603,22,12,21,387365
1529371,22,13,21,1162679
1530619,24,11,23,32323
1530875,22,12,21,387941
1531643,21,11,20,258757
1531931,22,13,21,1164625
1532571,21,12,20,776741
1533467,21,8,20,9595
1534043,24,14,23,874673
1535131,23,13,22,583529
1535227,22,13,21,1167131
1535515,23,13,22,583675
1535643,22,12,21,389149
1536027,22,13,21,1167739
1536091,24,13,23,291947
1536283,23,13,22,583967
1536539,22,13,21,1168129
1536667,21,12,20,778817
1538715,21,12,20,779855
1539323,22,13,21,1170245
1539611,21,10,20,86701
1539739,24,14,23,877921
1539835,21,11,20,260141
1540955,23,13,22,585743
1541275,22,13,21,1171729
1541787,23,12,22,195353
1542139,23,13,22,586193
1542235,21,12,20,781639
1542555,23,13,22,586351
1542811,21,12,20,781931
1543323,23,13,22,586643
1543419,22,13,21,1173359
1544027,22,13,21,1173821
1545307,23,12,22,195799
1545755,21,10,20,87047
1546235,24,13,23,293875
1547931,22,12,21,392263
1548123,22,13,21,1176935
1548539,22,12,21,392417
1548699,22,13,21,1177373
1549563,23,13,22,589015
1550331,23,13,22,589307
1551003,21,12,20,786083
1551451,22,12,21,393155
1551611,21,12,20,786391
1552219,22,13,21,1180049
1553051,22,13,21,1180681
1553691,21,12,20,787445
1554683,23,12,22,196987
1554843,24,13,23,295511
1555099,23,13,22,591119
1555611,24,13,23,295657
1555867,24,14,23,887117
1556475,22,13,21,1183285
1556635,24,14,23,887555
1556731,22,12,21,394493
1556763,22,12,21,394501
1557147,22,13,21,1183795
1557755,23,13,22,592129
1559643,22,12,21,395231
1559803,21,12,20,790543
1560347,24,13,23,296557
1560859,22,12,21,395539
1561435,22,8,21,4885
1561595,21,7,20,3257
1561627,22,13,21,1187201
1561755,23,8,22,2443
1561883,21,12,20,791597
1562075,22,5,21,181
1562715,24,13,23,297007
1563419,22,13,21,1188563
1564507,21,10,20,88103
1564667,22,13,21,1189513
1564763,22,13,21,1189585
1564955,22,12,21,396577
1565947,21,12,20,793657
1566555,24,13,23,297737
1566811,23,13,22,595571
1567483,22,13,21,1191653
1567515,22,13,21,1191677
1567899,22,10,21,44147
1568603,21,11,20,265001
1570811,22,9,21,14743
1571099,23,12,22,199067
1571611,22,13,21,1194791
1572955,22,13,21,1195813
1573019,23,13,22,597931
1573659,24,13,23,299087
1573723,22,10,21,44311
1573915,21,12,20,797695
1574747,21,11,20,266039
1574907,22,11,21,133033
1575003,23,13,22,598685
1575963,21,12,20,798733
1576987,24,14,23,899159
1577755,23,13,22,599731
1579003,22,11,21,133379
1579099,24,13,23,300121
1579291,23,12,22,200105
1580027,21,9,20,29659
1580059,21,12,20,800809
1580571,22,13,21,1201603
1581147,22,13,21,1202041
1581723,24,14,23,901859
1583515,22,13,21,1203841
1583899,21,10,20,89195
1584667,22,13,21,1204717
1584923,22,11,21,133879
1585179,23,12,22,200851
1585243,22,13,21,1205155
1585947,23,13,22,602845
1587195,22,11,21,134071
1588219,21,11,20,268315
1588251,21,12,20,804961
1588475,24,13,23,301903
1588763,24,14,23,905873
1589851,23,12,22,201443
1591707,22,13,21,1210069
1592059,21,12,20,806891
1592859,22,13,21,1210945
1592987,23,13,22,605521
1593435,22,13,21,1211383
1594139,21,11,20,269315
1596411,21,11,20,269699
1597083,24,13,23,303539
1597691,23,13,22,607309
1597851,24,13,23,303685
1598043,23,12,22,202481
1598203,21,12,20,810005
1599067,21,12,20,810443
1599899,22,13,21,1216297
1602587,24,13,23,304585
1603995,22,13,21,1219411
1604251,22,12,21,406535
1604347,21,12,20,813119
1605371,24,14,23,915343
1605723,24,10,23,11303
1605883,23,13,22,610423
1606683,23,13,22,610727
1607259,21,12,20,814595
1607771,22,11,21,135809
1608347,22,12,21,407573
1608731,22,13,21,1223011
1608795,21,9,20,30199
1610843,21,11,20,272137
1612187,22,13,21,1225639
1612827,22,13,21,1226125
1612955,24,14,23,919667
1613339,23,12,22,204419
1613467,21,12,20,817741
1613563,22,12,21,408895
1614939,21,10,20,90943
1615643,24,14,23,921199
1616539,22,12,21,409649
1616635,24,13,23,307255
1616923,22,13,21,1229239
1616987,21,11,20,273175
1617435,24,12,23,102469
1618331,22,8,21,5063
1618971,24,13,23,307699
1619995,24,14,23,923681
1620219,21,11,20,273721
1620731,23,13,22,616067
1620763,23,13,22,616079
1621243,22,10,21,45649
1621531,23,12,22,205457
1622171,22,13,21,1233229
1622267,21,11,20,274067
1622811,22,13,21,1233715
1624315,21,10,20,91471
1624475,24,10,23,11435
1625179,21,11,20,274559
1625339,22,11,21,137293
1626651,21,12,20,824423
1627419,23,12,22,206203
1627675,22,12,21,412471
1629595,22,13,21,1238873
1630235,22,13,21,1239359
1630363,22,13,21,1239457
1630491,21,12,20,826369
1630619,22,10,21,45913
1631003,22,13,21,1239943
1631259,24,14,23,930103
1631483,24,11,23,34453
1632027,22,13,21,1240721
1633307,24,14,23,931271
1633947,22,13,21,1242181
1634075,23,13,22,621139
1634331,22,13,21,1242473
1635867,22,12,21,414547
1636635,21,12,20,829483
1639451,22,11,21,138485
1640091,24,13,23,311713
1641115,24,14,23,935723
1641499,23,11,22,69329
1641627,21,12,20,832013
1642331,22,12,21,416185
1642523,22,13,21,1248701
1643099,22,13,21,1249139
1644827,21,12,20,833635
1645595,24,11,23,34751
1645723,21,12,20,834089
1646427,22,12,21,417223
1646939,21,6,20,1145
1647355,24,14,23,939281
1648635,21,12,20,835565
1649243,23,13,22,626905
1649819,21,12,20,836165
1650331,22,13,21,1254637
1650715,21,11,20,278873
1651291,21,12,20,836911
1651355,22,13,21,1255415
1652763,21,10,20,93073
1652827,23,13,22,628267
1653403,24,13,23,314243
1654555,21,12,20,838565
1654619,22,12,21,419299
1654779,21,12,20,838679
1654939,24,12,23,104845
1655067,22,13,21,1258237
1655387,21,12,20,838987
1655451,22,13,21,1258529
1655643,21,12,20,839117
1655899,23,13,22,629435
1655963,21,12,20,839279
1656475,24,13,23,314827
1657627,22,12,21,420061
1658651,21,12,20,840641
1659131,24,14,23,945995
1659163,22,13,21,1261351
1660923,21,12,20,841793
1662715,24,13,23,316013
1662747,21,12,20,842717
1663259,22,13,21,1264465
1663579,21,12,20,843139
1663835,21,12,20,843269
1664155,21,12,20,843431
1664603,22,12,21,421829
1665275,23,13,22,632999
1665691,21,9,20,31267
1665819,22,12,21,422137
1667355,22,13,21,1267579
1667739,21,11,20,281749
1669787,21,11,20,282095
1669883,22,12,21,423167
1670811,24,14,23,952655
1672795,22,12,21,423905
1673211,22,13,21,1272031
1673883,21,11,20,282787
1674523,24,13,23,318257
1675547,22,13,21,1273807
1676315,24,14,23,955793
1677307,22,13,21,1275145
1677339,24,14,23,956377
1677403,21,12,20,850145
1678619,24,14,23,957107
1679003,23,11,22,70913
1679099,21,12,20,851005
1679131,22,13,21,1276531
1679387,23,13,22,638363
1679451,21,12,20,851183
1681051,22,10,21,47333
1682075,21,11,20,284171
1683227,22,13,21,1279645
1683547,21,12,20,853259
1684059,23,13,22,640139
1686811,23,13,22,641185
1686939,24,13,23,320617
1687067,21,12,20,855043
1687579,23,13,22,641477
1687643,21,12,20,855335
1688603,24,13,23,320933
1689595,24,14,23,963365
1689691,21,12,20,856373
1690363,24,14,23,963803
1690651,22,13,21,1285289
1690907,21,10,20,95221
1692251,23,13,22,643253
1692315,23,13,22,643277
1692763,22,12,21,428965
1692955,21,11,20,286009
1693211,21,12,20,858157
1693723,22,13,21,1287625
1693787,24,14,23,965755
1693979,22,9,21,15899
1697371,24,14,23,967799
1698203,21,12,20,860687
1698395,22,13,21,1291177
1698907,23,12,22,215261
1699067,21,12,20,861125
1699675,23,13,22,646075
1700123,23,10,22,23935
1701403,21,12,20,862309
1701979,22,13,21,1293901
1702139,22,12,21,431341
1702171,22,11,21,143783
1702299,21,12,20,862763
1703163,21,12,20,863201
1703515,21,7,20,3553
1703963,24,14,23,971557
1705819,22,13,21,1296821
1705979,24,14,23,972707
1706075,22,13,21,1297015
1706395,21,12,20,864839
1706587,22,13,21,1297405
1706747,24,14,23,973145
1707867,21,12,20,865585
1709147,24,14,23,974513
1710363,22,11,21,144475
1710747,22,13,21,1300567
1711355,21,12,20,867353
1711515,22,12,21,433717
1711963,21,12,20,867661
1712539,21,12,20,867953
1712731,22,9,21,16075
1712795,24,13,23,325531
1712923,22,13,21,1302221
1714939,23,13,22,651877
1715227,21,12,20,869315
1715355,23,12,22,217345
1715451,22,13,21,1304143
1715739,23,13,22,652181
1716827,22,11,21,145021
1718523,24,14,23,979859
1719035,24,13,23,326717
1719291,22,13,21,1307063
1719547,24,14,23,980443
1719835,24,13,23,326869
1720155,21,12,20,871813
1720731,21,12,20,872105
1720923,22,11,21,145367
1721179,23,12,22,218083
1721499,22,12,21,436247
1721947,21,9,20,32323
1723931,23,13,22,655295
1725083,24,14,23,983599
1725211,22,13,21,1311563
1725979,22,13,21,1312147
1727483,22,13,21,1313291
1727515,21,12,20,875543
1728283,23,12,22,218983
1728923,24,14,23,985789
1729115,22,11,21,146059
1729371,23,12,22,219121
1729691,22,12,21,438323
1729819,23,13,22,657533
1730139,21,11,20,292291
1731355,21,12,20,877489
1731867,22,13,21,1316623
1732123,23,13,22,658409
1733659,24,14,23,988489
1733723,23,13,22,659017
1735419,21,11,20,293183
1735675,21,12,20,879679
1735963,22,13,21,1319737
1736443,24,14,23,990077
1737467,21,10,20,97843
1737755,22,13,21,1321099
1737819,24,13,23,330287
1738331,21,11,20,293675
1738843,24,14,23,991445
1740635,22,13,21,1323289
1741051,22,13,21,1323605
1741915,23,13,22,662131
1743099,23,13,22,662581
1743515,23,12,22,220913
1743899,23,13,22,662885
1744155,22,13,21,1325965
1744635,23,11,22,73685
1744731,22,13,21,1326403
1747035,23,12,22,221359
1747195,24,13,23,332069
1747707,24,14,23,996499
1748059,22,13,21,1328933
1748507,24,14,23,996955
1748827,22,13,21,1329517
1750107,21,12,20,886993
1750555,23,9,22,8215
1751291,23,13,22,665695
1751835,22,13,21,1331803
1752603,22,11,21,148043
1753179,22,12,21,444275
1753243,23,13,22,666437
1753339,22,13,21,1332947
1754971,24,13,23,333547
1755227,23,12,22,222397
1755803,24,12,23,111235
1755931,22,13,21,1334917
1756251,22,13,21,1335161
1756699,22,10,21,49463
1757435,21,12,20,890707
1758299,21,12,20,891145
1758747,23,11,22,74281
1759483,21,12,20,891745
1760027,22,13,21,1338031
1760091,21,7,20,3671
1760571,24,4,23,17
1761435,23,13,22,669551
1761531,21,12,20,892783
1762075,24,13,23,334897
1762331,24,14,23,1004837
1762587,22,12,21,446659
1764091,22,13,21,1341121
1764123,22,13,21,1341145
1764443,21,12,20,894259
1764603,23,12,22,223585
1764635,23,12,22,223589
1765915,21,10,20,99445
1765979,24,13,23,335639
1766939,23,11,22,74627
1767675,21,12,20,895897
1768219,22,13,21,1344259
1769307,23,9,22,8303
1769627,23,13,22,672665
1771163,24,14,23,1009873
1771515,22,13,21,1346765
1771931,22,12,21,449027
1772283,22,13,21,1347349
1772827,23,12,22,224627
1774363,23,13,22,674465
1774875,22,12,21,449773
1775611,22,13,21,1349879
1775643,22,13,21,1349903
1776891,24,12,23,112571
1777435,22,13,21,1351265
1777499,23,11,22,75073
1777947,21,12,20,901103
1778427,24,13,23,338005
1778523,21,9,20,33385
1778843,21,9,20,33391
1779803,24,14,23,1014799
1780891,21,11,20,300865
1781531,22,13,21,1354379
1781787,23,13,22,677287
1781851,24,14,23,1015967
1782555,23,13,22,677579
1783803,22,13,21,1356107
1784091,21,12,20,904217
1784987,21,10,20,100519
1785691,23,11,22,75419
1786011,24,14,23,1018339
1786267,24,12,23,113165
1786715,21,11,20,301849
1786971,22,13,21,1358515
1787035,21,11,20,301903
1790555,21,12,20,907493
1791259,24,14,23,1021331
1791995,21,11,20,302741
1793051,22,12,21,454379
1793819,21,11,20,303049
1794043,21,10,20,101029
1794203,22,10,21,50519
1794299,23,13,22,682043
1794331,23,13,22,682055
1794715,23,13,22,682201
1794843,22,10,21,50537
1794907,21,11,20,303233
1795227,21,11,20,303287
1796187,22,13,21,1365521
1796347,22,13,21,1365643
1796699,21,12,20,910607
1798235,24,14,23,1025309
1798811,24,13,23,341879
1800475,22,13,21,1368781
1800603,24,14,23,1026659
1800859,22,13,21,1369073
1801211,22,11,21,152149
1802491,23,13,22,685157
1802843,21,12,20,913721
1804379,22,13,21,1371749
1804955,22,13,21,1372187
1806875,22,13,21,1373647
1809819,22,13,21,1375885
1810459,22,13,21,1376371
1812059,24,12,23,114799
1813147,22,13,21,1378415
1813755,22,13,21,1378877
1815131,22,13,21,1379923
1815835,23,13,22,690229
1816987,24,14,23,1036001
1818011,22,13,21,1382113
1818395,24,13,23,345601
1818651,22,13,21,1382599
1818715,21,11,20,307255
1819227,22,13,21,1383037
1819739,23,10,22,25619
1820667,24,13,23,346033
1820763,21,11,20,307601
1821339,21,12,20,923095
1821947,22,13,21,1385105
1822555,22,13,21,1385567
1822811,21,10,20,102649
1823835,24,11,23,38515
1824027,23,13,22,693343
1824795,23,13,22,693635
1825947,23,13,22,694073
1826043,21,9,20,34277
1826203,22,13,21,1388341
1826843,22,13,21,1388827
1827067,22,11,21,154333
1827867,22,13,21,1389605
1828635,22,13,21,1390189
1828699,24,14,23,1042679
1829115,23,10,22,25751
1829979,22,11,21,154579
1830139,21,11,20,309185
1830683,23,13,22,695873
1830939,22,13,21,1391941
1831963,22,13,21,1392719
1832219,21,12,20,928609
1832731,22,13,21,1393303
1833211,24,11,23,38713
1834235,21,11,20,309877
1834267,24,14,23,1045853
1834523,21,12,20,929777
1835003,22,13,21,1395031
1835035,24,14,23,1046291
1835291,22,12,21,465083
1835419,21,9,20,34453
1835675,22,13,21,1395541
1835803,24,14,23,1046729
1836059,22,13,21,1395833
1837467,21,11,20,310423
1838107,23,13,22,698695
1838363,21,12,20,931723
1838875,23,13,22,698987
1839131,22,13,21,1398169
1839707,24,14,23,1048955
1840411,21,12,20,932761
1840667,21,12,20,932891
1841563,21,10,20,103705
1841819,24,13,23,350053
1841947,22,13,21,1400309
1842331,24,14,23,1050451
1842427,21,11,20,311261
1843483,22,12,21,467159
1843611,21,11,20,311461
1843867,22,13,21,1401769
1845275,22,8,21,5773
1847131,21,12,20,936167
1848347,21,10,20,104087
1849627,24,12,23,117179
1850395,24,13,23,351683
1850907,22,13,21,1407121
1851419,23,10,22,26065
1851803,21,11,20,312845
1852059,22,13,21,1407997
1853275,21,12,20,939281
1854203,22,13,21,1409627
1855579,24,14,23,1058005
1856155,24,14,23,1058333
1857563,22,10,21,52303
1858203,24,13,23,353167
1858587,21,11,20,313991
1859227,24,14,23,1060085
1859419,21,12,20,942395
1860347,23,13,22,707149
1860891,22,13,21,1414711
1861211,22,13,21,1414955
1862395,24,14,23,1061891
1862811,22,12,21,472057
1862939,24,13,23,354067
1863771,22,13,21,1416901
1865499,23,12,22,236369
1866491,22,13,21,1418969
1866523,21,12,20,945995
1867035,23,13,22,709691
1868379,24,12,23,118367
1868571,21,12,20,947033
1868635,22,12,21,473533
1868955,23,12,22,236807
1869403,22,13,21,1421183
1869467,22,13,21,1421231
1871707,23,13,22,711467
1872667,21,12,20,949109
1873563,21,8,20,11723
1874331,24,14,23,1068697
1875227,23,13,22,712805
1875611,23,13,22,712951
1876219,24,13,23,356591
1876763,21,12,20,951185
1877243,22,13,21,1427143
1877595,21,12,20,951607
1878811,21,12,20,952223
1879067,24,14,23,1071397
1879579,24,14,23,1071689
1879707,21,10,20,105853
1882523,22,13,21,1431157
1883419,23,13,22,715919
1885019,24,14,23,1074791
1885435,22,13,21,1433371
1885851,21,10,20,106199
1886875,22,11,21,159385
1887259,22,13,21,1434757
1888539,23,13,22,717865
1888795,22,13,21,1435925
1889307,23,13,22,718157
1891099,24,13,23,359419
1891867,24,12,23,119855
1892123,24,14,23,1078841
1892635,24,13,23,359711
1893147,24,14,23,1079425
1894491,22,12,21,480085
1895163,23,13,22,720383
1895195,23,13,22,720395
1895451,22,13,21,1440985
1896699,21,12,20,961289
1897563,21,12,20,961727
1898779,22,13,21,1443515
1900635,23,12,22,240821
1900795,21,12,20,963365
1901659,21,12,20,963803
1903355,23,13,22,723497
1903771,23,13,22,723655
1903867,22,12,21,482461
1903899,22,11,21,160823
1904891,21,12,20,965441
1904923,21,10,20,107273
1905947,24,11,23,40249
1906203,22,12,21,483053
1906939,21,12,20,966479
1906971,22,13,21,1449743
1907963,24,14,23,1087873
1907995,22,10,21,53723
1909019,21,11,20,322511
1909499,22,13,21,1451665
1909851,21,12,20,967955
1910011,23,12,22,242009
1910555,22,13,21,1452467
1910779,23,13,22,726319
1910875,24,14,23,1089533
1911035,21,12,20,968555
1911547,23,13,22,726611
1911899,24,14,23,1090117
1911963,23,13,22,726769
1913435,22,13,21,1454657
1913947,23,13,22,727523
1915163,21,11,20,323549
1915547,24,14,23,1092197
1916155,22,12,21,485575
1916699,23,13,22,728569
1916923,22,13,21,1457309
1917083,24,14,23,1093073
1917339,24,14,23,1093219
1917531,22,13,21,1457771
1917787,23,13,22,728983
1918107,22,13,21,1458209
1919227,21,12,20,972707
1919387,23,12,22,243197
1920155,21,12,20,973177
1920667,22,13,21,1460155
1920795,24,13,23,365063
1921275,22,13,21,1460617
1921819,24,14,23,1095773
1922075,22,12,21,487075
1923067,24,13,23,365495
1923323,23,13,22,731087
1923835,24,13,23,365641
1924091,24,14,23,1097069
1924763,22,13,21,1463269
1924859,24,14,23,1097507
1924891,23,13,22,731683
1924955,22,12,21,487805
1925147,21,12,20,975707
1925371,22,13,21,1463731
1925531,22,12,21,487951
1925723,22,13,21,1463999
1925979,23,13,22,732097
1926299,22,13,21,1464437
1928347,21,12,20,977329
1928859,24,14,23,1099787
1929243,21,12,20,977783
1929979,23,8,22,3019
1930267,22,12,21,489151
1932955,22,13,21,1469497
1933339,21,12,20,979859
1933915,21,11,20,326717
1934171,21,12,20,980281
1934491,21,12,20,980443
1935963,21,10,20,109021
1936123,22,10,21,54515
1936155,22,12,21,490643
1937691,24,14,23,1104823
1937947,24,13,23,368323
1939483,21,12,20,982973
1939547,24,13,23,368627
1941019,22,13,21,1475627
1941243,23,13,22,737899
1941595,22,13,21,1476065
1943131,22,11,21,164137
1944347,22,12,21,492719
1945115,22,13,21,1478741
1945691,22,13,21,1479179
1947675,21,12,20,987125
1949211,22,13,21,1481855
1949787,22,13,21,1482293
1949947,24,14,23,1111811
1949979,24,14,23,1111829
1950363,21,12,20,988487
1951739,22,13,21,1483777
1951835,23,13,22,741925
1953435,23,12,22,247511
1955355,23,13,22,743263
1955931,21,12,20,991309
1957019,22,13,21,1487791
1957531,24,12,23,124015
1957979,21,12,20,992347
1958427,22,8,21,6127
1958555,21,12,20,992639
1959707,23,13,22,744917
1959931,22,13,21,1490005
1960027,21,12,20,993385
1960347,22,13,21,1490321
1961211,23,13,22,745489
1961499,21,10,20,110459
1961627,23,12,22,248549
1961755,22,13,21,1491391
1963099,22,12,21,497471
1963547,23,13,22,746377
1963803,24,13,23,373237
1964443,22,13,21,1493435
1964827,24,14,23,1120295
1965307,24,13,23,373523
1965595,21,11,20,332069
1966075,24,13,23,373669
1966171,21,12,20,996499
1967195,22,12,21,498509
1967771,22,12,21,498655
1968123,22,13,21,1496233
1968539,22,13,21,1496549
1969947,22,13,21,1497619
1970011,24,13,23,374417
1970715,22,10,21,55489
1970779,24,13,23,374563
1971739,21,11,20,333107
1972219,22,13,21,1499347
1972475,22,12,21,499847
1972891,24,14,23,1124893
1973403,24,14,23,1125185
1974107,23,13,22,750391
1974683,24,13,23,375305
1975387,22,12,21,500585
1975963,22,12,21,500731
1976571,22,12,21,500885
1976731,21,12,20,1001851
1976923,22,13,21,1502923
1977371,22,13,21,1503263
1978139,22,13,21,1503847
1979675,21,12,20,1003343
1980411,22,13,21,1505575
1980699,24,14,23,1129345
1981179,24,14,23,1129619
1981691,21,12,20,1004365
1982299,23,13,22,753505
1982619,22,13,21,1507253
1982747,23,12,22,251225
1984763,22,12,21,502961
1984923,21,12,20,1006003
1985819,21,12,20,1006457
1986555,22,8,21,6215
1986715,21,8,20,12431
1989659,22,13,21,1512605
1989787,23,10,22,28013
1990395,22,13,21,1513165
1990491,21,11,20,336275
1991067,21,12,20,1009117
1992475,24,14,23,1136059
1992539,21,10,20,112207
1992699,24,10,23,14027
1992795,22,13,21,1514989
1993499,24,13,23,378881
1994011,24,14,23,1136935
1994843,23,13,22,758273
1995035,24,12,23,126391
1995803,21,12,20,1011517
1996059,23,13,22,758735
1996891,24,14,23,1138577
1997819,22,13,21,1518809
1998587,22,13,21,1519393
1998843,22,10,21,56281
1998875,22,12,21,506537
1999003,21,10,20,112571
1999451,24,14,23,1140037
1999707,24,11,23,42229
1999963,24,14,23,1140329
2000027,22,11,21,168943
2000987,22,13,21,1521217
2001563,24,14,23,1141241
2002171,22,13,21,1522117
2002203,22,13,21,1522141
2002715,23,10,22,28195
2005019,23,12,22,254047
2007835,21,11,20,339205
2008315,24,13,23,381697
2009339,24,14,23,1145675
2009851,21,12,20,1018637
2009883,21,11,20,339551
2011931,21,10,20,113299
2012251,24,13,23,382445
2013211,23,12,22,255085
2013595,23,13,22,765401
2013947,21,12,20,1020713
2016283,22,13,21,1532845
2017947,24,14,23,1150583
2018043,21,12,20,1022789
2018331,23,13,22,767201
2018555,22,13,21,1534573
2019163,22,13,21,1535035
2019579,22,13,21,1535351
2020379,22,13,21,1535959
2021627,24,13,23,384227
2022171,24,14,23,1152991
2022939,24,14,23,1153429
2023163,24,12,23,128173
2023451,24,14,23,1153721
2023675,22,13,21,1538465
2024091,22,12,21,512927
2024187,21,12,20,1025903
2024475,22,13,21,1539073
2024539,21,9,20,38003
2024699,24,13,23,384811
2025563,24,11,23,42775
2026523,23,13,22,770315
2026587,22,13,21,1540679
2027163,21,12,20,1027411
2027355,22,13,21,1541263
2027611,22,10,21,57091
2028571,22,13,21,1542187
2028635,21,11,20,342719
2031707,22,11,21,171619
2032379,21,12,20,1030055
2032667,22,13,21,1545301
2032731,21,11,20,343411
2033307,21,12,20,1030525
2033499,23,13,22,772967
2033915,21,9,20,38179
2034715,23,13,22,773429
2035963,21,11,20,343957
2038011,21,11,20,344303
2038811,24,13,23,387493
2039035,24,14,23,1162607
2039323,22,12,21,516787
2040091,22,13,21,1550945
2040923,21,11,20,344795
2041115,22,12,21,517241
2041499,21,12,20,1034677
2042107,21,11,20,344995
2043291,21,8,20,12785
2043419,22,12,21,517825
2044571,24,14,23,1165763
2045211,22,12,21,518279
2046363,22,10,21,57619
2047227,23,11,22,86465
2048283,21,12,20,1038115
2048411,24,14,23,1167953
2049275,22,10,21,57701
2050299,21,11,20,346379
2050459,22,11,21,173203
2050843,24,14,23,1169339
2051099,24,14,23,1169485
2051355,24,12,23,129959
2051611,22,12,21,519901
2052379,21,12,20,1040191
2052635,21,12,20,1040321
2052699,23,13,22,780265
2052891,24,13,23,390169
2055163,24,13,23,390601
2055579,21,10,20,115757
2055835,23,13,22,781457
2056603,23,11,22,86861
2057819,24,14,23,1173317
2058315,21,3,20,53
2058843,22,13,21,1565201
2059291,22,10,21,57983
2059931,24,13,23,391507
2060539,23,13,22,783245
2060571,21,12,20,1044343
2060827,21,12,20,1044473
2060955,24,14,23,1175105
2061339,23,11,22,87061
2062363,21,9,20,38713
2064027,23,13,22,784571
2064411,21,11,20,348763
2065179,24,14,23,1177513
2066075,22,13,21,1570699
2066427,21,12,20,1047311
2067611,21,12,20,1047911
2068507,21,10,20,116485
2069019,24,14,23,1179703
2069595,22,13,21,1573375
2070523,21,12,20,1049387
2070555,21,11,20,349801
2071195,22,13,21,1574591
2071707,21,12,20,1049987
2072219,23,13,22,787685
2074203,24,14,23,1182659
2074619,21,12,20,1051463
2074715,22,13,21,1577267
2075739,23,13,22,789023
2076443,21,12,20,1052387
2078747,21,11,20,351185
2078971,22,13,21,1580503
2079739,22,12,21,527029
2079899,21,12,20,1054139
2080763,21,12,20,1054577
2080923,22,12,21,527329
2081019,24,13,23,395515
2081051,24,13,23,395521
2083483,22,13,21,1583933
2083579,23,12,22,264001
2083611,23,12,22,264005
2083931,23,13,22,792137
2083995,23,13,22,792161
2084635,21,12,20,1056539
2085147,23,13,22,792599
2087579,21,10,20,117559
2088603,24,14,23,1190869
2088955,21,12,20,1058729
2089115,22,12,21,529405
2089627,21,11,20,353023
2089723,22,12,21,529559
2089755,22,12,21,529567
2090267,23,13,22,794545
2090651,23,9,22,9811
2092315,22,13,21,1590647
2092699,22,11,21,176771
2093307,24,14,23,1193551
2093659,22,13,21,1591669
2094363,24,13,23,398051
2094875,24,14,23,1194445
2095195,21,12,20,1061891
2095387,22,13,21,1592983
2096411,22,13,21,1593761
2096667,24,13,23,398489
2096795,22,10,21,59039
2097147,24,14,23,1195741
2097915,22,12,21,531635
2098843,23,11,22,88645
2100507,22,13,21,1596875
2101851,22,13,21,1597897
2102363,23,12,22,266381
2102811,22,13,21,1598627
2103579,22,13,21,1599211
2104731,24,14,23,1200065
2106395,22,13,21,1601351
2107035,23,11,22,88991
2108507,22,12,21,534319
2108699,24,14,23,1202327
2109275,22,13,21,1603541
2109467,22,13,21,1603687
2109723,22,9,21,19801
2110043,22,13,21,1604125
2111739,23,12,22,267569
2111771,24,14,23,1204079
2112539,24,14,23,1204517
2113627,24,14,23,1205137
2113819,22,11,21,178555
2114139,22,13,21,1607239
2114651,24,12,23,133969
2115419,24,13,23,402053
2116763,24,14,23,1206925
2117915,22,11,21,178901
2121467,23,13,22,806405
2121563,22,13,21,1612883
2121819,22,13,21,1613077
2122331,22,13,21,1613467
2122779,24,14,23,1210355
2123867,23,13,22,807317
2124027,24,12,23,134563
2126107,22,11,21,179593
2126363,24,12,23,134711
2126491,22,13,21,1616629
2128475,22,8,21,6659
2128539,23,13,22,809093
2128667,22,13,21,1618283
2128795,24,6,23,185
2129659,23,13,22,809519
2130523,24,14,23,1214771
2130587,24,14,23,1214807
2132379,24,14,23,1215829
2132635,24,13,23,405325
2133147,22,12,21,540563
2134811,23,13,22,811477
2137243,22,12,21,541601
2137499,23,12,22,270833
2137627,22,13,21,1625095
2137851,23,13,22,812633
2138907,24,13,23,406517
2139387,24,14,23,1219825
2139739,22,13,21,1626701
2140155,22,12,21,542339
2140571,22,13,21,1627333
2140763,22,10,21,60277
2140955,22,13,21,1627625
2141723,22,13,21,1628209
2145435,22,12,21,543677
2145691,23,12,22,271871
2145819,22,13,21,1631323
2150171,22,12,21,544877
2151707,22,13,21,1635799
2151963,23,13,22,817997
2152475,22,12,21,545461
2154011,24,14,23,1228163
2154235,24,14,23,1228291
2154491,24,12,23,136493
2154779,24,14,23,1228601
2155547,23,13,22,819359
2158427,24,13,23,410227
2159259,24,12,23,136795
2159707,22,13,21,1641881
2160155,23,13,22,821111
2161307,22,12,21,547699
2162427,22,10,21,60887
2162939,23,13,22,822169
2162971,23,13,22,822181
2163803,22,13,21,1644995
2164571,22,13,21,1645579
2165403,22,12,21,548737
2166299,24,9,23,5083
2167035,24,13,23,411863
2168827,24,14,23,1236611
2168859,24,14,23,1236629
2168923,22,12,21,549629
2169083,22,13,21,1649009
2169499,22,12,21,549775
2170395,23,11,22,91667
2170715,23,13,22,825125
2170971,24,12,23,137537
2171547,23,12,22,275147
2171995,22,13,21,1651223
2173179,22,13,21,1652123
2175067,23,12,22,275593
2178043,22,13,21,1655821
2178907,23,13,22,828239
2179227,22,13,21,1656721
2180379,24,12,23,138133
2181371,22,13,21,1658351
2181915,24,13,23,414691
2182427,24,14,23,1244365
2182683,24,11,23,46093
2182939,24,14,23,1244657
2183259,23,12,22,276631
2183963,22,13,21,1660321
2184475,23,12,22,276785
2185051,24,8,23,1709
2185211,24,14,23,1245953
2185371,22,7,21,2279
2186235,22,13,21,1662049
2187291,22,13,21,1662851
2188891,24,13,23,416017
2189723,24,12,23,138725
2190491,24,13,23,416321
2190619,22,12,21,555127
2191003,22,13,21,1665673
2191195,22,10,21,61697
2191387,22,13,21,1665965
2193179,22,13,21,1667327
2193819,23,12,22,277969
2194171,23,13,22,834041
2194427,22,13,21,1668277
2194715,22,12,21,556165
2195483,22,13,21,1669079
2196251,24,14,23,1252247
2196635,22,13,21,1669955
2197339,23,10,22,30935
2200603,22,12,21,557657
2200667,24,13,23,418255
2201627,23,13,22,836875
2201691,24,14,23,1255349
2202011,23,12,22,279007
2202907,22,12,21,558241
2203803,24,9,23,5171
2203899,22,13,21,1675477
2206747,23,12,22,279607
2206811,22,13,21,1677691
2208795,22,12,21,559733
2209563,24,14,23,1259837
2209819,23,13,22,839989
2210043,24,13,23,420037
2210555,24,14,23,1260403
2212091,22,13,21,1681705
2212123,22,13,21,1681729
2212507,22,13,21,1682021
2214683,22,11,21,187075
2215003,22,13,21,1683919
2216219,22,13,21,1684843
2217051,24,13,23,421369
2218075,23,13,22,843127
2219547,22,13,21,1687373
2219675,24,14,23,1265603
2220123,22,13,21,1687811
2220187,24,11,23,46885
2220283,22,13,21,1687933
2220699,22,13,21,1688249
2220827,23,11,22,93797
2221659,22,12,21,562993
2223195,22,13,21,1690147
2224379,24,14,23,1268285
2226427,24,13,23,423151
2227451,24,14,23,1270037
2228315,22,13,21,1694039
2231035,22,12,21,565369
2231963,24,12,23,141401
2232155,24,14,23,1272719
2235803,24,13,23,424933
2236827,24,14,23,1275383
2237179,23,12,22,283463
2237691,22,13,21,1701167
2238875,22,13,21,1702067
2239643,22,13,21,1702651
2240283,24,14,23,1277353
2240539,24,13,23,425833
2241819,22,13,21,1704305
2241947,23,7,22,1169
2242555,24,14,23,1278649
2243835,23,13,22,852919
2245467,22,13,21,1707079
2245723,22,11,21,189697
2245787,23,13,22,853661
2246299,22,12,21,569237
2247067,22,13,21,1708295
2247771,23,10,22,31645
2247835,24,14,23,1281659
2249755,23,13,22,855169
2250747,22,13,21,1711093
2252571,22,13,21,1712479
2253211,23,13,22,856483
2253659,22,13,21,1713307
2253979,23,13,22,856775
2255099,22,11,21,190489
2255643,24,14,23,1286111
2257179,24,14,23,1286987
2257435,24,14,23,1287133
2257563,23,13,22,858137
2257947,23,13,22,858283
2259035,22,13,21,1717393
2259611,22,13,21,1717831
2260379,22,9,21,21215
2263707,22,13,21,1720945
2263835,23,13,22,860521
2265371,23,12,22,287035
2265627,22,12,21,574135
2267803,22,13,21,1724059
2268571,22,11,21,191627
2268699,24,13,23,431185
2271323,22,13,21,1726735
2271899,22,13,21,1727173
2271995,23,13,22,863623
2272411,23,12,22,287927
2272795,23,13,22,863927
2273307,22,10,21,64009
2274395,24,14,23,1296803
2276763,22,11,21,192319
2277403,22,11,21,192373
2277467,23,13,22,865703
2278235,23,12,22,288665
2278555,22,12,21,577411
2279515,22,13,21,1732963
2280091,22,13,21,1733401
2280187,23,13,22,866737
2281115,22,13,21,1734179
2282075,22,12,21,578303
2282779,24,13,23,433861
2283291,22,12,21,578611
2283547,24,11,23,48223
2283771,24,14,23,1302149
2285211,22,13,21,1737293
2285307,24,14,23,1303025
2285339,23,12,22,289565
2285563,24,14,23,1303171
2286331,22,13,21,1738145
2286875,23,13,22,869279
2287611,23,12,22,289853
2288219,24,12,23,144965
2288891,22,13,21,1740091
2288923,22,13,21,1740115
2289307,22,13,21,1740407
2289499,24,14,23,1305415
2290331,24,14,23,1305889
2291483,22,12,21,580687
2292987,22,13,21,1743205
2293019,22,13,21,1743229
2293755,22,12,21,581263
2294523,22,13,21,1744373
2295451,23,13,22,872539
2296219,23,13,22,872831
2297083,24,14,23,1309739
2297115,22,13,21,1746343
2297627,24,12,23,145561
2299163,24,13,23,436975
2299419,24,14,23,1311071
2300187,24,14,23,1311509
2300571,23,11,22,97165
2301179,22,13,21,1749433
2302043,24,14,23,1312567
2302363,22,13,21,1750333
2302619,22,11,21,194503
2303643,23,13,22,875653
2304667,24,10,23,16223
2308891,22,13,21,1755295
2310235,22,12,21,585439
2310299,23,13,22,878183
2310427,22,13,21,1756463
2310555,22,13,21,1756561
2310939,24,13,23,439213
2311195,24,14,23,1317785
2311451,24,14,23,1317931
2312987,22,13,21,1758409
2313499,24,14,23,1319099
2314523,22,13,21,1759577
2314779,24,13,23,439943
2317339,23,13,22,880859
2318171,24,14,23,1321763
2318939,24,14,23,1322201
2319643,22,11,21,195941
2319963,22,13,21,1763713
2320795,24,14,23,1323259
2321659,23,12,22,294167
2321691,23,11,22,98057
2321947,22,12,21,588407
2322523,22,12,21,588553
2322715,22,13,21,1765805
2325243,22,13,21,1767727
2325755,24,12,23,147343
2325787,24,11,23,49115
2328155,22,13,21,1769941
2328571,22,13,21,1770257
2328987,22,12,21,590191
2329755,22,13,21,1771157
2329851,23,12,22,295205
2331739,24,14,23,1329499
2332667,22,13,21,1773371
2333851,22,13,21,1774271
2335131,24,12,23,147937
2335995,22,12,21,591967
2336347,22,13,21,1776169
2336763,22,13,21,1776485
2338587,22,13,21,1777871
2341115,24,14,23,1334845
2341275,22,12,21,593305
2341627,24,14,23,1335137
2342043,22,13,21,1780499
2342427,24,14,23,1335593
2342907,24,13,23,445289
2344187,22,12,21,594043
2344795,22,12,21,594197
2346779,22,13,21,1784099
2350843,22,13,21,1787189
2352987,22,12,21,596273
2354203,22,12,21,596581
2356507,24,14,23,1343621
2357339,22,13,21,1792127
2357531,24,14,23,1344205
2358011,23,10,22,33197
2358043,23,12,22,298777
2358811,24,14,23,1344935
2359451,22,12,21,597911
2359579,23,13,22,896915
2360091,22,12,21,598073
2360411,24,14,23,1345847
2360923,24,10,23,16619
2361435,22,13,21,1795241
2363035,24,14,23,1347343
2364187,22,12,21,599111
2365531,22,13,21,1798355
2366875,22,13,21,1799377
2367003,23,13,22,899737
2367515,22,13,21,1799863
2367771,23,13,22,900029
2368251,22,11,21,200047
2368795,24,13,23,450209
2369787,24,14,23,1351193
2370587,24,14,23,1351649
2370843,22,13,21,1802393
2371099,24,13,23,450647
2371611,24,14,23,1352233
2371675,23,13,22,901513
2372379,22,12,21,601187
2373915,22,13,21,1804729
2376283,24,14,23,1354897
2376539,24,13,23,451681
2376795,24,14,23,1355189
2376859,22,13,21,1806967
2377563,24,14,23,1355627
2379419,22,12,21,602971
2379867,23,13,22,904627
2381819,23,13,22,905369
2383515,22,12,21,604009
2383643,24,13,23,453031
2384155,24,14,23,1359385
2385051,22,13,21,1813195
2386171,24,14,23,1360535
2388507,24,14,23,1361867
2388571,24,14,23,1361903
2389787,22,13,21,1816795
2390427,23,13,22,908641
2391707,22,12,21,606085
2392315,22,12,21,606239
2392667,22,13,21,1818985
2392731,22,13,21,1819033
2392923,24,13,23,454795
2393115,22,13,21,1819325
2393243,22,13,21,1819423
2395163,23,13,22,910441
2396699,23,11,22,101225
2398619,23,13,22,911755
2399259,24,13,23,455999
2399771,24,14,23,1368289
2401051,24,14,23,1369019
2402395,24,13,23,456595
2403355,23,13,22,913555
2405403,22,13,21,1828667
2407195,22,13,21,1830029
2408539,22,13,21,1831051
2408603,24,13,23,457775
2409243,23,13,22,915793
2411291,22,13,21,1833143
2412795,24,14,23,1375715
2413851,24,14,23,1376317
2414587,22,10,21,67987
2415771,22,11,21,204061
2416155,22,13,21,1836841
2416635,24,14,23,1377905
2416667,23,12,22,306205
2417435,23,13,22,918907
2417499,22,10,21,68069
2417819,23,10,22,34039
2417947,22,13,21,1838203
2418683,22,11,21,204307
2418779,24,13,23,459709
2419291,24,14,23,1379419
2419803,24,14,23,1379711
2421403,24,14,23,1380623
2422555,23,11,22,102317
2424059,23,13,22,921425
2424091,23,13,22,921437
2424347,22,13,21,1843069
2424827,23,11,22,102413
2424923,22,13,21,1843507
2427291,22,13,21,1845307
2428155,24,13,23,461491
2428699,22,11,21,205153
2428955,24,12,23,153881
2429179,24,14,23,1385057
2429531,23,12,22,307835
2430043,22,13,21,1847399
2430491,24,13,23,461935
2432251,23,13,22,924539
2433115,24,14,23,1387301
2433435,23,13,22,924989
2434299,22,13,21,1850635
2435675,22,12,21,617227
2436187,23,13,22,926035
2436763,24,13,23,463127
2437787,23,12,22,308881
2439419,22,13,21,1854527
2439835,22,12,21,618281
2440443,23,13,22,927653
2441627,23,13,22,928103
2442331,22,13,21,1856741
2442523,24,14,23,1392665
2442907,22,13,21,1857179
2443355,22,10,21,68797
2443675,22,13,21,1857763
2446363,23,13,22,929903
2448027,22,12,21,620357
2448411,22,13,21,1861363
2449147,22,12,21,620641
2449243,24,13,23,465499
2449819,23,13,22,931217
2451707,22,13,21,1863869
2451867,24,14,23,1397993
2452219,23,13,22,932129
2452635,24,14,23,1398431
2454555,23,13,22,933017
2455835,22,13,21,1867007
2456827,24,14,23,1400821
2457339,22,12,21,622717
2458875,23,9,22,11539
2460443,23,13,22,935255
2460923,22,11,21,207875
2461531,24,14,23,1403503
2461979,23,13,22,935839
2465019,22,10,21,69407
2465179,22,13,21,1874111
2465819,22,13,21,1874597
2466203,24,14,23,1406167
2466587,22,13,21,1875181
2467067,23,11,22,104197
2468635,23,13,22,938369
2470491,22,13,21,1878149
2471707,22,13,21,1879073
2472955,24,14,23,1410017
2473243,22,12,21,626747
2473371,22,13,21,1880339
2474011,22,13,21,1880825
2474395,22,10,21,69671
2474587,22,13,21,1881263
2475259,23,11,22,104543
2477723,22,13,21,1883647
2478683,22,13,21,1884377
2479131,22,11,21,209413
2481179,23,10,22,34931
2481819,22,13,21,1886761
2484987,24,14,23,1416877
2485019,24,14,23,1416895
2485275,24,11,23,52483
2485915,22,13,21,1889875
2486107,22,12,21,630007
2486939,22,13,21,1890653
2487387,23,13,22,945497
2488987,23,13,22,946105
2490651,22,13,21,1893475
2491035,22,13,21,1893767
2491483,24,13,23,473527
2492059,23,13,22,947273
2492251,24,12,23,157891
2493019,24,13,23,473819
2493083,24,13,23,473831
2493595,24,14,23,1421785
2494107,24,14,23,1422077
2494715,22,13,21,1896565
2496763,23,13,22,949061
2497019,24,6,23,217
2497179,23,13,22,949219
2498811,24,14,23,1424759
2498843,22,13,21,1899703
2499227,22,13,21,1899995
2499355,24,12,23,158341
2500251,23,13,22,950387
2500603,24,14,23,1425781
2500859,24,13,23,475309
2501371,22,12,21,633875
2504987,23,13,22,952187
2505467,22,12,21,634913
2505723,23,12,22,317489
2506267,22,13,21,1905347
2506395,24,9,23,5881
2507035,22,13,21,1905931
2507611,24,14,23,1429777
2508059,22,13,21,1906709
2508795,22,13,21,1907269
2510491,23,11,22,106031
2511131,22,13,21,1909045
2511643,23,12,22,318239
2512155,22,13,21,1909823
2512411,23,13,22,955009
2513659,22,12,21,636989
2513915,23,12,22,318527
2514459,24,14,23,1433681
2514715,24,14,23,1433827
2515227,24,14,23,1434119
2516251,22,13,21,1912937
2516763,23,13,22,956663
2518299,23,13,22,957247
2518555,22,13,21,1914689
2518811,22,13,21,1914883
2519323,22,13,21,1915273
2520155,22,12,21,638635
2522779,24,11,23,53275
2523739,23,13,22,959315
2524251,22,12,21,639673
2525467,22,8,21,7901
2527483,24,12,23,160123
2528283,24,13,23,480521
2528347,22,12,21,640711
2529307,22,13,21,1922863
2529531,22,12,21,641011
2530587,24,13,23,480959
2531163,23,13,22,962137
2531611,23,10,22,35641
2533467,24,14,23,1444519
2533627,22,12,21,642049
2534491,24,12,23,160567
2535259,24,13,23,481847
2537499,22,13,21,1929091
2537723,22,12,21,643087
2537755,22,10,21,71455
2538651,24,14,23,1447475
2539771,23,12,22,321803
2541403,22,13,21,1932059
2543387,24,14,23,1450175
2546459,23,13,22,967951
2547227,23,13,22,968243
2547451,22,13,21,1936657
2548379,23,13,22,968681
2549339,24,13,23,484523
2549595,22,13,21,1938287
2550363,24,14,23,1454153
2553595,22,7,21,2663
2554651,23,13,22,971065
2555419,23,13,22,971357
2555931,22,12,21,647701
2556059,22,13,21,1943201
2556507,22,10,21,71983
2556699,22,13,21,1943687
2557947,24,12,23,162053
2558715,24,13,23,486305
2559227,22,13,21,1945609
2559259,24,14,23,1459225
2559643,22,13,21,1945925
2559771,24,14,23,1459517
2560027,24,14,23,1459663
2560603,22,11,21,216295
2560795,22,13,21,1946801
2561563,22,13,21,1947385
2562043,23,12,22,324625
2562075,23,12,22,324629
2562139,24,14,23,1460867
2563611,23,13,22,974471
2564859,22,13,21,1949891
2566747,23,11,22,108407
2567451,22,13,21,1951861
2567963,23,12,22,325375
2568219,22,12,21,650815
2568987,22,13,21,1953029
2569499,23,13,22,976709
2570235,23,12,22,325663
2572027,24,9,23,6035
2573339,22,13,21,1956337
2575387,23,13,22,978947
2575643,22,13,21,1958089
2575899,24,13,23,489571
2576923,24,14,23,1469297
2577051,22,12,21,653053
2577435,22,13,21,1959451
2580315,22,13,21,1961641
2580731,22,13,21,1961957
2581147,22,12,21,654091
2582043,23,8,22,4039
2585243,22,12,21,655129
2587899,24,14,23,1475555
2588187,22,10,21,72875
2588411,24,11,23,54661
2588923,22,13,21,1968185
2590811,24,12,23,164135
2591387,23,12,22,328343
2591515,22,13,21,1970155
2592603,24,14,23,1478237
2593307,23,13,22,985759
2593435,24,14,23,1478711
2597275,24,14,23,1480901
2597659,23,13,22,987413
2599579,23,12,22,329381
2599707,22,13,21,1976383
2600091,22,13,21,1976675
2600187,24,12,23,164729
2602011,24,14,23,1483601
2602267,22,12,21,659443
2604027,24,13,23,494917
2605051,24,14,23,1485335
2605915,22,13,21,1981103
2606235,23,13,22,990673
2607099,22,13,21,1982003
2607867,22,13,21,1982587
2607899,22,13,21,1982611
2608795,24,13,23,495823
2610171,23,7,22,1361
2610459,22,12,21,661519
2610971,23,13,22,992473
2612379,22,13,21,1986017
2612635,24,13,23,496553
2612891,23,13,22,993203
2613019,22,13,21,1986503
2613275,23,13,22,993349
2613403,24,13,23,496699
2614011,23,13,22,993629
2614043,23,13,22,993641
2614523,22,12,21,662549
2615067,24,13,23,497015
2615291,22,13,21,1988231
2616059,24,14,23,1491611
2616091,24,14,23,1491629
2617115,22,13,21,1989617
2617179,23,11,22,110537
2617371,24,13,23,497453
2618459,22,13,21,1990639
2619163,23,13,22,995587
2621435,23,13,22,996451
2621531,24,14,23,1494731
2622203,23,13,22,996743
2622555,22,13,21,1993753
2623323,22,11,21,221593
2624539,22,12,21,665087
2625307,22,13,21,1995845
2625787,23,13,22,998105
2626651,22,13,21,1996867
2627835,22,13,21,1997767
2628603,22,9,21,24671
2628635,22,12,21,666125
2629403,24,14,23,1499219
2630427,24,14,23,1499803
2630747,22,13,21,1999981
2631931,22,13,21,2000881
2632475,23,10,22,37061
2632795,23,13,22,1000769
2633243,24,14,23,1501409
2636027,22,13,21,2003995
2636795,22,11,21,222731
2636827,22,12,21,668201
2637915,23,13,22,1002715
2638491,24,13,23,501467
2638939,22,13,21,2006209
2639515,24,14,23,1504985
2640123,22,13,21,2007109
2640283,24,14,23,1505423
2640635,23,12,22,334583
2642459,22,13,21,2008885
2642715,22,11,21,223231
2644635,22,13,21,2010539
2644987,22,11,21,223423
2646779,22,12,21,670723
2647643,23,12,22,335471
2648315,22,13,21,2013337
2649339,22,13,21,2014115
2650203,24,13,23,503693
2650651,22,13,21,2015113
2650715,22,13,21,2015161
2653435,22,13,21,2017229
2654235,22,13,21,2017837
2655387,24,14,23,1514035
2655835,23,12,22,336509
2656027,22,13,21,2019199
2656667,23,13,22,1009843
2657371,22,9,21,24941
2657435,23,13,22,1010135
2657531,22,13,21,2020343
2657563,22,13,21,2020367
2658555,24,14,23,1515841
2659419,23,11,22,112321
2660379,24,13,23,505627
2661403,24,14,23,1517465
2661787,22,13,21,2023579
2662043,22,12,21,674591
2662811,22,13,21,2024357
2663515,24,10,23,18749
2663675,23,13,22,1012507
2664443,23,13,22,1012799
2665563,22,11,21,225161
2668315,22,13,21,2028541
2668795,23,11,22,112717
2668955,24,13,23,507257
2669723,24,13,23,507403
2669851,22,13,21,2029709
2669979,22,13,21,2029807
2670587,22,13,21,2030269
2670619,22,13,21,2030293
2670747,24,14,23,1522793
2670843,22,11,21,225607
2671643,22,13,21,2031071
2671867,23,13,22,1015621
2672891,24,10,23,18815
2673691,24,13,23,508157
2673755,22,11,21,225853
2674459,24,13,23,508303
2675227,24,12,23,169483
2675739,22,13,21,2034185
2676763,24,13,23,508741
2678523,23,13,22,1018151
2678779,22,13,21,2036497
2679067,22,12,21,678905
2679451,22,13,21,2037007
2682523,24,14,23,1529507
2683547,22,13,21,2040121
2685211,23,12,22,340231
2685595,23,13,22,1020839
2689019,24,14,23,1533211
2690203,22,12,21,681727
2691099,24,14,23,1534397
2693211,24,13,23,511867
2693403,23,12,22,341269
2693787,23,13,22,1023953
2694299,22,12,21,682765
2695259,22,13,21,2049025
2695515,22,6,21,937
2695835,22,13,21,2049463
2696475,22,13,21,2049949
2697211,22,12,21,683503
2697979,22,13,21,2051093
2698395,22,12,21,683803
2698523,23,13,22,1025753
2698907,24,14,23,1538849
2699291,23,11,22,114005
2699355,22,13,21,2052139
2700571,22,13,21,2053063
2701339,22,10,21,76061
2702075,22,13,21,2054207
2703131,22,12,21,685003
2703355,24,12,23,171265
2703643,24,14,23,1541549
2703963,23,12,22,342607
2704219,22,12,21,685279
2704667,22,13,21,2056177
2706715,23,13,22,1028867
2707099,23,13,22,1029013
2707227,22,12,21,686041
2707291,24,13,23,514543
2707547,22,13,21,2058367
2708763,22,13,21,2059291
2709499,22,12,21,686617
2710267,22,13,21,2060435
2711195,24,13,23,515285
2711323,22,12,21,687079
2712155,23,12,22,343645
2712411,22,12,21,687355
2712603,23,13,22,1031105
2712731,24,12,23,171859
2712859,22,13,21,2062405
2714011,22,13,21,2063281
2714267,22,9,21,25475
2714907,23,13,22,1031981
2718107,22,13,21,2066395
2718363,22,11,21,229621
2719003,24,13,23,516769
2721883,24,14,23,1551949
2722459,22,11,21,229967
2725979,22,12,21,690793
2726299,22,13,21,2072623
2727675,22,12,21,691223
2730651,22,11,21,230659
2731035,22,13,21,2076223
2731259,24,14,23,1557295
2731291,24,14,23,1557313
2731803,24,14,23,1557605
2732123,23,12,22,346175
2733083,24,13,23,519445
2735099,22,13,21,2079313
2735643,23,12,22,346621
2736219,24,12,23,173347
2738011,24,14,23,1561145
2738267,22,12,21,693907
2739483,22,10,21,77135
2739867,24,14,23,1562203
2741531,23,11,22,115789
2741787,22,12,21,694799
2745083,22,13,21,2086903
2745371,24,14,23,1565341
2747643,22,12,21,696283
2749019,22,13,21,2089895
2749979,22,12,21,696875
2750555,24,14,23,1568297
2750875,23,12,22,348551
2751739,22,12,21,697321
2752091,23,7,22,1435
2753275,22,13,21,2093131
2754395,24,14,23,1570487
2754971,24,12,23,174535
2755163,24,14,23,1570925
2756251,22,13,21,2095393
2756443,22,12,21,698513
2757211,22,13,21,2096123
2758651,23,13,22,1048609
2759451,24,14,23,1573369
2759931,22,12,21,699397
2760539,22,12,21,699551
2760955,22,13,21,2098969
2761115,22,12,21,699697
2761467,22,13,21,2099359
2761499,24,14,23,1574537
2763355,23,13,22,1050397
2763803,23,12,22,350189
2763867,22,13,21,2101183
2764443,22,13,21,2101621
2764571,23,13,22,1050859
2765467,22,13,21,2102399
2766843,23,13,22,1051723
2767515,24,13,23,525989
2768731,22,12,21,701627
2769307,22,12,21,701773
2770523,22,9,21,26003
2770587,24,13,23,526573
2773531,23,13,22,1054265
2776091,24,12,23,175873
2776827,24,13,23,527759
2778715,22,11,21,234719
2779227,24,13,23,528215
2779931,22,12,21,704465
2781723,23,13,22,1057379
2783995,22,11,21,235165
2786043,23,10,22,39223
2786587,22,13,21,2118455
2786907,22,11,21,235411
2788507,22,13,21,2119915
2789627,24,14,23,1590575
2789659,22,13,21,2120791
2789915,23,13,22,1060493
2791451,24,14,23,1591615
2792603,22,13,21,2123029
2792731,24,14,23,1592345
2793563,24,14,23,1592819
2795515,22,13,21,2125243
2796635,24,14,23,1594571
2796699,22,13,21,2126143
2797403,24,14,23,1595009
2798683,22,12,21,709217
2799387,23,13,22,1064093
2800795,22,13,21,2129257
2801659,23,13,22,1064957
2802523,22,13,21,2130571
2802843,23,13,22,1065407
2802971,24,14,23,1598183
2804507,24,14,23,1599059
2804987,24,13,23,533111
2805531,22,13,21,2132857
2805595,23,13,22,1066453
2806011,23,12,22,355537
2806299,24,14,23,1600081
2806363,23,13,22,1066745
2806875,22,12,21,711293
2807579,23,13,22,1067207
2807899,24,14,23,1600993
2808059,22,12,21,711593
2808667,22,7,21,2929
2808987,22,13,21,2135485
2809627,22,13,21,2135971
2809851,23,13,22,1068071
2811131,22,13,21,2137115
2811899,22,13,21,2137699
2812315,24,14,23,1603511
2812507,22,13,21,2138161
2813019,23,12,22,356425
2813787,23,13,22,1069567
2814491,22,10,21,79247
2814619,23,13,22,1069883
2815003,23,13,22,1070029
2815771,23,13,22,1070321
2816251,22,12,21,713669
2816667,22,13,21,2141323
2818043,23,13,22,1071185
2819099,24,13,23,535793
2819931,22,13,21,2143805
2820091,24,14,23,1607945
2820699,22,13,21,2144389
2820763,22,13,21,2144437
2820859,24,14,23,1608383
2821147,22,13,21,2144729
2821915,22,13,21,2145313
2824283,22,13,21,2147113
2825243,22,13,21,2147843
2826331,23,13,22,1074335
2827035,22,13,21,2149205
2827099,23,9,22,13267
2827419,22,9,21,26537
2829467,23,11,22,119503
2832155,24,14,23,1614823
2832667,22,12,21,717829
2833403,22,13,21,2154047
2833435,22,13,21,2154071
2834427,24,14,23,1616119
2834523,23,13,22,1077449
2835291,23,11,22,119749
2835611,22,11,21,239525
2835739,23,13,22,1077911
2838619,24,13,23,539503
2839131,22,12,21,719467
2839323,22,13,21,2158547
2841243,24,14,23,1620005
2841595,22,13,21,2160275
2842395,23,11,22,120049
2842619,22,10,21,80039
2843483,23,11,22,120095
2843803,22,11,21,240217
2845083,23,13,22,1081463
2845947,22,13,21,2163583
2846235,23,13,22,1081901
2846363,22,13,21,2163899
2847835,23,13,22,1082509
2849051,24,14,23,1624457
2850043,22,13,21,2166697
2851419,22,12,21,722581
2851931,24,13,23,542033
2852507,23,13,22,1084285
2852955,24,14,23,1626683
2853275,23,13,22,1084577
2854139,22,13,21,2169811
2854555,24,14,23,1627595
2855163,22,13,21,2170589
2855963,22,13,21,2171197
2856027,23,13,22,1085623
2857211,23,13,22,1086073
2857371,24,13,23,543067
2858395,24,14,23,1629785
2858651,22,13,21,2173241
2859259,22,13,21,2173703
2859419,22,13,21,2173825
2860283,23,13,22,1087241
2861307,24,13,23,543815
2861819,24,14,23,1631737
2862107,24,13,23,543967
2862171,22,13,21,2175917
2862331,24,14,23,1632029
2862619,24,14,23,1632193
2862939,22,13,21,2176501
2864155,22,13,21,2177425
2865403,23,13,22,1089187
2867291,22,11,21,242201
2867451,22,13,21,2179931
2867483,22,13,21,2179955
2867803,24,14,23,1635149
2868475,23,13,22,1090355
2869083,24,13,23,545293
2869339,23,11,22,121187
2869915,24,12,23,181817
2870363,22,13,21,2182145
2871387,22,10,21,80849
2871579,22,13,21,2183069
2872347,22,13,21,2183653
2874619,24,9,23,6745
2874779,24,14,23,1639127
2875675,22,13,21,2186183
2876443,24,14,23,1640075
2877019,22,13,21,2187205
2877211,24,14,23,1640513
2878491,24,13,23,547081
2878715,23,11,22,121583
2879515,24,14,23,1641827
2880795,22,12,21,730025
2881819,23,13,22,1095427
2882331,22,13,21,2191243
2883099,22,12,21,730609
2883739,23,13,22,1096157
2883995,24,9,23,6767
2884251,24,14,23,1644527
2886043,22,11,21,243785
2886939,23,12,22,365791
2887323,23,13,22,1097519
2888475,23,13,22,1097957
2888987,22,12,21,732101
2889243,23,12,22,366083
2889499,24,13,23,549173
2889755,22,13,21,2196887
2890011,23,13,22,1098541
2890139,22,10,21,81377
2890523,24,14,23,1648103
2891003,24,11,23,61051
2891547,22,13,21,2198249
2895515,23,13,22,1100633
2895707,24,12,23,183451
2895899,23,13,22,1100779
2896475,24,13,23,550499
2896667,23,13,22,1101071
2900123,24,14,23,1653577
2900379,24,11,23,61249
2900571,23,13,22,1102555
2900635,24,14,23,1653869
2901659,22,13,21,2205937
2901851,22,12,21,735361
2903707,23,13,22,1103747
2906875,24,14,23,1657427
2907163,22,11,21,245569
2907995,23,12,22,368459
2908763,23,13,22,1105669
2908827,23,13,22,1105693
2910811,24,14,23,1659671
2912347,24,14,23,1660547
2912923,24,13,23,553625
2914971,22,13,21,2216057
2915099,23,12,22,369359
2915995,24,13,23,554209
2916603,23,13,22,1108649
2917147,22,12,21,739237
2919067,22,13,21,2219171
2920731,24,13,23,555109
2921243,22,12,21,740275
2922139,23,8,22,4571
2924059,23,13,22,1111483
2924283,22,13,21,2223137
2925339,22,12,21,741313
2926171,24,12,23,185381
2927259,22,13,21,2225399
2927771,24,13,23,556447
2927867,22,13,21,2225861
2928283,22,10,21,82451
2929947,23,13,22,1113721
2931099,24,14,23,1671239
2932123,24,14,23,1671823
2932251,23,13,22,1114597
2933915,22,13,21,2230459
2935835,24,14,23,1673939
2937371,24,14,23,1674815
2937435,22,13,21,2233135
2938139,23,13,22,1116835
2938395,22,13,21,2233865
2938651,22,13,21,2234059
2940315,22,13,21,2235325
2940955,22,13,21,2235811
2943579,23,13,22,1118903
2945051,22,13,21,2238925
2945275,22,12,21,746365
2946587,22,13,21,2240093
2949147,24,14,23,1681529
2949371,22,12,21,747403
2950235,23,12,22,373811
2951771,23,13,22,1122017
2953051,22,13,21,2245007
2953243,22,13,21,2245153
2953467,22,12,21,748441
2953499,22,10,21,83161
2953819,22,13,21,2245591
2957147,22,13,21,2248121
2957595,22,11,21,249829
2957979,24,14,23,1686565
2958427,23,12,22,374849
2959611,23,12,22,374999
2959963,23,13,22,1125131
2961659,24,14,23,1688663
2962075,22,13,21,2251867
2963739,24,11,23,62587
2965339,22,13,21,2254349
2965499,24,14,23,1690853
2965595,22,13,21,2254543
2966171,22,13,21,2254981
2967803,23,12,22,376037
2968315,22,13,21,2256611
2968347,22,13,21,2256635
2968731,22,12,21,752309
2969691,24,14,23,1693243
2970267,24,14,23,1693571
2972315,24,13,23,564913
2973339,24,14,23,1695323
2973723,23,12,22,376787
2974459,23,13,22,1130641
2974875,24,14,23,1696199
2975323,22,13,21,2261939
2976539,22,13,21,2262863
2976923,22,12,21,754385
2977019,24,13,23,565807
2977307,22,13,21,2263447
2977819,24,12,23,188653
2980603,22,13,21,2265953
2980859,24,13,23,566537
2981115,23,13,22,1133171
2981627,24,13,23,566683
2981915,23,12,22,377825
2982491,24,11,23,62983
2982747,22,12,21,755861
2983067,23,12,22,377971
2983515,22,13,21,2268167
2984347,22,13,21,2268799
2984539,22,10,21,84035
2988059,22,12,21,757207
2988443,24,14,23,1703935
2990491,23,13,22,1136735
2991387,24,14,23,1705613
2993179,24,14,23,1706635
2993691,24,14,23,1706927
2994011,23,13,22,1138073
2996251,22,12,21,759283
2997531,23,13,22,1139411
2998363,24,14,23,1709591
2998939,24,12,23,189991
3000155,22,13,21,2280817
3000987,24,14,23,1711087
3002907,22,13,21,2282909
3003483,22,13,21,2283347
3004507,22,12,21,761375
3006555,23,12,22,380947
3006715,24,13,23,571451
3007739,24,14,23,1714937
3008347,22,13,21,2287045
3008507,24,14,23,1715375
3008603,22,12,21,762413
3009627,23,13,22,1144009
3010075,23,10,22,42377
3010395,23,13,22,1144301
3012859,22,13,21,2290475
3014747,23,12,22,381985
3014811,22,13,21,2291959
3015451,22,13,21,2292445
3016539,22,13,21,2293273
3017115,24,14,23,1720283
3017883,23,13,22,1147147
3019547,22,13,21,2295559
3020315,22,11,21,255127
3021851,24,14,23,1722983
3022235,22,13,21,2297603
3023611,24,14,23,1723987
3023643,22,13,21,2298673
3024891,23,13,22,1149811
3025307,23,12,22,383323
3025659,23,13,22,1150103
3026075,23,13,22,1150261
3026779,24,14,23,1725793
3027739,22,13,21,2301787
3030011,22,13,21,2303515
3030267,22,12,21,767903
3030811,23,13,22,1152061
3031035,22,13,21,2304293
3031195,24,14,23,1728311
3031899,23,13,22,1152475
3032219,22,13,21,2305193
3033499,23,12,22,384361
3034395,22,12,21,768949
3034907,24,13,23,576809
3035931,22,13,21,2308015
3037179,24,13,23,577241
3037947,24,13,23,577387
3038203,22,13,21,2309743
3038235,24,14,23,1732325
3038971,24,14,23,1732745
3039003,23,13,22,1155175
3039067,22,11,21,256711
3039323,24,14,23,1732945
3039643,22,12,21,770279
3040091,23,13,22,1155589
3040411,22,13,21,2311421
3041115,24,10,23,21407
3041371,24,14,23,1734113
3044379,22,12,21,771479
3044443,23,13,22,1157243
3047579,23,10,22,42905
3047675,22,13,21,2316943
3047707,22,13,21,2316967
3050747,24,14,23,1739459
3050779,24,14,23,1739477
3051771,22,13,21,2320057
3051803,24,14,23,1740061
3052635,23,13,22,1160357
3053659,24,13,23,580373
3053819,23,13,22,1160807
3054235,23,13,22,1160965
3055707,22,13,21,2323049
3057243,24,14,23,1743163
3057755,23,13,22,1162303
3058075,24,14,23,1743637
3058427,22,12,21,775039
3058459,22,11,21,258349
3058779,22,13,21,2325385
3058843,24,14,23,1744075
3059803,22,13,21,2326163
3060507,23,10,22,43087
3062011,23,13,22,1163921
3062523,22,12,21,776077
3063899,22,13,21,2329277
3064059,22,13,21,2329399
3064859,24,14,23,1747505
3065947,23,13,22,1165417
3066619,22,12,21,777115
3066971,22,13,21,2331613
3067131,24,14,23,1748801
3071387,23,13,22,1167485
3073115,22,9,21,28843
3073307,22,13,21,2336429
3074459,22,13,21,2337305
3075323,23,13,22,1168981
3075355,23,13,22,1168993
3075739,23,12,22,389713
3076123,23,13,22,1169285
3077211,22,11,21,259933
3078555,22,13,21,2340419
3079419,24,13,23,585269
3079451,24,13,23,585275
3080219,24,13,23,585421
3080955,24,12,23,195187
3081243,24,14,23,1756847
3081307,22,11,21,260279
3081883,22,12,21,780983
3082235,22,13,21,2343217
3082491,22,9,21,28931
3082651,22,13,21,2343533
3083547,23,13,22,1172107
3084315,23,13,22,1172399
3085595,22,13,21,2345771
3086331,22,13,21,2346331
3086363,22,13,21,2346355
3086587,22,11,21,260725
3087515,24,14,23,1760423
3088155,22,13,21,2347717
3088795,24,13,23,587051
3089499,22,11,21,260971
3090075,22,12,21,783059
3090683,22,11,21,261071
3091483,22,13,21,2350247
3091867,22,8,21,9673
3092251,22,13,21,2350831
3092507,23,13,22,1175513
3094523,22,13,21,2352559
3095195,22,13,21,2353069
3096859,23,12,22,392389
3097243,23,13,22,1177313
3098875,22,11,21,261763
3101211,22,12,21,785881
3101339,24,13,23,589435
3103387,22,13,21,2359297
3103771,22,13,21,2359589
3104155,22,10,21,87403
3104283,23,13,22,1179989
3105435,23,13,22,1180427
3108091,24,14,23,1772155
3108891,24,14,23,1772611
3109147,24,12,23,196973
3109403,22,12,21,787957
3110939,23,9,22,14599
3111579,22,13,21,2365525
3112987,22,11,21,262955
3115099,22,13,21,2368201
3115675,22,13,21,2368639
3116187,24,12,23,197419
3117083,22,10,21,87767
3119099,23,12,22,395207
3119131,23,11,22,131737
3120283,23,12,22,395357
3123195,24,12,23,197863
3123867,22,13,21,2374867
3124475,22,13,21,2375329
3125019,23,12,22,395957
3126363,24,13,23,594191
3126555,23,13,22,1188455
3127323,23,11,22,132083
3128475,23,12,22,396395
3128603,22,13,21,2378467
3129339,22,12,21,793009
3130011,24,14,23,1784653
3132059,24,14,23,1785821
3132667,22,13,21,2381557
3133211,23,12,22,396995
3133691,22,13,21,2382335
3134747,23,13,22,1191569
3135739,24,13,23,595973
3136283,24,14,23,1788229
3137051,24,14,23,1788667
3137531,22,12,21,795085
3138203,22,11,21,265085
3138811,24,13,23,596557
3142235,24,14,23,1791623
3143771,23,12,22,398333
3146011,22,13,21,2391701
3146779,22,13,21,2392285
3148571,22,13,21,2393647
3148827,23,13,22,1196921
3150875,24,14,23,1796549
3151963,23,12,22,399371
3152923,24,13,23,599239
3153435,22,12,21,799115
3154011,22,12,21,799261
3154203,22,13,21,2397929
3154715,23,13,22,1199159
3156731,22,13,21,2399851
3157531,22,12,21,800153
3157851,24,14,23,1800527
3158107,22,12,21,800299
3158619,24,14,23,1800965
3159323,22,11,21,266869
3160827,22,13,21,2402965
3161371,23,10,22,44507
3164923,22,13,21,2406079
3165467,24,11,23,66847
3165723,22,12,21,802229
3166299,22,12,21,802375
3166811,23,13,22,1203757
3169019,22,13,21,2409193
3170395,24,14,23,1807679
3171067,23,13,22,1205375
3171931,22,13,21,2411407
3172763,22,12,21,804013
3172955,22,13,21,2412185
3173531,22,13,21,2412623
3175067,24,14,23,1810343
3175515,22,13,21,2414131
3176219,23,13,22,1207333
3176859,22,12,21,805051
3177211,22,13,21,2415421
3179355,22,13,21,2417051
3179547,24,12,23,201433
3179611,22,13,21,2417245
3179675,23,13,22,1208647
3180123,22,13,21,2417635
3180539,24,14,23,1813463
3181595,22,12,21,806251
3182843,23,13,22,1209851
3183259,23,13,22,1210009
3184891,22,13,21,2421259
3185051,22,12,21,807127
3185691,22,12,21,807289
3186331,23,13,22,1211177
3188315,24,14,23,1817897
3188987,22,13,21,2424373
3189147,24,14,23,1818371
3189787,22,12,21,808327
3191835,23,12,22,404423
3193627,24,12,23,202325
3195035,22,12,21,809657
3195643,22,9,21,29993
3195675,22,12,21,809819
3197691,23,11,22,135055
3197723,23,12,22,405169
3199515,22,13,21,2432377
3200091,24,14,23,1824611
3202715,24,14,23,1826107
3203227,22,12,21,811733
3203835,22,11,21,270629
3203867,22,12,21,811895
3205211,22,13,21,2436707
3205659,22,7,21,3343
3208475,24,13,23,609797
3209467,24,14,23,1829957
3209499,22,13,21,2439967
3210779,24,13,23,610235
3211291,22,13,21,2441329
3211355,23,13,22,1220689
3212027,22,11,21,271321
3213307,23,13,22,1221431
3213403,24,14,23,1832201
3214491,23,13,22,1221881
3214587,22,13,21,2443835
3215963,24,14,23,1833661
3216923,22,13,21,2445611
3217691,22,13,21,2446195
3218587,24,13,23,611719
3219227,23,13,22,1223681
3220731,23,13,22,1224253
3221499,23,13,22,1224545
3222683,23,13,22,1224995
3222779,24,14,23,1837547
3223195,22,12,21,816793
3223323,24,13,23,612619
3223387,22,13,21,2450525
3224091,24,9,23,7565
3224155,22,13,21,2451109
3225595,24,13,23,613051
3226619,24,14,23,1839737
3226875,22,13,21,2453177
3227419,23,13,22,1226795
3227643,22,13,21,2453761
3228251,22,13,21,2454223
3228507,23,13,22,1227209
3228763,24,12,23,204551
3228827,22,13,21,2454661
3229339,23,12,22,409175
3229531,24,13,23,613799
3230107,23,13,22,1227817
3232411,22,13,21,2457385
3232795,22,13,21,2457677
3235611,23,13,22,1229909
3235675,22,13,21,2459867
3236123,22,12,21,820069
3236251,22,13,21,2460305
3236443,22,13,21,2460451
3236507,22,13,21,2460499
3236699,23,13,22,1230323
3237019,22,13,21,2460889
3238139,24,12,23,205145
3239963,24,14,23,1847345
3240219,24,14,23,1847491
3240475,24,11,23,68431
3240987,22,13,21,2463905
3242267,23,12,22,410813
3242779,22,13,21,2465267
3243003,24,14,23,1849079
3243163,22,9,21,30439
3246171,23,13,22,1233923
3246875,22,13,21,2468381
3247259,22,11,21,274297
3248411,22,12,21,823183
3248923,23,13,22,1234969
3251355,22,11,21,274643
3251611,23,12,22,411997
3251963,23,13,22,1236125
3251995,24,14,23,1854205
3252219,24,9,23,7631
3252251,24,12,23,206039
3252315,22,13,21,2472517
3252475,24,14,23,1854479
3253019,24,13,23,618263
3253531,22,13,21,2473441
3254267,22,11,21,274889
3255067,22,13,21,2474609
3255547,23,13,22,1237487
3255579,23,13,22,1237499
3256411,22,13,21,2475631
3256923,24,12,23,206335
3257627,22,13,21,2476555
3258363,22,10,21,91745
3259547,22,11,21,275335
3259803,23,12,22,413035
3259931,22,13,21,2478307
3260507,22,13,21,2478745
3261019,23,12,22,413189
3261083,24,14,23,1859387
3262555,23,13,22,1240151
3263739,23,13,22,1240601
3264155,23,13,22,1240759
3264283,22,11,21,275735
3266075,23,13,22,1241489
3266587,22,12,21,827789
3268123,24,14,23,1863401
3268347,24,14,23,1863529
3268603,24,11,23,69025
3268859,24,14,23,1863821
3269883,22,13,21,2485873
3271067,22,13,21,2486773
3271259,22,12,21,828973
3271931,23,13,22,1243715
3272347,23,13,22,1243873
3273819,22,13,21,2488865
3274267,23,13,22,1244603
3275163,22,13,21,2489887
3277051,23,13,22,1245661
3277467,23,12,22,415273
3277851,23,13,22,1245965
3277915,22,13,21,2491979
3278491,22,13,21,2492417
3279259,22,13,21,2493001
3279451,22,12,21,831049
3279899,22,13,21,2493487
3280987,23,9,22,15397
3281147,24,13,23,623609
3282203,24,14,23,1871429
3283035,22,11,21,277319
3283195,22,13,21,2495993
3283611,22,12,21,832103
3283995,22,13,21,2496601
3284219,24,13,23,624193
3284827,23,13,22,1248617
3285083,24,11,23,69373
3285659,23,12,22,416311
3286107,22,13,21,2498207
3286683,22,13,21,2498645
3287291,22,13,21,2499107
3288091,22,13,21,2499715
3289179,23,11,22,138919
3290363,23,8,22,5147
3292187,22,13,21,2502829
3292699,23,12,22,417203
3293019,23,13,22,1251731
3293467,23,13,22,1251901
3293595,24,13,23,625975
3295483,22,13,21,2505335
3295995,24,13,23,626431
3296507,22,10,21,92819
3297371,23,11,22,139265
3297563,24,13,23,626729
3298075,24,14,23,1880479
3298843,22,12,21,835963
3299323,24,14,23,1881191
3299739,23,9,22,15485
3300347,24,14,23,1881775
3300379,22,13,21,2509057
3301403,22,13,21,2509835
3302139,22,13,21,2510395
3303835,24,11,23,69769
3304731,22,12,21,837455
3305499,22,13,21,2512949
3307931,23,11,22,139711
3308539,22,13,21,2515261
3308827,22,12,21,838493
3309339,24,13,23,628967
3309595,22,13,21,2516063
3310363,24,14,23,1887485
3310619,24,14,23,1887631
3313499,22,12,21,839677
3315739,23,13,22,1260367
3316123,23,11,22,140057
3317019,22,12,21,840569
3317403,22,13,21,2521999
3317595,22,12,21,840715
3320475,24,14,23,1893251
3320859,23,11,22,140257
3321691,22,12,21,841753
3322907,22,11,21,280687
3323931,23,13,22,1263481
3324699,24,14,23,1895659
3324955,24,10,23,23405
3326203,24,14,23,1896517
3326619,22,13,21,2529005
3327835,23,12,22,421655
3330299,22,13,21,2531803
3330587,23,13,22,1266011
3331163,24,13,23,633115
3332187,23,13,22,1266619
3332891,22,12,21,844591
3333787,24,14,23,1900841
3334235,22,13,21,2534795
3334395,22,13,21,2534917
3334427,22,13,21,2534941
3334811,22,13,21,2535233
3336027,23,12,22,422693
3336955,22,12,21,845621
3336987,22,12,21,845629
3337307,22,13,21,2537131
3338491,24,14,23,1903523
3340539,24,13,23,634897
3340571,24,13,23,634903
3341083,22,12,21,846667
3341563,24,14,23,1905275
3341595,24,14,23,1905293
3343099,24,14,23,1906151
3343131,23,12,22,423593
3345147,22,12,21,847697
3345563,22,13,21,2543407
3349659,22,13,21,2546521
3350043,22,13,21,2546813
3350171,23,10,22,47165
3350811,22,13,21,2547397
3350939,24,14,23,1910621
3351291,23,12,22,424627
3351835,22,13,21,2548175
3352571,22,13,21,2548735
3352987,22,13,21,2549051
3353883,24,13,23,637433
3354139,22,13,21,2549927
3354395,24,14,23,1912591
3355227,23,13,22,1275377
3355419,24,12,23,212575
3355931,22,13,21,2551289
3356443,23,13,22,1275839
3356667,24,14,23,1913887
3356955,24,13,23,638017
3358491,22,13,21,2553235
3358715,23,13,22,1276703
3359323,24,13,23,638467
3359835,24,14,23,1915693
3360411,22,11,21,283855
3361947,24,14,23,1916897
3362331,22,13,21,2556155
3362587,22,13,21,2556349
3363419,23,13,22,1278491
3367163,24,12,23,213319
3369211,24,14,23,1921039
3369563,22,13,21,2561653
3371291,24,14,23,1922225
3375707,24,13,23,641581
3375963,24,14,23,1924889
3376731,24,14,23,1925327
3377819,24,14,23,1925947
3378331,24,14,23,1926239
3379483,23,11,22,142733
3379739,22,12,21,856463
3381339,22,13,21,2570605
3381531,22,10,21,95213
3383035,22,13,21,2571895
3383323,24,14,23,1929085
3383387,23,13,22,1286081
3385339,24,14,23,1930235
3386107,23,13,22,1287115
3387483,24,13,23,643819
3387995,24,14,23,1931749
3390107,24,14,23,1932953
3390459,22,13,21,2577539
3391643,22,13,21,2578439
3392795,23,13,22,1289657
3393531,23,12,22,429979
3394203,22,13,21,2580385
3394299,23,13,22,1290229
3394331,23,13,22,1290241
3396187,22,11,21,286877
3397147,22,13,21,2582623
3399067,22,12,21,861361
3399419,24,14,23,1938263
3399707,22,12,21,861523
3399835,22,13,21,2584667
3400283,22,10,21,95741
3400443,22,13,21,2585129
3400475,22,13,21,2585153
3401499,22,12,21,861977
3401723,23,12,22,431017
3401819,24,14,23,1939631
3402139,23,13,22,1293209
3402331,24,11,23,71849
3403803,22,12,21,862561
3404443,24,14,23,1941127
3405339,22,13,21,2588851
3405595,22,12,21,863015
3406235,24,13,23,647383
3407867,22,12,21,863591
3408635,22,13,21,2591357
3411227,22,13,21,2593327
3411739,24,12,23,216143
3411803,22,13,21,2593765
3411995,22,12,21,864637
3413019,22,13,21,2594689
3413083,23,13,22,1297369
3413275,24,13,23,648721
3413531,22,13,21,2595079
3415803,23,10,22,48089
3415899,22,13,21,2596879
3419227,22,13,21,2599409
3419995,22,13,21,2599993
3422459,23,13,22,1300933
3424091,22,13,21,2603107
3424923,22,12,21,867913
3425563,24,14,23,1953169
3426299,24,14,23,1953589
3427067,24,14,23,1954027
3428891,24,13,23,651689
3431067,23,12,22,434735
3432283,22,13,21,2609335
3434075,24,14,23,1958023
3435291,22,13,21,2611621
3436059,22,11,21,290245
3436635,22,12,21,870881
3438107,23,10,22,48403
3439387,22,13,21,2614735
3439611,23,13,22,1307453
3441435,24,13,23,654073
3441691,24,14,23,1962365
3442683,22,13,21,2617241
3443867,22,13,21,2618141
3443963,23,12,22,436369
3443995,23,12,22,436373
3444379,23,13,22,1309265
3445531,23,13,22,1309703
3446779,22,13,21,2620355
3447963,22,13,21,2621255
3448219,23,13,22,1310725
3450107,22,12,21,874295
3450459,22,13,21,2623153
3450715,22,9,21,32387
3450875,22,13,21,2623469
3451675,22,13,21,2624077
3452699,22,13,21,2624855
3454043,22,13,21,2625877
3454747,24,13,23,656603
3455387,22,12,21,875633
3455739,24,14,23,1970375
3455771,24,14,23,1970393
3456155,22,13,21,2627483
3456283,24,12,23,218965
3456411,23,13,22,1313839
3456859,23,10,22,48667
3457019,24,13,23,657035
3457051,24,13,23,657041
3458075,23,12,22,438157
3458299,22,12,21,876371
3458907,22,11,21,292175
3460091,22,8,21,10825
3460123,22,12,21,876833
3460731,22,5,21,401
3460891,22,13,21,2631083
3462235,22,13,21,2632105
3463195,22,13,21,2632835
3463419,22,13,21,2633005
3465467,23,13,22,1317281
3467099,22,11,21,292867
3468315,22,12,21,878909
3469083,24,14,23,1977983
3469563,24,13,23,659419
3470107,22,9,21,32569
3470427,22,13,21,2638333
3471451,22,13,21,2639111
3471611,22,13,21,2639233
3471643,24,14,23,1979443
3472027,22,13,21,2639549
3472155,23,11,22,146647
3472379,22,10,21,97771
3472923,24,14,23,1980173
3473563,22,11,21,293413
3473659,23,13,22,1320395
3474203,22,11,21,293467
3474523,22,13,21,2641447
3475547,22,13,21,2642225
3476123,22,13,21,2642663
3477147,24,14,23,1982581
3478299,22,11,21,293813
3479643,22,13,21,2645339
3479803,22,13,21,2645461
3480219,22,13,21,2645777
3482267,23,13,22,1323667
3482715,22,13,21,2647675
3483419,24,14,23,1986157
3483899,22,13,21,2648575
3484411,24,12,23,220747
3485787,23,13,22,1325005
3486491,22,11,21,294505
3487835,24,14,23,1988675
3488507,23,12,22,442013
3488859,22,8,21,10915
3490395,24,14,23,1990135
3490907,24,14,23,1990427
3492091,22,13,21,2654803
3493019,24,13,23,663877
3493531,22,12,21,885299
3493979,23,13,22,1328119
3494491,22,13,21,2656627
3495195,23,13,22,1328581
3495707,22,13,21,2657551
3496699,23,12,22,443051
3497627,22,12,21,886337
3498011,22,13,21,2659303
3498235,24,14,23,1994605
3499291,24,13,23,665069
3500283,24,14,23,1995773
3500635,23,13,22,1330649
3501147,22,10,21,98581
3501339,22,13,21,2661833
3502107,22,13,21,2662417
3504539,23,13,22,1332133
3505435,22,13,21,2664947
3505819,22,12,21,888413
3506203,22,13,21,2665531
3506427,22,11,21,296189
3507035,24,13,23,666541
3507227,22,13,21,2666309
3507355,22,13,21,2666407
3509275,23,13,22,1333933
3511323,22,13,21,2669423
3512347,23,13,22,1335101
3512731,23,13,22,1335247
3513371,24,13,23,667745
3513627,22,13,21,2671175
3513883,24,14,23,2003527
3514395,24,14,23,2003819
3515163,24,14,23,2004257
3517467,23,13,22,1337047
3518555,24,14,23,2006191
3519067,24,14,23,2006483
3519515,22,13,21,2675651
3520539,23,13,22,1338215
3521307,22,13,21,2677013
3523227,22,13,21,2678473
3523355,23,13,22,1339285
3525275,23,13,22,1340015
3526683,24,9,23,8275
3528795,23,13,22,1341353
3530779,23,11,22,149123
3530843,22,13,21,2684263
3531419,22,13,21,2684701
3532379,22,13,21,2685431
3532891,24,13,23,671455
3535451,23,12,22,447961
3535515,24,14,23,2015861
3536155,22,13,21,2688301
3537307,24,14,23,2016883
3539035,22,13,21,2690491
3540987,22,12,21,897325
3541755,22,13,21,2692559
3542299,24,13,23,673243
3542811,24,14,23,2020021
3543067,24,11,23,74821
3543291,24,14,23,2020295
3543643,23,12,22,448999
3544347,22,13,21,2694529
3545083,22,12,21,898363
3547899,23,13,22,1348615
3549595,22,13,21,2698519
3549787,22,12,21,899555
3550875,24,13,23,674873
3551003,22,12,21,899863
3551067,23,13,22,1349819
3551483,23,13,22,1349977
3552539,22,13,21,2700757
3553275,22,12,21,900439
3554555,23,13,22,1351145
3556635,24,14,23,2027903
3557019,22,13,21,2704163
3557211,22,13,21,2704309
3557371,24,14,23,2028323
3557787,22,13,21,2704747
3558043,22,10,21,100183
3558683,24,13,23,676357
3558939,24,14,23,2029217
3559707,24,14,23,2029655
3562139,22,11,21,300895
3563259,22,12,21,902969
3563931,23,13,22,1354709
3565659,22,12,21,903577
3568667,23,13,22,1356509
3569947,22,13,21,2713991
3570459,24,13,23,678595
3570939,24,14,23,2036059
3571451,22,12,21,905045
3572507,22,13,21,2715937
3573851,22,12,21,905653
3576091,23,13,22,1359331
3576347,22,13,21,2718857
3576603,22,13,21,2719051
3579931,22,13,21,2721581
3580315,24,14,23,2041405
3581531,23,13,22,1361399
3582715,23,13,22,1361849
3583131,23,13,22,1362007
3584603,22,13,21,2725133
3586811,24,13,23,681703
3587355,22,11,21,303025
3588699,22,13,21,2728247
3588955,23,13,22,1364221
3589275,22,13,21,2728685
3590907,23,13,22,1364963
3591419,22,12,21,910105
3592027,22,12,21,910259
3592795,22,13,21,2731361
3594011,22,13,21,2732285
3595419,24,13,23,683339
3596059,23,13,22,1366921
3596443,24,14,23,2050601
3597051,22,13,21,2734597
3597339,22,12,21,911605
3597563,23,12,22,455831
3598331,23,13,22,1367785
3600027,22,13,21,2736859
3600219,22,12,21,912335
3600635,22,13,21,2737321
3601435,22,12,21,912643
3602011,22,8,21,11269
3602203,22,13,21,2738513
3604475,22,13,21,2740241
3604731,22,13,21,2740435
3605147,22,13,21,2740751
3605243,22,13,21,2740825
3605531,22,12,21,913681
3606171,23,13,22,1370765
3606363,24,12,23,228473
3607131,24,13,23,685565
3608219,24,14,23,2057315
3611387,22,9,21,33895
3611675,23,12,22,457619
3613723,24,14,23,2060453
3614299,22,10,21,101767
3614363,23,13,22,1373879
3615483,22,11,21,305401
3616027,24,14,23,2061767
3617563,24,14,23,2062643
3619579,22,11,21,305747
3619835,23,12,22,458653
3619867,23,12,22,458657
3620379,22,13,21,2752331
3620955,22,13,21,2752769
3621147,22,13,21,2752915
3624091,22,13,21,2755153
3625243,22,13,21,2756029
3625755,23,12,22,459403
3626523,23,13,22,1378501
3627771,22,11,21,306439
3628027,23,12,22,459691
3629083,24,13,23,689737
3629307,24,14,23,2069339
3629339,24,14,23,2069357
3632283,22,13,21,2761381
3632379,23,13,22,1380727
3632667,22,13,21,2761673
3632795,23,12,22,460295
3633179,23,13,22,1381031
3633243,22,13,21,2762111
3633435,22,13,21,2762257
3633691,24,13,23,690613
3638107,22,13,21,2765809
3638427,24,13,23,691513
3638939,22,12,21,922147
3639291,22,13,21,2766709
3639707,22,13,21,2767025
3640475,22,13,21,2767609
3640571,23,13,22,1383841
3642459,22,12,21,923039
3643387,22,13,21,2769823
3644571,22,13,21,2770723
3645275,23,13,22,1385629
3645691,23,12,22,461929
3646715,22,13,21,2772353
3647483,22,13,21,2772937
3647579,24,14,23,2079757
3648603,24,12,23,231149
3649307,22,13,21,2774323
3649371,24,13,23,693593
3650203,24,13,23,693751
3651835,22,12,21,925415
3651995,22,13,21,2776367
3652251,22,13,21,2776561
3652763,22,13,21,2776951
3653883,23,12,22,462967
3653915,23,12,22,462971
3654299,23,13,22,1389059
3654907,22,13,21,2778581
3655515,22,13,21,2779043
3657499,22,13,21,2780551
3658011,24,12,23,231745
3658587,23,8,22,5723
3658779,24,13,23,695381
3658907,22,8,21,11447
3659803,24,14,23,2086727
3659867,22,13,21,2782351
3660571,23,13,22,1391443
3661819,24,13,23,695959
3661915,24,13,23,695977
3662107,23,12,22,464009
3663707,22,13,21,2785271
3663963,22,13,21,2785465
3664923,22,13,21,2786195
3665051,24,10,23,25799
3667963,23,9,22,17213
3668059,22,13,21,2788579
3668251,22,12,21,929575
3668763,23,13,22,1394557
3670171,22,13,21,2790185
3670811,22,13,21,2790671
3671195,22,10,21,103369
3672059,24,11,23,77545
3672155,22,13,21,2791693
3673371,24,14,23,2094463
3673883,24,14,23,2094755
3674907,22,13,21,2793785
3675675,24,14,23,2095777
3676155,23,11,22,155263
3676251,22,13,21,2794807
3676443,22,12,21,931651
3677723,23,13,22,1397963
3678299,24,13,23,699091
3679323,24,14,23,2097857
3680667,24,13,23,699541
3682075,23,11,22,155513
3682331,22,12,21,933143
3682395,23,13,22,1399739
3682907,22,12,21,933289
3683099,22,13,21,2800013
3684347,23,11,22,155609
3685627,22,13,21,2801935
3687003,22,12,21,934327
3688699,24,14,23,2103203
3690011,24,13,23,701317
3690139,22,13,21,2805365
3690587,23,13,22,1402853
3691035,24,14,23,2104535
3694235,22,13,21,2808479
3694427,24,14,23,2106469
3694843,22,13,21,2808941
3695003,22,13,21,2809063
3695195,22,12,21,936403
3697051,24,13,23,702655
3699355,22,12,21,937457
3699739,22,13,21,2812663
3701147,23,13,22,1406867
3701531,24,14,23,2110519
3702011,24,14,23,2110793
3702043,24,14,23,2110811
3702427,22,13,21,2814707
3702811,24,14,23,2111249
3702875,22,10,21,104261
3703035,22,13,21,2815169
3703835,22,13,21,2815777
3704923,24,11,23,78239
3705499,23,12,22,469507
3705883,23,13,22,1408667
3706715,24,14,23,2113475
3709339,23,13,22,1409981
3710491,22,12,21,940279
3711387,24,14,23,2116139
3713691,23,12,22,470545
3713787,22,13,21,2823343
3714075,23,13,22,1411781
3714587,22,12,21,941317
3716123,22,13,21,2825119
3716891,24,14,23,2119277
3717883,22,13,21,2826457
3717915,22,13,21,2826481
3718395,23,10,22,52349
3718427,24,14,23,2120153
3718683,22,12,21,942355
3719163,24,14,23,2120573
3719195,24,14,23,2120591
3719963,23,13,22,1414019
3721211,22,13,21,2828987
3721627,22,10,21,104789
3722011,22,13,21,2829595
3724571,22,12,21,943847
3726747,24,13,23,708299
3727387,23,13,22,1416841
3727515,24,13,23,708445
3727771,23,10,22,52481
3728155,23,13,22,1417133
3728635,22,11,21,314959
3729179,24,13,23,708761
3730171,24,14,23,2126849
3730203,24,14,23,2126867
3731227,22,13,21,2836601
3731483,24,13,23,709199
3733019,24,12,23,236497
3734555,22,9,21,35051
3736667,24,14,23,2130553
3737243,22,13,21,2841175
3737435,24,14,23,2130991
3738651,22,11,21,315805
3739483,23,12,22,473813
3740251,23,13,22,1421731
3742747,22,11,21,316151
3744539,24,14,23,2135041
3745051,24,14,23,2135333
3745435,22,13,21,2847403
3746043,24,14,23,2135899
3746395,22,13,21,2848133
3746555,24,14,23,2136191
3748507,23,13,22,1424869
3748955,24,14,23,2137559
3749979,22,13,21,2850857
3750555,22,13,21,2851295
3750939,22,11,21,316843
3751771,24,12,23,237685
3752091,22,12,21,950821
3752603,24,13,23,713213
3753051,22,13,21,2853193
3753627,22,13,21,2853631
3754779,23,12,22,475751
3756315,23,13,22,1427837
3758331,24,14,23,2142905
3758747,22,13,21,2857523
3759867,22,13,21,2858375
3760155,24,14,23,2143945
3760411,24,13,23,714697
3761435,24,14,23,2144675
3761755,23,12,22,476635
3762427,22,13,21,2860321
3762971,23,12,22,476789
3764507,23,13,22,1430951
3766555,22,13,21,2863459
3767291,22,12,21,954673
3768059,22,13,21,2864603
3769499,24,14,23,2149273
3769947,23,12,22,477673
3770363,23,13,22,1433177
3771675,22,13,21,2867351
3772667,24,14,23,2151079
3772699,23,13,22,1434065
3774459,24,13,23,717367
3775899,22,13,21,2870563
3776155,22,11,21,318973
3776283,23,13,22,1435427
3776539,22,13,21,2871049
3778203,23,10,22,53191
3779675,24,14,23,2155075
3781211,22,13,21,2874601
3783963,22,13,21,2876693
3784091,22,13,21,2876791
3784731,22,13,21,2877277
3785307,22,13,21,2877715
3785755,22,13,21,2878055
3787803,24,13,23,719903
3789083,24,14,23,2160439
3789403,22,13,21,2880829
3789467,22,13,21,2880877
3789915,23,12,22,480203
3790875,24,13,23,720487
3791131,23,9,22,17791
3792987,24,14,23,2162665
3793147,22,12,21,961225
3793179,22,11,21,320411
3795547,24,13,23,721375
3796059,22,12,21,961963
3796827,22,13,21,2886473
3797275,22,10,21,106919
3799291,23,12,22,481391
3799323,23,11,22,160465
3801755,22,13,21,2890219
3803227,23,13,22,1445669
3807515,23,11,22,160811
3807899,23,13,22,1447445
3808667,23,12,22,482579
3808795,22,13,21,2895571
3809883,23,9,22,17879
3809947,22,13,21,2896447
3811739,24,14,23,2173357
3812091,22,13,21,2898077
3812507,22,12,21,966131
3812603,23,13,22,1449233
3812891,22,13,21,2898685
3813019,24,14,23,2174087
3816187,22,13,21,2901191
3816219,24,14,23,2175911
3816443,23,13,22,1450693
3816987,22,13,21,2901799
3818075,23,11,22,161257
3818331,22,12,21,967607
3821083,22,13,21,2904913
3822363,23,13,22,1452943
3823131,23,13,22,1453235
3823611,22,12,21,968945
3824379,22,13,21,2907419
3824635,23,13,22,1453807
3825435,22,12,21,969407
3826267,23,11,22,161603
3826523,22,12,21,969683
3826843,24,12,23,242441
3826971,22,13,21,2909389
3829019,23,13,22,1455473
3829275,22,13,21,2911141
3830875,22,13,21,2912357
3831067,24,14,23,2184377
3833115,24,13,23,728515
3834907,23,13,22,1457711
3834971,22,13,21,2915471
3836955,22,13,21,2916979
3837787,24,13,23,729403
3839067,22,13,21,2918585
3840251,22,13,21,2919485
3840667,22,12,21,973267
3841051,22,13,21,2920093
3841179,24,14,23,2190143
3841787,22,11,21,324517
3841883,23,13,22,1460363
3844187,22,12,21,974159
3844347,22,13,21,2922599
3845371,24,14,23,2192533
3847707,22,9,21,36113
3848443,22,13,21,2925713
3848987,23,13,22,1463063
3849755,23,11,22,162595
3850331,24,12,23,243929
3850395,22,13,21,2927197
3850491,23,13,22,1463635
3851035,22,13,21,2927683
3852123,22,13,21,2928511
3852379,22,12,21,976235
3852955,22,12,21,976381
3853403,24,13,23,732371
3853979,24,14,23,2197441
3855899,22,11,21,325709
3857179,23,13,22,1466177
3857563,24,14,23,2199485
3857723,22,4,21,149
3858587,22,13,21,2933425
3859227,22,13,21,2933911
3859739,24,12,23,244525
3860315,22,13,21,2934739
3861243,24,13,23,733861
3861275,24,13,23,733867
3861531,24,14,23,2201747
3861755,22,12,21,978611
3861787,22,12,21,978619
3863131,22,13,21,2936879
3864091,22,11,21,326401
3865371,23,13,22,1469291
3865851,22,12,21,979649
3865883,22,12,21,979657
3866459,22,9,21,36289
3866651,22,13,21,2939555
3866779,22,13,21,2939653
3867419,22,13,21,2940139
3868507,24,14,23,2205725
3869083,24,12,23,245117
3869275,24,14,23,2206163
3869339,24,14,23,2206199
3869979,22,12,21,980695
3870555,22,11,21,326947
3871515,22,13,21,2943253
3872027,23,12,22,490607
3872763,23,13,22,1472101
3872795,23,13,22,1472113
3874043,22,12,21,981725
3874587,24,13,23,736397
3874651,22,11,21,327293
3874843,24,14,23,2209337
3875227,22,12,21,982025
3875579,22,13,21,2946343
3875611,24,14,23,2209775
3878683,23,13,22,1474351
3878939,22,13,21,2948897
3879707,22,13,21,2949481
3880955,23,13,22,1475215
3882843,22,11,21,327985
3883419,22,12,21,984101
3884123,23,13,22,1476419
3887771,22,13,21,2955611
3890203,24,12,23,246455
3891451,22,13,21,2958409
3891483,22,13,21,2958433
3891867,22,13,21,2958725
3891995,23,10,22,54793
3893339,24,13,23,739961
3893499,23,13,22,1479983
3894043,22,11,21,328931
3895963,22,13,21,2961839
3898011,24,13,23,740849
3899035,24,14,23,2223131
3899643,22,13,21,2964637
3902107,23,13,22,1483255
3903739,24,14,23,2225813
3904027,23,13,22,1483985
3904539,24,14,23,2226269
3905531,24,14,23,2226835
3907611,23,13,22,1485347
3909211,22,12,21,990637
3910299,23,13,22,1486369
3910747,24,14,23,2229809
3911515,24,14,23,2230247
3912283,23,13,22,1487123
3912987,22,13,21,2974781
3914907,24,14,23,2232181
3915163,24,13,23,744109
3915547,22,13,21,2976727
3915803,23,13,22,1488461
3916891,22,10,21,110287
3917819,22,13,21,2978455
3919099,24,13,23,744857
3919643,24,14,23,2234881
3919707,23,13,22,1489945
3920155,24,14,23,2235173
3920411,24,14,23,2235319
3920923,24,14,23,2235611
3920987,22,11,21,331207
3921179,22,13,21,2981009
3921947,22,13,21,2981593
3923099,22,13,21,2982469
3923995,23,13,22,1491575
3925243,22,13,21,2984099
3925595,24,14,23,2238275
3926011,22,13,21,2984683
3926267,22,10,21,110551
3927131,23,11,22,165863
3927835,22,13,21,2986069
3929115,23,13,22,1493521
3929883,23,13,22,1493813
3930363,22,11,21,331999
3932155,23,13,22,1494677
3932443,24,12,23,249131
3933211,24,13,23,747539
3935259,22,13,21,2991713
3936027,22,13,21,2992297
3936283,24,13,23,748123
3938395,24,14,23,2245573
3938971,22,13,21,2994535
3939355,22,13,21,2994827
3941019,24,13,23,749023
3942427,23,8,22,6167
3946779,22,12,21,1000157
3947547,22,13,21,3001055
3947931,22,10,21,111161
3948059,24,13,23,750361
3948539,24,14,23,2251357
3948571,22,10,21,111179
3951355,23,13,22,1501975
3954203,22,13,21,3006115
3955355,22,13,21,3006991
3957499,22,13,21,3008621
3957915,24,14,23,2256703
3958043,23,13,22,1504517
3958363,23,13,22,1504639
3959963,23,12,22,501749
3960091,22,13,21,3010591
3960475,22,13,21,3010883
3962651,22,12,21,1004179
3963643,24,13,23,753323
3964187,22,13,21,3013705
3964667,24,14,23,2260553
3965531,22,12,21,1004909
3965787,23,12,22,502487
3966107,22,12,21,1005055
3966555,23,13,22,1507753
3966619,23,13,22,1507777
3968251,22,13,21,3016795
3968283,22,13,21,3016819
3968859,22,13,21,3017257
3972379,22,13,21,3019933
3972763,22,13,21,3020225
3972955,22,13,21,3020371
3973371,22,13,21,3020687
3973787,22,10,21,111889
3974395,23,13,22,1510733
3976443,24,14,23,2267267
3978267,24,14,23,2268307
3980571,22,13,21,3026161
3981403,24,14,23,2270095
3981595,22,13,21,3026939
3982363,22,13,21,3027523
3982587,23,13,22,1513847
3984027,24,11,23,84133
3985691,22,13,21,3030053
3986459,22,13,21,3030637
3988251,22,13,21,3031999
3988891,24,14,23,2274365
3989019,22,12,21,1010861
3989787,22,13,21,3033167
3990555,24,14,23,2275313
3990811,24,14,23,2275459
3991643,23,12,22,505763
3992315,22,13,21,3035089
3992347,22,13,21,3035113
3992603,24,13,23,758827
3993627,24,14,23,2277065
3995163,24,14,23,2277941
3995931,23,13,22,1518919
3997211,22,12,21,1012937
3997787,22,12,21,1013083
4000155,24,14,23,2280787
4000507,22,13,21,3041317
4000923,22,13,21,3041633
4001019,23,12,22,506951
4001051,23,11,22,168985
4003099,22,11,21,338143
4003355,23,12,22,507247
4004123,23,13,22,1522033
4005019,22,13,21,3044747
4005147,24,10,23,28193
4006651,24,13,23,761497
4007163,22,12,21,1015459
4007707,23,13,22,1523395
4007931,22,13,21,3046961
4008699,22,13,21,3047545
4009115,22,13,21,3047861
4010587,24,13,23,762245
4011099,22,13,21,3049369
4012795,22,13,21,3050659
4013851,22,13,21,3051461
4013915,24,14,23,2288633
4014683,23,13,22,1526047
4014747,24,14,23,2289107
4014939,22,13,21,3052289
4015259,24,13,23,763133
4015771,24,14,23,2289691
4016539,22,12,21,1017835
4017819,23,13,22,1527239
4017947,22,13,21,3054575
4018427,24,13,23,763735
4019227,24,12,23,254629
4020219,22,13,21,3056303
4020475,22,13,21,3056497
4020987,22,13,21,3056887
4021275,24,14,23,2292829
4022043,22,13,21,3057689
4022107,23,12,22,509623
4022523,23,13,22,1529027
4022875,23,13,22,1529161
4023131,22,13,21,3058517
4027131,22,8,21,12599
4030107,24,13,23,765955
4033275,24,10,23,28391
4033307,24,12,23,255521
4035099,22,13,21,3067615
4036699,22,13,21,3068831
4038171,23,13,22,1534975
4038395,22,13,21,3070121
4038747,24,13,23,767597
4039419,22,10,21,113737
4039451,22,12,21,1023641
4040283,24,11,23,85321
4042843,23,13,22,1536751
4046235,24,14,23,2307061
4046363,23,13,22,1538089
4048891,24,13,23,769525
4048987,22,13,21,3078173
4050587,22,12,21,1026463
4051483,24,14,23,2310053
4052507,22,13,21,3080849
4054171,23,13,22,1541057
4054683,22,12,21,1027501
4056859,22,13,21,3084157
4056923,24,14,23,2313155
4057499,24,13,23,771161
4058363,22,13,21,3085301
4058779,22,12,21,1028539
4058907,23,13,22,1542857
4059739,22,13,21,3086347
4060699,22,13,21,3087077
4060955,22,13,21,3087271
4061595,23,13,22,1543879
4062459,22,13,21,3088415
4063227,22,13,21,3088999
4063515,24,14,23,2316913
4064027,24,14,23,2317205
4064347,23,12,22,514975
4065275,24,13,23,772639
4067099,23,13,22,1545971
4067163,22,13,21,3091991
4067579,22,12,21,1030769
4067867,23,10,22,57269
4067931,22,13,21,3092575
4069371,23,13,22,1546835
4070651,22,13,21,3094643
4071259,22,13,21,3095105
4071835,22,13,21,3095543
4072091,24,14,23,2321803
4072539,23,12,22,516013
4073115,24,12,23,258043
4073723,23,12,22,516163
4074075,23,13,22,1548623
4074523,23,13,22,1548793
4075291,23,13,22,1549085
4077563,23,13,22,1549949
4079131,24,14,23,2325817
4079451,22,13,21,3101333
4079611,24,14,23,2326091
4079899,22,12,21,1033891
4080027,22,13,21,3101771
4081915,23,12,22,517201
4082459,22,13,21,3103619
4083995,22,12,21,1034929
4086939,22,10,21,115075
4088987,24,14,23,2331437
4089851,22,10,21,115157
4090651,22,13,21,3109847
4091035,22,11,21,345571
4091675,24,14,23,2332969
4091995,22,13,21,3110869
4092187,22,12,21,1037005
4093211,22,13,21,3111793
4094971,24,13,23,778283
4095739,24,13,23,778429
4095995,23,10,22,57665
4096027,23,12,22,518989
4096859,22,11,21,346063
4097179,23,11,22,173045
4098139,24,13,23,778885
4099867,22,10,21,115439
4102171,22,12,21,1039535
4105467,22,13,21,3121111
4107803,24,14,23,2342165
4109403,22,13,21,3124103
4110363,22,12,21,1041611
4110747,22,13,21,3125125
4112475,24,14,23,2344829
4113659,22,13,21,3127339
4114267,24,14,23,2345851
4115483,22,13,21,3128725
4115547,24,14,23,2346581
4116315,23,13,22,1564679
4116731,23,13,22,1564837
4117531,23,13,22,1565141
4117595,22,13,21,3130331
4118779,22,13,21,3131231
4120315,22,12,21,1044133
4120827,24,13,23,783197
4121627,24,13,23,783349
4121851,22,13,21,3133567
4121883,24,14,23,2350193
4122715,22,11,21,348247
4123675,22,13,21,3134953
4123739,23,13,22,1567501
4124507,23,13,22,1567793
4124763,24,10,23,29035
4125723,23,13,22,1568255
4126971,22,13,21,3137459
4128859,23,11,22,174383
4130651,22,13,21,3140257
4131227,24,14,23,2355521
4131867,22,13,21,3141181
4135963,22,13,21,3144295
4136347,22,13,21,3144587
4136475,24,12,23,262057
4136731,24,14,23,2358659
4137243,24,13,23,786317
4137723,24,14,23,2359225
4138267,23,12,22,524341
4140315,22,12,21,1049201
4140571,23,12,22,524633
4140891,24,14,23,2361031
4143387,22,13,21,3149939
4143515,24,10,23,29167
4143771,24,14,23,2362673
4144123,22,13,21,3150499
4144155,22,13,21,3150523
4144379,22,11,21,350077
4145307,24,14,23,2363549
4146427,23,10,22,58375
4147611,23,11,22,175175
4148507,22,12,21,1051277
4148763,23,12,22,525671
4148891,22,13,21,3154123
4149851,22,13,21,3154853
4150043,22,13,21,3154999
4150299,24,14,23,2366395
4152315,22,13,21,3156727
4152347,24,14,23,2367563
4152987,22,13,21,3157237
4153755,22,11,21,350869
4155995,24,13,23,789881
4157083,22,13,21,3160351
4157691,22,13,21,3160813
4158491,22,11,21,351269
4160155,24,14,23,2372015
4161179,22,13,21,3163465
4162139,22,13,21,3164195
4163227,23,13,22,1582511
4163355,24,14,23,2373839
4164379,24,14,23,2374423
4166747,23,13,22,1583849
4168347,23,13,22,1584457
4169371,22,13,21,3169693
4169979,22,13,21,3170155
4171867,23,13,22,1585795
4172891,22,13,21,3172369
4172955,24,14,23,2379313
4176123,23,13,22,1587413
4176891,23,12,22,529235
4178075,23,12,22,529385
4178171,22,13,21,3176383
4178203,22,13,21,3176407
4179963,24,14,23,2383309
4180731,22,12,21,1059443
4180763,22,12,21,1059451
4181083,22,13,21,3178597
4181147,22,13,21,3178645
4181243,24,14,23,2384039
4182299,22,13,21,3179521
4186267,23,12,22,530423
4186395,22,13,21,3182635
4187419,22,13,21,3183413
4187803,22,9,21,39305
4189467,23,13,22,1592485
4189851,23,11,22,176959
4191515,22,13,21,3186527
4192539,23,13,22,1593653
4193563,24,13,23,797021
4193819,22,13,21,3188279
4194587,24,14,23,2391647
4195067,24,12,23,265769
4195355,24,14,23,2392085
4197659,23,13,22,1595599
4199003,24,13,23,798055
4199963,23,13,22,1596475
4200731,23,13,22,1596767
4203547,23,13,22,1597837
4206619,23,13,22,1599005
4206875,24,9,23,9871
4209403,24,14,23,2400095
4210971,23,11,22,177851
4211291,23,13,22,1600781
4217499,24,14,23,2404711
4218715,23,13,22,1603603
4219483,23,13,22,1603895
4222203,24,14,23,2407393
4223003,24,14,23,2407849
4223259,24,11,23,89185
4225627,24,8,23,3305
4225787,24,14,23,2409437
4225819,23,13,22,1606303
4228187,24,14,23,2410805
4230299,24,12,23,268001
4234395,23,12,22,536521
4234779,23,13,22,1609709
4237307,24,12,23,268445
4237563,24,14,23,2416151
4237915,23,10,22,59663
4238107,24,13,23,805487
4238875,24,13,23,805633
4242587,23,12,22,537559
4242971,23,13,22,1612823
4244123,24,14,23,2419891
4247323,23,12,22,538159
4248859,23,13,22,1615061
4249627,23,12,22,538451
4256859,24,13,23,809051
4258459,24,12,23,269785
4260955,23,13,22,1619659
4261723,23,13,22,1619951
4262555,23,12,22,540089
4266075,23,12,22,540535
4266235,24,13,23,810833
4267259,24,14,23,2433083
4269147,23,13,22,1622773
4270331,23,13,22,1623223
4271195,24,14,23,2435327
4271963,24,14,23,2435765
4272731,24,14,23,2436203
4276379,24,13,23,812761
4276635,24,14,23,2438429
4277403,24,14,23,2438867
4278523,23,13,22,1626337
4281115,24,13,23,813661
4281371,24,14,23,2441129
4282523,23,7,22,2233
4283131,24,14,23,2442133
4283387,24,13,23,814093
4284443,23,13,22,1628587
4288155,24,13,23,814999
4288347,23,10,22,60373
4290331,23,13,22,1630825
4291867,23,12,22,543803
4292635,23,13,22,1631701
4293787,23,13,22,1632139
4293915,24,14,23,2448281
4295451,24,14,23,2449157
4297755,23,12,22,544549
4300059,23,12,22,544841
4300891,24,14,23,2452259
4303963,23,13,22,1636007
4305947,23,12,22,545587
4309243,24,13,23,819007
4309275,24,13,23,819013
4311835,23,11,22,182111
4312155,23,13,22,1639121
4313371,23,13,22,1639583
4317275,23,13,22,1641067
4317851,24,13,23,820643
4318811,23,12,22,547217
4319643,24,14,23,2462951
4320347,23,13,22,1642235
4325467,23,13,22,1644181
4326139,24,14,23,2466655
4328187,23,12,22,548405
4330075,24,14,23,2468899
4334843,23,13,22,1647745
4335259,24,14,23,2471855
4336027,23,13,22,1648195
4336795,23,13,22,1648487
4338971,24,13,23,824657
4339995,24,14,23,2474555
4340763,24,14,23,2474993
4342619,23,13,22,1650701
4342875,24,11,23,91711
4343451,23,12,22,550339
4344219,23,13,22,1651309
4349723,23,13,22,1653401
4350811,23,13,22,1653815
4351771,24,14,23,2481269
4352251,24,11,23,91909
4354075,24,14,23,2482583
4356187,24,13,23,827929
4356763,23,13,22,1656077
4357115,24,14,23,2484317
4357531,23,9,22,20449
4358747,24,14,23,2485247
4360859,24,13,23,828817
4361371,24,14,23,2486743
4364955,23,13,22,1659191
4365723,23,11,22,184387
4368379,24,14,23,2490739
4368475,23,13,22,1660529
4370459,23,10,22,61529
4373915,23,11,22,184733
4375195,24,14,23,2494625
4375707,24,12,23,277213
4376667,23,13,22,1663643
4377243,24,13,23,831931
4378267,23,13,22,1664251
4380443,24,12,23,277513
4382235,24,14,23,2498639
4382971,24,14,23,2499059
4383003,24,14,23,2499077
4383483,24,13,23,833117
4383995,24,14,23,2499643
4386043,23,13,22,1667207
4386075,23,13,22,1667219
4386459,23,13,22,1667365
4389531,24,14,23,2502799
4394267,23,13,22,1670333
4398107,24,14,23,2507689
4398331,24,13,23,835939
4398619,24,14,23,2507981
4399387,24,14,23,2508419
4399771,23,11,22,185825
4406043,23,13,22,1674809
4407579,23,13,22,1675393
4407707,24,13,23,837721
4410139,24,13,23,838183
4410395,24,14,23,2514695
4411163,24,14,23,2515133
4411675,24,13,23,838475
4412187,24,14,23,2515717
4414459,24,14,23,2517013
4417115,24,13,23,839509
4418139,24,14,23,2519111
4419227,24,14,23,2519731
4419675,23,12,22,559997
4422395,23,13,22,1681025
4424731,24,14,23,2522869
4425723,24,13,23,841145
4429819,23,13,22,1683847
4429915,24,14,23,2525825
4431003,23,13,22,1684297
4433499,24,13,23,842623
4435739,23,13,22,1686097
4438427,23,12,22,562373
4438811,24,14,23,2530897
4439195,23,13,22,1687411
4440315,24,14,23,2531755
4440347,24,14,23,2531773
4441339,24,12,23,281371
4441947,23,12,22,562819
4443931,23,13,22,1689211
4447899,24,14,23,2536079
4450139,23,12,22,563857
4451355,23,12,22,564011
4454491,23,13,22,1693225
4457211,24,14,23,2541389
4457243,23,12,22,564757
4458587,24,13,23,847391
4460379,24,14,23,2543195
4462683,23,13,22,1696339
4464027,24,13,23,848425
4464667,23,13,22,1697093
4465403,23,11,22,188597
4467995,24,13,23,849179
4469531,24,12,23,283157
4471067,24,13,23,849763
4472923,24,14,23,2550347
4474011,23,13,22,1700645
4476571,24,12,23,283603
4480667,23,12,22,567725
4482203,23,13,22,1703759
4483867,24,14,23,2556587
4486939,23,13,22,1705559
4488859,23,12,22,568763
4489819,24,13,23,853327
4489883,24,13,23,853339
4490395,23,13,22,1706873
4491675,24,14,23,2561039
4491931,24,14,23,2561185
4492443,24,14,23,2561477
4497435,24,14,23,2564323
4499451,24,14,23,2565473
4500251,24,14,23,2565929
4502107,24,14,23,2566987
4502555,23,13,22,1711495
4502619,24,14,23,2567279
4505691,23,13,22,1712687
4506779,24,14,23,2569651
4508443,23,13,22,1713733
4511515,24,14,23,2572351
4511739,24,10,23,31759
4511995,24,14,23,2572625
4513307,24,13,23,857791
4513531,24,14,23,2573501
4514651,23,10,22,63559
4515099,23,13,22,1716263
4515835,23,11,22,190727
4519003,24,14,23,2576621
4520603,24,14,23,2577533
4522075,23,13,22,1718915
4524443,23,13,22,1719815
4525851,24,11,23,95575
4527195,23,13,22,1720861
4528379,24,14,23,2581967
4531451,23,13,22,1722479
4532827,24,12,23,287167
4536571,23,13,22,1724425
4536987,23,12,22,574861
4540059,23,13,22,1725751
4540507,23,10,22,63923
4540827,23,13,22,1726043
4541179,24,14,23,2589265
4541211,24,14,23,2589283
4541723,24,14,23,2589575
4545179,23,12,22,575899
4545563,23,13,22,1727843
4546299,23,12,22,576041
4548187,24,14,23,2593261
4552987,23,13,22,1730665
4554491,23,12,22,577079
4555035,24,14,23,2597165
4555803,24,14,23,2597603
4558075,23,11,22,192511
4562331,23,13,22,1734217
4568859,24,13,23,868349
4569883,24,14,23,2605631
4570395,24,12,23,289547
4570523,23,13,22,1737331
4571163,24,13,23,868787
4571739,23,13,22,1737793
4574875,23,13,22,1738985
4575835,24,13,23,869675
4576347,24,14,23,2609317
4578971,24,13,23,870271
4579995,24,14,23,2611397
4583067,23,13,22,1742099
4584731,24,14,23,2614097
4585723,24,14,23,2614663
4587803,23,13,22,1743899
4588187,23,13,22,1744045
4595099,24,14,23,2620009
4595995,23,13,22,1747013
4596379,23,13,22,1747159
4598523,24,12,23,291329
4600603,24,14,23,2623147
4601115,24,14,23,2623439
4602619,23,12,22,583177
4603419,23,13,22,1749835
4604187,23,13,22,1750127
4605787,24,14,23,2626103
4609307,23,13,22,1752073
4610811,23,12,22,584215
4612347,24,14,23,2629843
4613403,24,13,23,876815
4615707,24,13,23,877253
4615963,23,13,22,1754603
4616475,24,13,23,877399
4616731,24,14,23,2632343
4617307,24,12,23,292519
4621403,23,12,22,585557
4622619,23,8,22,7231
4626459,23,13,22,1758593
4626683,24,12,23,293113
4628507,24,14,23,2639057
4630779,23,12,22,586745
4632667,24,14,23,2641429
4633179,24,14,23,2641721
4634651,23,13,22,1761707
4637851,24,14,23,2644385
4638555,23,13,22,1763191
4642587,24,14,23,2647085
4644603,24,13,23,882745
4644859,24,14,23,2648381
4645627,24,14,23,2648819
4646747,23,13,22,1766305
4649627,24,14,23,2651099
4650747,23,7,22,2425
4651419,24,14,23,2652121
4653083,23,12,22,589571
4653211,24,13,23,884381
4653851,23,13,22,1769005
4655899,24,14,23,2654675
4656379,24,13,23,884983
4657755,23,11,22,196721
4657947,24,13,23,885281
4658459,24,14,23,2656135
4658715,24,13,23,885427
4661339,24,14,23,2657777
4662011,23,13,22,1772107
4670491,24,13,23,887665
4670747,24,14,23,2663141
4672795,24,13,23,888103
4673819,24,14,23,2664893
4674203,23,12,22,592247
4674587,23,13,22,1776887
4677467,24,13,23,888991
4678299,24,12,23,296383
4680091,24,14,23,2668469
4680859,24,14,23,2668907
4682395,23,12,22,593285
4685339,24,10,23,32981
4686075,24,13,23,890627
4687867,24,14,23,2672903
4688667,23,13,22,1782239
4696859,23,13,22,1785353
4697243,23,13,22,1785499
4699419,24,12,23,297721
4701467,24,14,23,2680657
4703067,23,13,22,1787713
4703483,24,14,23,2681807
4704251,23,13,22,1788163
4705019,23,13,22,1788455
4705051,23,13,22,1788467
4706971,24,14,23,2683795
4709531,24,13,23,895085
4710171,23,13,22,1790413
4711675,23,12,22,596995
4712443,23,13,22,1791277
4714267,24,13,23,895985
4715611,23,13,22,1792481
4719707,24,13,23,897019
4720475,24,11,23,99685
4720731,24,14,23,2691641
4722331,24,14,23,2692553
4723803,23,13,22,1795595
4724987,23,13,22,1796045
4725755,23,9,22,22177
4725787,23,12,22,598783
4729083,24,13,23,898801
4729595,24,14,23,2696695
4731675,24,14,23,2697881
4733179,23,13,22,1799159
4733947,23,11,22,199939
4733979,23,12,22,599821
4736091,24,13,23,900133
4738715,24,14,23,2701895
4739867,23,11,22,200189
4741787,23,13,22,1802431
4742139,23,11,22,200285
4743419,24,14,23,2704577
4743931,24,12,23,300541
4745467,24,13,23,901915
4746491,23,13,22,1804219
4747803,24,13,23,902359
4747867,24,13,23,902371
4748379,24,14,23,2707405
4752219,24,14,23,2709595
4753179,23,13,22,1806761
4754683,23,13,22,1807333
4754715,23,13,22,1807345
4757755,24,14,23,2712751
4758939,23,13,22,1808951
4762715,24,11,23,100577
4767131,23,13,22,1812065
4767995,23,11,22,201377
4768795,23,13,22,1812697
4772891,24,13,23,907127
4775931,24,13,23,907705
4776219,23,12,22,605173
4776603,23,13,22,1815665
4778075,24,14,23,2724337
4778587,24,14,23,2724629
4780699,24,13,23,908611
4787451,24,14,23,2729683
4789787,24,14,23,2731015
4791451,23,12,22,607103
4792411,24,13,23,910837
4792667,23,6,22,833
4792987,23,13,22,1821893
4794971,24,14,23,2733971
4795547,24,12,23,303811
4796507,23,13,22,1823231
4797723,23,13,22,1823693
4798491,23,10,22,67555
4799227,23,13,22,1824265
4800283,24,12,23,304111
4801819,24,13,23,912625
4804379,23,12,22,608741
4804699,23,13,22,1826345
4805915,23,13,22,1826807
4806651,23,12,22,609029
4807419,23,13,22,1827379
4808539,24,14,23,2741707
4809371,24,14,23,2742181
4809563,24,12,23,304699
4811163,24,13,23,914401
4811419,23,9,22,22579
4815259,23,13,22,1830359
4815643,24,14,23,2745757
4816123,24,14,23,2746031
4819611,23,11,22,203557
4823131,23,12,22,611117
4823451,23,13,22,1833473
4825499,24,14,23,2751377
4827803,23,11,22,203903
4828187,23,13,22,1835273
4830491,24,14,23,2754223
4832251,24,13,23,918409
4832539,24,14,23,2755391
4833307,24,14,23,2755829
4835419,24,12,23,306337
4837979,24,14,23,2758493
4838043,24,14,23,2758529
4842235,23,13,22,1840613
4844795,24,12,23,306931
4846171,23,13,22,1842109
4847131,24,12,23,307079
4848891,23,12,22,614381
4850427,23,13,22,1843727
4850779,24,14,23,2765791
4852891,24,14,23,2766995
4853403,24,13,23,922429
4853595,23,12,22,614977
4854363,23,13,22,1845223
4857083,23,12,22,615419
4858107,24,13,23,923323
4858267,23,12,22,615569
4858619,23,13,22,1846841
4859899,24,14,23,2770991
4860155,24,14,23,2771137
4860667,24,14,23,2771429
4861019,23,13,22,1847753
4861467,24,14,23,2771885
4862619,23,13,22,1848361
4865883,24,12,23,308267
4866459,23,12,22,616607
4867675,23,9,22,22843
4874267,24,14,23,2779183
4875003,24,14,23,2779603
4875547,24,14,23,2779913
4875867,23,11,22,205933
4877083,23,12,22,617953
4877851,24,14,23,2781227
4879451,24,14,23,2782139
4883739,23,13,22,1856389
4884059,23,11,22,206279
4885659,23,13,22,1857119
4886811,23,13,22,1857557
4888827,24,14,23,2787485
4889627,24,14,23,2787941
4892667,23,13,22,1859783
4893851,23,13,22,1860233
4895835,23,12,22,620329
4897947,24,13,23,930895
4898971,24,14,23,2793269
4899675,23,13,22,1862447
4902683,24,13,23,931795
4903195,24,14,23,2795677
4904027,23,12,22,621367
4905211,23,12,22,621517
4905819,24,7,23,1279
4906779,23,13,22,1865147
4907099,24,14,23,2797903
4908283,23,13,22,1865719
4909051,23,13,22,1866011
4909659,24,13,23,933121
4913403,23,12,22,622555
4913819,23,13,22,1867823
4915355,24,14,23,2802611
4918299,24,13,23,934763
4919067,24,13,23,934909
4919323,24,14,23,2804873
4920091,24,14,23,2805311
4921435,24,13,23,935359
4922395,23,13,22,1871083
4924571,24,9,23,11555
4925851,24,14,23,2808595
4929819,23,12,22,624635
4930555,23,13,22,1874185
4930587,23,13,22,1874197
4931355,24,14,23,2811733
4935195,24,14,23,2813923
4936283,24,12,23,312727
4936475,23,13,22,1876435
4938747,23,13,22,1877299
4940443,24,14,23,2816915
4940955,24,11,23,104341
4943099,23,13,22,1878953
4943515,23,13,22,1879111
4947195,24,13,23,940255
4948219,24,14,23,2821349
4948571,23,12,22,627011
4951291,23,13,22,1882067
4955803,24,13,23,941891
4956411,23,13,22,1884013
4956571,24,13,23,942037
4961307,24,13,23,942937
4961563,24,14,23,2828957
4963323,24,14,23,2829961
4964443,24,11,23,104837
4964603,23,13,22,1887127
4964635,23,13,22,1887139
4967515,24,13,23,944117
4968539,23,10,22,69949
4971675,24,14,23,2834723
4972699,24,14,23,2835307
4972827,23,13,22,1890253
4976411,24,14,23,2837423
4977947,23,12,22,630733
4978203,24,14,23,2838445
4979483,23,13,22,1892783
4980251,23,12,22,631025
4983195,24,11,23,105233
4986139,23,12,22,631771
4986907,23,13,22,1895605
4987291,23,10,22,70213
4988699,24,13,23,948143
4989723,24,14,23,2845013
4996955,24,14,23,2849137
4998811,24,13,23,950065
4999003,23,12,22,633401
5003035,24,14,23,2852603
5004315,24,11,23,105679
5006075,24,14,23,2854337
5012123,24,13,23,952595
5014299,23,12,22,635339
5016219,23,13,22,1906747
5017851,24,14,23,2861051
5018395,24,12,23,317929
5019643,24,14,23,2862073
5020955,24,14,23,2862821
5021435,24,13,23,954365
5022491,23,12,22,636377
5024411,23,13,22,1909861
5025435,24,10,23,35375
5029019,24,14,23,2867419
5031067,23,13,22,1912391
5033755,24,14,23,2870119
5034267,24,14,23,2870411
5034587,23,13,22,1913729
5035035,24,14,23,2870849
5035547,24,13,23,957047
5035803,23,13,22,1914191
5036059,24,14,23,2871433
5038107,23,13,22,1915067
5042427,23,12,22,638903
5046523,24,12,23,319711
5048315,24,14,23,2878421
5049083,24,14,23,2878859
5050203,23,13,22,1919665
5050395,24,13,23,959869
5050619,23,12,22,639941
5050651,23,10,22,71105
5050971,23,13,22,1919957
5052507,24,14,23,2880811
5054299,24,13,23,960611
5057691,24,14,23,2883767
5059227,23,13,22,1923095
5062427,24,14,23,2886467
5062747,23,13,22,1924433
5065467,23,13,22,1925467
5065499,23,13,22,1925479
5065883,23,12,22,641875
5067355,24,14,23,2889277
5071707,24,14,23,2891759
5072475,23,13,22,1928131
5073691,23,13,22,1928593
5074075,23,12,22,642913
5074459,23,13,22,1928885
5075195,24,14,23,2893747
5077755,24,13,23,965069
5078299,24,14,23,2895517
5079899,23,12,22,643651
5080667,23,13,22,1931245
5081179,24,14,23,2897159
5081499,23,13,22,1931561
5081691,24,10,23,35771
5090555,24,14,23,2902505
5090587,24,14,23,2902523
5092379,24,14,23,2903545
5093403,24,12,23,322681
5097307,24,13,23,968785
5097563,24,14,23,2906501
5098651,24,14,23,2907121
5100635,23,13,22,1938835
5104923,24,14,23,2910697
5105435,24,14,23,2910989
5105755,23,12,22,646927
5106939,24,14,23,2911847
5109275,24,14,23,2913179
5110011,23,13,22,1942399
5111963,23,13,22,1943141
5113691,24,13,23,971899
5116699,23,13,22,1944941
5117467,23,11,22,216137
5119387,23,13,22,1945963
5120795,24,13,23,973249
5124891,23,13,22,1948055
5127163,23,13,22,1948919
5128027,24,14,23,2923871
5129371,24,13,23,974879
5129883,24,14,23,2924929
5131547,23,12,22,650195
5133083,23,13,22,1951169
5135355,23,13,22,1952033
5136219,23,11,22,216929
5140571,24,14,23,2931023
5144827,23,13,22,1955633
5144859,23,13,22,1955645
5148923,24,13,23,978595
5149467,24,14,23,2936095
5152859,24,13,23,979343
5155931,24,13,23,979927
5156955,23,13,22,1960243
5159323,24,14,23,2941715
5159675,23,12,22,653759
5161211,23,13,22,1961861
5163771,24,12,23,327139
5164059,24,14,23,2944415
5165595,24,14,23,2945291
5167195,24,14,23,2946203
5170267,23,9,22,24263
5171611,24,13,23,982907
5175707,23,13,22,1967371
5177595,24,14,23,2952133
5177627,24,14,23,2952151
5178459,23,11,22,218713
5179387,24,13,23,984385
5179643,23,9,22,24307
5180443,24,14,23,2953757
5182747,23,13,22,1970047
5183483,23,13,22,1970327
5183515,23,13,22,1970339
5186651,23,11,22,219059
5187227,24,12,23,328625
5187835,23,11,22,219109
5188635,23,13,22,1972285
5189019,23,8,22,8117
5189403,23,13,22,1972577
5191451,24,14,23,2960033
5191675,23,13,22,1973441
5193243,24,14,23,2961055
5193723,24,14,23,2961329
5196027,23,11,22,219455
5198363,23,12,22,658661
5198427,24,14,23,2964011
5200539,24,13,23,988405
5201307,24,10,23,36613
5201563,24,14,23,2965799
5206267,24,14,23,2968481
5206555,23,12,22,659699
5210139,23,11,22,220051
5212251,24,13,23,990631
5212827,23,13,22,1981481
5217947,24,14,23,2975141
5221019,23,13,22,1984595
5221115,24,14,23,2976947
5221627,24,13,23,992413
5225755,23,13,22,1986395
5226491,23,12,22,662225
5228379,24,14,23,2981089
5229659,24,14,23,2981819
5229723,24,14,23,2981855
5230843,23,13,22,1988329
5234683,23,12,22,663263
5235995,24,14,23,2985431
5237787,24,14,23,2986453
5245723,23,13,22,1993985
5250587,24,12,23,332639
5251163,23,12,22,665351
5251355,24,13,23,998063
5253883,23,13,22,1997087
5254683,23,12,22,665797
5255259,24,12,23,332935
5262075,23,13,22,2000201
5262875,23,12,22,666835
5264411,24,14,23,3001633
5266171,24,13,23,1000879
5267195,24,14,23,3003221
5269083,23,13,22,2002865
5269595,24,14,23,3004589
5269915,23,12,22,667727
5270107,24,13,23,1001627
5270683,23,13,22,2003473
5272667,23,13,22,2004227
5274011,24,12,23,334123
5274267,24,14,23,3007253
5275291,24,14,23,3007837
5276507,23,13,22,2005687
5277275,23,13,22,2005979
5278491,24,14,23,3009661
5278747,24,12,23,334423
5280539,24,14,23,3010829
5282043,23,13,22,2007791
5282843,23,12,22,669365
5283579,24,14,23,3012563
5292187,23,12,22,670549
5292795,24,9,23,12419
5292827,24,12,23,335315
5294075,24,14,23,3018547
5296667,24,13,23,1006675
5297691,24,14,23,3020609
5300379,23,12,22,671587
5302363,23,13,22,2015515
5302811,23,7,22,2765
5306651,23,13,22,2017145
5308443,24,13,23,1008913
5308667,24,14,23,3026867
5308699,24,14,23,3026885
5309179,24,11,23,112117
5311739,23,13,22,2019079
5314075,23,13,22,2019967
5314843,23,13,22,2020259
5316443,24,14,23,3031301
5318299,24,14,23,3032359
5320347,23,12,22,674117
5324027,24,13,23,1011875
5324795,24,13,23,1012021
5325403,23,13,22,2024273
5329563,24,13,23,1012927
5331611,24,14,23,3039949
5332827,23,13,22,2027095
5333275,23,12,22,675755
5333403,24,13,23,1013657
5333595,23,13,22,2027387
5333659,23,13,22,2027411
5334171,24,13,23,1013803
5338139,24,13,23,1014557
5339899,24,14,23,3044675
5339931,23,13,22,2029795
5340315,23,9,22,25061
5340923,24,14,23,3045259
5344411,24,11,23,112861
5348507,23,11,22,225895
5350683,24,13,23,1016941
5351419,24,11,23,113009
5352219,24,13,23,1017233
5353563,23,13,22,2034977
5354779,23,13,22,2035439
5355515,23,10,22,75397
5355547,24,14,23,3053597
5356699,23,11,22,226241
5357083,23,13,22,2036315
5357659,24,13,23,1018267
5360283,24,14,23,3056297
5361435,23,11,22,226441
5363739,23,12,22,679615
5367035,24,13,23,1020049
5368411,23,12,22,680207
5370971,24,13,23,1020797
5372315,23,13,22,2042105
5375067,23,13,22,2043151
5375643,24,13,23,1021685
5376411,24,13,23,1021831
5376603,23,12,22,681245
5377051,23,13,22,2043905
5380187,23,11,22,227233
5380347,24,13,23,1022579
5381147,24,13,23,1022731
5381659,24,14,23,3068485
5383259,23,13,22,2046265
5384443,23,13,22,2046715
5385243,23,13,22,2047019
5386075,24,14,23,3071003
5391515,24,14,23,3074105
5392635,23,13,22,2049829
5393659,24,10,23,37967
5395483,24,14,23,3076367
5395995,24,12,23,341851
5397243,24,14,23,3077371
5397531,24,13,23,1025845
5398555,23,13,22,2052079
5399291,23,13,22,2052359
5403291,24,14,23,3080819
5405979,23,12,22,684967
5406747,23,13,22,2055193
5409563,24,14,23,3084395
5409819,24,14,23,3084541
5410651,23,12,22,685559
5414171,23,12,22,686005
5414555,23,13,22,2058161
5414747,24,12,23,343039
5416539,24,14,23,3088373
5418843,23,12,22,686597
5420059,23,11,22,228917
5422875,24,14,23,3091985
5423899,24,14,23,3092569
5425915,24,14,23,3093719
5427451,23,13,22,2063063
5431387,23,13,22,2064559
5431963,24,13,23,1032389
5434107,23,12,22,688531
5434139,23,12,22,688535
5434459,23,13,22,2065727
5438235,24,12,23,344527
5439515,24,14,23,3101473
5442299,23,12,22,689569
5442715,23,13,22,2068865
5446811,24,13,23,1035211
5448987,23,13,22,2071249
5449371,24,14,23,3107093
5449723,23,13,22,2071529
5450139,23,13,22,2071687
5451291,23,13,22,2072125
5453083,24,13,23,1036403
5455643,23,13,22,2073779
5457563,23,11,22,230501
5459483,23,13,22,2075239
5460635,24,14,23,3113515
5466875,24,14,23,3117073
5468187,24,14,23,3117821
5478683,23,10,22,77131
5480187,23,13,22,2083109
5487611,23,13,22,2085931
5488795,23,13,22,2086381
5489307,24,14,23,3129863
5491355,24,13,23,1043677
5494299,23,13,22,2088473
5495579,24,14,23,3133439
5496219,23,12,22,696401
5496859,24,12,23,348241
5496987,23,13,22,2089495
5497435,23,10,22,77395
5497595,24,13,23,1044863
5497627,24,13,23,1044869
5498107,24,14,23,3134881
5498651,23,12,22,696709
5500955,23,12,22,697001
5502491,23,13,22,2091587
5503643,24,14,23,3138037
5508379,23,13,22,2093825
5509147,23,12,22,698039
5510171,24,13,23,1047253
5510683,23,13,22,2094701
5512219,24,14,23,3142927
5512731,24,14,23,3143219
5513051,23,13,22,2095601
5513499,24,14,23,3143657
5516379,24,13,23,1048433
5517147,24,13,23,1048579
5517403,24,14,23,3145883
5521243,23,13,22,2098715
5522075,23,12,22,699677
5527067,24,14,23,3151393
5527547,24,14,23,3151667
5529435,23,13,22,2101829
5533339,24,14,23,3154969
5533787,23,12,22,701161
5536155,24,14,23,3156575
5536539,23,13,22,2104529
5539835,24,13,23,1052891
5540891,24,14,23,3159275
5543931,23,13,22,2107339
5545115,23,13,22,2107789
5545819,24,14,23,3162085
5547611,24,13,23,1054369
5547867,23,9,22,26035
5549851,23,13,22,2109589
5552539,23,12,22,703537
5553307,23,13,22,2110903
5554459,24,14,23,3167011
5554971,24,14,23,3167303
5555451,24,12,23,351953
5556059,23,11,22,234661
5557243,23,8,22,8693
5557275,23,12,22,704137
5557883,24,5,23,161
5558043,23,13,22,2112703
5559387,24,13,23,1056607
5560347,23,13,22,2113579
5564251,23,11,22,235007
5565467,23,12,22,705175
5567259,24,9,23,13063
5568603,23,13,22,2116717
5568763,24,13,23,1058389
5569531,24,10,23,39205
5569787,24,14,23,3175751
5569819,24,14,23,3175769
5571355,23,11,22,235307
5571675,23,13,22,2117885
5572699,24,13,23,1059137
5573275,23,13,22,2118493
5576795,23,13,22,2119831
5577371,24,13,23,1060025
5577883,24,14,23,3180367
5579163,24,14,23,3181097
5579867,23,13,22,2120999
5581051,23,13,22,2121449
5583643,24,11,23,117913
5586011,24,8,23,4369
5586171,24,14,23,3185093
5589243,23,13,22,2124563
5590683,24,12,23,354185
5591643,23,13,22,2125475
5592859,23,13,22,2125937
5594779,23,12,22,708889
5595163,23,13,22,2126813
5595547,24,14,23,3190439
5597947,24,14,23,3191807
5598299,23,10,22,78815
5598491,24,13,23,1064039
5599259,24,13,23,1064185
5599515,24,14,23,3192701
5600283,24,14,23,3193139
5602587,23,13,22,2129635
5602971,23,12,22,709927
5603355,23,13,22,2129927
5604507,23,13,22,2130365
5608475,23,13,22,2131873
5610779,23,13,22,2132749
5611291,24,14,23,3199415
5614363,24,14,23,3201167
5616667,23,13,22,2134987
5620379,24,13,23,1068199
5620891,24,14,23,3204889
5625627,24,14,23,3207589
5627995,23,13,22,2139293
5629531,23,13,22,2139877
5633115,24,14,23,3211859
5634715,24,14,23,3212771
5636187,23,13,22,2142407
5637787,24,14,23,3214523
5638139,23,12,22,714383
5638907,23,13,22,2143441
5641499,24,13,23,1072213
5642235,24,12,23,357451
5642491,24,14,23,3217205
5643515,24,14,23,3217789
5646747,23,13,22,2146421
5646939,24,12,23,357749
5652891,24,14,23,3223135
5654171,23,13,22,2149243
5654299,24,14,23,3223937
5654939,23,13,22,2149535
5655323,24,14,23,3224521
5658139,24,14,23,3226127
5659291,23,11,22,239021
5660411,23,12,22,717205
5662811,23,12,22,717509
5667099,23,13,22,2154157
5668603,23,12,22,718243
5669659,24,13,23,1077565
5669915,24,14,23,3232841
5671003,23,12,22,718547
5673499,24,13,23,1078295
5673755,23,13,22,2156687
5676891,24,14,23,3236819
5683995,24,14,23,3240869
5684507,24,11,23,120043
5685851,23,13,22,2161285
5686523,24,14,23,3242311
5688571,23,12,22,720773
5689179,24,12,23,360425
5689947,24,13,23,1081421
5690459,24,14,23,3244555
5694107,24,14,23,3246635
5694491,23,12,22,721523
5697179,23,13,22,2165591
5697787,24,13,23,1082911
5698587,24,12,23,361021
5699163,23,8,22,8915
5699355,24,13,23,1083209
5699835,24,14,23,3249901
5700379,24,14,23,3250211
5701147,24,14,23,3250649
5701627,24,13,23,1083641
5701883,23,13,22,2167379
5702299,23,13,22,2167537
5702395,24,13,23,1083787
5702683,23,12,22,722561
5708539,23,9,22,26789
5709211,24,14,23,3255247
5712635,24,11,23,120637
5715227,24,14,23,3258677
5716251,24,14,23,3259261
5716731,23,11,22,241447
5717531,23,13,22,2173327
5718107,24,13,23,1086773
5718299,23,13,22,2173619
5719131,24,14,23,3260903
5721243,24,13,23,1087369
5721755,24,14,23,3262399
5724923,23,11,22,241793
5727259,24,14,23,3265537
5728507,24,14,23,3266249
5729819,24,13,23,1088999
5730395,23,13,22,2178217
5730587,24,13,23,1089145
5735003,24,14,23,3269953
5735259,24,13,23,1090033
5736091,24,12,23,363397
5736859,24,13,23,1090337
5737627,24,13,23,1090483
5740539,23,13,22,2182073
5741339,24,14,23,3273565
5741723,23,13,22,2182523
5742619,24,14,23,3274295
5743387,24,14,23,3274733
5743867,24,13,23,1091669
5744635,24,13,23,1091815
5746459,23,13,22,2184323
5747291,24,14,23,3276959
5749147,23,13,22,2185345
5749403,24,13,23,1092721
5749915,23,13,22,2185637
5751963,24,14,23,3279623
5752667,23,13,22,2186683
5754651,23,13,22,2187437
5756699,24,14,23,3282323
5757019,23,13,22,2188337
5759003,24,14,23,3283637
5759739,24,14,23,3284057
5759771,24,14,23,3284075
5760859,23,13,22,2189797
5761115,24,13,23,1094947
5762075,23,13,22,2190259
5765211,23,13,22,2191451
5767323,24,13,23,1096127
5767963,23,13,22,2192497
5768347,23,10,22,81209
5771515,24,14,23,3290771
5772059,24,13,23,1097027
5772571,24,14,23,3291373
5773403,23,13,22,2194565
5773595,24,12,23,365773
5778011,24,14,23,3294475
5778523,24,14,23,3294767
5780059,23,12,22,732365
5782779,23,13,22,2198129
5789787,24,14,23,3301189
5791387,23,13,22,2201401
5792155,23,13,22,2201693
5792347,24,12,23,366961
5796507,23,12,22,734449
5796891,23,13,22,2203493
5799579,23,13,22,2204515
5800027,23,10,22,81655
5800187,24,13,23,1102373
5800731,24,14,23,3307429
5800987,24,13,23,1102525
5810939,23,13,22,2208833
5811739,23,12,22,736379
5813275,23,13,22,2209721
5815035,24,13,23,1105195
5815067,24,13,23,1105201
5815835,24,12,23,368449
5817595,24,14,23,3317045
5818363,23,13,22,2211655
5818779,23,10,22,81919
5819163,23,13,22,2211959
5820251,24,14,23,3318559
5825787,23,11,22,246053
5828379,24,13,23,1107731
5828859,24,14,23,3323467
5829659,24,14,23,3323923
5831707,23,9,22,27367
5834395,23,13,22,2217749
5839515,24,14,23,3329543
5839899,23,11,22,246649
5842587,23,13,22,2220863
5842715,24,14,23,3331367
5844251,24,14,23,3332243
5847131,24,13,23,1111295
5847707,23,13,22,2222809
5848091,23,11,22,246995
5849243,23,12,22,741131
5850203,24,13,23,1111879
5850779,23,13,22,2223977
5852315,24,14,23,3336841
5852827,24,14,23,3337133
5855899,23,13,22,2225923
5857019,23,13,22,2226349
5857531,24,14,23,3339815
5858331,24,14,23,3340271
5859579,24,13,23,1113661
5860635,24,14,23,3341585
5862491,24,14,23,3342643
5863707,23,13,22,2228891
5864443,23,12,22,743057
5865211,23,13,22,2229463
5866331,24,14,23,3344833
5867163,24,14,23,3345307
5868827,23,13,22,2230837
5871867,24,14,23,3347989
5873051,23,13,22,2232443
5873179,24,14,23,3348737
5873691,24,13,23,1116343
5878363,24,13,23,1117231
5881243,23,13,22,2235557
5882459,23,13,22,2236019
5882907,23,13,22,2236189
5890299,23,12,22,746333
5890331,23,11,22,248779
5892187,24,14,23,3359575
5893211,24,12,23,373351
5893979,24,13,23,1120199
5898907,23,13,22,2242271
5901563,24,14,23,3364921
5902107,24,14,23,3365231
5904379,24,14,23,3366527
5905947,23,13,22,2244947
5907099,23,13,22,2245385
5909083,24,14,23,3369209
5909659,24,12,23,374393
5913339,23,13,22,2247757
5914139,23,13,22,2248061
5915419,24,14,23,3372821
5917979,24,14,23,3374281
5918235,24,13,23,1124809
5919259,24,14,23,3375011
5920763,23,12,22,750193
5921531,23,13,22,2250871
5923483,24,14,23,3377419
5923675,24,12,23,375281
5932123,23,13,22,2254897
5934107,23,13,22,2255651
5935643,24,14,23,3384353
5936219,24,13,23,1128227
5937819,24,12,23,376177
5941499,23,13,22,2258461
5944603,24,14,23,3389461
5944859,24,9,23,13949
5945115,24,14,23,3389753
5945595,24,13,23,1130009
5946107,24,14,23,3390319
5947387,24,14,23,3391049
5948187,23,13,22,2261003
5949275,23,13,22,2261417
5949531,24,12,23,376919
5950107,23,12,22,753911
5951323,24,14,23,3393293
5952091,24,14,23,3393731
5954875,23,4,22,115
5955739,24,13,23,1131937
5956379,23,13,22,2264117
5957467,23,13,22,2264531
5958907,24,12,23,377513
5958939,24,12,23,377515
5960283,23,13,22,2265601
5960731,24,14,23,3398657
5961243,24,11,23,125887
5961499,24,14,23,3399095
5963003,23,12,22,755545
5963035,23,12,22,755549
5963611,24,9,23,13993
5963771,24,14,23,3400391
5963803,23,13,22,2266939
5964571,23,13,22,2267231
5967707,23,11,22,252047
5971195,23,12,22,756583
5972379,23,12,22,756733
5972731,23,13,22,2270333
5976091,24,13,23,1135805
5976859,24,13,23,1135951
5979995,24,11,23,126283
5980251,24,14,23,3409787
5980571,23,12,22,757771
5984923,23,13,22,2274967
5988603,24,13,23,1138183
5988635,24,13,23,1138189
5989115,24,14,23,3414841
5991195,23,11,22,253039
5991963,24,14,23,3416465
5992987,24,14,23,3417049
5993115,23,13,22,2278081
5993563,24,14,23,3417377
5998235,24,14,23,3420041
5999003,24,14,23,3420479
6002939,24,14,23,3422723
6006011,24,14,23,3424475
6006363,23,12,22,761039
6006875,24,14,23,3424967
6012699,23,13,22,2285525
6014971,23,13,22,2286389
6018139,23,11,22,254177
6018331,24,13,23,1143833
6019099,24,13,23,1143979
6021115,24,14,23,3433087
6022395,23,13,22,2289211
6023163,23,13,22,2289503
6027515,23,11,22,254573
6029467,24,14,23,3437849
6032411,24,13,23,1146509
6033179,24,13,23,1146655
6034203,24,14,23,3440549
6035739,24,14,23,3441425
6036123,23,13,22,2294429
6036507,23,13,22,2294575
6037595,24,14,23,3442483
6040731,24,14,23,3444271
6041243,24,14,23,3444563
6043931,23,12,22,765799
6044699,23,13,22,2297689
6045083,23,10,22,85105
6045467,24,14,23,3446971
6045723,24,10,23,42557
6049307,24,14,23,3449161
6051355,23,13,22,2300219
6052507,23,13,22,2300657
6054491,24,14,23,3452117
6054555,24,14,23,3452153
6054747,24,14,23,3452263
6056347,24,14,23,3453175
6057243,23,13,22,2302457
6057627,23,13,22,2302603
6059803,24,12,23,383905
6061339,24,13,23,1152007
6062331,24,14,23,3456587
6062683,23,12,22,768175
6065403,23,13,22,2305559
6065435,23,13,22,2305571
6066011,24,13,23,1152895
6068891,24,14,23,3460327
6069915,24,13,23,1153637
6070107,23,13,22,2307347
6070523,23,13,22,2307505
6070939,23,10,22,85469
6075675,24,14,23,3464195
6077435,24,14,23,3465199
6077723,24,13,23,1155121
6077979,24,14,23,3465509
6078747,23,13,22,2310631
6079515,23,13,22,2310923
6080603,24,14,23,3467005
6085403,23,13,22,2313161
6086171,23,12,22,771151
6086811,24,14,23,3470545
6086939,23,13,22,2313745
6089467,24,13,23,1157353
6089499,24,13,23,1157359
6089979,24,14,23,3472351
6090011,24,14,23,3472369
6094363,23,12,22,772189
6094939,24,12,23,386131
6096731,24,14,23,3476201
6097499,24,14,23,3476639
6098075,24,13,23,1158989
6100251,23,11,22,257645
6102171,23,13,22,2319535
6104315,24,12,23,386725
6105083,24,13,23,1160321
6105851,24,13,23,1160467
6108251,24,13,23,1160923
6109947,23,13,22,2322491
6112091,24,13,23,1161653
6113691,24,12,23,387319
6115099,23,13,22,2324449
6117371,23,13,22,2325313
6117627,24,13,23,1162705
6118139,23,13,22,2325605
6118171,24,14,23,3488425
6118939,24,14,23,3488863
6119195,24,13,23,1163003
6119707,24,14,23,3489301
6120187,24,14,23,3489575
6132251,23,13,22,2330969
6133851,23,13,22,2331577
6135547,24,13,23,1166111
6136571,23,10,22,86393
6136603,23,12,22,777541
6138971,24,14,23,3500285
6139739,24,14,23,3500723
6148379,24,14,23,3505649
6149659,24,13,23,1168793
6150171,24,14,23,3506671
6151835,23,12,22,779471
6154843,24,14,23,3509335
6155355,24,14,23,3509627
6155931,24,12,23,389995
6156123,24,14,23,3510065
6156891,23,13,22,2340335
6158107,23,13,22,2340797
6159611,23,13,22,2341369
6160379,23,13,22,2341661
6164315,23,13,22,2343157
6164731,23,12,22,781105
6165083,23,13,22,2343449
6167803,23,13,22,2344483
6168411,24,13,23,1172357
6168987,23,13,22,2344933
6171803,24,14,23,3519005
6176539,24,14,23,3521705
6177051,24,12,23,391333
6177179,23,13,22,2348047
6179611,23,13,22,2348971
6181147,23,12,22,783185
6181467,24,14,23,3524515
6184091,24,10,23,43531
6185819,24,14,23,3526997
6187003,23,10,22,87103
6187803,23,13,22,2352085
6188187,23,11,22,261359
6189339,23,12,22,784223
6190363,24,13,23,1176529
6190875,24,14,23,3529879
6192411,24,14,23,3530755
6194011,23,11,22,261605
6197083,24,14,23,3533419
6197915,24,14,23,3533893
6198363,24,14,23,3534149
6199963,24,14,23,3535061
6202619,23,13,22,2357717
6206555,23,13,22,2359213
6207515,24,12,23,393263
6207739,24,14,23,3539495
6210811,23,13,22,2360831
6211675,24,14,23,3541739
6213275,24,14,23,3542651
6214747,23,13,22,2362327
6215931,23,13,22,2362777
6217115,24,14,23,3544841
6217467,23,12,22,787787
6219003,23,13,22,2363945
6219867,23,11,22,262697
6220539,24,14,23,3546793
6220571,24,14,23,3546811
6220827,24,13,23,1182319
6221051,24,14,23,3547085
6221083,24,14,23,3547103
6221851,24,14,23,3547541
6224123,23,13,22,2365891
6227803,24,13,23,1183645
6233115,23,13,22,2369309
6233499,23,13,22,2369455
6235387,24,14,23,3555259
6237467,23,12,22,790321
6238235,24,14,23,3556883
6240539,23,13,22,2372131
6241275,23,13,22,2372411
6241307,23,13,22,2372423
6242971,24,14,23,3559583
6245659,23,12,22,791359
6246043,23,13,22,2374223
6247195,23,13,22,2374661
6249467,23,13,22,2375525
6250011,24,14,23,3563597
6254235,23,13,22,2377337
6258331,24,13,23,1189447
6259291,23,13,22,2379259
6263579,24,14,23,3571333
6267131,23,13,22,2382239
6270043,24,13,23,1191673
6275323,23,13,22,2385353
6275355,23,13,22,2385365
6277883,24,12,23,397721
6277915,24,12,23,397723
6279451,24,13,23,1193461
6280475,24,14,23,3580967
6283547,23,13,22,2388479
6284955,24,9,23,14747
6288667,23,13,22,2390425
6290971,23,13,22,2391301
6291707,24,14,23,3587371
6294555,24,14,23,3588995
6295579,24,14,23,3589579
6296667,24,12,23,398911
6296859,23,13,22,2393539
6301339,24,11,23,133069
6302299,23,13,22,2395607
6306043,24,12,23,399505
6308955,23,12,22,799379
6309723,23,13,22,2398429
6311771,24,14,23,3598811
6312475,23,12,22,799825
6312539,24,14,23,3599249
6314075,23,13,22,2400083
6317211,24,14,23,3601913
6318331,23,12,22,800567
6320667,23,12,22,800863
6321947,24,14,23,3604613
6323099,23,6,22,1099
6323963,24,13,23,1201921
6325019,23,13,22,2404243
6326939,23,13,22,2404973
6328923,23,10,22,89101
6328987,24,14,23,3608627
6331803,24,12,23,401137
6332059,24,14,23,3610379
6333211,23,13,22,2407357
6335131,23,13,22,2408087
6338331,23,12,22,803101
6338587,24,14,23,3614101
6340603,23,12,22,803389
6340635,23,12,22,803393
6340699,24,14,23,3615305
6344539,23,13,22,2411663
6348795,23,12,22,804427
6349851,24,13,23,1206841
6350107,24,14,23,3620669
6351899,24,14,23,3621691
6352731,23,13,22,2414777
6353147,23,13,22,2414935
6353563,23,12,22,805031
6353947,23,13,22,2415239
6354459,24,13,23,1207717
6357083,24,14,23,3624647
6359451,24,14,23,3625997
6360219,24,14,23,3626435
6360603,23,9,22,29849
6360923,23,13,22,2417891
6361339,23,13,22,2418049
6364699,24,11,23,134407
6364955,24,14,23,3629135
6365275,23,12,22,806515
6366459,24,14,23,3629993
6367227,24,14,23,3630431
6368795,23,11,22,268987
6369371,24,12,23,403517
6373211,24,13,23,1211281
6374235,24,14,23,3634427
6374683,23,12,22,807707
6375835,24,14,23,3635339
6376219,23,13,22,2423705
6376603,23,13,22,2423851
6376987,23,11,22,269333
6378779,24,12,23,404113
6379355,23,8,22,9979
6380571,24,14,23,3638039
6381339,24,14,23,3638477
6382875,23,12,22,808745
6383195,23,13,22,2426357
6384027,23,12,22,808891
6384411,23,13,22,2426819
6384795,23,13,22,2426965
6388123,24,12,23,404705
6389403,24,14,23,3643075
6390619,23,13,22,2429179
6391387,23,13,22,2429471
6391451,23,13,22,2429495
6394651,24,14,23,3646067
6394971,23,13,22,2430833
6395931,24,13,23,1215599
6397691,24,14,23,3647801
6398107,23,9,22,30025
6404347,23,13,22,2434397
6406299,23,11,22,270571
6407451,24,14,23,3653365
6408955,24,14,23,3654223
6409467,24,14,23,3654515
6411035,23,10,22,90257
6411355,23,13,22,2437061
6411803,24,14,23,3655847
6412379,24,13,23,1218725
6413307,23,10,22,90289
6414491,23,11,22,270917
6416475,23,13,22,2439007
6418075,24,14,23,3659423
6420731,23,13,22,2440625
6422779,24,14,23,3662105
6422811,24,14,23,3662123
6423579,24,14,23,3662561
6424571,24,14,23,3663127
6425851,23,13,22,2442571
6426267,23,12,22,814243
6427739,24,14,23,3664933
6430107,23,13,22,2444189
6430555,24,14,23,3666539
6434459,23,12,22,815281
6434843,23,13,22,2445989
6437115,24,14,23,3670279
6438139,24,13,23,1223621
6439163,23,10,22,90653
6439195,24,14,23,3671465
6442075,24,10,23,45347
6442267,23,13,22,2448811
6447515,24,13,23,1225403
6448283,24,13,23,1225549
6450971,24,14,23,3678179
6452251,24,13,23,1226303
6455035,24,14,23,3680497
6457435,24,14,23,3681865
6459035,24,14,23,3682777
6463003,23,13,22,2456693
6466299,24,13,23,1228973
6467099,24,13,23,1229125
6469659,24,14,23,3688835
6470395,23,13,22,2459503
6471771,24,13,23,1230013
6472539,24,12,23,410053
6477083,23,13,22,2462045
6477851,23,11,22,273593
6479003,23,12,22,820925
6479643,24,12,23,410503
6480923,24,14,23,3695257
6481179,24,13,23,1231801
6481915,24,12,23,410647
6482523,23,12,22,821371
6489755,24,13,23,1233431
6490523,24,13,23,1233577
6490715,23,12,22,822409
6491931,23,12,22,822563
6493467,23,13,22,2468273
6493979,24,14,23,3702701
6498971,23,10,22,91495
6500443,24,14,23,3706387
6500955,24,14,23,3706679
6504603,24,13,23,1236253
6505243,23,13,22,2472749
6509083,23,13,22,2474209
6509595,24,14,23,3711605
6509851,24,14,23,3711751
6511643,24,13,23,1237591
6511899,23,9,22,30559
6517275,23,13,22,2477323
6519195,24,14,23,3717079
6520059,23,12,22,826127
6520091,23,11,22,275377
6523675,24,14,23,3719633
6523931,24,14,23,3719779
6524155,24,12,23,413323
6528283,23,11,22,275723
6529115,24,14,23,3722735
6529435,23,12,22,827315
6532251,24,14,23,3724523
6532955,23,12,22,827761
6537211,23,13,22,2484901
6538011,24,14,23,3727807
6538523,24,14,23,3728099
6540027,24,14,23,3728957
6540059,24,14,23,3728975
6542363,23,12,22,828953
6545403,23,13,22,2488015
6547867,24,14,23,3733427
6552315,24,10,23,46123
6552347,24,12,23,415109
6553627,24,14,23,3736711
6553883,24,13,23,1245619
6555227,23,10,22,92287
6556411,23,11,22,276911
6558811,24,14,23,3739667
6561883,23,13,22,2494279
6563099,23,13,22,2494741
6565019,23,13,22,2495471
6565403,23,13,22,2495617
6566139,24,14,23,3743845
6568187,24,14,23,3745013
6570843,23,13,22,2497685
6573595,23,13,22,2498731
6574171,24,13,23,1249475
6574747,24,14,23,3748753
6577947,23,13,22,2500385
6579035,23,13,22,2500799
6580635,23,13,22,2501407
6581403,23,13,22,2501699
6581499,24,14,23,3752603
6585339,24,14,23,3754793
6587227,23,13,22,2503913
6590107,24,14,23,3757511
6592923,24,13,23,1253039
6593179,23,13,22,2506175
6593563,23,13,22,2506321
6593947,24,14,23,3759701
6596699,23,13,22,2507513
6597659,24,13,23,1253939
6598171,24,14,23,3762109
6601723,23,13,22,2509423
6602907,23,13,22,2509873
6603611,24,14,23,3765211
6604891,23,13,22,2510627
6610331,23,12,22,837565
6610715,24,14,23,3769261
6610971,24,12,23,418823
6611099,23,13,22,2512987
6611195,24,14,23,3769535
6611739,24,13,23,1256615
6613083,23,13,22,2513741
6614267,23,13,22,2514191
6614299,23,13,22,2514203
6615067,23,12,22,838165
6622459,23,13,22,2517305
6623259,23,12,22,839203
6624795,23,13,22,2518193
6626555,24,13,23,1259431
6629467,24,14,23,3779953
6630491,24,13,23,1260179
6631067,23,13,22,2520577
6631515,24,14,23,3781121
6632091,24,12,23,420161
6635675,24,14,23,3783493
6635931,24,13,23,1261213
6636187,23,12,22,840841
6640667,24,13,23,1262113
6640923,24,14,23,3786485
6641179,24,14,23,3786631
6642459,23,13,22,2524907
6643547,23,13,22,2525321
6643995,23,13,22,2525491
6646363,24,14,23,3789587
6647899,23,11,22,280775
6650267,24,14,23,3791813
6653179,24,9,23,15611
6654747,24,13,23,1264789
6655003,24,14,23,3794513
6656283,24,13,23,1265081
6658075,24,14,23,3796265
6659931,24,14,23,3797323
6666651,23,11,22,281567
6669083,24,14,23,3802541
6669563,24,11,23,140845
6674459,23,13,22,2537071
6674523,24,14,23,3805643
6679131,23,13,22,2538847
6679579,23,11,22,282113
6683419,24,14,23,3810715
6685435,24,14,23,3811865
6685787,23,13,22,2541377
6686555,23,12,22,847223
6687323,23,13,22,2541961
6687387,23,13,22,2541985
6691323,23,6,22,1163
6691483,24,13,23,1271771
6691995,24,14,23,3815605
6693659,23,12,22,848123
6693979,23,13,22,2544491
6694555,24,13,23,1272355
6695163,23,13,22,2544941
6697211,24,14,23,3818579
6699291,24,13,23,1273255
6700027,24,12,23,424465
6700283,24,14,23,3820331
6700699,23,9,22,31445
6703355,23,13,22,2548055
6704795,24,11,23,141589
6708891,23,11,22,283351
6709659,24,14,23,3825677
6711067,24,13,23,1275493
6712603,24,13,23,1275785
6714395,24,14,23,3828377
6715163,23,13,22,2552543
6716699,23,13,22,2553127
6717083,23,11,22,283697
6717467,23,13,22,2553419
6718043,24,13,23,1276819
6720667,24,14,23,3831953
6721371,23,13,22,2554903
6721787,23,12,22,851687
6722587,23,13,22,2555365
6724891,23,13,22,2556241
6725915,24,10,23,47345
6727675,24,14,23,3835949
6728443,24,14,23,3836387
6728795,23,12,22,852575
6729563,23,13,22,2558017
6734683,24,14,23,3839945
6736539,24,14,23,3841003
6736987,23,12,22,853613
6740763,24,13,23,1281137
6741531,24,13,23,1281283
6741787,24,14,23,3843995
6742043,24,14,23,3844141
6743643,23,13,22,2563369
6744059,24,14,23,3845291
6744827,23,13,22,2563819
6744859,23,13,22,2563831
6748827,24,14,23,3848009
6751899,24,14,23,3849761
6752251,23,12,22,855547
6753019,23,13,22,2566933
6756347,24,12,23,428033
6756379,24,12,23,428035
6757627,24,14,23,3853027
6757915,24,13,23,1284397
6758171,23,12,22,856297
6759675,23,13,22,2569463
6759707,23,13,22,2569475
6761051,24,11,23,142777
6762011,23,13,22,2570351
6763163,24,14,23,3856183
6766331,23,9,22,31753
6767003,24,14,23,3858373
6769691,24,13,23,1286635
6770203,23,13,22,2573465
6772251,24,14,23,3861365
6774523,23,11,22,286123
6781595,23,12,22,859265
6782715,23,11,22,286469
6785115,23,12,22,859711
6786299,24,14,23,3869375
6787611,24,13,23,1290041
6788635,23,10,22,95573
6791003,24,14,23,3872057
6792795,24,14,23,3873079
6793883,24,12,23,430411
6794491,23,12,22,860899
6798331,23,13,22,2584157
6799515,23,13,22,2584607
6802683,23,12,22,861937
6803099,23,13,22,2585969
6806939,23,13,22,2587429
6807195,24,13,23,1293763
6807387,23,10,22,95837
6807707,23,13,22,2587721
6809371,23,13,22,2588353
6811675,23,13,22,2589229
6813467,24,13,23,1294955
6814491,24,14,23,3885449
6815739,24,13,23,1295387
6816507,24,13,23,1295533
6816795,23,12,22,863725
6819867,23,13,22,2592343
6826779,24,10,23,48055
6827259,24,14,23,3892729
6830363,24,14,23,3894499
6832219,24,13,23,1298519
6832795,23,13,22,2597257
6836315,24,14,23,3897893
6844507,23,13,22,2601709
6847227,23,12,22,867581
6849115,24,14,23,3905191
6850139,24,12,23,433975
6850971,24,13,23,1302083
6851739,24,13,23,1302229
6854683,23,13,22,2605577
6855067,24,14,23,3908585
6855835,23,13,22,2606015
6857819,23,10,22,96547
6857979,24,13,23,1303415
6858747,24,13,23,1303561
6859803,24,14,23,3911285
6862875,23,13,22,2608691
6863259,23,13,22,2608837
6864027,23,13,22,2609129
6866075,24,14,23,3914861
6867195,23,10,22,96679
6867995,23,13,22,2610637
6868763,23,13,22,2610929
6869531,23,12,22,870407
6870811,24,14,23,3917561
6871067,23,13,22,2611805
6872603,24,14,23,3918583
6872827,24,13,23,1306237
6873115,24,14,23,3918875
6873883,24,14,23,3919313
6876187,23,13,22,2613751
6879899,24,13,23,1307581
6883995,23,13,22,2616719
6887419,24,14,23,3927031
6887451,24,14,23,3927049
6887515,23,13,22,2618057
6887707,24,12,23,436355
6894171,23,12,22,873529
6894235,24,14,23,3930917
6897659,23,12,22,873971
6898843,23,12,22,874121
6900475,24,14,23,3934475
6901019,24,13,23,1311595
6901595,23,13,22,2623409
6902043,24,14,23,3935369
6905499,23,13,22,2624893
6906459,24,12,23,437543
6907035,23,12,22,875159
6910619,23,11,22,291871
6913307,23,13,22,2627861
6913691,23,13,22,2628007
6913819,24,14,23,3942083
6914843,24,14,23,3942667
6916091,24,14,23,3943379
6918427,24,14,23,3944711
6919195,23,13,22,2630099
6921499,23,13,22,2630975
6922331,23,12,22,877097
6927387,23,13,22,2633213
6929947,24,12,23,439031
6930523,23,12,22,878135
6933243,23,13,22,2635439
6934363,24,14,23,3953797
6938267,24,14,23,3956023
6940251,23,13,22,2638103
6941083,23,12,22,879473
6942971,24,14,23,3958705
6943771,24,14,23,3959161
6946395,24,7,23,1811
6948859,23,13,22,2641375
6948955,24,14,23,3962117
6949275,23,12,22,880511
6949627,23,13,22,2641667
6952027,23,13,22,2642579
6953627,24,14,23,3964781
6958107,24,12,23,440815
6958331,24,14,23,3967463
6958875,24,13,23,1322591
6959899,24,14,23,3968357
6961147,24,13,23,1323023
6961403,23,13,22,2646143
6961819,23,13,22,2646301
6962171,24,14,23,3969653
6964891,23,13,22,2647469
6966427,24,14,23,3972079
6970395,23,12,22,883187
6971131,23,13,22,2649841
6973531,23,13,22,2650753
6974747,24,14,23,3976823
6975771,24,14,23,3977407
6976027,24,13,23,1325851
6978555,23,12,22,884221
6979323,23,13,22,2652955
6981275,24,14,23,3980545
6981723,23,13,22,2653867
6991963,24,14,23,3986639
6997147,24,13,23,1329865
6999291,23,13,22,2660545
7000315,24,12,23,443489
7001883,24,13,23,1330765
7002907,24,14,23,3992879
7003899,24,14,23,3993445
7004155,24,13,23,1331197
7004411,23,12,22,887497
7005211,23,13,22,2662795
7007323,24,12,23,443933
7008091,24,13,23,1331945
7008923,24,13,23,1332103
7010715,24,14,23,3997331
7013403,23,13,22,2665909
7018491,24,14,23,4001765
7018523,24,14,23,4001783
7018779,24,14,23,4001929
7020635,24,13,23,1334329
7020827,23,12,22,889577
7021403,24,9,23,16475
7023771,24,11,23,148325
7024731,23,13,22,2670215
7027867,23,10,22,98941
7030043,24,13,23,1336117
7032091,24,14,23,4009519
7032923,23,13,22,2673329
7034139,23,13,22,2673791
7034875,23,11,22,297119
7037531,24,14,23,4012621
7037787,24,11,23,148621
7039387,24,13,23,1337893
7039579,23,12,22,891953
7041115,23,13,22,2676443
7043483,23,13,22,2677343
7046235,23,13,22,2678389
7049755,24,14,23,4019591
7050331,24,13,23,1339973
7051675,23,13,22,2680457
7055611,23,13,22,2681953
7056027,24,14,23,4023167
7056411,23,13,22,2682257
7059707,24,13,23,1341755
7059867,23,13,22,2683571
7060219,24,14,23,4025557
7060763,24,14,23,4025867
7061019,24,14,23,4026013
7061531,24,14,23,4026305
7062779,24,13,23,1342339
7063387,23,13,22,2684909
7063643,24,11,23,149167
7064219,23,12,22,895075
7065435,24,14,23,4028531
7068923,23,9,22,33173
7071579,23,13,22,2688023
7072795,23,13,22,2688485
7073019,24,11,23,149365
7074843,24,14,23,4033895
7075611,24,14,23,4034333
7076123,24,13,23,1344875
7077115,23,11,22,298903
7077883,24,14,23,4035629
7077915,23,13,22,2690431
7078299,23,9,22,33217
7078683,23,13,22,2690723
7081627,24,13,23,1345921
7083803,23,13,22,2692669
7085307,23,11,22,299249
7086491,23,11,22,299299
7088891,24,14,23,4041905
7089179,24,14,23,4042069
7090011,23,12,22,898343
7090203,24,13,23,1347551
7090779,23,13,22,2695321
7090971,24,13,23,1347697
7091227,23,10,22,99833
7094683,23,11,22,299645
7094875,24,13,23,1348439
7095387,24,14,23,4045609
7098011,24,13,23,1349035
7099035,23,13,22,2698459
7102107,23,13,22,2699627
7103771,24,14,23,4050389
7104763,24,14,23,4050955
7107099,24,14,23,4052287
7107227,23,13,22,2701573
7107675,24,14,23,4052615
7110299,23,13,22,2702741
7112283,24,14,23,4055243
7112347,24,14,23,4055279
7115035,23,13,22,2704541
7117051,24,14,23,4057961
7118363,24,13,23,1352903
7120123,24,14,23,4059713
7120475,23,12,22,902203
7121691,23,12,22,902357
7122075,23,13,22,2707217
7122459,23,13,22,2707363
7127899,23,13,22,2709431
7128731,23,10,22,100361
7131387,24,14,23,4066135
7132443,24,13,23,1355579
7135003,23,13,22,2712131
7135227,24,14,23,4068325
7137883,24,13,23,1356613
7138395,24,14,23,4070131
7139995,24,14,23,4071043
7140443,23,12,22,904733
7149819,23,12,22,905921
7149851,24,14,23,4076663
7151707,24,14,23,4077721
7152731,24,12,23,453145
7153755,23,13,22,2719259
7154267,24,13,23,1359727
7158043,23,11,22,302321
7158427,23,13,22,2721035
7159963,23,13,22,2721619
7161115,24,14,23,4083085
7162107,24,12,23,453739
7166619,23,13,22,2724149
7167739,23,13,22,2724575
7168603,24,14,23,4087355
7168667,24,14,23,4087391
7170459,24,14,23,4088413
7171323,23,13,22,2725937
7172123,23,12,22,908747
7174939,24,14,23,4090967
7175163,23,13,22,2727397
7175419,24,13,23,1363747
7175931,23,13,22,2727689
7176219,24,12,23,454633
7176795,23,11,22,303113
7183003,24,14,23,4095565
7184795,24,13,23,1365529
7189787,24,14,23,4099433
7191835,24,13,23,1366867
7192091,24,14,23,4100747
7193243,23,12,22,911423
7199899,24,14,23,4105199
7201019,23,13,22,2737225
7201435,23,12,22,912461
7204123,24,14,23,4107607
7204379,24,10,23,50713
7204635,24,14,23,4107899
7207707,23,13,22,2739767
7208475,23,11,22,304451
7209051,24,12,23,456713
7212187,24,13,23,1370735
7212699,24,14,23,4112497
7216283,23,13,22,2743027
7218203,24,14,23,4115635
7219195,24,13,23,1372067
7219963,24,13,23,1372213
7220251,24,14,23,4116803
7221019,24,14,23,4117241
7222555,23,12,22,915137
7223291,24,14,23,4118537
7224059,23,13,22,2745983
7226203,24,13,23,1373399
7227803,24,12,23,457901
7229211,23,13,22,2747941
7229595,23,8,22,11309
7231483,23,13,22,2748805
7232251,23,13,22,2749097
7233307,24,13,23,1374749
7233563,24,14,23,4124393
7233819,24,14,23,4124539
7234299,24,14,23,4124813
7235419,23,10,22,101863
7238747,24,13,23,1375783
7241883,24,10,23,50977
7242843,23,13,22,2753123
7247963,23,13,22,2755069
7248123,24,13,23,1377565
7250715,23,11,22,306235
7252059,24,13,23,1378313
7252219,23,13,22,2756687
7254683,24,14,23,4136435
7260827,23,13,22,2759959
7262459,24,14,23,4140869
7263259,24,14,23,4141325
7266331,23,13,22,2762051
7266395,24,14,23,4143113
7267067,23,12,22,920777
7268955,24,14,23,4144573
7269467,24,14,23,4144865
7270043,24,12,23,460577
7270235,24,14,23,4145303
7273723,23,13,22,2764861
7273755,23,13,22,2764873
7274523,23,13,22,2765165
7275259,23,12,22,921815
7277851,24,13,23,1383215
7278363,24,14,23,4149937
7278619,24,13,23,1383361
7278843,23,11,22,307423
7281915,23,13,22,2767975
7283099,23,13,22,2768425
7285147,24,14,23,4153805
7287451,23,13,22,2770079
7290651,24,14,23,4156943
7291163,24,12,23,461915
7291291,23,13,22,2771539
7295259,23,12,22,924349
7295643,23,13,22,2773193
7299739,24,13,23,1387375
7301195,23,3,22,47
7303451,23,12,22,925387
7303835,23,13,22,2776307
7304987,24,14,23,4165117
7305243,24,9,23,17141
7306491,24,14,23,4165975
7309307,23,12,22,926129
7310491,23,12,22,926279
7311195,24,14,23,4168657
7312475,24,14,23,4169387
7314075,24,14,23,4170299
7314587,24,12,23,463399
7315867,24,14,23,4171321
7317083,23,13,22,2781343
7317499,23,12,22,927167
7319323,24,12,23,463699
7320667,23,13,22,2782705
7320859,24,13,23,1391389
7321627,24,11,23,154615
7321851,24,14,23,4174733
7330043,23,13,22,2786269
7330459,23,10,22,103201
7333115,23,13,22,2787437
7334651,24,14,23,4182031
7334683,24,14,23,4182049
7335195,24,14,23,4182341
7337499,24,14,23,4183655
7338075,24,12,23,464887
7338267,24,14,23,4184093
7340123,24,14,23,4185151
7342171,23,12,22,930293
7347227,23,13,22,2792801
7349019,24,13,23,1396741
7349275,24,14,23,4190369
7349499,24,14,23,4190497
7352347,24,14,23,4192121
7354651,23,13,22,2795623
7355419,23,13,22,2795915
7356251,24,14,23,4194347
7357019,24,14,23,4194785
7358875,24,14,23,4195843
7359771,23,11,22,310841
7365371,24,13,23,1399849
7373403,23,13,22,2802751
7373851,23,12,22,934307
7373979,24,13,23,1401485
7377147,24,13,23,1402087
7378939,24,14,23,4207283
7380507,24,14,23,4208177
7387931,23,12,22,936091
7391995,24,11,23,156101
7392027,24,12,23,468305
7394587,24,14,23,4216205
7396091,23,10,22,104125
7396891,23,13,22,2811679
7397659,23,13,22,2811971
7401115,24,14,23,4219927
7402779,23,13,22,2813917
7405083,23,13,22,2814793
7407611,24,13,23,1407877
7409691,24,14,23,4224817
7411707,23,13,22,2817311
7411739,23,13,22,2817323
7412891,23,13,22,2817761
7414875,24,14,23,4227773
7416987,24,13,23,1409659
7417627,23,13,22,2819561
7418395,23,9,22,34813
7419899,23,13,22,2820425
7420699,24,14,23,4231093
7421723,24,13,23,1410559
7422235,24,14,23,4231969
7423067,23,12,22,940543
7423835,23,13,22,2821921
7424251,24,14,23,4233119
7425819,23,13,22,2822675
7426587,23,11,22,313663
7426651,24,14,23,4234487
7428091,23,13,22,2823539
7431003,24,13,23,1412323
7432443,23,12,22,941731
7434779,23,11,22,314009
7436059,24,14,23,4239851
7436571,24,12,23,471127
7438363,24,14,23,4241165
7439131,23,13,22,2827735
7440475,24,13,23,1414123
7444571,23,13,22,2829803
7445915,24,12,23,471719
7446523,23,9,22,34945
7446555,23,12,22,943519
7447323,23,13,22,2830849
7449851,24,13,23,1415905
7449883,24,13,23,1415911
7450395,24,14,23,4248025
7451227,23,12,22,944111
7454715,23,11,22,314851
7454747,23,12,22,944557
7455323,24,12,23,472315
7456859,24,13,23,1417237
7457883,24,14,23,4252295
7458459,24,13,23,1417541
7459419,23,12,22,945149
7462555,23,13,22,2836639
7462907,23,11,22,315197
7466235,24,13,23,1419019
7467259,23,13,22,2838427
7468571,24,13,23,1419463
7469147,24,14,23,4258717
7470331,23,13,22,2839595
7471195,24,14,23,4259885
7471771,24,12,23,473357
7472987,24,14,23,4260907
7475035,23,13,22,2841383
7475451,23,13,22,2841541
7478523,23,13,22,2842709
7479323,24,14,23,4264519
7479387,23,11,22,315893
7479707,23,13,22,2843159
7480091,24,14,23,4264957
7480571,24,14,23,4265231
7483483,24,11,23,158033
7487323,24,13,23,1423027
7487899,23,13,22,2846273
7488347,24,14,23,4269665
7489947,24,14,23,4270577
7490299,23,13,22,2847185
7490715,23,13,22,2847343
7491867,23,13,22,2847781
7495451,24,14,23,4273715
7496955,23,10,22,105545
7496987,23,12,22,949909
7498139,23,11,22,316685
7498523,23,13,22,2850311
7499291,23,12,22,950201
7500059,23,13,22,2850895
7502235,24,11,23,158429
7502491,24,14,23,4277729
7503643,23,13,22,2852257
7508219,24,14,23,4280995
7508763,24,14,23,4281305
7510043,24,13,23,1427345
7514203,24,14,23,4284407
7515227,24,14,23,4284991
7517275,23,13,22,2857439
7519259,23,10,22,105859
7523099,24,14,23,4289479
7524891,24,13,23,1430167
7525467,23,13,22,2860553
7526491,24,13,23,1430471
7526651,23,13,22,2861003
7528187,23,13,22,2861587
7530331,24,12,23,477067
7532187,24,14,23,4294661
7534843,23,13,22,2864117
7534875,23,13,22,2864129
7536795,23,12,22,954953
7536891,24,14,23,4297343
7537435,24,12,23,477517
7538683,24,14,23,4298365
7539995,24,14,23,4299113
7541531,23,12,22,955553
7541851,24,14,23,4300171
7543067,23,13,22,2867243
7544475,24,10,23,53107
7548187,23,13,22,2869189
7548571,23,11,22,318815
7549723,23,12,22,956591
7550747,24,13,23,1435081
7551227,24,14,23,4305517
7551259,23,13,22,2870357
7551771,24,14,23,4305827
7552539,24,14,23,4306265
7553019,24,13,23,1435513
7553307,24,14,23,4306703
7553627,23,13,22,2871257
7556379,23,13,22,2872303
7557723,24,13,23,1436407
7561467,23,12,22,958079
7561819,23,13,22,2874371
7567643,24,14,23,4314877
7568123,24,14,23,4315151
7569659,23,12,22,959117
7570011,23,13,22,2877485
7571547,24,14,23,4317103
7576731,24,14,23,4320059
7576987,24,14,23,4320205
7580411,24,13,23,1440719
7580923,24,14,23,4322449
7581467,24,14,23,4322759
7581787,23,13,22,2881961
7584507,23,13,22,2882995
7585307,23,13,22,2883299
7586395,24,14,23,4325569
7588443,23,9,22,35611
7593115,23,12,22,962089
7595035,24,14,23,4330495
7596027,24,12,23,481229
7596635,23,11,22,320845
7597819,23,8,22,11885
7597851,23,12,22,962689
7599387,23,13,22,2888651
7600219,24,14,23,4333451
7600539,23,13,22,2889089
7601691,23,13,22,2889527
7602843,24,14,23,4334947
7604827,23,11,22,321191
7606043,23,12,22,963727
7607579,23,13,22,2891765
7609115,24,14,23,4338523
7610107,24,10,23,53569
7610395,24,14,23,4339253
7613467,23,13,22,2894003
7619675,23,13,22,2896363
7619739,24,14,23,4344581
7620443,23,13,22,2896655
7622907,24,14,23,4346387
7623195,23,13,22,2897701
7623963,24,14,23,4346989
7629051,23,13,22,2899927
7631387,23,13,22,2900815
7635739,23,13,22,2902469
7636123,24,14,23,4353923
7638267,24,12,23,483905
7638299,24,12,23,483907
7639835,24,13,23,1452013
7643931,23,13,22,2905583
7647067,23,11,22,322975
7649051,23,13,22,2907529
7650587,23,12,22,969371
7650715,24,13,23,1454081
7651323,23,13,22,2908393
7651355,23,13,22,2908405
7652379,24,12,23,484799
7653371,24,14,23,4363757
7654171,24,14,23,4364213
7655675,23,13,22,2910047
7655963,24,14,23,4365235
7656475,23,12,22,970117
7659515,23,13,22,2911507
7662683,23,13,22,2912711
7663867,23,13,22,2913161
7664283,23,13,22,2913319
7666459,24,11,23,161897
7667963,24,13,23,1457359
7672059,23,13,22,2916275
7672923,24,14,23,4374905
7675995,23,13,22,2917771
7676571,24,13,23,1458995
7677595,24,14,23,4377569
7678715,23,12,22,972935
7682299,24,14,23,4380251
7682811,24,12,23,486727
7684091,24,14,23,4381273
7685403,23,13,22,2921347
7687323,23,13,22,2922077
7688283,24,13,23,1461221
7689307,23,10,22,108253
7693467,24,14,23,4386619
7693595,23,13,22,2924461
7694747,23,13,22,2924899
7695515,23,13,22,2925191
7698683,23,10,22,108385
7698715,24,14,23,4389611
7701339,23,13,22,2927405
7707035,24,13,23,1464785
7707675,23,13,22,2929813
7708059,24,14,23,4394939
7711771,24,13,23,1465685
7712283,24,14,23,4397347
7714843,24,13,23,1466269
7716955,24,14,23,4400011
7717467,24,14,23,4400303
7717723,24,14,23,4400449
7719579,24,13,23,1467169
7720603,24,14,23,4402091
7720987,23,9,22,36233
7724443,23,11,22,326243
7724827,24,14,23,4404499
7725083,24,11,23,163135
7727099,24,14,23,4405795
7727195,23,13,22,2937233
7729179,23,11,22,326443
7729755,24,12,23,489701
7733915,24,14,23,4409681
7735707,24,14,23,4410703
7736603,23,13,22,2940809
7736987,23,13,22,2940955
7737371,23,11,22,326789
7740955,24,14,23,4413695
7741723,24,14,23,4414133
7742203,24,13,23,1471469
7745179,23,13,22,2944069
7745371,24,13,23,1472071
7749787,24,14,23,4418731
7750299,23,11,22,327335
7752987,23,13,22,2947037
7755035,24,14,23,4421723
7756827,24,14,23,4422745
7758107,23,13,22,2948983
7764763,23,13,22,2951513
7767835,24,14,23,4429021
7769115,24,14,23,4429751
7769339,24,14,23,4429879
7769371,24,14,23,4429897
7770395,24,13,23,1476827
7771419,23,10,22,109409
7772187,24,14,23,4431503
7775835,24,13,23,1477861
7777435,24,13,23,1478165
7781115,23,13,22,2957729
7783195,24,14,23,4437779
7783451,24,14,23,4437925
7785211,24,13,23,1479643
7789723,23,13,22,2961001
7792475,24,14,23,4443071
7793243,23,13,22,2962339
7799579,24,14,23,4447121
7800667,23,12,22,988387
7801435,23,13,22,2965453
7801883,23,12,22,988541
7802651,23,13,22,2965915
7808667,24,13,23,1484101
7814139,24,12,23,495047
7814171,24,12,23,495049
7819803,23,13,22,2972435
7823387,23,13,22,2973797
7826683,24,13,23,1487525
7827483,24,13,23,1487677
7827995,23,13,22,2975549
7830779,23,13,22,2976607
7832731,23,13,22,2977349
7835483,23,13,22,2978395
7839387,23,12,22,993293
7839995,24,12,23,496685
7840155,23,13,22,2980171
7842587,24,14,23,4471643
7842907,23,12,22,993739
7843675,23,13,22,2981509
7844507,23,13,22,2981825
7847931,23,13,22,2983127
7848603,24,13,23,1491691
7848795,24,14,23,4475183
7850651,24,14,23,4476241
7851099,23,12,22,994777
7852315,23,12,22,994931
7853083,23,13,22,2985085
7853531,23,5,22,455
7854875,24,13,23,1492883
7855899,24,14,23,4479233
7856123,23,13,22,2986241
7856219,23,13,22,2986277
7856411,24,12,23,497725
7858171,24,14,23,4480529
7858939,23,13,22,2987311
7858971,23,13,22,2987323
7859355,23,10,22,110647
7860827,24,14,23,4482043
7861339,24,14,23,4482335
7864411,23,13,22,2989391
7865179,23,10,22,110729
7866363,23,11,22,332237
7870459,24,11,23,166205
7870715,24,14,23,4487681
7872027,24,13,23,1496143
7872603,23,13,22,2992505
7874971,23,13,22,2993405
7876123,23,13,22,2993843
7876443,24,14,23,4490947
7876699,24,13,23,1497031
7877275,24,14,23,4491421
7883163,23,13,22,2996519
7884315,23,13,22,2996957
7886363,24,14,23,4496603
7888987,24,14,23,4498099
7891355,23,13,22,2999633
7892635,24,14,23,4500179
7895451,24,13,23,1500595
7895707,23,12,22,1000429
7898395,24,14,23,4503463
7898907,24,14,23,4503755
7899227,23,11,22,333625
7900187,24,13,23,1501495
7900411,24,14,23,4504613
7900443,24,14,23,4504631
7904283,23,13,22,3004547
7905019,23,12,22,1001609
7905115,24,14,23,4507295
7906907,24,14,23,4508317
7907739,24,14,23,4508791
7907995,24,12,23,500993
7909787,23,8,22,12373
7912699,24,10,23,55699
7912859,24,14,23,4511711
7913627,23,13,22,3008099
7913755,24,14,23,4512221
7914267,24,13,23,1504171
7914523,24,14,23,4512659
7916795,23,11,22,334367
7919131,23,12,22,1003397
7921051,23,13,22,3010921
7921819,23,13,22,3011213
7922075,24,10,23,55765
7922331,24,14,23,4517111
7923483,23,13,22,3011845
7925403,23,13,22,3012575
7925787,23,13,22,3012721
7927323,23,12,22,1004435
7930907,23,11,22,334963
7933787,24,12,23,502627
7933979,23,13,22,3015835
7934555,24,13,23,1508027
7937883,23,12,22,1005773
7938715,24,14,23,4526453
7941787,23,13,22,3018803
7943451,24,14,23,4529153
7944955,24,14,23,4530011
7945211,24,14,23,4530157
7946075,23,12,22,1006811
7946523,23,13,22,3020603
7946907,23,13,22,3020749
7950427,24,14,23,4533131
7954715,23,13,22,3023717
7957275,24,12,23,504115
7958555,24,14,23,4537765
7958811,24,13,23,1512637
7960667,24,14,23,4538969
7961339,23,12,22,1008745
7964251,24,12,23,504557
7968763,23,13,22,3029057
7969179,24,14,23,4543823
7970587,24,13,23,1514875
7971067,24,14,23,4544899
7973915,24,14,23,4546523
7974683,23,13,22,3031307
7979675,24,14,23,4549807
7982107,23,13,22,3034129
7985179,23,13,22,3035297
7985435,24,9,23,18737
7986715,24,14,23,4553821
7987963,24,14,23,4554533
7989851,23,13,22,3037073
7991899,24,14,23,4556777
7993435,23,13,22,3038435
7997275,23,13,22,3039895
7998043,23,13,22,3040187
8001563,24,14,23,4562287
8001819,24,11,23,168979
8004187,24,9,23,18781
8004347,24,14,23,4563875
8004379,23,13,22,3042595
8006747,24,14,23,4565243
8008283,23,11,22,338231
8008347,24,14,23,4566155
8012955,23,12,22,1015285
8014619,24,14,23,4569731
8016667,24,13,23,1523633
8017435,24,13,23,1523779
8018939,24,13,23,1524065
8020571,24,11,23,169375
8021147,23,12,22,1016323
8027419,23,13,22,3051353
8029211,24,13,23,1526017
8029467,24,14,23,4578197
8032091,23,13,22,3053129
8032507,23,13,22,3053287
8032539,24,14,23,4579949
8035611,23,13,22,3054467
8036187,24,13,23,1527343
8039067,24,14,23,4583671
8039515,23,13,22,3055951
8039579,24,14,23,4583963
8040283,23,13,22,3056243
8043291,24,13,23,1528693
8044059,24,11,23,169871
8044635,23,12,22,1019299
8044795,24,13,23,1528979
8045819,24,14,23,4587521
8047387,23,13,22,3058943
8047707,23,13,22,3059065
8048155,23,10,22,113305
8052379,24,14,23,4591261
8054043,23,12,22,1020491
8055547,23,13,22,3062045
8055579,23,13,22,3062057
8059675,24,13,23,1531807
8061691,24,14,23,4596571
8062971,23,13,22,3064867
8063387,23,12,22,1021675
8063739,23,13,22,3065159
8068507,24,14,23,4600457
8068891,23,13,22,3067117
8072987,24,13,23,1534337
8075259,24,13,23,1534769
8076283,24,14,23,4604891
8076315,24,14,23,4604909
8078427,24,13,23,1535371
8081051,24,14,23,4607609
8084507,23,12,22,1024351
8085659,23,10,22,113833
8086299,24,10,23,56921
8087643,23,13,22,3074245
8087803,24,13,23,1537153
8088827,24,14,23,4612043
8089883,24,14,23,4612645
8091931,23,13,22,3075875
8092315,23,13,22,3076021
8092667,23,11,22,341795
8094363,24,14,23,4615199
8095323,24,14,23,4615747
8095835,23,13,22,3077359
8096411,24,13,23,1538789
8096923,24,14,23,4616659
8101275,23,13,22,3079427
8101915,24,13,23,1539835
8102139,24,14,23,4619633
8103931,24,14,23,4620655
8105211,23,13,22,3080923
8106587,24,13,23,1540723
8109467,23,13,22,3082541
8110683,23,13,22,3083003
8113403,23,13,22,3084037
8117659,23,13,22,3085655
8118011,24,14,23,4628683
8118299,24,13,23,1542949
8118523,23,11,22,342887
8118555,24,14,23,4628993
8119323,23,13,22,3086287
8120091,23,13,22,3086579
8121435,24,11,23,171505
8122395,23,13,22,3087455
8126747,23,12,22,1029703
8127131,23,13,22,3089255
8127515,23,13,22,3089401
8130587,23,13,22,3090569
8132635,24,14,23,4637021
8133403,23,13,22,3091639
8134939,23,12,22,1030741
8135323,23,13,22,3092369
8137307,24,14,23,4639685
8142363,23,13,22,3095045
8143515,23,13,22,3095483
8145659,24,13,23,1548149
8149019,23,10,22,114725
8149083,24,14,23,4646399
8152667,24,13,23,1549481
8154267,24,12,23,516595
8155227,23,13,22,3099935
8157947,23,13,22,3100969
8159515,24,14,23,4652347
8160283,24,14,23,4652785
8170139,24,14,23,4658405
8173979,23,13,22,3107063
8174363,24,14,23,4660813
8176891,24,13,23,1554085
8178331,23,11,22,345413
8178715,23,13,22,3108863
8179547,24,14,23,4663769
8180251,23,13,22,3109447
8180315,24,14,23,4664207
8186907,23,13,22,3111977
8188955,24,14,23,4669133
8190235,24,13,23,1556621
8195931,24,14,23,4673111
8196699,24,14,23,4673549
8199451,23,10,22,115435
8200955,23,13,22,3117317
8202011,24,13,23,1558859
8203291,24,14,23,4677307
8204891,23,13,22,3118813
8207611,23,12,22,1039949
8208379,23,13,22,3120139
8208475,24,14,23,4680263
8208987,24,13,23,1560185
8209499,24,14,23,4680847
8209563,23,13,22,3120589
8212123,24,13,23,1560781
8212731,23,13,22,3121793
8213531,23,12,22,1040699
8216219,23,13,22,3123119
8216827,24,13,23,1561675
8216987,23,12,22,1041137
8217755,23,13,22,3123703
8218875,24,14,23,4686193
8219419,24,14,23,4686503
8220187,24,14,23,4686941
8221723,23,12,22,1041737
8224411,23,13,22,3126233
8226395,24,14,23,4690481
8226459,24,14,23,4690517
8227227,24,14,23,4690955
8227579,23,10,22,115831
8227611,23,12,22,1042483
8232475,24,13,23,1564649
8232987,24,14,23,4694239
8233051,23,13,22,3129517
8234587,23,11,22,347789
8235803,23,12,22,1043521
8236571,23,13,22,3130855
8237147,24,13,23,1565537
8237659,24,14,23,4696903
8241243,23,13,22,3132631
8243195,23,13,22,3133373
8245499,24,14,23,4701373
8249883,23,8,22,12905
8251387,23,13,22,3136487
8251803,23,13,22,3136645
8254107,24,14,23,4706281
8254555,23,12,22,1045897
8255899,24,13,23,1569101
8257691,24,14,23,4708325
8259227,23,12,22,1046489
8259579,23,13,22,3139601
8259995,23,13,22,3139759
8260379,24,14,23,4709857
8260859,24,14,23,4710131
8261403,24,13,23,1570147
8262171,24,10,23,58159
8262427,24,14,23,4711025
8263675,24,13,23,1570579
8263931,23,12,22,1047085
8266843,24,12,23,523727
8267419,23,12,22,1047527
8268379,24,13,23,1571473
8274075,23,13,22,3145111
8274971,24,14,23,4718177
8275227,24,14,23,4718323
8275963,24,14,23,4718743
8276219,24,12,23,524321
8278011,23,8,22,12949
8278811,24,14,23,4720367
8281083,24,14,23,4721663
8281115,23,13,22,3147787
8281851,23,13,22,3148067
8284251,23,13,22,3148979
8289275,23,13,22,3150889
8290043,23,13,22,3151181
8290299,24,10,23,58357
8290331,24,12,23,525215
8290555,24,14,23,4727063
8290587,24,14,23,4727081
8292443,23,13,22,3152093
8293627,23,13,22,3152543
8293659,23,13,22,3152555
8306939,24,14,23,4736405
8307739,23,13,22,3157907
8310011,23,13,22,3158771
8310619,24,13,23,1579501
8315131,23,13,22,3160717
8315547,23,12,22,1053625
8315931,23,13,22,3161021
8319067,23,10,22,117119
8320027,24,13,23,1581289
8323163,24,11,23,175765
8324123,23,13,22,3164135
8326811,24,14,23,4747735
8330779,23,12,22,1055555
8331547,23,13,22,3166957
8332571,24,12,23,527891
8334363,24,14,23,4752041
8334875,24,12,23,528037
8335131,24,14,23,4752479
8336155,24,14,23,4753063
8336667,23,12,22,1056301
8337403,24,14,23,4753775
8337819,23,10,22,117383
8341915,24,11,23,176161
8347899,24,14,23,4759759
8350299,23,13,22,3174085
8350747,23,10,22,117565
8352347,24,14,23,4762295
8357531,24,13,23,1588417
8358555,24,14,23,4765835
8366171,24,13,23,1590059
8372379,24,12,23,530413
8374939,23,13,22,3183451
8376571,24,14,23,4776107
8381179,23,12,22,1061941
8381211,23,12,22,1061945
8384155,24,11,23,177053
8385115,23,13,22,3187319
8387867,23,13,22,3188365
8388251,23,10,22,118093
8391451,24,14,23,4784591
8391963,24,13,23,1594961
8392475,24,14,23,4785175
8394267,24,13,23,1595399
8395035,24,13,23,1595545
8397915,24,14,23,4788277
8400027,24,14,23,4789481
8405275,24,11,23,177499
8407291,24,14,23,4793623
8407803,24,14,23,4793915
8413019,24,13,23,1598963
8413787,24,13,23,1599109
8414043,24,14,23,4797473
8414811,24,14,23,4797911
8416411,24,14,23,4798823
8420123,24,13,23,1600313
8420603,24,14,23,4801213
8421403,24,14,23,4801669
8428187,24,14,23,4805537
8428699,24,12,23,533981
8429979,24,14,23,4806559
8436731,24,14,23,4810409
8437019,24,14,23,4810573
8437275,24,13,23,1603573
8439899,24,14,23,4812215
8449275,24,14,23,4817561
8449307,24,14,23,4817579
8452379,24,14,23,4819331
8455259,24,13,23,1606991
8456027,24,13,23,1607137
8456859,24,12,23,535765
8462587,24,14,23,4825151
8463643,24,14,23,4825753
8464635,24,13,23,1608773
8465147,24,14,23,4826611
8471131,24,14,23,4830023
8477467,24,14,23,4833635
8478747,24,13,23,1611455
8482651,24,10,23,59711
8488091,24,13,23,1613231
8492059,24,12,23,537995
8494363,24,12,23,538141
8498267,24,13,23,1615165
8499291,24,14,23,4846079
8506139,24,11,23,179629
8507675,24,13,23,1616953
8511579,24,13,23,1617695
8513115,24,12,23,539329
8514651,24,13,23,1618279
8518043,24,14,23,4856771
8522491,24,12,23,539923
8522779,24,14,23,4859471
8528987,24,14,23,4863011
8530331,24,13,23,1621259
8531099,24,13,23,1621405
8538363,24,14,23,4868357
8545115,24,13,23,1624069
8550171,24,14,23,4875089
8552475,24,14,23,4876403
8559259,24,13,23,1626757
8559771,24,14,23,4880563
8560027,24,11,23,180767
8560283,24,14,23,4880855
8564507,24,14,23,4883263
8564763,24,10,23,60289
8570971,24,13,23,1628983
8572571,24,13,23,1629287
8580347,24,13,23,1630765
8580379,24,13,23,1630771
8583259,24,14,23,4893955
8587099,24,14,23,4896145
8587931,24,14,23,4896619
8588443,24,14,23,4896911
8594203,24,14,23,4900195
8594683,24,14,23,4900469
8594715,24,14,23,4900487
8595451,24,14,23,4900907
8597019,24,14,23,4901801
8607515,24,14,23,4907785
8613979,24,12,23,545719
8622331,24,14,23,4916233
8623131,24,14,23,4916689
8624123,24,13,23,1639085
8625915,24,14,23,4918277
8629339,24,14,23,4920229
8632731,24,12,23,546907
8633499,24,13,23,1640867
8634523,24,14,23,4923185
8638235,24,13,23,1641767
8638747,24,14,23,4925593
8640027,24,14,23,4926323
8644187,24,14,23,4928695
8644443,24,12,23,547649
8651547,24,12,23,548099
8654107,24,14,23,4934351
8656411,24,14,23,4935665
8656987,24,13,23,1645331
8658779,24,14,23,4937015
8674971,24,12,23,549583
8675163,24,14,23,4946357
8676507,24,13,23,1649041
8681243,24,13,23,1649941
8681755,24,14,23,4950115
8682267,24,14,23,4950407
8690843,24,14,23,4955297
8695035,24,14,23,4957687
8695579,24,14,23,4957997
8696859,24,13,23,1652909
8697883,24,14,23,4959311
8699995,24,13,23,1653505
8700507,24,14,23,4960807
8709403,24,13,23,1655293
8710139,24,11,23,183937
8713755,24,14,23,4968361
8714331,24,14,23,4968689
8716379,24,13,23,1656619
8716955,24,14,23,4970185
8717403,24,14,23,4970441
8718747,24,13,23,1657069
8719003,24,14,23,4971353
8725755,24,13,23,1658401
8726779,24,14,23,4975787
8731291,24,12,23,553151
8732507,24,14,23,4979053
8734363,24,13,23,1660037
8735131,24,13,23,1660183
8738587,24,14,23,4982519
8739867,24,13,23,1661083
8740603,24,12,23,553741
8740891,24,14,23,4983833
8750235,24,14,23,4989161
8752379,24,11,23,184829
8754203,24,14,23,4991423
8756507,24,14,23,4992737
8764827,24,13,23,1665827
8768251,24,14,23,4999433
8770075,24,14,23,5000473
8773723,24,14,23,5002553
8775259,24,14,23,5003429
8775515,24,14,23,5003575
8777371,24,13,23,1668211
8782107,24,13,23,1669111
8782619,24,14,23,5007625
8784635,24,14,23,5008775
8787035,24,14,23,5010143
8790683,24,13,23,1670741
8792475,24,14,23,5013245
8796411,24,14,23,5015489
8796923,24,12,23,557309
8797723,24,13,23,1672079
8798203,24,14,23,5016511
8798491,24,13,23,1672225
8807579,24,14,23,5021857
8810267,24,13,23,1674463
8812827,24,14,23,5024849
8815707,24,12,23,558499
8825083,24,12,23,559093
8828955,24,13,23,1678015
8831067,24,14,23,5035249
8831579,24,14,23,5035541
8832859,24,13,23,1678757
8840475,24,14,23,5040613
8848027,24,14,23,5044919
8849819,24,14,23,5045941
8856315,24,13,23,1683215
8859739,24,14,23,5051597
8862363,24,14,23,5053093
8868891,24,13,23,1685605
8869147,24,14,23,5056961
8870939,24,14,23,5057983
8876123,24,14,23,5060939
8876699,24,12,23,562363
8878491,24,14,23,5062289
8882971,24,13,23,1688281
8883483,24,14,23,5065135
8886267,24,14,23,5066723
8891547,24,13,23,1689911
8894875,24,14,23,5071631
8895643,24,14,23,5072069
8897563,24,14,23,5073163
8898555,24,13,23,1691243
8899323,24,13,23,1691389
8899355,24,13,23,1691395
8900379,24,14,23,5074769
8902747,24,14,23,5076119
8906587,24,14,23,5078309
8912923,24,14,23,5081921
8913179,24,14,23,5082067
8913691,24,14,23,5082359
8918107,24,13,23,1694959
8919131,24,14,23,5085461
8927483,24,13,23,1696741
8927995,24,14,23,5090515
8928251,24,11,23,188543
8928283,24,12,23,565631
8928507,24,14,23,5090807
8934043,24,14,23,5093963
8936091,24,13,23,1698377
8937115,24,14,23,5095715
8937883,24,14,23,5096153
8940795,24,13,23,1699271
8942619,24,14,23,5098853
8946779,24,14,23,5101225
8953243,24,13,23,1701637
8955163,24,14,23,5106005
8956155,24,14,23,5106571
8956667,24,14,23,5106863
8959003,24,14,23,5108195
8962907,24,14,23,5110421
8970011,24,14,23,5114471
8970523,24,12,23,568307
8974939,24,14,23,5117281
8980123,24,14,23,5120237
8986971,24,6,23,781
8988763,24,14,23,5125163
8990555,24,14,23,5126185
8990811,24,13,23,1708777
8993435,24,14,23,5127827
8996507,24,14,23,5129579
8998683,24,12,23,570091
8999963,24,14,23,5131549
9000219,24,13,23,1710565
9000955,24,12,23,570235
9001723,24,13,23,1710851
9002747,24,14,23,5133137
9005723,24,9,23,21131
9009563,24,13,23,1712341
9014043,24,14,23,5139577
9014555,24,14,23,5139869
9017435,24,12,23,571279
9022107,24,11,23,190525
9026971,24,14,23,5146949
9027355,24,14,23,5147167
9028635,24,14,23,5147897
9042715,24,14,23,5155925
9043195,24,12,23,572911
9044731,24,13,23,1719025
9047899,24,12,23,573209
9048667,24,13,23,1719773
9051291,24,14,23,5160815
9052571,24,12,23,573505
9052827,24,14,23,5161691
9053851,24,14,23,5162275
9059067,24,14,23,5165249
9059355,24,14,23,5165413
9059867,24,14,23,5165705
9061979,24,9,23,21263
9071387,24,12,23,574697
9072667,24,14,23,5173003
9077851,24,14,23,5175959
9078363,24,11,23,191713
9079963,24,13,23,1725721
9085179,24,14,23,5180137
9086971,24,13,23,1727053
9087227,24,14,23,5181305
9090139,24,12,23,575885
9093787,24,14,23,5185045
9093979,24,13,23,1728385
9095003,24,14,23,5185739
9099515,24,12,23,576479
9101083,24,13,23,1729735
9101339,24,14,23,5189351
9101595,24,14,23,5189497
9102107,24,14,23,5189789
9102587,24,13,23,1730021
9103355,24,13,23,1730167
9106011,24,14,23,5192015
9108123,24,13,23,1731073
9114651,24,14,23,5196941
9116699,24,13,23,1732703
9117211,24,14,23,5198401
9118459,24,14,23,5199113
9122459,24,14,23,5201393
9129755,24,14,23,5205553
9130779,24,13,23,1735379
9133051,24,13,23,1735811
9137819,24,13,23,1736717
9138843,24,14,23,5210735
9145595,24,13,23,1738195
9148507,24,14,23,5216245
9158427,24,14,23,5221901
9158907,24,13,23,1740725
9158939,24,13,23,1740731
9160699,24,14,23,5223197
9162843,24,10,23,64499
9172251,24,12,23,581087
9173787,24,13,23,1743553
9174555,24,12,23,581233
9175803,24,14,23,5231809
9178971,24,14,23,5233615
9179803,24,14,23,5234089
9181595,24,10,23,64631
9181851,24,14,23,5235257
9190427,24,14,23,5240147
9193307,24,12,23,582421
9198235,24,14,23,5244599
9202459,24,14,23,5247007
9202971,24,14,23,5247299
9210523,24,13,23,1750535
9211035,24,14,23,5251897
9216251,24,14,23,5254871
9216795,24,12,23,583909
9218043,24,14,23,5255893
9221211,24,14,23,5257699
9225371,24,13,23,1753357
9230107,24,13,23,1754257
9230587,24,14,23,5263045
9231131,24,14,23,5263355
9232411,24,13,23,1754695
9232667,24,14,23,5264231
9239195,24,14,23,5267953
9244923,24,12,23,585691
9244955,24,10,23,65077
9246715,24,14,23,5272241
9246747,24,14,23,5272259
9253531,24,13,23,1758709
9259771,24,13,23,1759895
9259803,24,13,23,1759901
9260827,24,14,23,5280287
9263099,24,14,23,5281583
9263867,24,14,23,5282021
9266779,24,13,23,1761227
9268379,24,12,23,587177
9274139,24,14,23,5287877
9274395,24,14,23,5288023
9277979,24,14,23,5290067
9279579,24,14,23,5290979
9288475,24,14,23,5296051
9294939,24,13,23,1766579
9302267,24,14,23,5303915
9303323,24,14,23,5304517
9303835,24,14,23,5304809
9304315,24,13,23,1768361
9305339,24,14,23,5305667
9306107,24,14,23,5306105
9310043,24,14,23,5308349
9310811,24,14,23,5308787
9313691,24,13,23,1770143
9314715,24,14,23,5311013
9319195,24,13,23,1771189
9321467,24,13,23,1771621
9324379,24,14,23,5316523
9325723,24,14,23,5317289
9333531,24,14,23,5321741
9347099,24,14,23,5329477
9348347,24,14,23,5330189
9351259,24,13,23,1777283
9351771,24,14,23,5332141
9352283,24,14,23,5332433
9353883,24,14,23,5333345
9356443,24,14,23,5334805
9361179,24,14,23,5337505
9361659,24,14,23,5337779
9364571,24,9,23,21973
9364731,24,14,23,5339531
9370011,24,13,23,1780847
9373947,24,9,23,21995
9377051,24,13,23,1782185
9377787,24,13,23,1782325
9377819,24,13,23,1782331
9378075,24,14,23,5347139
9378843,24,14,23,5347577
9380955,24,11,23,198103
9383323,24,8,23,7339
9390331,24,11,23,198301
9392667,24,12,23,595051
9392923,24,14,23,5355605
9395195,24,14,23,5356901
9396827,24,14,23,5357831
9399451,24,14,23,5359327
9399963,24,14,23,5359619
9404443,24,11,23,198599
9415323,24,13,23,1789459
9419515,24,14,23,5370767
9420059,24,13,23,1790359
9420315,24,14,23,5371223
9420795,24,12,23,596833
9421051,24,14,23,5371643
9421083,24,14,23,5371661
9422075,24,14,23,5372227
9434395,24,14,23,5379251
9436699,24,14,23,5380565
9448187,24,13,23,1795705
9448475,24,14,23,5387279
9448987,24,12,23,598619
9450267,24,14,23,5388301
9451611,24,14,23,5389067
9455451,24,14,23,5391257
9457307,24,14,23,5392315
9462011,24,14,23,5394997
9466971,24,13,23,1799275
9470811,24,13,23,1800005
9471579,24,13,23,1800151
9472667,24,14,23,5401073
9476347,24,13,23,1801057
9477147,24,12,23,600403
9478939,24,14,23,5404649
9486491,24,12,23,600995
9490683,24,14,23,5411345
9496667,24,13,23,1804919
9497691,24,14,23,5415341
9498459,24,14,23,5415779
9506043,24,13,23,1806701
9507067,24,14,23,5420687
9508379,24,13,23,1807145
9509147,24,13,23,1807291
9513563,24,14,23,5424391
9514651,24,12,23,602779
9519899,24,14,23,5428003
9521947,24,14,23,5429171
9527131,24,13,23,1810709
9527899,24,13,23,1810855
9527963,24,13,23,1810867
9528923,24,14,23,5433149
9530523,24,14,23,5434061
9534235,24,13,23,1812059
9540699,24,14,23,5439863
9542811,24,11,23,201521
9548027,24,14,23,5444041
9549083,24,13,23,1814881
9549819,24,10,23,67223
9550075,24,14,23,5445209
9551131,24,14,23,5445811
9551387,24,13,23,1815319
9556635,24,14,23,5448949
9557083,24,14,23,5449205
9566459,24,14,23,5454551
9569371,24,13,23,1818737
9570907,24,12,23,606343
9575835,24,14,23,5459897
9577755,24,14,23,5460991
9578747,24,13,23,1820519
9579259,24,14,23,5461849
9579547,24,13,23,1820671
9580059,24,14,23,5462305
9580571,24,14,23,5462597
9592859,24,13,23,1823201
9593115,24,14,23,5469749
9593595,24,13,23,1823341
9598043,24,14,23,5472559
9607419,24,14,23,5477905
9608219,24,14,23,5478361
9608475,24,12,23,608723
9608731,24,14,23,5478653
9613147,24,12,23,609019
9617563,24,14,23,5483689
9621755,24,13,23,1828693
9622811,24,14,23,5486681
9625691,24,13,23,1829441
9628763,24,13,23,1830025
9636603,24,12,23,610505
9639195,24,14,23,5496023
9644443,24,13,23,1833005
9649947,24,13,23,1834051
9650971,24,14,23,5502737
9653787,24,13,23,1834781
9654811,24,14,23,5504927
9659035,24,14,23,5507335
9670491,24,14,23,5513867
9680155,24,14,23,5519377
9681915,24,13,23,1840127
9682939,24,14,23,5520965
9690523,24,12,23,613921
9691291,24,13,23,1841909
9692955,24,12,23,614075
9693947,24,14,23,5527241
9693979,24,14,23,5527259
9695259,24,12,23,614221
9696795,24,13,23,1842955
9699419,24,14,23,5530361
9702043,24,14,23,5531857
9708827,24,14,23,5535725
9711131,24,14,23,5537039
9712731,24,14,23,5537951
9715547,24,13,23,1846519
9716379,24,12,23,615559
9716571,24,14,23,5540141
9718171,24,14,23,5541053
9722107,24,14,23,5543297
9723675,24,14,23,5544191
9724667,24,14,23,5544757
9728091,24,12,23,616301
9732955,24,14,23,5549483
9737243,24,14,23,5551927
9738235,24,13,23,1850831
9739291,24,14,23,5553095
9739547,24,14,23,5553241
9742171,24,9,23,22859
9742427,24,14,23,5554883
9746843,24,12,23,617489
9747611,24,13,23,1852613
9748635,24,14,23,5558423
9751547,24,8,23,7627
9751579,24,12,23,617789
9752347,24,13,23,1853513
9752859,24,14,23,5560831
9754651,24,13,23,1853951
9758299,24,14,23,5563933
9758555,24,11,23,206077
9758811,24,14,23,5564225
9760411,24,14,23,5565137
9765659,24,11,23,206227
9767675,24,14,23,5569279
9768187,24,14,23,5569571
9770523,24,14,23,5570903
9771099,24,13,23,1857077
9774171,24,13,23,1857661
9776283,24,14,23,5574187
9776795,24,14,23,5574479
9781019,24,14,23,5576887
9781531,24,14,23,5577179
9783547,24,13,23,1859443
9785947,24,13,23,1859899
9789083,24,12,23,620165
9789275,24,14,23,5581595
9790299,24,14,23,5582179
9794843,24,14,23,5584769
9796891,24,13,23,1861979
9797659,24,13,23,1862125
9809691,24,14,23,5593235
9810971,24,13,23,1864655
9816155,24,14,23,5596921
9824027,24,14,23,5601409
9825531,24,14,23,5602267
9827867,24,14,23,5603599
9828443,24,14,23,5603927
9830491,24,13,23,1868365
9831515,24,14,23,5605679
9833051,24,14,23,5606555
9833115,24,14,23,5606591
9840891,24,14,23,5611025
9846619,24,14,23,5614291
9848475,24,13,23,1871783
9849243,24,13,23,1871929
9854715,24,12,23,624323
9857115,24,12,23,624475
9859163,24,14,23,5621443
9868059,24,13,23,1875505
9868315,24,14,23,5626661
9870619,24,14,23,5627975
9875291,24,14,23,5630639
9877915,24,14,23,5632135
9882395,24,14,23,5634689
9882651,24,14,23,5634835
9882875,24,12,23,626107
9889371,24,14,23,5638667
9891483,24,13,23,1879957
9896187,24,13,23,1880851
9896987,24,12,23,627001
9898747,24,14,23,5644013
9911035,24,11,23,209297
9911835,24,13,23,1883825
9912603,24,13,23,1883971
9915931,24,14,23,5653811
9916251,24,14,23,5653993
9917019,24,14,23,5654431
9920155,24,14,23,5656219
9924859,24,14,23,5658901
9926939,24,14,23,5660087
9936027,24,13,23,1888423
9936283,24,14,23,5665415
9940763,24,13,23,1889323
9944059,24,14,23,5669849
9945691,24,14,23,5670779
9946971,24,13,23,1890503
9948315,24,14,23,5672275
9948827,24,14,23,5672567
9952667,24,14,23,5674757
9953435,24,14,23,5675195
9954331,24,14,23,5675705
9954587,24,14,23,5675851
9955099,24,14,23,5676143
9956379,24,13,23,1892291
9957403,24,14,23,5677457
9959515,24,13,23,1892887
9962139,24,14,23,5680157
9962651,24,10,23,70129
9968411,24,14,23,5683733
9974363,24,12,23,631903
9976475,24,14,23,5688331
9978523,24,14,23,5689499
9985787,24,14,23,5693641
9988187,24,14,23,5695009
9990235,24,14,23,5696177
9990811,24,12,23,632945
9993883,24,13,23,1899419
9999131,24,14,23,5701249
10000411,24,14,23,5701979
10008987,24,14,23,5706869
10009755,24,14,23,5707307
10012667,24,13,23,1902989
10013467,24,13,23,1903141
10013723,24,14,23,5709569
10014491,24,14,23,5710007
10016795,24,14,23,5711321
10026011,24,9,23,23525
10027259,24,14,23,5717287
10027291,24,14,23,5717305
10033243,24,14,23,5720699
10036891,24,13,23,1907593
10042395,24,11,23,212071
10047323,24,14,23,5728727
10050203,24,13,23,1910123
10051227,24,14,23,5730953
10058011,24,13,23,1911607
10058747,24,12,23,637249
10059035,24,14,23,5735405
10059515,24,13,23,1911893
10060891,24,14,23,5736463
10067355,24,13,23,1913383
10070267,24,14,23,5741809
10071579,24,14,23,5742557
10073115,24,14,23,5743433
10074139,24,14,23,5744017
10076763,24,13,23,1915171
10084603,24,12,23,638887
10084635,24,11,23,212963
10086395,24,14,23,5751005
10093211,24,13,23,1918297
10098459,24,14,23,5757883
10100251,24,13,23,1919635
10107547,24,14,23,5763065
10109083,24,14,23,5763941
10110619,24,14,23,5764817
10114075,24,14,23,5766787
10115067,24,12,23,640817
10115835,24,13,23,1922597
10116859,24,14,23,5768375
10119259,24,14,23,5769743
10121883,24,14,23,5771239
10128155,24,14,23,5774815
10128411,24,13,23,1924987
10128635,24,14,23,5775089
10128667,24,14,23,5775107
10142491,24,13,23,1927663
10142747,24,14,23,5783135
10144507,24,14,23,5784139
10145019,24,14,23,5784431
10151771,24,13,23,1929427
10157307,24,12,23,643493
10157339,24,12,23,643495
10158107,24,13,23,1930631
10158875,24,13,23,1930777
10159131,24,14,23,5792477
10162011,24,11,23,214597
10166683,24,12,23,644087
10167963,24,14,23,5797513
10178651,24,14,23,5803607
10179227,24,13,23,1934645
10185499,24,11,23,215093
10191963,24,14,23,5811197
10197403,24,14,23,5814299
10200091,24,14,23,5815831
10201339,24,14,23,5816543
10202139,24,14,23,5816999
10209115,24,14,23,5820977
10216699,24,13,23,1941767
10217467,24,13,23,1941913
10218523,24,14,23,5826341
10220123,24,14,23,5827253
10229531,24,14,23,5832617
10230811,24,13,23,1944449
10231323,24,14,23,5833639
10235995,24,14,23,5836303
10236507,24,14,23,5836595
10239387,24,10,23,72077
10243867,24,14,23,5840791
10245659,24,13,23,1947271
10246139,24,14,23,5842087
10248283,24,14,23,5843309
10251931,24,13,23,1948463
10252955,24,14,23,5845973
10254747,24,14,23,5846995
10256027,24,14,23,5847725
10259483,24,14,23,5849695
10259707,24,13,23,1949941
10259739,24,13,23,1949947
10260763,24,14,23,5850425
10262619,24,14,23,5851483
10264411,24,13,23,1950835
10265243,24,10,23,72259
10267035,24,14,23,5854001
10267803,24,14,23,5854439
10273051,24,13,23,1952477
10273563,24,14,23,5857723
10273819,24,13,23,1952623
10288379,24,14,23,5866171
10288411,24,14,23,5866189
10288667,24,12,23,651815
10296475,24,13,23,1956929
10297755,24,14,23,5871517
10304251,24,13,23,1958407
10304507,24,14,23,5875367
10312347,24,14,23,5879837
10315547,24,14,23,5881661
10316539,24,14,23,5882227
10317051,24,14,23,5882519
10320891,24,14,23,5884709
10321659,24,14,23,5885147
10330363,24,14,23,5890109
10330875,24,10,23,72721
10330907,24,12,23,654491
10335323,24,14,23,5892937
10344699,24,14,23,5898283
10346011,24,14,23,5899031
10346747,24,14,23,5899451
10351195,24,13,23,1967329
10353307,24,14,23,5903191
10359035,24,12,23,656273
10362107,24,13,23,1969403
10371483,24,13,23,1971185
10373915,24,13,23,1971647
10374171,24,14,23,5915087
10374939,24,14,23,5915525
10375451,24,12,23,657313
10376731,24,14,23,5916547
10377211,24,14,23,5916821
10377979,24,14,23,5917259
10382491,24,11,23,219253
10393691,24,14,23,5926217
10395483,24,14,23,5927239
10398363,24,14,23,5928881
10405115,24,13,23,1977577
10409051,24,13,23,1978325
10411675,24,14,23,5936471
10417435,24,14,23,5939755
10418427,24,13,23,1980107
10418971,24,14,23,5940631
10419451,24,14,23,5940905
10419483,24,14,23,5940923
10419739,24,14,23,5941069
10420251,24,14,23,5941361
10427803,24,13,23,1981889
10428827,24,14,23,5946251
10431771,24,12,23,660881
10434843,24,13,23,1983227
10435579,24,13,23,1983367
10435611,24,13,23,1983373
10438491,24,14,23,5951761
10440347,24,13,23,1984273
10441371,24,14,23,5953403
10453595,24,13,23,1986791
10454619,24,14,23,5960957
10461435,24,13,23,1988281
10461979,24,14,23,5965153
10466395,24,14,23,5967671
10470555,24,14,23,5970043
10475291,24,14,23,5972743
10475771,24,14,23,5973017
10477307,24,14,23,5973893
10477595,24,14,23,5974057
10477851,24,13,23,1991401
10478843,24,14,23,5974769
10490107,24,14,23,5981191
10491163,24,13,23,1993931
10492955,24,14,23,5982815
10496603,24,13,23,1994965
10506779,24,12,23,665633
10508379,24,13,23,1997203
10518299,24,14,23,5997265
10519323,24,13,23,1999283
10523227,24,10,23,74075
10529435,24,13,23,2001205
10532635,24,12,23,667271
10534907,24,12,23,667415
10534939,24,12,23,667417
10536187,24,14,23,6007465
10538843,24,13,23,2002993
10547451,24,13,23,2004629
10548251,24,13,23,2004781
10548507,24,14,23,6014489
10550811,24,14,23,6015803
10555227,24,13,23,2006107
10558619,24,14,23,6020255
10562843,24,14,23,6022663
10563099,24,11,23,223067
10563355,24,14,23,6022955
10565627,24,14,23,6024251
10569563,24,14,23,6026495
10570907,24,13,23,2009087
10571419,24,14,23,6027553
10576923,24,14,23,6030691
10577179,24,12,23,670093
10578715,24,13,23,2010571
10584923,24,13,23,2011751
10585691,24,13,23,2011897
10585755,24,13,23,2011909
10593051,24,14,23,6039887
10600603,24,11,23,223859
10605339,24,10,23,74653
10607611,24,10,23,74669
10610779,24,13,23,2016665
10613403,24,14,23,6051491
10620155,24,13,23,2018447
10621179,24,14,23,6055925
10622971,24,14,23,6056947
10624251,24,14,23,6057677
10627675,24,14,23,6059629
10628763,24,12,23,673361
10633467,24,10,23,74851
10633627,24,14,23,6063023
10634523,24,14,23,6063533
10635259,24,14,23,6063953
10636027,24,14,23,6064391
10636571,24,13,23,2021567
10637595,24,14,23,6065285
10637851,24,14,23,6065431
10649371,24,14,23,6071999
10663707,24,14,23,6080173
10664699,24,13,23,2026913
10665979,24,14,23,6081469
10669915,24,14,23,6083713
10671195,24,14,23,6084443
10673307,24,12,23,676183
10679323,24,14,23,6089077
10680571,24,14,23,6089789
10680603,24,14,23,6089807
10685019,24,12,23,676925
10686107,24,14,23,6092945
10693915,24,14,23,6097397
10696987,24,14,23,6099149
10699355,24,14,23,6100499
10706203,24,9,23,25121
10711579,24,13,23,2035823
10712155,24,14,23,6107797
10715739,24,14,23,6109841
10716827,24,14,23,6110461
10721531,24,14,23,6113143
10722331,24,14,23,6113599
10722587,24,11,23,226435
10727259,24,12,23,679601
10727515,24,14,23,6116555
10736667,24,12,23,680197
10739707,24,13,23,2041169
10746267,24,14,23,6127247
10749723,24,14,23,6129217
10750715,24,11,23,227029
10753307,24,14,23,6131261
10754331,24,14,23,6131845
10756187,24,13,23,2044301
10757211,24,14,23,6133487
10759323,24,13,23,2044897
10759835,24,14,23,6134983
10766587,24,14,23,6138833
10767899,24,13,23,2046527
10768923,24,14,23,6140165
10773083,24,14,23,6142537
10773147,24,14,23,6142573
10773339,24,13,23,2047561
10774939,24,13,23,2047865
10775707,24,13,23,2048011
10779899,24,14,23,6146423
10780699,24,14,23,6146879
10781467,24,14,23,6147317
10787483,24,13,23,2050249
10789275,24,14,23,6151769
10794267,24,14,23,6154615
10794779,24,14,23,6154907
10796027,24,13,23,2051873
10796571,24,14,23,6155929
10797051,24,14,23,6156203
10797083,24,14,23,6156221
10799195,24,13,23,2052475
10804635,24,12,23,684503
10805403,24,13,23,2053655
10808571,24,13,23,2054257
10808603,24,13,23,2054263
10809371,24,12,23,684803
10809595,24,14,23,6163355
10816091,24,14,23,6167059
10822939,24,14,23,6170963
10830491,24,12,23,686141
10833051,24,14,23,6176729
10836763,24,13,23,2059615
10838299,24,13,23,2059907
10838779,24,14,23,6179995
10839323,24,14,23,6180305
10842203,24,11,23,228961
10847067,24,14,23,6184721
10853403,24,14,23,6188333
10858331,24,14,23,6191143
10859163,24,14,23,6191617
10860955,24,11,23,229357
10868763,24,13,23,2065697
10872923,24,14,23,6199463
10873435,24,13,23,2066585
10873947,24,14,23,6200047
10880283,24,14,23,6203659
10882331,24,14,23,6204827
10888283,24,13,23,2069407
10890395,24,14,23,6209425
10890907,24,14,23,6209717
10895131,24,14,23,6212125
10897659,24,13,23,2071189
10898715,24,14,23,6214169
10903195,24,11,23,230249
10904411,24,14,23,6217417
10909467,24,13,23,2073433
10910491,24,14,23,6220883
10911003,24,13,23,2073725
10911771,24,13,23,2073871
10915675,24,13,23,2074613
10918555,24,14,23,6225481
10919067,24,14,23,6225773
10926843,24,14,23,6230207
10930267,24,14,23,6232159
10931291,24,12,23,692527
10935451,24,14,23,6235115
10935707,24,14,23,6235261
10938139,24,14,23,6236647
10939131,24,13,23,2079071
10939163,24,13,23,2079077
10939643,24,14,23,6237505
10939675,24,14,23,6237523
10940443,24,14,23,6237961
10947163,24,14,23,6241793
10947227,24,14,23,6241829
10952475,24,12,23,693869
10953499,24,14,23,6245405
10953979,24,13,23,2081893
10954011,24,13,23,2081899
10956315,24,13,23,2082337
10961563,24,14,23,6250003
10968603,24,14,23,6254017
10968827,24,11,23,231635
10969115,24,14,23,6254309
10973723,24,14,23,6256937
10975899,24,12,23,695353
10978459,24,14,23,6259637
10981627,24,14,23,6261443
10982427,24,14,23,6261899
10982939,24,10,23,77311
10989403,24,14,23,6265877
10990235,24,14,23,6266351
10993819,24,13,23,2089465
10996763,24,14,23,6270073
10996987,24,12,23,696689
10998811,24,14,23,6271241
11001691,24,10,23,77443
11001851,24,14,23,6272975
11001947,24,14,23,6273029
11003483,24,14,23,6273905
11011099,24,12,23,697583
11014171,24,13,23,2093333
11018331,24,14,23,6282371
11020699,24,14,23,6283721
11030043,24,14,23,6289049
11031131,24,14,23,6289669
11037083,24,14,23,6293063
11040539,24,14,23,6295033
11041531,24,12,23,699511
11047579,24,14,23,6299047
11050139,24,13,23,2100169
11054331,24,14,23,6302897
11054363,24,14,23,6302915
11057179,24,13,23,2101507
11066779,24,14,23,6309995
11067547,24,14,23,6310433
11069211,24,14,23,6311381
11070491,24,13,23,2104037
11071515,24,14,23,6312695
11075675,24,14,23,6315067
11078299,24,13,23,2105521
11083547,24,14,23,6319555
11085051,24,14,23,6320413
11088475,24,12,23,702485
11092635,24,14,23,6324737
11093147,24,12,23,702781
11094427,24,14,23,6325759
11100443,24,14,23,6329189
11102299,24,14,23,6330247
11104923,24,11,23,234509
11107995,24,13,23,2111165
11113243,24,14,23,6336487
11113499,24,13,23,2112211
11114491,24,14,23,6337199
11115803,24,13,23,2112649
11116635,24,12,23,704269
11127547,24,13,23,2114881
11127835,24,14,23,6344807
11128059,24,14,23,6344935
11129371,24,14,23,6345683
11130907,24,14,23,6346559
11134555,24,13,23,2116213
11134811,24,14,23,6348785
11135387,24,12,23,705457
11135579,24,14,23,6349223
11136667,24,14,23,6349843
11141371,24,14,23,6352525
11141915,24,14,23,6352835
11142171,24,14,23,6352981
11143163,24,13,23,2117849
11143931,24,13,23,2117995
11146331,24,13,23,2118451
11155227,24,14,23,6360425
11155707,24,13,23,2120233
11157499,24,14,23,6361721
11157787,24,14,23,6361885
11172859,24,12,23,707831
11173147,24,14,23,6370643
11173627,24,13,23,2123639
11176027,24,13,23,2124095
11177819,24,14,23,6373307
11188251,24,14,23,6379255
11193435,24,14,23,6382211
11198715,24,12,23,709469
11199515,24,13,23,2128559
11201275,24,14,23,6386681
11201307,24,14,23,6386699
11214619,24,14,23,6394289
11215131,24,12,23,710509
11219035,24,13,23,2132269
11219547,24,14,23,6397099
11221659,24,14,23,6398303
11222171,24,10,23,78995
11227387,24,14,23,6401569
11228443,24,13,23,2134057
11229179,24,11,23,237133
11233371,24,14,23,6404981
11233883,24,12,23,711697
11235419,24,13,23,2135383
11237787,24,13,23,2135833
11238043,24,14,23,6407645
11247707,24,14,23,6413155
11254171,24,13,23,2138947
11255195,24,14,23,6417425
11257115,24,14,23,6418519
11258619,24,14,23,6419377
11258651,24,14,23,6419395
11259131,24,14,23,6419669
11265883,24,13,23,2141173
11266459,24,14,23,6423847
11271419,24,11,23,238025
11272219,24,13,23,2142377
11272987,24,13,23,2142523
11273243,24,14,23,6427715
11276315,24,14,23,6429467
11277403,24,14,23,6430087
11280795,24,11,23,238223
11281051,24,14,23,6432167
11285531,24,10,23,79441
11286779,24,14,23,6435433
11287291,24,14,23,6435725
11288091,24,14,23,6436181
11293339,24,13,23,2146391
11296411,24,13,23,2146975
11303675,24,14,23,6445067
11303931,24,14,23,6445213
11306075,24,14,23,6446435
11308699,24,14,23,6447931
11312539,24,14,23,6450121
11315451,24,14,23,6451781
11315995,24,12,23,716899
11316763,24,13,23,2150843
11322203,24,13,23,2151877
11323035,24,10,23,79705
11329307,24,13,23,2153227
11329787,24,14,23,6459955
11332635,24,14,23,6461579
11334747,24,12,23,718087
11344123,24,12,23,718681
11346683,24,14,23,6469589
11348059,24,13,23,2156791
11349851,24,14,23,6471395
11350107,24,14,23,6471541
11350619,24,14,23,6471833
11352731,24,13,23,2157679
11354267,24,13,23,2157971
11355291,24,14,23,6474497
11358459,24,14,23,6476303
11359515,24,14,23,6476905
11362043,24,13,23,2159449
11364955,24,14,23,6480007
11368859,24,14,23,6482233
11370139,24,14,23,6482963
11373595,24,14,23,6484933
11378779,24,14,23,6487889
11387675,24,14,23,6492961
11388923,24,14,23,6493673
11395739,24,12,23,721951
11397531,24,14,23,6498581
11402011,24,13,23,2167045
11402523,24,14,23,6501427
11402779,24,11,23,240799
11405307,24,14,23,6503015
11410587,24,13,23,2168675
11415803,24,14,23,6508999
11416859,24,12,23,723289
11418363,24,13,23,2170153
11418651,24,14,23,6510623
11423899,24,8,23,8935
11431963,24,14,23,6518213
11435003,24,14,23,6519947
11435771,24,14,23,6520385
11437147,24,13,23,2173723
11438171,24,14,23,6521753
11445019,24,11,23,241691
11446523,24,13,23,2175505
11453083,24,14,23,6530255
11453275,24,14,23,6530365
11455131,24,13,23,2177141
11460379,24,14,23,6534415
11460635,24,13,23,2178187
11460859,24,14,23,6534689
11460891,24,14,23,6534707
11461371,24,12,23,726109
11461659,24,14,23,6535145
11462651,24,14,23,6535711
11473147,24,11,23,242285
11476219,24,13,23,2181149
11477275,24,14,23,6544049
11481755,24,13,23,2182201
11485595,24,13,23,2182931
11489051,24,14,23,6550763
11489563,24,12,23,727895
11490843,24,14,23,6551785
11495499,24,3,23,37
11496027,24,14,23,6554741
11498139,24,13,23,2185315
11503611,24,12,23,728785
11504891,24,14,23,6559795
11507803,24,14,23,6561455
11509595,24,14,23,6562477
11511387,24,13,23,2187833
11524763,24,10,23,81125
11533083,24,14,23,6575869
11533595,24,14,23,6576161
11536475,24,12,23,730867
11538267,24,14,23,6578825
11539035,24,14,23,6579263
11548955,24,13,23,2194973
11549723,24,13,23,2195119
11561755,24,14,23,6592217
11565147,24,14,23,6594151
11567707,24,13,23,2198537
11575067,24,14,23,6599807
11578139,24,14,23,6601559
11578907,24,14,23,6601997
11580507,24,14,23,6602909
11589883,24,14,23,6608255
11590395,24,10,23,81587
11591195,24,13,23,2203001
11591707,24,14,23,6609295
11591963,24,13,23,2203147
11596891,24,14,23,6612251
11606011,24,13,23,2205817
11606043,24,13,23,2205823
11606267,24,14,23,6617597
11612827,24,14,23,6621337
11616411,24,14,23,6623381
11620123,24,13,23,2208499
11620635,24,14,23,6625789
11620891,24,11,23,245405
11621147,24,14,23,6626081
11622395,24,13,23,2208931
11623419,24,14,23,6627377
11628187,24,14,23,6630095
11633435,24,13,23,2211029
11633691,24,14,23,6633233
11634683,24,14,23,6633799
11638875,24,13,23,2212063
11647771,24,14,23,6641261
11649019,24,11,23,245999
11649051,24,12,23,737999
11649275,24,14,23,6642119
11649307,24,14,23,6642137
11653723,24,12,23,738295
11656859,24,13,23,2215481
11657883,24,14,23,6647027
11661563,24,13,23,2216375
11662619,24,14,23,6649727
11664635,24,13,23,2216959
11667547,24,14,23,6652537
11669339,24,13,23,2217853
11674011,24,13,23,2218741
11676923,24,14,23,6657883
11676955,24,14,23,6657901
11679003,24,14,23,6659069
11680763,24,14,23,6660073
11683675,24,14,23,6661733
11685019,24,13,23,2220833
11691259,24,10,23,82297
11691291,24,12,23,740675
11692827,24,13,23,2222317
11693595,24,12,23,740821
11694363,24,13,23,2222609
11696219,24,14,23,6668885
11698843,24,14,23,6670381
11700891,24,14,23,6671549
11706395,24,14,23,6674687
11711067,24,14,23,6677351
11711579,24,13,23,2225881
11717275,24,14,23,6680891
11720955,24,13,23,2227663
11722491,24,13,23,2227955
11723515,24,14,23,6684449
11731099,24,12,23,743197
11735835,24,12,23,743497
11737083,24,14,23,6692185
11737115,24,14,23,6692203
11737371,24,13,23,2230783
11738363,24,14,23,6692915
11742875,24,11,23,247981
11747739,24,14,23,6698261
11750171,24,14,23,6699647
11750683,24,13,23,2233313
11751707,24,14,23,6700523
11756123,24,13,23,2234347
11757147,24,14,23,6703625
11758747,24,14,23,6704537
11763963,24,12,23,745279
11765755,24,14,23,6708533
11773531,24,14,23,6712967
11774619,24,14,23,6713587
11777819,24,14,23,6715411
11778811,24,13,23,2238659
11779611,24,13,23,2238811
11780123,24,14,23,6716725
11782747,24,9,23,27647
11784027,24,14,23,6718951
11787419,24,12,23,746765
11792123,24,8,23,9223
11792155,24,12,23,747065
11793435,24,14,23,6724315
11793691,24,13,23,2241487
11795995,24,13,23,2241925
11798619,24,14,23,6727271
11799131,24,11,23,249169
11804059,24,14,23,6730373
11806491,24,14,23,6731759
11807771,24,13,23,2244163
11808027,24,14,23,6732635
11811099,24,14,23,6734387
11813979,24,13,23,2245343
11814747,24,13,23,2245489
11821307,24,14,23,6740207
11822363,24,14,23,6740809
11823355,24,13,23,2247125
11825691,24,13,23,2247569
11829851,24,14,23,6745079
11829915,24,14,23,6745115
11830875,24,14,23,6745663
11830939,24,14,23,6745699
11838235,24,13,23,2249953
11841371,24,11,23,250061
11849979,24,13,23,2252185
11850779,24,12,23,750779
11853339,24,14,23,6758471
11853819,24,13,23,2252915
11856987,24,13,23,2253517
11858587,24,13,23,2253821
11866363,24,13,23,2255299
11868443,24,14,23,6767083
11870299,24,13,23,2256047
11879451,24,14,23,6773359
11879707,24,13,23,2257835
11883611,24,10,23,83651
11887195,24,14,23,6777775
11889051,24,13,23,2259611
11889819,24,13,23,2259757
11892987,24,10,23,83717
11908891,24,14,23,6790145
11910683,24,14,23,6791167
11911195,24,14,23,6791459
11915867,24,14,23,6794123
11915931,24,14,23,6794159
11918491,24,14,23,6795619
11918747,24,11,23,251695
11919003,24,14,23,6795911
11923227,24,14,23,6798319
11923483,24,11,23,251795
11931291,24,13,23,2267639
11938843,24,14,23,6807223
11939355,24,14,23,6807515
11944603,24,11,23,252241
11952411,24,13,23,2271653
11953435,24,14,23,6815543
11955739,24,14,23,6816857
11956507,24,14,23,6817295
11956827,24,14,23,6817477
11965723,24,10,23,84229
11967515,24,14,23,6823571
11976859,24,14,23,6828899
11981051,24,14,23,6831289
11981851,24,14,23,6831745
11984635,24,14,23,6833333
11987547,24,13,23,2278331
11988059,24,14,23,6835285
11993243,24,14,23,6838241
11996187,24,12,23,759991
11996411,24,14,23,6840047
11996955,24,13,23,2280119
11997979,24,14,23,6840941
11998747,24,14,23,6841379
12010523,24,14,23,6848093
12012827,24,14,23,6849407
12014107,24,13,23,2283379
12017499,24,14,23,6852071
12025083,24,13,23,2285465
12026107,24,14,23,6856979
12029787,24,13,23,2286359
12032667,24,14,23,6860719
12033691,24,12,23,762367
12034459,24,13,23,2287247
12042235,24,13,23,2288725
12045403,24,12,23,763109
12047835,24,5,23,349
12049563,24,14,23,6870353
12053243,24,13,23,2290817
12053275,24,13,23,2290823
12053787,24,14,23,6872761
12054299,24,14,23,6873053
12058715,24,13,23,2291857
12059483,24,10,23,84889
12059739,24,14,23,6876155
12067067,24,14,23,6880333
12067867,24,14,23,6880789
12069115,24,14,23,6881501
12070427,24,13,23,2294083
12076123,24,14,23,6885497
12077467,24,13,23,2295421
12085499,24,14,23,6890843
12087835,24,14,23,6892175
12087899,24,14,23,6892211
12090011,24,12,23,765935
12098587,24,13,23,2299435
12098843,24,14,23,6898451
12099323,24,12,23,766525
12104091,24,8,23,9467
12107931,24,13,23,2301211
12111099,24,11,23,255757
12112155,24,14,23,6906041
12112923,24,14,23,6906479
12113435,24,12,23,767419
12115963,24,14,23,6908213
12119707,24,13,23,2303449
12120731,24,14,23,6910931
12125211,24,11,23,256055
12126971,24,14,23,6914489
12128283,24,13,23,2305079
12132187,24,12,23,768607
12132443,24,14,23,6917609
12133467,24,14,23,6918193
12136091,24,13,23,2306563
12140827,24,13,23,2307463
12141851,24,14,23,6922973
12142843,24,14,23,6923539
12151195,24,14,23,6928301
12154651,24,14,23,6930271
12155643,24,12,23,770093
12156955,24,14,23,6931585
12168987,24,13,23,2312815
12172283,24,14,23,6940325
12176475,24,14,23,6942715
12183323,24,14,23,6946619
12187739,24,13,23,2316379
12189787,24,14,23,6950305
12191579,24,13,23,2317109
12192347,24,13,23,2317255
12193435,24,14,23,6952385
12197659,24,14,23,6954793
12198139,24,14,23,6955067
12198683,24,13,23,2318459
12199163,24,14,23,6955651
12202587,24,11,23,257689
12207259,24,12,23,773363
12208539,24,14,23,6960997
12218459,24,14,23,6966653
12221083,24,14,23,6968149
12226811,24,13,23,2323805
12229915,24,13,23,2324395
12233819,24,13,23,2325137
12234587,24,13,23,2325283
12237211,24,14,23,6977345
12237979,24,14,23,6977783
12241691,24,13,23,2326633
12241947,24,14,23,6980045
12242459,24,10,23,86177
12242715,24,14,23,6980483
12249691,24,14,23,6984461
12250779,24,14,23,6985081
12257275,24,13,23,2329595
12258043,24,13,23,2329741
12258331,24,14,23,6989387
12259099,24,14,23,6989825
12261467,24,14,23,6991175
12270363,24,14,23,6996247
12271899,24,14,23,6997123
12279451,24,14,23,7001429
12279963,24,10,23,86441
12284155,24,14,23,7004111
12286235,24,13,23,2335099
12286715,24,14,23,7005571
12286971,24,11,23,259471
12287227,24,14,23,7005863
12290139,24,13,23,2335841
12295323,24,14,23,7010479
12295579,24,13,23,2336875
12295835,24,14,23,7010771
12296603,24,14,23,7011209
12299515,24,13,23,2337623
12300059,24,14,23,7013179
12301339,24,14,23,7013909
12304987,24,13,23,2338663
12307547,24,14,23,7017449
12307611,24,14,23,7017485
12311963,24,13,23,2339989
12312827,24,11,23,260017
12313627,24,13,23,2340305
12313883,24,14,23,7021061
12314395,24,13,23,2340451
12316699,24,13,23,2340889
12318811,24,14,23,7023871
12321435,24,13,23,2341789
12327707,24,13,23,2342981
12328731,24,14,23,7029527
12328987,24,14,23,7029673
12329243,24,12,23,781091
12337819,24,13,23,2344903
12338331,24,14,23,7035001
12338843,24,14,23,7035293
12343323,24,10,23,86887
12345083,24,14,23,7038851
12347483,24,14,23,7040219
12349531,24,13,23,2347129
12352155,24,14,23,7042883
12361467,24,14,23,7048193
12361819,24,14,23,7048393
12368283,24,13,23,2350693
12372763,24,14,23,7054633
12373019,24,13,23,2351593
12374555,24,13,23,2351885
12375579,24,14,23,7056239
12380571,24,14,23,7059085
12386587,24,14,23,7062515
12390427,24,14,23,7064705
12391515,24,14,23,7065325
12394331,24,14,23,7066931
12400891,24,14,23,7070671
12401915,24,12,23,785695
12402683,24,13,23,2357231
12410523,24,13,23,2358721
12411291,24,12,23,786289
12412059,24,13,23,2359013
12414747,24,14,23,7078571
12416027,24,12,23,786589
12417307,24,14,23,7080031
12417787,24,14,23,7080305
12426651,24,14,23,7085359
12430107,24,12,23,787481
12430875,24,13,23,2362589
12435547,24,13,23,2363477
12436059,24,14,23,7090723
12437339,24,14,23,7091453
12444187,24,8,23,9733
12445691,24,13,23,2365405
12448859,24,12,23,788669
12452507,24,14,23,7100101
12453531,24,12,23,788965
12453723,24,14,23,7100795
12454299,24,13,23,2367041
12458235,24,12,23,789263
12460315,24,14,23,7104553
12460827,24,14,23,7104845
12468379,24,13,23,2369717
12469403,24,14,23,7109735
12472315,24,8,23,9755
12473371,24,14,23,7111997
12473627,24,14,23,7112143
12475419,24,13,23,2371055
12476155,24,13,23,2371195
12478555,24,13,23,2371651
12479067,24,14,23,7115245
12481179,24,14,23,7116449
12487451,24,14,23,7120025
12487931,24,13,23,2373433
12487963,24,13,23,2373439
12488955,24,14,23,7120883
12492891,24,14,23,7123127
12495963,24,14,23,7124879
12502043,24,13,23,2376115
12504315,24,13,23,2376547
12509851,24,12,23,792533
12511067,24,14,23,7133491
12511643,24,14,23,7133819
12518171,24,14,23,7137541
12518427,24,13,23,2379229
12519419,24,14,23,7138253
12530971,24,12,23,793871
12540571,24,14,23,7150313
12545051,24,10,23,88307
12552283,24,14,23,7156991
12559643,24,14,23,7161187
12561179,24,14,23,7162063
12561659,24,14,23,7162337
12567387,24,14,23,7165603
12569243,24,13,23,2388887
12574491,24,14,23,7169653
12575483,24,12,23,796691
12575515,24,12,23,796693
12576763,24,14,23,7170949
12579419,24,13,23,2390821
12579931,24,14,23,7172755
12582555,24,10,23,88571
12589307,24,14,23,7178101
12591387,24,14,23,7179287
12594267,24,12,23,797881
12595035,24,13,23,2393789
12595803,24,13,23,2393935
12603675,24,11,23,266159
12605435,24,14,23,7187297
12606203,24,14,23,7187735
12607579,24,13,23,2396173
12610139,24,14,23,7189979
12612251,24,13,23,2397061
12617499,24,14,23,7194175
12619003,24,14,23,7195033
12619035,24,14,23,7195051
12625499,24,13,23,2399579
12626331,24,13,23,2399737
12633115,24,14,23,7203079
12636699,24,14,23,7205123
12640923,24,14,23,7207531
12647675,24,14,23,7211381
12647707,24,14,23,7211399
12648187,24,10,23,89033
12648475,24,14,23,7211837
12655259,24,12,23,801745
12657051,24,14,23,7216727
12662043,24,14,23,7219573
12663547,24,14,23,7220431
12663803,24,13,23,2406859
12664059,24,14,23,7220723
12664827,24,14,23,7221161
12669595,24,14,23,7223879
12673435,24,14,23,7226069
12674203,24,14,23,7226507
12675835,24,14,23,7227437
12676379,24,12,23,803083
12677147,24,13,23,2409395
12678171,24,14,23,7228769
12680187,24,13,23,2409973
12689659,24,13,23,2411773
12690715,24,14,23,7235921
12692251,24,14,23,7236797
12697691,24,14,23,7239899
12698267,24,13,23,2413409
12705307,24,13,23,2414747
12706043,24,13,23,2414887
12706555,24,14,23,7244953
12707067,24,14,23,7245245
12710491,24,14,23,7247197
12711003,24,14,23,7247489
12712603,24,14,23,7248401
12715675,24,14,23,7250153
12716443,24,14,23,7250591
12719131,24,14,23,7252123
12720379,24,14,23,7252835
12721179,24,14,23,7253291
12725339,24,14,23,7255663
12726939,24,14,23,7256575
12736507,24,13,23,2420677
12737563,24,14,23,7262633
12748059,24,14,23,7268617
12748795,24,14,23,7269037
12751387,24,12,23,807835
12757659,24,13,23,2424697
12763163,24,11,23,269527
12767835,24,12,23,808877
12770971,24,13,23,2427227
12771995,24,14,23,7282265
12777243,24,12,23,809473
12778747,24,13,23,2428705
12778779,24,13,23,2428711
12779035,24,14,23,7286279
12779515,24,12,23,809617
12780283,24,13,23,2428997
12781659,24,14,23,7287775
12786843,24,14,23,7290731
12788123,24,13,23,2430487
12793115,24,14,23,7294307
12794875,24,14,23,7295311
12794907,24,14,23,7295329
12795995,24,12,23,810661
12805403,24,11,23,270419
12807707,24,12,23,811403
12808475,24,13,23,2434355
12813915,24,13,23,2435389
12814747,24,12,23,811849
12815515,24,13,23,2435693
12820731,24,14,23,7310053
12821275,24,14,23,7310363
12821755,24,12,23,812293
12822523,24,13,23,2437025
12829851,24,14,23,7315253
12831387,24,14,23,7316129
12834587,24,14,23,7317953
12836603,24,13,23,2439701
12837147,24,14,23,7319413
12837627,24,14,23,7319687
12837659,24,14,23,7319705
12845211,24,12,23,813779
12849403,24,14,23,7326401
12849947,24,12,23,814079
12850203,24,14,23,7326857
12851227,24,14,23,7327441
12856411,24,14,23,7330397
12857179,24,14,23,7330835
12878075,24,12,23,815861
12878875,24,13,23,2447735
12879867,24,14,23,7343771
12887643,24,14,23,7348205
12888731,24,14,23,7348825
12892955,24,13,23,2450411
12898907,24,14,23,7354627
12899419,24,14,23,7354919
12901531,24,11,23,272449
12908795,24,14,23,7360265
12910107,24,13,23,2453671
12912731,24,14,23,7362509
12914523,24,14,23,7363531
12917403,24,14,23,7365173
12922139,24,14,23,7367873
12927067,24,14,23,7370683
12928091,24,13,23,2457089
12936219,24,14,23,7375901
12937467,24,13,23,2458871
12938011,24,14,23,7376923
12938523,24,14,23,7377215
12938779,24,14,23,7377361
12939291,24,14,23,7377653
12944987,24,14,23,7380901
12945819,24,14,23,7381375
12950779,24,10,23,91163
12951579,24,13,23,2461553
12952347,24,13,23,2461699
12956251,24,13,23,2462441
12958363,24,14,23,7388527
12960155,24,10,23,91229
12960411,24,14,23,7389695
12964891,24,11,23,273787
12971867,24,12,23,821803
12972699,24,13,23,2465567
12976283,24,14,23,7398745
12980475,24,13,23,2467045
12981019,24,14,23,7401445
12981531,24,14,23,7401737
12993819,24,13,23,2469581
12994555,24,13,23,2469721
12996891,24,13,23,2470165
12997147,24,14,23,7410641
13009147,24,14,23,7417483
13009179,24,14,23,7417501
13009691,24,14,23,7417793
13013531,24,14,23,7419983
13014107,24,12,23,824479
13023003,24,14,23,7425383
13023483,24,12,23,825073
13023515,24,10,23,91675
13025275,24,14,23,7426679
13029979,24,14,23,7429361
13037339,24,14,23,7433557
13037819,24,14,23,7433831
13039387,24,14,23,7434725
13041659,24,14,23,7436021
13042267,24,10,23,91807
13042427,24,14,23,7436459
13045403,24,13,23,2479385
13052955,24,14,23,7442461
13053211,24,13,23,2480869
13053979,24,12,23,827005
13054747,24,13,23,2481161
13056091,24,14,23,7444249
13058139,24,14,23,7445417
13061275,24,14,23,7447205
13066491,24,13,23,2483393
13069851,24,14,23,7452095
13070619,24,14,23,7452533
13071451,24,14,23,7453007
13075291,24,14,23,7455197
13076891,24,14,23,7456109
13077659,24,14,23,7456547
13080347,24,14,23,7458079
13080827,24,14,23,7458353
13083899,24,14,23,7460105
13084667,24,14,23,7460543
13089435,24,14,23,7463261
13095163,24,14,23,7466527
13096219,24,12,23,829681
13101147,24,14,23,7469939
13107355,24,14,23,7473479
13110043,24,14,23,7475011
13110299,24,12,23,830573
13111067,24,13,23,2491865
13112091,24,14,23,7476179
13116507,24,13,23,2492899
13119131,24,14,23,7480193
13125883,24,13,23,2494681
13128219,24,13,23,2495125
13132443,24,14,23,7487783
13135003,24,14,23,7489243
13139195,24,13,23,2497211
13139995,24,13,23,2497363
13140219,24,14,23,7492217
13141019,24,14,23,7492673
13143131,24,9,23,30839
13147803,24,12,23,832949
13148571,24,13,23,2498993
13153563,24,14,23,7499825
13154075,24,13,23,2500039
13155067,24,14,23,7500683
13155099,24,14,23,7500701
13155611,24,13,23,2500331
13156347,24,13,23,2500471
13156379,24,13,23,2500477
13159515,24,11,23,277897
13168411,24,14,23,7508291
13175387,24,14,23,7512269
13175963,24,12,23,834733
13182235,24,13,23,2505391
13182971,24,12,23,835177
13183739,24,13,23,2505677
13187163,24,14,23,7518983
13189979,24,12,23,835621
13190235,24,14,23,7520735
13197083,24,12,23,836071
13198075,24,14,23,7525205
13198619,24,13,23,2508505
13199611,24,14,23,7526081
13204123,24,11,23,278839
13213435,24,12,23,837107
13213723,24,14,23,7534127
13217627,24,14,23,7536353
13218395,24,14,23,7536791
13225243,24,10,23,93095
13227547,24,12,23,838001
13234011,24,14,23,7545695
13241371,24,14,23,7549891
13246299,24,12,23,839189
13247579,24,14,23,7553431
13250203,24,13,23,2518309
13254427,24,14,23,7557335
13256955,24,14,23,7558777
13258267,24,14,23,7559525
13269755,24,11,23,280225
13271067,24,14,23,7566823
13276251,24,14,23,7569779
13278363,24,13,23,2523661
13278875,24,14,23,7571275
13285627,24,14,23,7575125
13294747,24,13,23,2526775
13295003,24,14,23,7580471
13295771,24,14,23,7580909
13299739,24,14,23,7583171
13300251,24,10,23,93623
13305691,24,13,23,2528855
13306459,24,13,23,2529001
13306523,24,13,23,2529013
13307035,24,14,23,7587331
13312795,24,13,23,2530205
13313307,24,14,23,7590907
13314043,24,14,23,7591327
13315611,24,14,23,7592221
13316123,24,14,23,7592513
13316891,24,14,23,7592951
13317211,24,14,23,7593133
13320859,24,14,23,7595213
13321371,24,11,23,281315
13326587,24,14,23,7598479
13327899,24,14,23,7599227
13328379,24,10,23,93821
13328635,24,14,23,7599647
13328667,24,14,23,7599665
13340923,24,13,23,2535551
13341723,24,13,23,2535703
13344507,24,14,23,7608697
13347931,24,13,23,2536883
13348699,24,13,23,2537029
13353115,24,14,23,7613605
13357339,24,13,23,2538671
13358107,24,13,23,2538817
13358363,24,14,23,7616597
13358619,24,14,23,7616743
13359131,24,14,23,7617035
13362779,24,13,23,2539705
13372443,24,14,23,7624625
13373211,24,14,23,7625063
13377371,24,14,23,7627435
13390427,24,14,23,7634879
13399323,24,14,23,7639951
13401371,24,14,23,7641119
13406043,24,14,23,7643783
13406875,24,14,23,7644257
13409435,24,14,23,7645717
13409947,24,14,23,7646009
13413627,24,13,23,2549369
13414171,24,14,23,7648417
13417755,24,14,23,7650461
13426075,24,13,23,2551735
13429499,24,14,23,7657157
13429531,24,14,23,7657175
13430811,24,13,23,2552635
13432347,24,13,23,2552927
13432923,24,14,23,7659109
13437595,24,14,23,7661773
13438107,24,14,23,7662065
13442843,24,14,23,7664765
13443355,24,11,23,283891
13445115,24,14,23,7666061
13445883,24,14,23,7666499
13448283,24,14,23,7667867
13451099,24,13,23,2556491
13451931,24,13,23,2556649
13452123,24,14,23,7670057
13457179,24,14,23,7672939
13457659,24,14,23,7673213
13459227,24,14,23,7674107
13472539,24,14,23,7681697
13472795,24,14,23,7681843
13473819,24,12,23,853603
13475099,24,14,23,7683157
13475579,24,14,23,7683431
13487355,24,14,23,7690145
13488667,24,13,23,2563631
13489691,24,14,23,7691477
13490267,24,12,23,854645
13493851,24,14,23,7693849
13494107,24,13,23,2564665
13500187,24,14,23,7697461
13500667,24,14,23,7697735
13501211,24,13,23,2566015
13501467,24,14,23,7698191
13503227,24,14,23,7699195
13508443,24,14,23,7702169
13516027,24,12,23,856277
13516795,24,13,23,2568977
13525403,24,12,23,856871
13526171,24,13,23,2570759
13530139,24,12,23,857171
13530395,24,14,23,7714685
13531419,24,14,23,7715269
13544187,24,12,23,858061
13544219,24,11,23,286021
13549659,24,13,23,2575223
13550171,24,14,23,7725961
13552731,24,13,23,2575807
13559067,24,13,23,2577011
13560859,24,14,23,7732055
13562971,24,11,23,286417
13566619,24,14,23,7735339
13567643,24,12,23,859547
13567835,24,14,23,7736033
13568411,24,13,23,2578787
13572347,24,11,23,286615
13573915,24,13,23,2579833
13578843,24,14,23,7742309
13580955,24,13,23,2581171
13589531,24,13,23,2582801
13594715,24,14,23,7751359
13597339,24,13,23,2584285
13598363,24,14,23,7753439
13602843,24,10,23,95753
13607003,24,14,23,7758365
13610075,24,14,23,7760117
13613467,24,14,23,7762051
13616411,24,14,23,7763729
13618427,24,13,23,2588293
13619483,24,14,23,7765481
13621339,24,14,23,7766539
13623963,24,11,23,287705
13625179,24,14,23,7768729
13625755,24,14,23,7769057
13631771,24,13,23,2590829
13632283,24,14,23,7772779
13632539,24,13,23,2590975
13645083,24,11,23,288151
13646587,24,13,23,2593645
13647099,24,14,23,7781227
13652059,24,12,23,864895
13655707,24,14,23,7786135
13656475,24,14,23,7786573
13661211,24,14,23,7789273
13662971,24,13,23,2596759
13663227,24,14,23,7790423
13663995,24,14,23,7790861
13665371,24,13,23,2597215
13667995,24,14,23,7793141
13670811,24,12,23,866083
13674747,24,13,23,2598997
13675259,24,14,23,7797283
13675547,24,12,23,866383
13689083,24,14,23,7805165
13689595,24,11,23,289091
13689627,24,12,23,867275
13689883,24,14,23,7805621
13694491,24,14,23,7808249
13698715,24,14,23,7810657
13709147,24,13,23,2605535
13709915,24,13,23,2605681
13712027,24,14,23,7818247
13713243,24,14,23,7818941
13714587,24,13,23,2606569
13718555,24,13,23,2607323
13721339,24,14,23,7823557
13724251,24,14,23,7825217
13732635,24,13,23,2609999
13732891,24,14,23,7830143
13733147,24,14,23,7830289
13734171,24,12,23,870097
13735963,24,14,23,7831895
13738075,24,13,23,2611033
13746971,24,14,23,7838171
13747227,24,14,23,7838317
13752411,24,14,23,7841273
13756827,24,13,23,2614597
13769371,24,12,23,872327
13772443,24,13,23,2617565
13775099,24,14,23,7854209
13777659,24,14,23,7855669
13777947,24,13,23,2618611
13778171,24,14,23,7855961
13787547,24,14,23,7861307
13788315,24,14,23,7861745
13790491,24,12,23,873665
13791259,24,13,23,2621141
13792283,24,14,23,7864007
13794299,24,13,23,2621719
13796443,24,14,23,7866379
13805819,24,14,23,7871725
13806331,24,14,23,7872017
13807131,24,14,23,7872473
13811803,24,14,23,7875137
13812379,24,13,23,2625155
13818651,24,12,23,875449
13820155,24,13,23,2626633
13820187,24,13,23,2626639
13820699,24,14,23,7880209
13821211,24,14,23,7880501
13824603,24,14,23,7882435
13829787,24,14,23,7885391
13830555,24,14,23,7885829
13835803,24,13,23,2629607
13836571,24,13,23,2629753
13839451,24,14,23,7890901
13844635,24,14,23,7893857
13848347,24,13,23,2631991
13850139,24,14,23,7896995
13851675,24,14,23,7897871
13855323,24,13,23,2633317
13857435,24,14,23,7901155
13865499,24,12,23,878417
13867099,24,13,23,2635555
13868891,24,14,23,7907687
13877019,24,14,23,7912321
13881947,24,11,23,293153
13891355,24,12,23,880055
13893627,24,12,23,880199
13893915,24,14,23,7921955
13894395,24,13,23,2640743
13897563,24,13,23,2641345
13900443,24,14,23,7925677
13909019,24,14,23,7930567
13914203,24,14,23,7933523
13920027,24,14,23,7936843
13921051,24,13,23,2645809
13921563,24,14,23,7937719
13921819,24,11,23,293995
13929627,24,13,23,2647439
13932955,24,14,23,7944215
13934843,24,14,23,7945291
13935867,24,12,23,882875
13936635,24,13,23,2648771
13937435,24,13,23,2648923
13937691,24,14,23,7946915
13939803,24,13,23,2649373
13949179,24,13,23,2651155
13949723,24,14,23,7953775
13951259,24,14,23,7954651
13951771,24,14,23,7954943
13956187,24,13,23,2652487
13957787,24,13,23,2652791
13959323,24,11,23,294787
13964059,24,11,23,294887
13965563,24,13,23,2654269
13966587,24,14,23,7963391
13970523,24,14,23,7965635
13975963,24,14,23,7968737
13978651,24,14,23,7970269
13979419,24,14,23,7970707
13979931,24,14,23,7970999
13980699,24,14,23,7971437
13981691,24,14,23,7972003
13992187,24,11,23,295481
13992987,24,13,23,2659481
13993979,24,14,23,7979009
13994779,24,14,23,7979465
13996315,24,14,23,7980341
13996571,24,14,23,7980487
13998171,24,14,23,7981399
14007067,24,13,23,2662157
14017179,24,13,23,2664079
14021915,24,13,23,2664979
14022427,24,14,23,7995229
14023931,24,14,23,7996087
14024699,24,14,23,7996525
14026843,24,14,23,7997747
14028635,24,14,23,7998769
14031515,24,14,23,8000411
14033307,24,14,23,8001433
14034587,24,14,23,8002163
14036219,24,14,23,8003093
14036763,24,12,23,889267
14038299,24,13,23,2668093
14039035,24,12,23,889411
14039323,24,14,23,8004863
14041179,24,14,23,8005921
14042971,24,13,23,2668981
14043803,24,10,23,98857
14051099,24,14,23,8011577
14052123,24,14,23,8012161
14052635,24,14,23,8012453
14058075,24,14,23,8015555
14059931,24,14,23,8016613
14065691,24,13,23,2673299
14066939,24,14,23,8020609
14070363,24,13,23,2674187
14070875,24,14,23,8022853
14075035,24,13,23,2675075
14079771,24,13,23,2675975
14080251,24,14,23,8028199
14080795,24,14,23,8028509
14081563,24,14,23,8028947
14082811,24,13,23,2676553
14085979,24,12,23,892385
14097947,24,14,23,8038289
14100059,24,10,23,99253
14109723,24,14,23,8045003
14111003,24,13,23,2681911
14112859,24,14,23,8046791
14118043,24,13,23,2683249
14125051,24,13,23,2684581
14127643,24,14,23,8055221
14128219,24,12,23,895061
14137595,24,12,23,895655
14139419,24,14,23,8061935
14140667,24,13,23,2687549
14143323,24,14,23,8064161
14144667,24,8,23,11063
14147227,24,14,23,8066387
14152731,24,14,23,8069525
14152987,24,14,23,8069671
14153499,24,14,23,8069963
14154011,24,12,23,896695
14155291,24,14,23,8070985
14155771,24,14,23,8071259
14156539,24,14,23,8071697
14157915,24,13,23,2690827
14168091,24,12,23,897587
14168859,24,13,23,2692907
14172251,24,14,23,8080655
14172763,24,12,23,897883
14174043,24,14,23,8081677
14175899,24,13,23,2694245
14180603,24,13,23,2695139
14181659,24,14,23,8086019
14190235,24,14,23,8090909
14191003,24,14,23,8091347
14191771,24,14,23,8091785
14196251,24,12,23,899371
14197531,24,14,23,8095069
14198011,24,14,23,8095343
14198779,24,14,23,8095781
14210331,24,12,23,900263
14212859,24,14,23,8103809
14217051,24,14,23,8106199
14219931,24,14,23,8107841
14224411,24,11,23,300385
14225659,24,14,23,8111107
14232155,24,13,23,2704937
14241051,24,14,23,8119883
14249115,24,14,23,8124481
14259291,24,14,23,8130283
14261915,24,11,23,301177
14268667,24,14,23,8135629
14269723,24,13,23,2712077
14270491,24,13,23,2712223
14275163,24,13,23,2713111
14275227,24,13,23,2713123
14277787,24,14,23,8140829
14282523,24,14,23,8143529
14283035,24,10,23,100541
14297851,24,13,23,2717423
14298651,24,13,23,2717575
14298907,24,14,23,8152871
14299163,24,14,23,8153017
14301179,24,14,23,8154167
14304091,24,12,23,906203
14311195,24,12,23,906653
14312731,24,13,23,2720251
14315035,24,13,23,2720689
14316059,24,14,23,8162651
14316635,24,13,23,2720993
14326011,24,13,23,2722775
14326811,24,13,23,2722927
14327323,24,14,23,8169073
14327547,24,11,23,302563
14329947,24,12,23,907841
14336155,24,13,23,2724703
14337179,24,14,23,8174693
14341147,24,14,23,8176955
14341403,24,14,23,8177101
14341659,24,11,23,302861
14341915,24,14,23,8177393
14344187,24,14,23,8178689
14348123,24,14,23,8180933
14348955,24,14,23,8181407
14352539,24,13,23,2727817
14355739,24,12,23,909475
14357275,24,13,23,2728717
14360411,24,11,23,303257
14360667,24,14,23,8188085
14369563,24,14,23,8193157
14370075,24,14,23,8193449
14373403,24,14,23,8195347
14377627,24,13,23,2732585
14379419,24,14,23,8198777
14385403,24,13,23,2734063
14390363,24,14,23,8205017
14391963,24,14,23,8205929
14398747,24,13,23,2736599
14399739,24,14,23,8210363
14401531,24,14,23,8211385
14402651,24,10,23,101383
14402811,24,14,23,8212115
14408859,24,13,23,2738521
14412027,24,10,23,101449
14413083,24,14,23,8217971
14413595,24,13,23,2739421
14416155,24,14,23,8219723
14421147,24,14,23,8222569
14421659,24,14,23,8222861
14427163,24,14,23,8225999
14427419,24,14,23,8226145
14428155,24,14,23,8226565
14429723,24,14,23,8227459
14430235,24,14,23,8227751
14431003,24,14,23,8228189
14434907,24,14,23,8230415
14435163,24,14,23,8230561
14438043,24,14,23,8232203
14441243,24,14,23,8234027
14442267,24,14,23,8234611
14443259,24,13,23,2745059
14451867,24,12,23,915565
14457883,24,14,23,8243515
14458139,24,13,23,2747887
14458395,24,14,23,8243807
14461019,24,14,23,8245303
14467227,24,14,23,8248843
14471451,24,13,23,2750417
14472219,24,13,23,2750563
14472475,24,14,23,8251835
14477915,24,14,23,8254937
14486267,24,13,23,2753233
14494299,24,14,23,8264279
14494875,24,13,23,2754869
14495387,24,14,23,8264899
14499611,24,13,23,2755769
14508891,24,13,23,2757533
14512891,24,8,23,11351
14513947,24,14,23,8275481
14515451,24,14,23,8276339
14524827,24,14,23,8281685
14531867,24,14,23,8285699
14534747,24,13,23,2762447
14535771,24,14,23,8287925
14536347,24,12,23,920917
14542619,24,13,23,2763943
14544123,24,13,23,2764229
14546459,24,13,23,2764673
14551643,24,14,23,8296975
14551707,24,14,23,8297011
14552219,24,14,23,8297303
14558459,24,14,23,8300861
14559227,24,14,23,8301299
14559995,24,14,23,8301737
14565211,24,13,23,2768237
14566235,24,14,23,8305295
14573339,24,14,23,8309345
14577755,24,13,23,2770621
14578779,24,14,23,8312447
14580379,24,14,23,8313359
14585627,24,10,23,102671
14586907,24,14,23,8317081
14587931,24,12,23,924185
14588155,24,14,23,8317793
14589211,24,14,23,8318395
14592091,24,14,23,8320037
14593883,24,14,23,8321059
14596507,24,13,23,2774185
14601243,24,13,23,2775085
14607963,24,14,23,8329087
14617339,24,14,23,8334433
14617627,24,13,23,2778199
14617883,24,14,23,8334743
14618651,24,14,23,8335181
14629659,24,14,23,8341457
14630139,24,11,23,308953
14635611,24,13,23,2781617
14638747,24,13,23,2782213
14639515,24,11,23,309151
14639771,24,14,23,8347223
14643451,24,13,23,2783107
14644251,24,11,23,309251
14646011,24,14,23,8350781
14655131,24,13,23,2785327
14658843,24,14,23,8358097
14660891,24,14,23,8359265
14666843,24,13,23,2787553
14666907,24,13,23,2787565
14667419,24,14,23,8362987
14671259,24,14,23,8365177
14673179,24,13,23,2788757
14673691,24,14,23,8366563
14675995,24,14,23,8367877
14681755,24,11,23,310043
14688283,24,14,23,8374883
14689051,24,14,23,8375321
14697115,24,14,23,8379919
14697627,24,14,23,8380211
14704379,24,13,23,2794687
14705403,24,14,23,8384645
14706779,24,13,23,2795143
14708827,24,14,23,8386597
14711451,24,13,23,2796031
14714011,24,14,23,8389553
14717179,24,14,23,8391359
14717723,24,13,23,2797223
14719003,24,14,23,8392399
14720763,24,13,23,2797801
14727579,24,14,23,8397289
14728603,24,12,23,933097
14732315,24,14,23,8399989
14734875,24,13,23,2800483
14735451,24,14,23,8401777
14745851,24,13,23,2802569
14745883,24,13,23,2802575
14747643,24,14,23,8408729
14750811,24,14,23,8410535
14753627,24,13,23,2804047
14754459,24,12,23,934735
14757019,24,14,23,8414075
14759707,24,14,23,8415607
14760187,24,14,23,8415881
14761755,24,14,23,8416775
14765915,24,14,23,8419147
14766171,24,12,23,935477
14769819,24,14,23,8421373
14771035,24,14,23,8422067
14777083,24,13,23,2808505
14780251,24,10,23,104041
14780507,24,14,23,8427467
14784923,24,12,23,936665
14789371,24,14,23,8432521
14789659,24,12,23,936965
14789883,24,14,23,8432813
14789915,24,14,23,8432831
14792731,24,13,23,2811479
14796891,24,14,23,8436809
14798491,24,14,23,8437721
14803739,24,11,23,312619
14806267,24,14,23,8442155
14808603,24,14,23,8443487
14819611,24,14,23,8449763
14820091,24,12,23,938893
14824859,24,7,23,3865
14826139,24,14,23,8453485
14827355,24,14,23,8454179
14828699,24,13,23,2818315
14832667,24,13,23,2819069
14832923,24,14,23,8457353
14835451,24,14,23,8458795
14837851,24,14,23,8460163
14840475,24,13,23,2820553
14846747,24,13,23,2821745
14848283,24,12,23,940679
14850075,24,14,23,8467133
14855323,24,12,23,941125
14863099,24,13,23,2824853
14863611,24,14,23,8474851
14864923,24,14,23,8475599
14866523,24,14,23,8476511
14877723,24,14,23,8482897
14883483,24,11,23,314303
14886555,24,13,23,2829311
14890779,24,14,23,8490341
14893051,24,14,23,8491637
14897243,24,14,23,8494027
14897755,24,14,23,8494319
14904571,24,12,23,944245
14904603,24,11,23,314749
14910555,24,14,23,8501617
14915995,24,14,23,8504719
14919931,24,14,23,8506963
14920443,24,14,23,8507255
14920475,24,14,23,8507273
14920731,24,14,23,8507419
14926683,24,14,23,8510813
14933787,24,14,23,8514863
14939227,24,14,23,8517965
14948123,24,14,23,8523037
14948603,24,14,23,8523311
14949915,24,13,23,2841353
14950683,24,13,23,2841499
14952539,24,14,23,8525555
14954587,24,13,23,2842241
14955099,24,14,23,8527015
14964731,24,13,23,2844169
14971547,24,14,23,8536393
14973339,24,13,23,2845805
14976795,24,14,23,8539385
14978075,24,13,23,2846705
14979355,24,14,23,8540845
14979611,24,11,23,316333
14979867,24,14,23,8541137
14986395,24,14,23,8544859
14990747,24,14,23,8547341
14992155,24,13,23,2849381
15000219,24,14,23,8552741
15000731,24,10,23,105593
15005467,24,11,23,316879
15006971,24,13,23,2852197
15007003,24,13,23,2852203
15007739,24,11,23,316927
15007995,24,14,23,8557175
15012443,24,12,23,951079
15016347,24,13,23,2853979
15016603,24,14,23,8562083
15021339,24,14,23,8564783
15023355,24,13,23,2855311
15028315,24,14,23,8568761
15032731,24,13,23,2857093
15035131,24,13,23,2857549
15035643,24,14,23,8572939
15037467,24,13,23,2857993
15039483,24,14,23,8575129
15047067,24,14,23,8579453
15049979,24,11,23,317819
15051547,24,13,23,2860669
15051803,24,14,23,8582153
15054875,24,14,23,8583905
15059611,24,14,23,8586605
15063835,24,14,23,8589013
15064091,24,10,23,106039
15065339,24,14,23,8589871
15065851,24,14,23,8590163
15070299,24,13,23,2864233
15071899,24,13,23,2864537
15074971,24,13,23,2865121
15079675,24,13,23,2866015
15082235,24,14,23,8599505
15084635,24,14,23,8600873
15085403,24,14,23,8601311
15086235,24,14,23,8601785
15093531,24,14,23,8605945
15094555,24,12,23,956281
15095323,24,13,23,2868989
15095803,24,14,23,8607241
15096827,24,12,23,956425
15107355,24,14,23,8613827
15110427,24,14,23,8615579
15112283,24,14,23,8616637
15114075,24,13,23,2872553
15115867,24,14,23,8618681
15117467,24,14,23,8619593
15122683,24,12,23,958063
15125243,24,14,23,8624027
15131291,24,13,23,2875825
15137563,24,13,23,2877017
15138043,24,14,23,8631325
15138075,24,14,23,8631343
15138331,24,13,23,2877163
15147419,24,14,23,8636671
15148699,24,14,23,8637401
15150875,24,12,23,959849
15152411,24,13,23,2879839
15153147,24,12,23,959993
15164955,24,8,23,11861
15166715,24,14,23,8647673
15167515,24,14,23,8648129
15174299,24,12,23,961333
15179547,24,14,23,8654989
15180571,24,13,23,2885191
15184987,24,14,23,8658091
15188635,24,14,23,8660171
15189147,24,13,23,2886821
15193083,24,7,23,3961
15193883,24,13,23,2887721
15194363,24,14,23,8663437
15194907,24,14,23,8663747
15196187,24,13,23,2888159
15196923,24,13,23,2888299
15196955,24,13,23,2888305
15200091,24,11,23,320989
15208699,24,13,23,2890537
15210523,24,14,23,8672651
15212059,24,14,23,8673527
15215707,24,13,23,2891869
15216731,24,14,23,8676191
15223547,24,12,23,964453
15230555,24,12,23,964897
15235483,24,14,23,8686883
15240219,24,14,23,8689583
15242331,24,11,23,321881
15251707,24,11,23,322079
15254299,24,14,23,8697611
15254779,24,13,23,2899295
15258203,24,14,23,8699837
15267099,24,14,23,8704909
15268123,24,12,23,967277
15269403,24,14,23,8706223
15274587,24,14,23,8709179
15276699,24,13,23,2903461
15281435,24,13,23,2904361
15281947,24,14,23,8713375
15282203,24,11,23,322723
15284219,24,14,23,8714671
15286363,24,14,23,8715893
15286875,24,12,23,968465
15288155,24,14,23,8716915
15290011,24,13,23,2905991
15295515,24,13,23,2907037
15297819,24,13,23,2907475
15298075,24,14,23,8722571
15298843,24,14,23,8723009
15305115,24,14,23,8726585
15310619,24,14,23,8729723
15311643,24,14,23,8730307
15315035,24,12,23,970249
15324443,24,11,23,323615
15333787,24,12,23,971437
15335579,24,14,23,8743955
15339771,24,14,23,8746345
15340315,24,14,23,8746655
15341563,24,13,23,2915789
15346267,24,13,23,2916683
15354619,24,14,23,8754811
15356187,24,14,23,8755705
15356443,24,13,23,2918617
15356699,24,14,23,8755997
15357467,24,14,23,8756435
15358971,24,14,23,8757293
15367963,24,14,23,8762419
15368443,24,14,23,8762693
15368475,24,14,23,8762711
15368955,24,10,23,108185
15369243,24,14,23,8763149
15372827,24,13,23,2921731
15376219,24,14,23,8767127
15382299,24,13,23,2923531
15383323,24,14,23,8771177
15384571,24,13,23,2923963
15384827,24,14,23,8772035
15388507,24,13,23,2924711
15389275,24,13,23,2924857
15397915,24,13,23,2926499
15398683,24,13,23,2926645
15399195,24,14,23,8780227
15399707,24,14,23,8780519
15400955,24,13,23,2927077
15410971,24,14,23,8786941
15412251,24,14,23,8787671
15412507,24,14,23,8787817
15413019,24,14,23,8788109
15415291,24,14,23,8789405
15417435,24,13,23,2930209
15417947,24,14,23,8790919
15418203,24,11,23,325595
15418459,24,14,23,8791211
15425307,24,11,23,325745
15427835,24,14,23,8796557
15429147,24,13,23,2932435
15430747,24,13,23,2932739
15435419,24,13,23,2933627
15436187,24,13,23,2933773
15436443,24,14,23,8801465
15440123,24,13,23,2934521
15441435,24,14,23,8804311
15441947,24,14,23,8804603
15443195,24,13,23,2935105
15446107,24,14,23,8806975
15446619,24,14,23,8807267
15454459,24,14,23,8811737
15458331,24,14,23,8813945
15464859,24,14,23,8817667
15466651,24,13,23,2939563
15469339,24,14,23,8820221
15469851,24,12,23,980057
15471387,24,13,23,2940463
15472155,24,12,23,980203
15472923,24,13,23,2940755
15478427,24,13,23,2941801
15485691,24,14,23,8829545
15487515,24,14,23,8830585
15490907,24,12,23,981391
15491675,24,13,23,2944319
15491739,24,13,23,2944331
15492699,24,14,23,8833541
15498011,24,12,23,981841
15499515,24,13,23,2945809
15505051,24,8,23,12127
15512859,24,13,23,2948345
15513371,24,14,23,8845327
15515163,24,13,23,2948783
15515643,24,14,23,8846623
15515675,24,14,23,8846641
15516923,24,14,23,8847353
15530267,24,14,23,8854961
15533147,24,12,23,984067
15534683,24,13,23,2952493
15542043,24,14,23,8861675
15542523,24,12,23,984661
15549019,24,14,23,8865653
15552155,24,14,23,8867441
15556635,24,12,23,985555
15556859,24,14,23,8870123
15557371,24,13,23,2956805
15557915,24,14,23,8870725
15565979,24,12,23,986147
15571995,24,14,23,8878753
15572507,24,14,23,8879045
15575131,24,14,23,8880541
15576923,24,13,23,2960521
15577179,24,14,23,8881709
15589467,24,12,23,987635
15592539,24,13,23,2963489
15593307,24,13,23,2963635
15595931,24,14,23,8892401
15600667,24,14,23,8895101
15600923,24,14,23,8895247
15601435,24,14,23,8895539
15603707,24,14,23,8896835
15608219,24,12,23,988823
15608411,24,14,23,8899517
15608987,24,13,23,2966615
15609499,24,14,23,8900137
15613723,24,13,23,2967515
15623003,24,13,23,2969279
15629083,24,14,23,8911303
15635547,24,13,23,2971663
15637147,24,13,23,2971967
15638171,24,14,23,8916485
15643419,24,10,23,110117
15644923,24,13,23,2973445
15648859,24,13,23,2974193
15650651,24,14,23,8923601
15654043,24,14,23,8925535
15654299,24,13,23,2975227
15658235,24,13,23,2975975
15658267,24,13,23,2975981
15659035,24,13,23,2976127
15660059,24,14,23,8928965
15665755,24,14,23,8932213
15666331,24,14,23,8932541
15673339,24,14,23,8936537
15675419,24,13,23,2979241
15680155,24,13,23,2980141
15687195,24,13,23,2981479
15687707,24,14,23,8944729
15697051,24,14,23,8950057
15697563,24,14,23,8950349
15702011,24,12,23,994765
15702043,24,11,23,331589
15703803,24,14,23,8953907
15706203,24,14,23,8955275
15707995,24,14,23,8956297
15708827,24,14,23,8956771
15711387,24,12,23,995359
15716123,24,12,23,995659
15717403,24,14,23,8961661
15717659,24,13,23,2987269
15717915,24,14,23,8961953
15720539,24,14,23,8963449
15731739,24,13,23,2989945
15731995,24,14,23,8969981
15734299,24,14,23,8971295
15734875,24,12,23,996847
15735067,24,14,23,8971733
15736667,24,14,23,8972645
15739291,24,14,23,8974141
15744283,24,10,23,110827
15749723,24,13,23,2993363
15753051,24,14,23,8981987
15753819,24,14,23,8982425
15759131,24,13,23,2995151
15760155,24,14,23,8986037
15766171,24,13,23,2996489
15769243,24,13,23,2997073
15773467,24,14,23,8993627
15774747,24,12,23,999373
15777307,24,14,23,8995817
15781531,24,14,23,8998225
15785371,24,14,23,9000415
15787803,24,14,23,9001801
15790107,24,14,23,9003115
15792219,24,14,23,9004319
15794267,24,13,23,3001829
15795291,24,14,23,9006071
15796059,24,14,23,9006509
15797403,24,13,23,3002425
15802139,24,13,23,3003325
15803643,24,13,23,3003611
15804411,24,13,23,3003757
15804667,24,14,23,9011417
15811227,24,14,23,9015157
15811419,24,13,23,3005089
15812251,24,12,23,1001749
15813019,24,13,23,3005393
15816475,24,14,23,9018149
15818523,24,13,23,3006439
15818779,24,14,23,9019463
15828123,24,14,23,9024791
15831835,24,13,23,3008969
15833083,24,14,23,9027619
15834875,24,13,23,3009547
15838299,24,14,23,9030593
15842715,24,12,23,1003679
15846427,24,14,23,9035227
15846651,24,13,23,3011785
15847707,24,14,23,9035957
15848987,24,13,23,3012229
15851611,24,14,23,9038183
15854683,24,14,23,9039935
15855259,24,13,23,3013421
15859963,24,13,23,3014315
15860763,24,13,23,3014467
15863899,24,9,23,37223
15867739,24,13,23,3015793
15868571,24,12,23,1005317
15870363,24,14,23,9048875
15871131,24,14,23,9049313
15873275,24,8,23,12415
15875611,24,12,23,1005763
15876379,24,13,23,3017435
15880283,24,11,23,335353
15882651,24,9,23,37267
15885147,24,14,23,9057305
15890715,24,14,23,9060479
15899035,24,11,23,335749
15899291,24,14,23,9065369
15903771,24,11,23,335849
15906843,24,13,23,3023225
15909467,24,14,23,9071171
15910747,24,12,23,1007989
15911003,24,14,23,9072047
15912027,24,14,23,9072631
15912603,24,14,23,9072959
15920379,24,14,23,9077393
15920411,24,14,23,9077411
15925915,24,14,23,9080549
15932187,24,14,23,9084125
15933211,24,14,23,9084709
15934203,24,12,23,1009475
15938139,24,13,23,3029173
15951963,24,14,23,9095401
15956635,24,14,23,9098065
15962395,24,11,23,337087
15964155,24,14,23,9102353
15966299,24,13,23,3034525
15973531,24,14,23,9107699
15973787,24,14,23,9107845
15975707,24,13,23,3036313
15976443,24,12,23,1012151
15977211,24,13,23,3036599
15977243,24,13,23,3036605
15977723,24,14,23,9110089
15978267,24,14,23,9110399
15980635,24,14,23,9111749
15985051,24,13,23,3038089
15991835,24,14,23,9118135
15995995,24,13,23,3040169
15997019,24,14,23,9121091
15999643,24,14,23,9122587
16005371,24,13,23,3041951
16006395,24,14,23,9126437
16006683,24,14,23,9126601
16013979,24,12,23,1014529
16015771,24,14,23,9131783
16016539,24,14,23,9132221
16019227,24,14,23,9133753
16020507,24,14,23,9134483
16021019,24,10,23,112775
16021275,24,14,23,9134921
16022267,24,14,23,9135487
16022523,24,13,23,3045211
16027291,24,13,23,3046117
16031131,24,13,23,3046847
16034555,24,14,23,9142493
16036891,24,14,23,9143825
16037979,24,14,23,9144445
16039771,24,10,23,112907
16040027,24,14,23,9145613
16048379,24,13,23,3050125
16049435,24,14,23,9150977
16056411,24,14,23,9154955
16058011,24,14,23,9155867
16058779,24,14,23,9156305
16065275,24,14,23,9160009
16065787,24,14,23,9160301
16068699,24,13,23,3053987
16069211,24,14,23,9162253
16073883,24,14,23,9164917
16074395,24,14,23,9165209
16075163,24,14,23,9165647
16077051,24,14,23,9166723
16078107,24,13,23,3055775
16079611,24,12,23,1018687
16079899,24,14,23,9168347
16083547,24,13,23,3056809
16087451,24,13,23,3057551
16092187,24,13,23,3058451
16092443,24,14,23,9175499
16095259,24,13,23,3059035
16097371,24,14,23,9178309
16100507,24,14,23,9180097
16104859,24,14,23,9182579
16106267,24,13,23,3061127
16106523,24,14,23,9183527
16107515,24,14,23,9184093
16111707,24,13,23,3062161
16116123,24,14,23,9189001
16117403,24,14,23,9189731
16122139,24,14,23,9192431
16126555,24,12,23,1021661
16130715,24,14,23,9197321
16134395,24,13,23,3066473
16137467,24,13,23,3067057
16137755,24,14,23,9201335
16138523,24,14,23,9201773
16146843,24,13,23,3068839
16149755,24,14,23,9208177
16150299,24,14,23,9208487
16151579,24,13,23,3069739
16153595,24,14,23,9210367
16165627,24,13,23,3072409
16168987,24,14,23,9219143
16171867,24,13,23,3073595
16172891,24,14,23,9221369
16178971,24,13,23,3074945
16179451,24,14,23,9225109
16179995,24,14,23,9225419
16180475,24,12,23,1025077
16181243,24,13,23,3075377
16183899,24,14,23,9227645
16189083,24,13,23,3076867
16194587,24,12,23,1025971
16195867,24,14,23,9234469
16196347,24,14,23,9234743
16208667,24,12,23,1026863
16208923,24,14,23,9241913
16209435,24,13,23,3080735
16210939,24,12,23,1027007
16212059,24,14,23,9243701
16214619,24,14,23,9245161
16215707,24,12,23,1027309
16223003,24,14,23,9249941
16223483,24,13,23,3083405
16228187,24,13,23,3084299
16230811,24,14,23,9254393
16231579,24,14,23,9254831
16236315,24,14,23,9257531
16236795,24,12,23,1028645
16236827,24,12,23,1028647
16238587,24,14,23,9258827
16239355,24,14,23,9259265
16239387,24,14,23,9259283
16241499,24,8,23,12703
16250875,24,9,23,38131
16251675,24,13,23,3088763
16252187,24,14,23,9266581
16257627,24,14,23,9269683
16258139,24,14,23,9269975
16259739,24,14,23,9270887
16264987,24,11,23,343477
16267259,24,11,23,343525
16267515,24,14,23,9275321
16273499,24,13,23,3092911
16276123,24,14,23,9280229
16280827,24,14,23,9282911
16280859,24,14,23,9282929
16288411,24,12,23,1031915
16292251,24,13,23,3096475
16293275,24,14,23,9290009
16294139,24,14,23,9290501
16296731,24,14,23,9291979
16296987,24,13,23,3097375
16309019,24,14,23,9298985
16310299,24,13,23,3099905
16311067,24,13,23,3100051
16315483,24,14,23,9302671
16324859,24,14,23,9308017
16330843,24,14,23,9311429
16331419,24,13,23,3103919
16337691,24,12,23,1035037
16339227,24,13,23,3105403
16339739,24,14,23,9316501
16340251,24,14,23,9316793
16341755,24,14,23,9317651
16342011,24,14,23,9317797
16344667,24,12,23,1035479
16346779,24,14,23,9320515
16349595,24,14,23,9322121
16353275,24,13,23,3108073
16355611,24,13,23,3108517
16355867,24,14,23,9325697
16361115,24,10,23,115169
16367867,24,14,23,9332539
16367899,24,14,23,9332557
16372827,24,12,23,1037263
16376475,24,14,23,9337447
16381723,24,14,23,9340439
16382203,24,12,23,1037857
16382235,24,11,23,345953
16383995,24,14,23,9341735
16384763,24,14,23,9342173
16386139,24,13,23,3114319
16388699,24,14,23,9344417
16390811,24,13,23,3115207
16391579,24,12,23,1038451
16395515,24,13,23,3116101
16397595,24,14,23,9349489
16399355,24,13,23,3116831
16400987,24,11,23,346349
16411931,24,13,23,3119221
16414811,24,14,23,9359305
16419483,24,14,23,9361969
16419995,24,14,23,9362261
16426235,24,14,23,9365819
16427003,24,14,23,9366257
16434011,24,14,23,9370253
16440091,24,13,23,3124573
16441115,24,14,23,9374303
16442107,24,14,23,9374869
16442619,24,14,23,9375161
16443387,24,14,23,9375599
16448155,24,14,23,9378317
16454939,24,12,23,1042465
16455675,24,13,23,3127535
16455707,24,13,23,3127541
16456731,24,14,23,9383207
16468731,24,14,23,9390049
16468763,24,14,23,9390067
16470299,24,14,23,9390943
16470811,24,14,23,9391235
16473083,24,14,23,9392531
16475739,24,14,23,9394045
16477851,24,14,23,9395249
16484347,24,14,23,9398953
16485627,24,14,23,9399683
16486939,24,13,23,3133477
16493211,24,13,23,3134669
16498715,24,13,23,3135715
16498939,24,14,23,9407273
16498971,24,14,23,9407291
16502619,24,13,23,3136457
16512027,24,13,23,3138245
16512795,24,13,23,3138391
16513819,24,14,23,9415757
16515067,24,13,23,3138823
16517211,24,14,23,9417691
16522651,24,14,23,9420793
16525339,24,8,23,12925
16526619,24,14,23,9423055
16540955,24,13,23,3143743
16548507,24,14,23,9435535
16548699,24,12,23,1048405
16549467,24,13,23,3145361
16549531,24,13,23,3145373
16550555,24,14,23,9436703
16557307,24,13,23,3146851
16560219,24,14,23,9442213
16565403,24,14,23,9445169
16570139,24,14,23,9447869
16572443,24,14,23,9449183
16574555,24,12,23,1050043
16576347,24,14,23,9451409
16578971,24,14,23,9452905
16583931,24,12,23,1050637
16583963,24,11,23,350213
16586267,24,12,23,1050785
16587035,24,13,23,3152501
16593563,24,14,23,9461225
16599035,24,14,23,9464345
16599803,24,14,23,9464783
16599835,24,14,23,9464801
16605019,24,12,23,1051973
16605787,24,13,23,3156065
16606811,24,14,23,9468779
16618587,24,14,23,9475493
16627483,24,14,23,9480565
16627963,24,14,23,9480839
16629275,24,13,23,3160529
16629787,24,14,23,9481879
16634459,24,14,23,9484543
16634971,24,14,23,9484835
16637083,24,13,23,3162013
16641819,24,13,23,3162913
16644347,24,14,23,9490181
16647259,24,12,23,1054649
16653723,24,14,23,9495527
16656635,24,12,23,1055243
16657435,24,13,23,3165881
16658203,24,13,23,3166027
16658459,24,14,23,9498227
16659227,24,14,23,9498665
16660475,24,13,23,3166459
16661499,24,14,23,9499961
16672027,24,14,23,9505963
16674331,24,14,23,9507277
16680091,24,11,23,352243
16686619,24,14,23,9514283
16691291,24,14,23,9516947
16699643,24,13,23,3173903
16700443,24,13,23,3174055
16700699,24,14,23,9522311
16706651,24,13,23,3175235
16707419,24,13,23,3175381
16710043,24,14,23,9527639
16711835,24,14,23,9528661
16715003,24,14,23,9530467
16716571,24,14,23,9531361
16717083,24,14,23,9531653
16717339,24,14,23,9531799
16717819,24,14,23,9532073
16717851,24,14,23,9532091
16728859,24,14,23,9538367
16729115,24,14,23,9538513
16729339,24,10,23,117761
16731675,24,12,23,1059997
16736091,24,14,23,9542491
16743195,24,14,23,9546541
16744699,24,14,23,9547399
16749659,24,13,23,3183409
16751259,24,13,23,3183713
16755355,24,14,23,9553475
16759035,24,13,23,3185191
16759803,24,12,23,1061779
16760091,24,14,23,9556175
16768155,24,14,23,9560773
16769179,24,12,23,1062373
16772379,24,13,23,3187727
16772891,24,14,23,9563473
16775451,24,13,23,3188311
