r,n,s,S,c
7,8,4,7,5
23,8,3,7,5
39,10,5,9,19
55,6,3,5,47
87,7,3,6,37
135,9,4,8,43
151,13,3,12,1
199,10,5,9,95
231,15,7,14,31
295,9,5,8,281
327,23,13,22,125
359,17,10,16,325
391,11,4,10,31
407,9,3,8,43
423,12,6,11,151
455,9,5,8,433
487,24,12,23,31
551,11,5,10,131
583,16,6,15,13
615,13,7,12,329
663,10,3,9,35
679,14,8,13,545
711,11,5,10,169
839,16,9,15,505
903,10,4,9,143
935,15,7,14,125
999,14,6,13,89
1095,16,9,15,659
1127,23,12,22,143
1175,11,3,10,31
1191,14,8,13,955
1255,21,12,20,637
1351,17,10,16,1219
1415,15,4,14,7
1447,11,6,10,1031
1511,21,12,20,767
1575,12,5,11,187
1607,11,6,10,1145
1703,14,7,13,455
1735,13,5,12,103
1767,22,13,21,1345
2023,11,6,10,1441
2119,17,9,16,637
2199,12,3,11,29
2279,17,9,16,685
2407,18,10,17,1085
2471,16,6,15,55
2631,12,6,11,937
2663,15,8,14,1067
2727,16,9,15,1639
2791,19,10,18,629
2887,17,10,16,2603
2983,16,9,15,1793
3047,12,6,11,1085
3143,13,7,12,1679
3239,20,10,19,365
3303,16,9,15,1985
3463,12,4,11,137
3559,13,7,12,1901
3623,13,5,12,215
3687,15,8,14,1477
3783,12,5,11,449
3815,17,10,16,3439
3911,13,7,12,2089
4007,19,9,18,301
4167,21,12,20,2113
4199,16,8,15,841
4247,15,3,14,7
4327,13,7,12,2311
4423,24,13,23,841
4455,14,8,13,3569
4679,13,6,12,833
4711,15,7,14,629
4775,21,10,20,269
4935,24,14,23,2815
5031,13,7,12,2687
5095,13,6,12,907
5191,14,8,13,4159
5223,24,12,23,331
5287,20,11,19,1787
5511,13,4,12,109
5607,16,8,15,1123
5799,13,7,12,3097
5831,14,5,13,173
5863,19,10,18,1321
5959,15,8,14,2387
6055,19,11,18,4093
6215,14,8,13,4979
6247,18,10,17,2815
6375,14,8,13,5107
6503,16,9,15,3907
6567,13,6,12,1169
6631,20,8,19,83
6759,16,9,15,4061
6983,15,8,14,2797
7015,18,10,17,3161
7079,14,8,13,5671
7239,14,7,13,1933
7271,22,12,21,1843
7399,14,8,13,5927
7495,16,8,15,1501
7655,16,7,15,511
7719,14,5,13,229
7783,18,9,17,1169
7847,15,8,14,3143
7911,14,8,13,6337
8007,15,7,14,1069
8039,21,12,20,4075
8103,14,8,13,6491
8263,17,10,16,7447
8423,14,7,13,2249
8519,20,11,19,2879
8551,18,10,17,3853
8775,14,6,13,781
8871,15,8,14,3553
9063,22,12,21,2297
9127,14,7,13,2437
9191,15,6,14,409
9319,18,10,17,4199
9383,16,8,15,1879
9447,21,12,20,4789
9543,20,10,19,1075
9607,14,4,13,95
9703,21,12,20,4919
9895,15,7,14,1321
9959,16,9,15,5983
10055,16,9,15,6041
10151,19,10,18,2287
10311,21,12,20,5227
10343,21,12,20,5243
10471,23,12,22,1327
10567,20,11,19,3571
10663,14,6,13,949
10727,17,10,16,9667
10855,14,8,13,8695
11431,17,10,16,10301
11879,14,8,13,9515
11943,16,9,15,7175
12007,19,10,18,2705
12199,19,11,18,8245
12391,14,8,13,9925
12439,14,3,13,41
12615,20,10,19,1421
12647,15,8,14,5065
12775,20,10,19,1439
12903,14,7,13,3445
12967,17,9,16,3895
13031,19,11,18,8807
13127,22,11,21,1109
13159,22,12,21,3335
13383,19,8,18,335
13479,20,11,19,4555
13639,20,11,19,4609
13671,17,10,16,12319
13799,14,8,13,11053
13927,18,10,17,6275
14023,19,5,18,13
14151,14,8,13,11335
14183,21,12,20,7189
14407,16,8,15,2885
14439,17,9,16,4337
14503,17,10,16,13069
14567,16,8,15,2917
14823,14,8,13,11873
15175,14,8,13,12155
15207,17,10,16,13703
15271,17,8,16,1529
15431,17,7,16,515
15591,17,8,16,1561
15687,14,8,13,12565
15847,14,7,13,4231
15911,17,5,16,59
16039,14,8,13,12847
16103,15,8,14,6449
16199,14,7,13,4325
16295,16,8,15,3263
16455,19,10,18,3707
16487,21,12,20,8357
16615,16,7,15,1109
16743,17,9,16,5029
16871,16,9,15,10135
16967,15,6,14,755
17127,17,10,16,15433
17223,22,10,21,485
17319,18,7,17,289
17479,17,10,16,15751
17511,17,10,16,15779
17639,19,11,18,11921
17735,17,9,16,5327
17767,16,9,15,10673
17799,18,4,17,11
18023,22,13,21,13703
18343,17,10,16,16529
18503,21,12,20,9379
18663,23,12,22,2365
18759,24,14,23,10697
18791,22,13,21,14287
18855,15,6,14,839
18919,20,10,19,2131
19047,17,8,16,1907
19111,17,10,16,17221
19271,24,11,23,407
19303,24,12,23,1223
19367,19,10,18,4363
19559,24,14,23,11153
19623,18,9,17,2947
19687,19,10,18,4435
19783,20,11,19,6685
20071,16,8,15,4019
20199,17,9,16,6067
20391,19,11,18,13781
20551,19,11,18,13889
20583,15,8,14,8243
20631,16,3,15,17
20647,23,13,22,7849
20807,17,10,16,18749
21095,23,7,22,11
21223,16,9,15,12749
21735,17,10,16,19585
21991,15,8,14,8807
22119,17,10,16,19931
22343,17,8,16,2237
22695,18,10,17,10225
22887,17,10,16,20623
23015,15,8,14,9217
23143,18,10,17,10427
23271,21,12,20,11795
23367,16,8,15,4679
23399,19,9,18,1757
23879,15,8,14,9563
23911,22,13,21,18179
24039,15,7,14,3209
24167,24,14,23,13781
24231,18,8,17,1213
24391,18,7,17,407
24423,19,11,18,16505
24647,17,9,16,7403
24679,16,9,15,14825
24935,23,13,22,9479
25255,16,8,15,5057
25319,21,12,20,12833
25415,17,10,16,22901
25447,19,11,18,17197
25575,16,6,15,569
25671,19,10,18,5783
25703,20,9,19,965
25767,15,8,14,10319
25831,16,9,15,15517
26087,16,9,15,15671
26215,22,13,21,19931
26279,17,7,16,877
26343,17,10,16,23737
26439,21,10,20,1489
26535,18,9,17,3985
26695,19,11,18,18041
26791,22,13,21,20369
26855,19,11,18,18149
27111,17,9,16,8143
27303,18,10,17,12301
27495,19,11,18,18581
27559,17,10,16,24833
27751,20,11,19,9377
27879,17,10,16,25121
27975,16,9,15,16805
28327,17,10,16,25525
28391,24,14,23,16189
28743,22,13,21,21853
28999,18,9,17,4355
29031,16,8,15,5813
29415,21,12,20,14909
29767,15,8,14,11921
29799,20,11,19,10069
29863,16,9,15,17939
29927,22,13,21,22753
30023,23,13,22,11413
30055,19,11,18,20311
30311,21,9,20,569
30407,15,5,14,451
30567,19,11,18,20657
30791,15,8,14,12331
30887,17,9,16,9277
30951,15,8,14,12395
31079,19,10,18,7001
31335,17,10,16,28235
31591,19,11,18,21349
31655,15,8,14,12677
31815,15,7,14,4247
31975,15,8,14,12805
32103,19,11,18,21695
32295,15,5,14,479
32359,23,13,22,12301
32487,16,8,15,6505
32679,15,8,14,13087
32839,22,13,21,24967
32871,22,13,21,24991
32935,21,12,20,16693
33127,23,13,22,12593
33255,17,10,16,29965
33351,17,6,16,371
33511,21,12,20,16985
33607,18,9,17,5047
33863,17,9,16,10171
33895,20,11,19,11453
34023,22,13,21,25867
34151,19,10,18,7693
34407,21,11,20,5813
34535,18,10,17,15559
34631,17,10,16,31205
34663,22,13,21,26353
34887,16,9,15,20957
34983,21,12,20,17731
35047,16,9,15,21053
35175,19,11,18,23771
35239,20,6,19,49
35495,17,9,16,10661
35559,21,12,20,18023
35751,18,9,17,5369
36071,18,9,17,5417
36167,22,13,21,27497
36519,18,10,17,16453
36775,16,9,15,22091
36935,22,13,21,28081
36967,17,8,16,3701
37607,18,10,17,16943
37735,17,10,16,34001
38119,22,13,21,28981
38375,18,8,17,1921
38503,21,11,20,6505
38631,23,12,22,4895
38759,22,13,21,29467
38823,24,13,23,7379
39015,20,11,19,13183
39079,21,12,20,19807
39271,17,9,16,11795
39399,16,8,15,7889
39527,22,9,21,371
39591,24,13,23,7525
39783,19,11,18,26885
40039,17,10,16,36077
40263,17,8,16,4031
40423,17,7,16,1349
40551,16,9,15,24359
41031,22,13,21,31195
41063,20,10,19,4625
41319,19,11,18,27923
41447,18,10,17,18673
41703,24,14,23,23779
42087,20,11,19,14221
42151,19,8,18,1055
42215,18,10,17,19019
42343,17,10,16,38153
42471,17,10,16,38269
42727,17,9,16,12833
42823,18,9,17,6431
42855,22,13,21,32581
42919,24,14,23,24473
43111,17,10,16,38845
43335,17,10,16,39047
43687,23,13,22,16607
43847,16,9,15,26339
43943,22,13,21,33409
44199,22,12,21,11201
44263,24,13,23,8413
44359,18,10,17,19985
44391,21,12,20,22499
44711,17,9,16,13429
44775,22,12,21,11347
44967,22,13,21,34187
45223,19,10,18,10187
45543,22,13,21,34625
45735,16,9,15,27473
45799,17,10,16,41267
46151,16,8,15,9241
46247,17,10,16,41671
46407,17,10,16,41815
46695,21,11,20,7889
46791,16,5,15,347
46951,22,13,21,35695
47175,17,8,16,4723
47207,16,9,15,28357
47271,21,12,20,23959
47335,17,8,16,4739
47719,22,11,21,4031
48039,16,8,15,9619
48199,16,7,15,3217
48231,24,13,23,9167
48295,19,10,18,10879
48359,16,8,15,9683
48487,21,12,20,24575
48679,16,5,15,361
49063,21,8,20,307
49223,22,13,21,37423
49255,17,10,16,44381
49383,21,7,20,103
49511,16,9,15,29741
49639,17,9,16,14909
50087,16,7,15,3343
50407,17,10,16,45419
50503,16,9,15,30337
50535,18,9,17,7589
50567,16,4,15,125
50663,18,10,17,22825
51015,24,14,23,29089
51047,22,13,21,38809
51111,23,13,22,19429
51271,18,10,17,23099
51431,18,10,17,23171
51559,23,12,22,6533
51815,16,8,15,10375
51879,23,13,22,19721
51943,23,13,22,19745
52071,18,10,17,23459
52135,22,13,21,39637
52391,16,9,15,31471
52551,17,10,16,47351
52583,21,12,20,26651
52839,18,8,17,2645
52967,16,9,15,31817
53159,17,10,16,47899
53319,17,10,16,48043
53399,18,3,17,11
53575,22,12,21,13577
53735,21,12,20,27235
53863,16,7,15,3595
53927,24,14,23,30749
53991,20,9,19,2027
54375,18,10,17,24497
54439,19,10,18,12263
54631,21,12,20,27689
55111,16,8,15,11035
55207,21,10,20,3109
55463,19,11,18,37481
55911,22,11,21,4723
56039,20,11,19,18935
56135,19,8,18,1405
56167,16,9,15,33739
56935,17,10,16,51301
56999,16,8,15,11413
57159,16,7,15,3815
57415,16,9,15,34489
57447,18,9,17,8627
57671,19,10,18,12991
57703,22,12,21,14623
57831,21,12,20,29311
58023,17,8,16,5809
58087,20,11,19,19627
58215,23,13,22,22129
58343,17,6,16,649
58471,16,9,15,35123
58599,23,9,22,275
58727,21,12,20,29765
58855,17,9,16,17677
58983,18,10,17,26573
59047,16,7,15,3941
59303,16,9,15,35623
59463,17,10,16,53579
59559,17,10,16,53665
59623,17,10,16,53723
59719,19,11,18,40357
59879,16,9,15,35969
60071,19,11,18,40595
60231,17,10,16,54271
60263,22,13,21,45815
60743,19,9,18,4561
61351,21,10,20,3455
61607,22,13,21,46837
61767,16,9,15,37103
61799,17,8,16,6187
62119,19,10,18,13993
62183,20,11,19,21011
62279,19,10,18,14029
62311,24,13,23,11843
62567,24,14,23,35675
62631,17,9,16,18811
62791,19,11,18,42433
62823,24,14,23,35821
63079,16,9,15,37891
63335,17,10,16,57067
63591,18,10,17,28649
63655,16,9,15,38237
63847,24,12,23,4045
64167,17,10,16,57817
64359,22,13,21,48929
64615,21,12,20,32749
64871,17,10,16,58451
65127,18,10,17,29341
65255,17,8,16,6533
65639,24,14,23,37427
65703,22,13,21,49951
65895,18,10,17,29687
66023,21,12,20,33463
66791,23,11,22,2821
66887,19,10,18,15067
66919,21,12,20,33917
67047,22,12,21,16991
67303,20,11,19,22741
67399,22,13,21,51241
67655,22,9,21,635
67687,22,12,21,17153
67751,24,13,23,12877
67815,21,9,20,1273
67943,17,10,16,61219
68327,17,10,16,61565
68423,19,10,18,15413
68455,22,13,21,52043
68775,17,10,16,61969
68935,19,11,18,46585
69287,19,11,18,46823
69351,20,10,19,7811
69543,17,9,16,20887
70311,17,10,16,63353
70375,20,11,19,23779
70759,21,12,20,35863
70983,22,13,21,53965
71015,22,13,21,53989
71399,17,10,16,64333
71783,17,10,16,64679
71847,23,13,22,27311
72167,17,8,16,7225
72359,22,12,21,18337
72551,17,10,16,65371
72807,21,12,20,36901
73063,23,13,22,27773
73319,17,9,16,22021
73799,23,10,22,1039
74087,17,10,16,66755
74215,19,11,18,50153
74855,17,10,16,67447
74983,23,11,22,3167
75079,17,10,16,67649
75239,22,12,21,19067
75367,23,13,22,28649
75687,17,10,16,68197
75847,22,11,21,6407
75879,22,12,21,19229
76007,21,11,20,12841
76263,19,10,18,17179
76455,22,12,21,19375
76615,17,9,16,23011
76647,24,14,23,43703
76903,24,14,23,43849
76967,18,10,17,34675
77127,19,11,18,52121
77543,17,10,16,69869
77991,22,13,21,59293
78151,17,10,16,70417
78311,17,10,16,70561
78503,18,9,17,11789
78695,21,11,20,13295
78919,17,8,16,7901
79175,22,13,21,60193
79207,20,10,19,8921
79463,17,10,16,71599
79559,17,5,16,295
79591,22,13,21,60509
79719,23,11,22,3367
79975,19,9,18,6005
80039,18,10,17,36059
80551,22,12,21,20413
80743,21,10,20,4547
80807,18,8,17,4045
80967,18,7,17,1351
80999,19,11,18,54737
81127,18,8,17,4061
81255,20,11,19,27455
81447,18,5,17,151
81511,22,13,21,61969
81991,17,10,16,73877
82023,23,12,22,10393
82087,24,14,23,46805
82279,20,9,19,3089
82663,18,10,17,37241
82759,17,10,16,74569
82855,17,7,16,2765
83015,21,10,20,4675
83047,19,10,18,18707
83271,18,9,17,12505
83335,17,4,16,103
83431,19,11,18,56381
83687,22,13,21,63623
83879,18,10,17,37789
84039,22,11,21,7099
84071,19,11,18,56813
84199,21,11,20,14225
84327,20,11,19,28493
84455,17,10,16,76097
84583,19,8,18,2117
84647,18,10,17,38135
84839,21,11,20,14333
84903,17,10,16,76501
85159,17,9,16,25577
85223,17,10,16,76789
85671,21,12,20,43421
85735,18,9,17,12875
86343,18,10,17,38899
86503,24,13,23,16441
86631,17,7,16,2891
86695,23,12,22,10985
87143,19,11,18,58889
87271,18,10,17,39317
87367,22,13,21,66421
87655,19,10,18,19745
87783,22,13,21,66737
87879,18,8,17,4399
88167,19,11,18,59581
88231,17,10,16,79499
88391,22,13,21,67199
88423,20,10,19,9959
88679,17,10,16,79903
88935,17,9,16,26711
89703,22,13,21,68197
89767,17,8,16,8987
89927,17,7,16,3001
90183,18,9,17,13543
90471,20,11,19,30569
90599,23,13,22,34439
90951,18,10,17,40975
91207,17,10,16,82181
91239,17,9,16,27403
91463,22,13,21,69535
91751,19,11,18,62003
91815,20,7,19,383
91879,18,10,17,41393
91975,17,10,16,82873
92071,17,9,16,27653
92487,22,13,21,70313
92647,18,9,17,13913
92839,17,10,16,83651
92903,22,12,21,23543
93095,18,10,17,41941
93287,22,13,21,70921
93351,23,13,22,35485
93415,18,10,17,42085
93863,18,10,17,42287
94535,17,9,16,28393
94887,23,12,22,12023
95047,21,12,20,48173
95335,23,13,22,36239
95847,17,9,16,28787
95975,21,12,20,48643
96167,22,13,21,73111
96359,19,11,18,65117
96423,22,9,21,905
96583,22,13,21,73427
96615,17,10,16,87053
96871,19,10,18,21821
97895,19,11,18,66155
98471,23,11,22,4159
98663,20,11,19,33337
98791,18,10,17,44507
98887,19,6,18,275
99047,24,12,23,6275
99143,17,9,16,29777
99399,18,9,17,14927
99655,22,13,21,75763
99687,17,10,16,89821
100071,17,10,16,90167
100167,18,10,17,45127
100263,22,13,21,76225
100519,22,11,21,8491
100775,17,6,16,1121
100839,22,13,21,76663
101031,20,9,19,3793
101095,22,12,21,25619
101191,21,12,20,51287
101287,17,9,16,30421
101543,23,13,22,38599
101607,17,9,16,30517
102055,17,10,16,91955
102119,24,13,23,19409
102503,18,8,17,5131
102727,23,13,22,39049
103143,17,10,16,92935
103271,18,10,17,46525
103527,23,13,22,39353
103911,17,8,16,10403
104167,21,12,20,52795
104615,22,11,21,8837
104775,24,14,23,59741
104807,18,9,17,15739
105063,17,9,16,31555
105127,20,11,19,35521
105575,18,10,17,47563
105799,22,8,21,331
105959,21,7,20,221
106599,17,10,16,96049
106983,17,10,16,96395
107335,24,14,23,61201
107623,24,13,23,20455
107687,17,8,16,10781
107751,17,10,16,97087
107847,24,14,23,61493
107879,18,10,17,48601
108007,18,10,17,48659
108135,22,12,21,27403
108263,19,9,18,8129
108359,17,9,16,32545
108455,22,13,21,82453
108647,18,10,17,48947
108871,21,10,20,6131
108903,22,13,21,82793
109031,22,13,21,82891
109223,20,11,19,36905
109287,19,11,18,73853
109735,21,11,20,18539
109895,17,10,16,99019
110247,20,9,19,4139
110311,21,12,20,55909
110759,17,10,16,99797
110919,23,13,22,42163
111335,19,10,18,25079
111431,22,13,21,84715
111783,21,10,20,6295
111847,22,13,21,85031
112359,19,11,18,75929
112711,19,8,18,2821
112807,22,11,21,9529
112871,19,8,18,2825
112999,22,13,21,85907
113831,17,10,16,102565
114599,17,8,16,11473
114791,18,10,17,51715
114919,17,7,16,3835
115175,22,9,21,1081
115431,19,11,18,78005
115943,19,10,18,26117
116071,17,9,16,34861
116199,17,10,16,104699
116455,19,11,18,78697
116647,19,11,18,78827
116807,17,10,16,105247
116839,23,13,22,44413
116967,17,10,16,105391
117223,24,14,23,66839
117415,20,11,19,39673
117575,23,13,22,44693
117607,17,10,16,105967
117991,24,14,23,67277
118087,22,10,21,3325
118119,22,12,21,29933
118375,17,8,16,11851
118439,20,11,19,40019
118695,19,10,18,26737
118855,19,10,18,26773
118935,17,3,16,49
119111,21,11,20,20123
119271,22,11,21,10075
119527,17,9,16,35899
119655,22,13,21,90967
119911,17,10,16,108043
119975,17,10,16,108101
120039,19,11,18,81119
120167,24,12,23,7613
120423,22,12,21,30517
120743,17,10,16,108793
120935,24,13,23,22985
121191,22,13,21,92135
121671,17,8,16,12181
121959,24,14,23,69539
122471,18,10,17,55175
122983,17,9,16,36937
123207,17,10,16,111013
123367,22,11,21,10421
123559,18,8,17,6185
123719,20,11,19,41803
123879,18,6,17,689
123975,24,13,23,23563
124135,17,9,16,37283
124263,23,12,22,15745
124391,21,9,20,2335
124519,17,10,16,112195
124647,19,11,18,84233
124775,22,13,21,94859
124999,19,10,18,28157
125031,23,13,22,47527
125095,18,10,17,56357
125159,19,10,18,28193
125767,20,10,19,14165
125863,19,11,18,85055
126119,24,14,23,71911
126183,19,11,18,85271
126279,17,9,16,37927
126631,20,11,19,42787
126887,17,10,16,114329
127335,19,8,18,3187
127655,17,10,16,115021
127815,17,10,16,115165
128167,18,9,17,19247
128871,19,10,18,29029
128935,23,12,22,16337
129127,17,10,16,116347
129383,21,12,20,65575
129639,21,12,20,65705
129703,18,10,17,58433
130407,19,10,18,29375
130663,17,10,16,117731
130791,18,8,17,6547
131175,22,13,21,99725
131559,22,11,21,11113
132455,23,12,22,16783
132583,21,11,20,22399
132839,23,13,22,50495
132935,20,11,19,44917
133479,19,10,18,30067
133863,18,10,17,60307
133991,19,11,18,90547
134311,18,10,17,60509
135079,18,9,17,20285
135495,24,14,23,77257
135847,18,10,17,61201
136007,24,14,23,77549
136039,19,11,18,91931
136295,22,11,21,11513
136423,21,12,20,69143
136807,24,14,23,78005
136935,18,10,17,61691
137127,23,12,22,17375
137319,21,10,20,7733
137703,18,8,17,6893
138087,19,10,18,31105
138343,23,11,22,5843
138407,22,13,21,105223
138855,20,9,19,5213
139367,22,13,21,105953
139623,19,10,18,31451
140391,22,10,21,3953
140615,18,10,17,63349
140647,19,11,18,95045
140775,21,11,20,23783
140903,20,11,19,47609
141223,18,10,17,63623
141415,21,11,20,23891
141479,24,14,23,80669
142055,24,13,23,26999
142151,18,9,17,21347
142247,21,12,20,72095
142567,21,12,20,72257
143079,18,10,17,64459
143271,22,12,21,36307
143687,18,10,17,64733
143847,18,10,17,64805
144455,18,8,17,7231
144999,20,10,19,16331
145095,18,5,17,269
145735,23,13,22,55397
146023,22,13,21,111013
146087,21,12,20,74041
146599,22,13,21,111451
147047,20,11,19,49685
147303,21,12,20,74657
147527,18,10,17,66463
147559,21,11,20,24929
147623,22,13,21,112229
147783,22,13,21,112351
148295,18,10,17,66809
148327,24,12,23,9397
148391,20,7,19,619
148711,21,12,20,75371
148871,20,4,19,23
149319,22,13,21,113519
149351,21,12,20,75695
149671,23,13,22,56893
149831,24,13,23,28477
149863,24,13,23,28483
149991,18,10,17,67573
150375,24,14,23,85741
150439,18,10,17,67775
150695,19,9,18,11315
150759,18,10,17,67919
150887,24,14,23,86033
151463,22,12,21,38383
151623,21,12,20,76847
151719,19,11,18,102527
152167,18,7,17,2539
152231,21,12,20,77155
152391,23,12,22,19309
152423,23,12,22,19313
152743,23,13,22,58061
153767,19,10,18,34637
154215,20,10,19,17369
154279,24,14,23,87967
154471,18,9,17,23197
154791,19,11,18,104603
155239,20,11,19,52453
155303,19,8,18,3887
155463,19,7,18,1297
155495,21,12,20,78809
155975,22,13,21,118579
156007,22,13,21,118603
156743,18,10,17,70615
156775,18,9,17,23543
157511,18,10,17,70961
157607,20,9,19,5917
157767,21,12,20,79961
157863,19,11,18,106679
157927,22,12,21,40021
158375,19,10,18,35675
158567,22,12,21,40183
158887,19,11,18,107371
159463,24,14,23,90923
160071,19,9,18,12019
160231,24,14,23,91361
160423,21,12,20,81307
160583,23,12,22,20347
160999,23,13,22,61199
161383,18,9,17,24235
161639,21,12,20,81923
161703,20,11,19,54637
162119,19,11,18,109555
162151,18,10,17,73051
162471,19,11,18,109793
162663,22,12,21,41221
164167,19,11,18,110939
164199,22,13,21,124831
164583,21,11,20,27805
164679,19,9,18,12365
165223,18,10,17,74435
165479,24,13,23,31451
165607,22,10,21,4663
165799,20,11,19,56021
166247,24,13,23,31597
166311,18,6,17,925
166631,21,11,20,28151
166727,22,12,21,42251
166823,20,9,19,6263
167079,19,11,18,112907
167143,20,9,19,6275
167271,23,13,22,63583
167591,19,10,18,37751
168007,23,13,22,63863
168263,19,11,18,113707
168423,23,13,22,64021
168615,19,11,18,113945
168679,21,10,20,9499
168775,19,11,18,114053
169127,24,14,23,96433
169191,20,11,19,57167
169319,22,13,21,128723
169447,19,8,18,4241
169575,23,13,22,64459
169703,22,11,21,14335
170599,18,9,17,25619
170663,22,13,21,129745
170855,22,12,21,43297
171879,22,13,21,130669
172135,18,10,17,77549
172391,22,13,21,131059
172519,19,10,18,38861
172871,19,11,18,116821
173223,18,8,17,8671
173287,20,10,19,19517
173383,19,11,18,117167
173895,19,9,18,13057
173927,23,13,22,66113
173991,20,11,19,58789
174151,22,13,21,132397
174247,21,12,20,88313
174311,24,14,23,99389
174759,22,13,21,132859
175015,20,11,19,59135
175335,20,11,19,59243
175431,19,10,18,39517
175847,23,11,22,7427
176295,18,10,17,79423
176455,19,11,18,119243
176615,19,11,18,119351
177511,22,13,21,134951
177767,23,13,22,67573
178023,24,13,23,33835
178855,22,13,21,135973
179367,18,10,17,80807
179815,24,14,23,102527
180135,18,8,17,9017
180295,20,11,19,60919
180455,18,7,17,3011
181063,19,11,18,122357
181351,24,14,23,103403
181607,21,9,20,3409
181735,19,10,18,40937
182087,19,11,18,123049
182119,20,11,19,61535
182343,20,10,19,20537
182503,20,10,19,20555
182599,22,12,21,46273
182759,19,11,18,123503
182951,22,13,21,139087
183143,20,10,19,20627
183207,20,11,19,61903
183527,20,11,19,62011
183655,21,11,20,31027
183911,19,8,18,4603
184471,19,3,18,19
184999,24,13,23,35161
185063,18,9,17,27791
185191,20,11,19,62573
185447,19,10,18,41773
185511,18,10,17,83575
185671,21,12,20,94103
185703,21,11,20,31373
185959,21,12,20,94249
186279,18,10,17,83921
186535,21,12,20,94541
187111,24,14,23,106687
187207,18,8,17,9371
187495,19,11,18,126703
188519,19,9,18,14155
188743,18,10,17,85031
189511,20,11,19,64033
189671,18,9,17,28483
189767,21,12,20,96179
189799,21,11,20,32065
190055,19,10,18,42811
190279,19,11,18,128585
190567,19,11,18,128779
190791,22,12,21,48349
191143,22,13,21,145315
191815,18,9,17,28805
192423,18,10,17,86689
192999,21,12,20,97817
193191,18,10,17,87035
193351,18,10,17,87107
193863,21,12,20,98255
194663,19,10,18,43849
194919,22,11,21,16465
195175,24,12,23,12365
196199,19,10,18,44195
196711,19,11,18,132931
196775,24,13,23,37399
196967,23,10,22,2773
197959,18,10,17,89183
197991,21,11,20,33449
198471,23,13,22,75443
198567,24,14,23,113219
198727,18,9,17,29843
198823,22,13,21,151153
198887,18,9,17,29867
199143,21,12,20,100931
199495,18,10,17,89875
200007,21,12,20,101369
200423,18,10,17,90293
201543,22,13,21,153221
202663,21,12,20,102715
202919,22,13,21,154267
204871,18,10,17,92297
204903,19,11,18,138467
205287,21,12,20,104045
205639,22,13,21,156335
205895,23,13,22,78265
206439,22,13,21,156943
206695,24,14,23,117853
207015,20,11,19,69947
207079,23,13,22,78715
207335,18,10,17,93407
208039,20,10,19,23431
208199,21,12,20,105521
208231,22,13,21,158305
208807,21,12,20,105829
208967,22,12,21,52955
209063,20,11,19,70639
209575,22,9,21,1967
209735,22,13,21,159449
209767,22,13,21,159473
210279,18,10,17,94733
211047,18,9,17,31693
211111,20,10,19,23777
211623,24,11,23,4469
211815,18,10,17,95425
211879,19,8,18,5303
212039,19,7,18,1769
212071,21,12,20,107483
212135,20,11,19,71677
212199,19,8,18,5311
212519,19,5,18,197
212583,23,13,22,80807
213351,18,9,17,32039
213735,19,10,18,48145
214087,18,10,17,96449
214119,18,10,17,96463
214247,22,12,21,54293
214343,20,9,19,8047
214503,23,12,22,27179
214951,19,10,18,48419
215271,23,13,22,81829
215367,20,11,19,72769
215655,18,8,17,10795
215719,23,10,22,3037
215783,19,11,18,145819
216807,19,9,18,16279
216935,23,12,22,27487
216999,21,12,20,109981
217159,22,12,21,55031
217415,20,10,19,24487
217575,22,13,21,165409
217767,22,11,21,18395
218215,21,12,20,110597
218279,20,11,19,73753
218343,19,10,18,49183
218439,20,11,19,73807
218727,18,10,17,98539
218855,19,11,18,147895
218951,22,8,21,685
218983,22,12,21,55493
219047,19,11,18,148025
219239,23,12,22,27779
219495,18,10,17,98885
220519,22,13,21,167647
220775,23,13,22,83921
221031,24,12,23,14003
221255,19,9,18,16613
221511,20,11,19,74845
221671,22,13,21,168523
222023,21,10,20,12503
222055,21,12,20,112543
222535,20,11,19,75191
222823,22,13,21,169399
222887,18,7,17,3719
222951,19,10,18,50221
223303,24,12,23,14147
223463,21,12,20,113257
223591,24,14,23,127487
223719,20,9,19,8399
224071,24,13,23,42587
224103,21,12,20,113581
224167,19,10,18,50495
224487,19,10,18,50567
224935,21,10,20,12667
224999,19,11,18,152047
225191,19,11,18,152177
225351,19,11,18,152285
225767,20,11,19,76283
225959,22,11,21,19087
226119,21,11,20,38201
226663,23,13,22,86159
227175,22,12,21,57569
227239,24,13,23,43189
227431,23,12,22,28817
227495,18,9,17,34163
227943,18,10,17,102691
228199,21,12,20,115657
228519,22,13,21,173729
228711,22,13,21,173875
228967,23,13,22,87035
229447,19,11,18,155053
229863,20,10,19,25889
229959,18,6,17,1279
230119,24,14,23,131209
230471,19,9,18,17305
230727,20,11,19,77959
231239,22,10,21,6511
231335,23,13,22,87935
231911,20,11,19,78359
232103,18,9,17,34855
232263,21,11,20,39239
233191,19,11,18,157583
233575,20,8,19,2923
234343,19,10,18,52787
234599,22,13,21,178351
235367,19,11,18,159053
235879,19,9,18,17711
236391,21,12,20,119809
236647,20,10,19,26653
236871,18,8,17,11857
236903,19,11,18,160091
237031,18,7,17,3955
237639,19,11,18,160589
237895,22,13,21,180857
238663,19,11,18,161281
238695,24,14,23,136099
238951,19,10,18,53825
239079,20,10,19,26927
239335,18,9,17,35941
239527,23,13,22,91049
239719,20,10,19,26999
239943,18,10,17,108097
239975,19,11,18,162167
240103,20,11,19,81127
240359,23,12,22,30455
240807,22,13,21,183071
241319,18,9,17,36239
241575,22,13,21,183655
242407,18,10,17,109207
242855,18,10,17,109409
243015,18,10,17,109481
243047,19,11,18,164243
243431,21,12,20,123377
243783,18,8,17,12203
243879,24,14,23,139055
243943,18,8,17,12211
244071,19,11,18,164935
244327,22,13,21,185747
244583,19,11,18,165281
245863,20,10,19,27691
246247,18,9,17,36979
246503,22,12,21,62467
246855,19,11,18,166817
246887,20,11,19,83419
247015,18,10,17,111283
247527,21,12,20,125453
247719,23,13,22,94163
249159,18,10,17,112249
249703,24,14,23,142375
249767,18,10,17,112523
249927,18,10,17,112595
250183,22,13,21,190199
250727,24,13,23,47653
251239,24,14,23,143251
251495,24,11,23,5311
252071,23,12,22,31939
252263,19,11,18,170471
252519,22,13,21,191975
253543,22,10,21,7139
254631,19,8,18,6373
254823,23,13,22,96863
254951,19,6,18,709
255047,22,13,21,193897
255463,18,9,17,38363
255719,21,12,20,129605
256071,18,10,17,115363
256167,19,10,18,57703
256231,18,10,17,115435
256327,21,12,20,129913
256839,18,10,17,115709
256871,22,13,21,195283
258215,19,11,18,174493
258407,18,8,17,12935
259239,19,9,18,19465
259303,24,13,23,49283
259399,22,12,21,65735
259431,22,12,21,65743
259815,22,13,21,197521
259943,18,10,17,117107
260711,21,11,20,44045
260775,19,10,18,58741
260967,22,13,21,198397
261287,19,11,18,176569
261479,18,10,17,117799
261863,20,8,19,3277
262215,23,13,22,99673
262631,24,14,23,149747
263399,23,13,22,100123
263655,22,13,21,200441
264519,24,14,23,150823
264935,20,10,19,29839
265063,22,13,21,201511
265383,19,10,18,59779
265543,24,12,23,16823
266151,23,9,22,1249
266311,24,13,23,50615
266919,19,10,18,60125
267111,24,13,23,50767
267367,24,14,23,152447
267431,19,11,18,180721
268007,20,10,19,30185
268135,23,13,22,101923
268199,22,11,21,22655
268775,19,8,18,6727
269479,24,13,23,51217
270183,22,13,21,205403
270663,19,11,18,182905
270823,23,12,22,34315
271591,23,13,22,103237
271687,19,10,18,61199
271719,22,12,21,68857
271847,22,13,21,206669
272295,22,10,21,7667
272455,22,13,21,207131
272487,22,13,21,207155
272711,19,11,18,184289
273223,19,9,18,20515
273511,22,12,21,69311
274151,20,10,19,30877
274343,23,11,22,11587
274759,19,10,18,61891
274919,19,10,18,61927
275175,20,11,19,92977
275271,19,11,18,186019
275527,23,8,22,431
275559,23,12,22,34915
275623,19,11,18,186257
275783,19,11,18,186365
276327,23,13,22,105037
276807,22,13,21,210439
277607,22,12,21,70349
278599,21,10,20,15689
278631,23,13,22,105913
278855,24,13,23,52999
279367,19,10,18,62929
279399,24,14,23,159307
279783,21,11,20,47267
280039,21,12,20,141931
280647,22,13,21,213359
280679,21,12,20,142255
280903,22,13,21,213553
280935,24,14,23,160183
281063,19,10,18,63311
281415,19,11,18,190171
281447,24,14,23,160475
281511,21,10,20,15853
281831,21,10,20,15871
281927,19,11,18,190517
282535,23,11,22,11933
282695,21,11,20,47759
283239,19,7,18,2363
283751,23,12,22,35953
283815,22,13,21,215767
284775,21,12,20,144331
284999,22,13,21,216667
285415,22,13,21,216983
285863,24,13,23,54331
286567,21,11,20,48413
286887,23,13,22,109051
287463,24,13,23,54635
287591,22,11,21,24293
287847,19,9,18,21613
288583,19,10,18,65005
288839,21,11,20,48797
288999,24,11,23,6103
289095,22,13,21,219781
289607,19,11,18,195707
289639,23,11,22,12233
289895,19,11,18,195901
289959,23,13,22,110219
291559,23,13,22,110827
291943,19,11,18,197285
292199,20,11,19,98729
292455,19,9,18,21959
292711,21,11,20,49451
292967,21,12,20,148483
293191,22,13,21,222895
293223,20,10,19,33025
293543,21,12,20,148775
293735,24,11,23,6203
294247,20,11,19,99421
295079,23,13,22,112165
295239,24,13,23,56113
296039,19,11,18,200053
296263,24,14,23,168923
296295,20,10,19,33371
296551,19,11,18,200399
297127,22,13,21,225887
297319,20,11,19,100459
297383,19,6,18,827
297703,22,13,21,226325
298151,23,13,22,113333
299335,23,13,22,113783
299687,21,12,20,151889
299847,22,12,21,75985
300199,24,14,23,171167
300647,19,11,18,203167
301159,19,11,18,203513
301223,22,13,21,229001
301671,19,9,18,22651
301799,21,12,20,152959
303207,19,10,18,68299
303463,20,11,19,102535
303847,21,12,20,153997
303943,22,12,21,77023
304231,19,11,18,205589
305639,24,14,23,174269
305895,21,12,20,155035
306535,22,13,21,233039
307367,21,10,20,17309
307527,23,13,22,116897
308327,24,14,23,175801
308455,22,13,21,234499
308839,19,11,18,208703
309095,24,14,23,176239
309415,22,13,21,235229
309607,24,14,23,176531
309863,19,11,18,209395
309927,23,13,22,117809
310375,24,14,23,176969
310439,22,10,21,8741
310631,22,13,21,236153
311143,23,13,22,118271
311207,19,8,18,7789
311367,24,14,23,177535
311527,19,7,18,2599
312039,21,12,20,158149
312135,22,12,21,79099
313063,23,12,22,39667
313159,21,12,20,158717
313447,23,13,22,119147
314727,22,13,21,239267
315879,22,13,21,240143
316071,22,13,21,240289
316135,19,9,18,23737
316583,23,10,22,4457
316647,22,13,21,240727
317351,19,10,18,71485
317607,21,11,20,53657
318055,19,11,18,214931
318183,19,11,18,215017
318279,20,8,19,3983
319815,22,10,21,9005
319975,22,13,21,243257
320231,19,11,18,216401
320743,19,9,18,24083
320871,23,13,22,121969
321255,23,12,22,40705
321351,21,12,20,162869
321639,23,13,22,122261
321863,24,11,23,6797
322215,20,11,19,108871
322471,22,13,21,245155
322663,24,13,23,61325
322791,23,13,22,122699
322887,21,9,20,6061
323495,19,10,18,72869
323655,24,14,23,184541
324263,20,10,19,36521
324327,19,11,18,219169
324423,20,10,19,36539
324455,24,14,23,184997
324711,22,13,21,246857
324839,19,11,18,219515
324935,21,11,20,54895
325991,24,14,23,185873
326247,24,14,23,186019
326759,23,13,22,124207
327783,22,13,21,249193
327847,24,14,23,186931
328167,22,13,21,249485
328807,22,13,21,249971
328935,19,11,18,222283
329031,21,10,20,18529
329063,23,13,22,125083
329447,19,11,18,222629
329799,19,9,18,24763
329959,19,9,18,24775
330567,20,10,19,37231
331079,21,11,20,55933
331431,20,11,19,111985
331495,19,10,18,74671
331847,19,11,18,224251
332519,19,11,18,224705
332903,22,13,21,253085
334951,23,13,22,127321
335943,19,10,18,75673
335975,22,13,21,255421
336359,21,11,20,56825
336743,24,13,23,64001
337127,19,11,18,227819
337255,21,12,20,170929
337991,19,11,18,228403
338151,19,11,18,228511
338407,21,10,20,19057
338791,22,13,21,257561
339271,21,11,20,57317
340711,22,13,21,259021
340839,19,11,18,230327
341351,19,10,18,76891
341863,19,11,18,231019
342119,22,9,21,3211
342887,19,10,18,77237
343143,21,11,20,57971
343399,19,11,18,232057
344231,22,13,21,261697
344423,19,9,18,25861
345159,19,10,18,77749
345191,21,10,20,19439
345575,22,11,21,29191
346183,19,11,18,233939
346215,22,11,21,29245
346279,23,13,22,131627
346343,19,11,18,234047
346471,19,11,18,234133
346727,20,8,19,4339
346855,24,13,23,65923
346983,19,11,18,234479
347815,23,13,22,132211
348327,22,13,21,264811
349287,21,11,20,59009
349799,20,10,19,39397
350119,21,12,20,177449
350311,22,11,21,29591
350567,19,10,18,78967
350887,22,12,21,88919
351591,24,13,23,66823
352103,24,14,23,200761
352615,19,11,18,238285
353607,24,14,23,201619
353895,20,11,19,119575
353959,19,7,18,2953
354375,24,14,23,202057
354471,23,13,22,134741
356263,21,12,20,180563
356423,23,12,22,45161
356519,24,14,23,203279
357191,23,13,22,135775
357735,22,13,21,271963
358119,22,13,21,272255
358311,24,14,23,204301
358503,22,11,21,30283
358567,19,9,18,26923
359015,20,10,19,40435
359079,22,12,21,90995
360039,20,11,19,121651
360615,19,11,18,243691
360807,19,11,18,243821
361031,21,6,20,251
361191,24,14,23,205943
362663,19,11,18,245075
362983,24,14,23,206965
363175,19,9,18,27269
363335,22,13,21,276221
363367,21,12,20,184163
364263,24,14,23,207695
365031,23,13,22,138755
365383,21,12,20,185185
365895,24,14,23,208625
366311,22,13,21,278483
366439,24,12,23,23215
366503,22,13,21,278629
366759,19,11,18,247843
366919,22,13,21,278945
367271,19,11,18,248189
367943,19,8,18,9209
367975,24,13,23,69937
368103,19,7,18,3071
368711,24,12,23,23359
368999,24,14,23,210395
369479,21,12,20,187261
369735,21,12,20,187391
369991,22,13,21,281281
370407,21,9,20,6953
370855,24,14,23,211453
371015,19,10,18,83573
371367,19,11,18,250957
371431,22,11,21,31375
371879,19,11,18,251303
372391,19,9,18,27961
372455,23,13,22,141577
372647,24,13,23,70825
373223,23,13,22,141869
373479,24,10,23,2629
373927,19,10,18,84229
374087,19,10,18,84265
374119,22,13,21,284419
374503,21,11,20,63269
374855,20,8,19,4691
374951,19,11,18,253379
375015,20,8,19,4693
375655,21,12,20,190391
377319,19,9,18,28331
377575,23,11,22,15947
377671,21,12,20,191413
377927,21,12,20,191543
378087,20,10,19,42583
378599,21,11,20,63961
378695,23,12,22,47983
378791,20,11,19,127987
379239,22,13,21,288311
379367,22,13,21,288409
379559,19,11,18,256493
380231,19,10,18,85649
380583,19,11,18,257185
380775,24,14,23,217109
380839,20,10,19,42893
380999,20,10,19,42911
381095,23,12,22,48287
381255,19,11,18,257639
381415,19,11,18,257747
381799,24,14,23,217693
382183,20,11,19,129133
382311,24,14,23,217985
384103,22,13,21,292009
384167,21,12,20,194705
385383,23,13,22,146491
385511,19,11,18,260515
385863,19,11,18,260753
385895,22,13,21,293371
386535,19,9,18,29023
386791,21,11,20,65345
386887,23,12,22,49021
387143,20,10,19,43603
387303,20,10,19,43621
387751,24,14,23,221087
387911,19,10,18,87379
388007,20,11,19,131101
388263,21,12,20,196781
388327,20,11,19,131209
388775,19,11,18,262721
389287,23,12,22,49325
389479,21,8,20,2437
389607,24,14,23,222145
391015,20,10,19,44039
391495,21,12,20,198419
391527,22,13,21,297653
392039,23,13,22,149021
392359,21,12,20,198857
392551,22,10,21,11053
393543,21,12,20,199457
393703,19,11,18,266051
394727,19,11,18,266743
395079,19,11,18,266981
395367,24,13,23,75143
395623,21,10,20,22279
396135,20,11,19,133847
396615,24,14,23,226141
396967,22,13,21,301789
397639,21,12,20,201533
398151,22,13,21,302689
398183,20,11,19,134539
398439,19,11,18,269251
398503,21,12,20,201971
398567,22,13,21,303005
399463,19,10,18,89981
400039,24,13,23,76031
400231,20,10,19,45077
400487,19,11,18,270635
400551,24,14,23,228385
400999,19,9,18,30109
401735,21,12,20,203609
401767,21,10,20,22625
402247,22,13,21,305803
402535,19,10,18,90673
402919,19,11,18,272279
403047,19,11,18,272365
403559,19,11,18,272711
403783,21,12,20,204647
404135,23,13,22,153619
404391,22,13,21,307433
404711,24,13,23,76919
406343,22,13,21,308917
406695,21,12,20,206123
406855,23,12,22,51551
407143,19,10,18,91711
409191,19,11,18,276517
409447,24,13,23,77819
409703,19,11,18,276863
409927,24,14,23,233731
410471,24,14,23,234041
410535,19,7,18,3425
410855,22,13,21,312347
411015,19,4,18,127
411239,24,14,23,234479
411495,22,13,21,312833
412487,24,13,23,78397
412775,23,12,22,52301
412839,20,9,19,15499
412999,22,12,21,104659
413767,22,13,21,314561
413863,20,11,19,139837
414375,22,13,21,315023
415463,23,13,22,157925
415655,24,12,23,26333
415911,20,10,19,46843
416359,19,10,18,93787
416935,20,11,19,140875
417383,19,11,18,282053
417447,23,8,22,653
417607,21,7,20,871
419751,19,9,18,31517
419943,21,12,20,212837
420007,20,11,19,141913
420167,23,13,22,159713
420519,21,10,20,23681
420583,23,13,22,159871
420967,23,12,22,53339
421031,20,11,19,142259
421607,22,13,21,320521
421799,22,12,21,106889
421959,21,12,20,213859
422215,20,9,19,15851
422567,22,13,21,321251
423015,22,12,21,107197
423783,22,13,21,322175
423847,19,11,18,286421
424263,20,11,19,143351
424615,21,11,20,71735
426055,21,12,20,215935
426087,21,12,20,215951
426311,20,11,19,144043
426727,19,11,18,288367
426823,23,9,22,2003
427111,22,12,21,108235
427623,24,14,23,243821
427751,19,10,18,96353
427879,21,12,20,216859
427943,19,11,18,289189
428775,19,11,18,289751
428967,19,9,18,32209
429223,20,11,19,145027
429287,19,9,18,32233
429735,24,10,23,3025
429799,22,13,21,326749
430407,20,11,19,145427
430759,21,11,20,72773
430823,19,10,18,97045
431335,19,11,18,291481
431591,20,8,19,5401
431847,19,11,18,291827
431975,21,12,20,218935
432231,21,12,20,219065
434247,21,12,20,220087
434663,20,10,19,48955
435015,23,11,22,18373
435271,22,12,21,110303
435303,22,12,21,110311
435431,19,10,18,98083
435527,20,11,19,147157
435815,23,13,22,165661
436039,21,9,20,8185
436135,19,11,18,294725
436583,23,13,22,165953
437159,19,11,18,295417
437479,19,11,18,295633
437575,20,10,19,49283
437991,19,11,18,295979
438599,20,11,19,148195
438759,20,11,19,148249
439399,24,14,23,250535
440679,24,13,23,83755
440935,22,13,21,335215
441063,21,12,20,223541
441191,22,12,21,111803
441959,22,13,21,335993
442439,19,11,18,298985
442535,24,14,23,252323
443207,23,11,22,18719
443463,22,12,21,112379
443751,19,9,18,33319
443879,20,10,19,49993
444231,21,11,20,75049
444263,19,11,18,300217
444487,19,10,18,100123
444519,22,13,21,337939
444647,19,10,18,100159
444903,20,11,19,150325
445159,21,12,20,225617
445287,19,10,18,100303
445351,19,11,18,300953
445671,19,11,18,301169
445799,19,11,18,301255
446055,21,8,20,2791
446615,20,3,19,23
447335,19,11,18,302293
447591,20,10,19,50411
447719,24,13,23,85093
447815,22,13,21,340445
447847,19,11,18,302639
448231,22,12,21,113587
448615,22,13,21,341053
448679,23,13,22,170551
449127,22,13,21,341443
449255,21,12,20,227693
449639,20,11,19,151925
450663,20,9,19,16919
451303,21,12,20,228731
451655,19,11,18,305213
451911,22,13,21,343559
451943,19,11,18,305407
452199,21,10,20,25465
452423,21,11,20,76433
452711,20,11,19,152963
453863,22,13,21,345043
454727,24,13,23,86425
454823,21,12,20,230515
455399,21,12,20,230807
456007,22,13,21,346673
456615,22,13,21,347135
456807,20,10,19,51449
457063,19,11,18,308867
457319,24,14,23,260753
457895,24,12,23,29009
458343,21,10,20,25811
458823,23,13,22,174407
458855,20,11,19,155039
459111,19,10,18,103417
460007,23,13,22,174857
460135,19,11,18,310943
460519,22,12,21,116701
460711,22,13,21,350249
461127,22,12,21,116855
461287,22,13,21,350687
463591,21,12,20,234959
464039,22,12,21,117593
464199,21,12,20,235267
464743,23,13,22,176657
464807,22,13,21,353363
465639,22,13,21,353995
466279,21,12,20,236321
467047,20,11,19,157807
467271,24,12,23,29603
467431,23,13,22,177679
468199,23,13,22,177971
469063,22,13,21,356599
469095,24,14,23,267467
469159,19,11,18,317041
469319,22,12,21,118931
469351,22,12,21,118939
469735,22,13,21,357109
470183,19,10,18,105911
470343,24,13,23,89393
470951,23,13,22,179017
471207,19,11,18,318425
471719,19,9,18,35419
472231,22,12,21,119669
472391,21,12,20,239419
472935,23,13,22,179771
472999,24,14,23,269693
473255,19,10,18,106603
473447,22,12,21,119977
473767,19,11,18,320155
474023,22,8,21,1483
474183,21,7,20,989
474215,22,13,21,360515
474279,19,11,18,320501
474343,24,8,23,371
474471,21,12,20,240473
474663,22,5,21,55
475303,23,13,22,180671
475879,20,10,19,53597
476007,22,13,21,361877
476487,19,9,18,35777
476903,24,14,23,271919
477095,21,10,20,26867
477255,22,13,21,362827
477351,22,13,21,362899
477511,19,11,18,322685
477543,22,12,21,121015
477863,19,10,18,107641
477927,20,11,19,161483
478535,21,12,20,242533
478951,20,9,19,17981
479143,23,13,22,182131
479559,19,10,18,108023
479911,19,11,18,324307
480071,22,13,21,364967
480103,22,13,21,364991
480359,23,13,22,182593
480423,19,11,18,324653
480487,22,10,21,13529
480583,19,11,18,324761
480999,20,11,19,162521
481095,19,8,18,12041
481191,21,11,20,81293
482407,24,14,23,275057
482663,24,14,23,275203
483175,24,14,23,275495
483399,22,9,21,4537
483495,23,13,22,183785
483655,19,11,18,326837
483687,24,12,23,30643
484167,19,10,18,109061
484199,22,13,21,368105
484679,19,11,18,327529
484967,24,14,23,276517
485095,20,10,19,54635
485447,24,14,23,276791
485543,22,13,21,369127
485863,19,9,18,36481
486215,24,14,23,277229
486247,23,13,22,184831
486311,22,10,21,13693
486503,21,12,20,246571
486631,23,10,22,6851
487079,19,10,18,109717
487143,20,11,19,164597
487335,21,11,20,82331
487495,22,11,21,41179
487591,24,13,23,92671
487911,19,11,18,329713
488103,19,11,18,329843
488263,19,11,18,329951
488551,21,12,20,247609
491591,22,11,21,41525
491687,23,13,22,186899
492007,19,10,18,110827
492615,21,9,20,9247
492647,21,12,20,249685
492871,19,11,18,333065
493159,22,13,21,374917
493383,19,10,18,111137
493735,22,13,21,375355
494055,19,11,18,333865
494407,19,11,18,334103
495335,20,11,19,167365
495719,19,8,18,12407
496103,22,13,21,377155
496487,21,10,20,27959
497255,22,13,21,378031
497511,22,11,21,42025
497767,24,12,23,31535
497831,22,13,21,378469
498023,20,9,19,18697
498343,23,12,22,63143
498535,24,13,23,94751
498791,19,10,18,112355
499047,20,11,19,168619
499783,22,11,21,42217
500807,21,11,20,84607
500839,21,12,20,253837
501063,23,13,22,190463
501095,20,10,19,56437
501223,19,10,18,112903
501863,19,10,18,113047
501927,24,14,23,286187
502119,20,11,19,169657
502247,19,11,18,339401
502439,24,12,23,31831
503719,24,14,23,287209
504295,22,13,21,383383
504647,21,12,20,255767
505191,20,11,19,170695
505447,22,13,21,384259
505575,24,13,23,96089
506023,22,13,21,384697
506215,20,11,19,171041
506727,21,11,20,85607
508007,19,10,18,114431
508999,21,11,20,85991
509031,19,11,18,343985
509671,23,13,22,193735
510279,24,13,23,96983
510439,23,13,22,194027
510791,21,12,20,258881
511335,24,14,23,291551
511655,21,12,20,259319
512487,22,13,21,389611
513639,19,11,18,347099
514407,20,11,19,173809
514791,23,12,22,65227
515175,23,13,22,195827
515687,19,10,18,116161
516583,22,13,21,392725
516775,20,8,19,6467
516839,22,12,21,130973
516935,21,12,20,261995
517095,20,6,19,719
517863,23,13,22,196849
518311,23,10,22,7297
519847,21,12,20,263471
519911,24,14,23,296441
520359,22,11,21,43955
520679,24,14,23,296879
520935,22,12,21,132011
521319,22,13,21,396325
521383,21,9,20,9787
521447,24,14,23,297317
522855,19,11,18,353327
522919,20,10,19,58895
523431,21,11,20,88429
524007,19,8,18,13115
524775,22,13,21,398953
525415,22,13,21,399439
525927,24,12,23,33319
526055,21,12,20,266617
526151,22,12,21,133333
527207,24,14,23,300601
527527,21,10,20,29707
527687,24,14,23,300875
528455,24,14,23,301313
529063,20,10,19,59587
529127,22,12,21,134087
529223,23,13,22,201167
529511,22,13,21,402553
529575,21,11,20,89467
530023,23,12,22,67157
530919,22,8,21,1661
531559,23,13,22,202055
532807,21,11,20,90013
533831,22,10,21,15031
534759,22,13,21,406543
534855,21,11,20,90359
535367,20,9,19,20099
535399,22,13,21,407029
536647,23,13,22,203989
536903,21,10,20,30235
537063,23,10,22,7561
537415,20,11,19,181583
537447,23,13,22,204293
537767,21,11,20,90851
537927,22,11,21,45439
539239,21,12,20,273299
540007,24,12,23,34211
540263,22,12,21,136909
541511,20,10,19,60989
542183,22,13,21,412187
542535,24,14,23,309341
542823,22,13,21,412673
542951,22,13,21,412771
543079,21,12,20,275245
543207,22,10,21,15295
543559,20,11,19,183659
543591,22,13,21,413257
544071,23,11,22,22979
544615,22,13,21,414035
545383,20,7,19,2275
546535,22,13,21,415495
546727,24,14,23,311731
546919,22,13,21,415787
548455,22,12,21,138985
549223,21,12,20,278359
549607,24,14,23,313373
549991,23,9,22,2581
550727,20,10,19,62027
551751,20,11,19,186427
552039,22,11,21,46631
552679,23,13,22,210083
554087,24,11,23,11701
554215,21,12,20,280889
554599,20,9,19,20821
554919,22,12,21,140623
555111,22,13,21,422015
555335,24,14,23,316639
555687,22,13,21,422453
557415,21,12,20,282511
558183,23,11,22,23575
558311,21,12,20,282965
558695,20,11,19,188773
559015,22,12,21,141661
559527,21,6,20,389
560871,23,13,22,213197
561223,21,12,20,284441
561831,24,13,23,106781
562407,21,12,20,285041
562791,20,11,19,190157
562919,22,13,21,427951
563303,21,11,20,95165
563815,20,9,19,21167
563879,21,12,20,285787
563943,22,13,21,428729
565351,21,10,20,31837
565991,23,13,22,215143
566375,23,11,22,23921
567143,21,12,20,287441
567207,22,12,21,143737
567367,21,12,20,287555
567527,23,12,22,71909
567655,22,13,21,431551
567975,21,12,20,287863
568039,22,13,21,431843
568231,21,12,20,287993
568551,21,12,20,288155
569063,23,13,22,216311
570215,22,12,21,144499
570727,24,14,23,325415
570983,20,11,19,192925
571239,21,12,20,289517
571751,22,13,21,434665
572007,20,11,19,193271
573351,20,8,19,7175
573511,21,12,20,290669
573671,20,7,19,2393
574183,23,13,22,218257
575303,23,13,22,218683
575335,21,12,20,291593
575847,22,13,21,437779
576167,21,12,20,292015
576423,21,12,20,292145
576743,21,12,20,292307
577191,22,12,21,146267
578279,21,9,20,10855
578407,22,12,21,146575
578791,24,14,23,330013
579495,20,10,19,65267
579943,22,13,21,440893
580199,20,11,19,196039
580327,21,11,20,98041
581991,23,13,22,221225
582375,21,11,20,98387
582471,22,12,21,147605
582727,23,12,22,73835
582887,20,9,19,21883
583495,23,13,22,221797
585383,22,12,21,148343
585639,20,10,19,65959
585799,22,13,21,445345
586471,21,11,20,99079
586983,20,11,19,198331
587111,23,13,22,223171
588135,22,13,21,447121
588967,24,14,23,335815
589895,22,13,21,448459
589991,21,12,20,299021
591079,20,11,19,199715
591335,23,13,22,224777
591591,24,11,23,12493
591687,21,12,20,299881
591719,22,13,21,449845
591943,20,9,19,22223
592039,21,12,20,300059
592103,20,9,19,22229
593639,22,10,21,16715
593991,20,11,19,200699
594663,21,11,20,100463
595815,22,13,21,452959
596135,21,12,20,302135
598087,20,10,19,67361
598343,24,14,23,341161
599271,20,11,19,202483
599399,24,13,23,113921
599527,23,13,22,227891
599655,21,12,20,303919
600135,20,11,19,202775
600167,24,13,23,114067
600231,21,12,20,304211
600295,20,11,19,202829
600743,23,13,22,228353
601191,23,13,22,228523
602279,21,12,20,305249
602983,20,11,19,203737
603239,22,13,21,458603
603495,21,10,20,33985
604007,20,11,19,204083
604839,24,13,23,114955
604903,24,13,23,114967
605031,20,10,19,68143
605351,22,12,21,153403
605543,21,11,20,102301
605799,21,12,20,307033
606311,22,13,21,460939
606567,22,9,21,5693
607303,20,10,19,68399
607463,24,14,23,346361
608327,20,11,19,205543
608487,20,11,19,205597
608583,23,12,22,77111
608615,23,11,22,25705
609127,20,11,19,205813
610791,21,12,20,309563
610983,22,13,21,464491
611655,21,12,20,310001
612199,24,14,23,349061
612711,24,10,23,4313
613991,21,12,20,311185
614567,22,13,21,467215
614727,22,12,21,155779
614759,22,11,21,51929
614887,21,12,20,311639
615751,21,12,20,312077
616103,21,7,20,1285
617191,23,13,22,234605
618407,22,13,21,470135
618663,22,13,21,470329
618983,21,12,20,313715
619175,22,13,21,470719
620455,21,12,20,314461
620711,20,9,19,23303
622759,20,11,19,210419
622951,22,11,21,52621
623335,22,13,21,473881
623943,21,12,20,316229
624103,22,12,21,158155
624231,23,13,22,237281
624551,21,12,20,316537
624807,20,11,19,211111
625127,21,12,20,316829
625319,22,9,21,5869
625383,23,13,22,237719
625511,22,13,21,475535
627527,24,13,23,119267
627815,21,12,20,318191
628039,22,13,21,477457
628327,24,13,23,119419
628583,24,14,23,358403
628839,24,14,23,358549
628903,20,11,19,212495
629415,22,11,21,53167
630087,20,8,19,7885
630247,20,7,19,2629
630855,24,14,23,359699
631623,23,13,22,240091
631879,22,13,21,480377
632423,23,13,22,240395
632743,21,12,20,320689
633159,20,10,19,71311
633319,21,12,20,320981
633511,22,11,21,53513
633767,24,12,23,40151
634023,20,11,19,214225
634087,22,12,21,160685
634535,21,9,20,11911
636071,20,10,19,71639
636231,20,10,19,71657
637095,20,11,19,215263
637799,22,13,21,484877
638567,22,13,21,485461
639047,23,12,22,80971
639463,20,9,19,24007
639815,23,13,22,243205
640071,22,13,21,486605
640103,21,12,20,324419
640871,24,12,23,40601
641703,22,11,21,54205
642279,22,12,21,162761
642375,20,10,19,72349
642407,24,13,23,122095
642727,21,11,20,108583
643399,20,11,19,217393
643559,20,11,19,217447
643943,21,12,20,326365
644455,22,13,21,489937
644711,24,13,23,122533
645735,24,14,23,368183
646311,24,13,23,122837
647655,20,11,19,218831
648007,21,11,20,109475
648263,21,12,20,328555
648551,22,13,21,493051
648679,20,9,19,24353
650055,21,10,20,36607
650343,22,13,21,494413
650407,23,13,22,247231
650919,21,11,20,109967
652391,23,13,22,247985
653223,22,13,21,496603
653639,22,13,21,496919
655687,24,13,23,124619
655847,20,11,19,221599
656487,24,13,23,124771
656743,22,13,21,499279
656871,20,11,19,221945
656999,24,14,23,374605
657223,24,11,23,13879
657319,22,13,21,499717
659623,24,12,23,41789
659783,23,13,22,250795
660583,20,11,19,223199
660647,22,13,21,502247
661415,22,13,21,502831
661607,20,10,19,74515
662631,20,11,19,223891
662695,21,12,20,335869
664423,22,13,21,505117
664679,20,10,19,74861
665063,20,11,19,224713
665191,22,11,21,56189
665703,20,11,19,224929
665767,22,12,21,168713
665831,24,13,23,126547
665927,22,13,21,506261
666471,23,13,22,253337
666855,24,14,23,380225
667559,23,13,22,253751
668391,23,12,22,84689
668519,22,13,21,508231
668839,22,13,21,508475
669287,22,10,21,18845
670023,21,12,20,339583
670823,24,14,23,382487
670887,21,12,20,340021
671079,24,14,23,382633
671335,24,11,23,14177
671591,24,14,23,382925
671847,20,11,19,227005
672071,21,12,20,340621
672615,22,13,21,511345
672679,21,7,20,1403
673159,23,4,22,13
673863,24,14,23,384221
674119,21,12,20,341659
674663,23,13,22,256451
675175,22,12,21,171097
675751,23,13,22,256865
676679,22,13,21,514435
676711,22,13,21,514459
677031,21,12,20,343135
677799,24,14,23,386465
678503,21,10,20,38209
678567,23,13,22,257935
678631,24,14,23,386939
680263,21,12,20,344773
680807,22,13,21,517573
681287,23,12,22,86323
681319,23,12,22,86327
682087,23,13,22,259273
682215,24,13,23,129661
682855,23,13,22,259565
684103,22,13,21,520079
684519,22,12,21,173465
684871,22,13,21,520663
685415,24,12,23,43423
685991,23,11,22,28973
686951,24,13,23,130561
687463,22,12,21,174211
688199,22,13,21,523193
688231,22,13,21,523217
688871,20,11,19,232757
689479,23,12,22,87361
689895,20,10,19,77701
690023,22,13,21,524579
690087,24,11,23,14573
690343,24,14,23,393617
690535,21,12,20,349979
690663,23,12,22,87511
690919,20,11,19,233449
691015,23,13,22,262667
691111,21,9,20,12973
691431,21,9,20,12979
692967,20,10,19,78047
693479,21,11,20,117157
693991,20,11,19,234487
694119,22,13,21,527693
696391,22,13,21,529421
696679,21,12,20,353093
697575,21,10,20,39283
698855,23,12,22,88549
699239,24,14,23,398689
699303,21,11,20,118141
699559,22,13,21,531829
699623,21,11,20,118195
699751,24,14,23,398981
700135,20,11,19,236563
703079,24,14,23,400879
703143,21,12,20,356369
703207,23,13,22,267301
704583,21,11,20,119033
705639,22,12,21,178817
705895,20,9,19,26501
706407,21,11,20,119341
706631,21,10,20,39793
706791,22,10,21,19901
707303,24,13,23,134429
707431,22,10,21,19919
707495,21,11,20,119525
707815,21,11,20,119579
707943,20,11,19,239201
708775,22,13,21,538835
708935,22,13,21,538957
709095,24,14,23,404309
709287,21,12,20,359483
709479,23,11,22,29965
709991,20,11,19,239893
711399,23,13,22,270415
713063,22,13,21,542095
713447,22,13,21,542387
713799,22,11,21,60295
714087,20,11,19,241277
715079,24,13,23,135907
715431,21,12,20,362597
716967,22,13,21,545063
717543,22,13,21,545501
719207,20,11,19,243007
719463,22,13,21,546961
720039,24,14,23,410549
721255,20,10,19,81233
721639,24,14,23,411461
722279,20,11,19,244045
722407,22,13,21,549199
723047,22,13,21,549685
724647,23,12,22,91817
725735,22,13,21,551729
726343,22,13,21,552191
727719,22,13,21,553237
728423,24,13,23,138443
729415,24,14,23,415895
730599,22,13,21,555427
730983,23,13,22,277859
731207,24,14,23,416917
731239,22,13,21,555913
731303,21,11,20,123547
731815,22,13,21,556351
732327,24,10,23,5155
732487,24,14,23,417647
733255,23,13,22,278723
733351,21,11,20,123893
733863,20,9,19,27551
733927,21,12,20,371971
734535,22,13,21,558419
735143,22,13,21,558881
735399,21,10,20,41413
735911,20,11,19,248651
736423,23,11,22,31103
738535,24,13,23,140365
738631,21,9,20,13865
738791,22,13,21,561655
739431,22,13,21,562141
739655,22,11,21,62479
740007,20,10,19,83345
740455,22,13,21,562919
740679,23,13,22,281545
741223,22,13,21,563503
741447,23,13,22,281837
741703,24,10,23,5221
742055,20,11,19,250727
742567,22,11,21,62725
742727,21,11,20,125477
742759,24,14,23,423503
743239,20,8,19,9301
743271,24,13,23,141265
743527,22,13,21,565255
744551,22,13,21,566033
744807,21,12,20,377485
745319,22,13,21,566617
745799,23,11,22,31499
745831,24,14,23,425255
746311,20,10,19,84055
746823,21,11,20,126169
747111,21,12,20,378653
747591,22,13,21,568345
747879,22,12,21,189521
748007,21,9,20,14041
748263,22,13,21,568855
748647,22,13,21,569147
749223,20,10,19,84383
750055,21,11,20,126715
750247,20,11,19,253495
750407,20,11,19,253549
750823,24,14,23,428101
750951,21,12,20,380599
751335,24,14,23,428393
751719,22,13,21,571483
752999,21,12,20,381637
753255,21,12,20,381767
754151,21,10,20,42469
754407,23,13,22,286763
754535,22,13,21,573623
754791,23,13,22,286909
755015,21,11,20,127553
755527,20,10,19,85093
756071,22,12,21,191597
756199,21,11,20,127753
756455,22,13,21,575083
756551,20,11,19,255625
756839,24,14,23,431531
757095,24,14,23,431677
757831,24,14,23,432097
757863,22,8,21,2371
759399,24,14,23,432991
759719,21,12,20,385043
759911,24,14,23,433283
760679,24,14,23,433721
760935,21,10,20,42851
762215,23,12,22,96577
762983,23,13,22,290023
763367,23,10,22,10747
763495,22,13,21,580435
764391,21,11,20,129137
764583,24,14,23,435947
764647,22,13,21,581311
764839,24,14,23,436093
765863,21,12,20,388157
766791,22,13,21,582941
767719,24,14,23,437735
769639,23,13,22,292553
770151,22,10,21,21685
770791,23,13,22,292991
770919,24,14,23,439559
771175,21,11,20,130283
771943,24,14,23,440143
772007,21,12,20,391271
772935,24,13,23,146903
773479,22,13,21,588025
773799,22,13,21,588269
775399,22,12,21,196495
775527,23,13,22,294791
775783,20,11,19,262123
775911,23,13,22,294937
776359,22,13,21,590215
777831,20,10,19,87605
779079,22,13,21,592283
779111,21,12,20,394871
780967,23,12,22,98953
781159,21,12,20,395909
781223,22,12,21,197971
781543,24,12,23,49513
781991,22,13,21,594497
782055,22,13,21,594545
783687,23,13,22,297893
783719,23,13,22,297905
784999,20,11,19,265237
785255,21,12,20,397985
786151,21,8,20,4919
787559,24,14,23,449047
787815,24,13,23,149731
788071,24,14,23,449339
788391,23,13,22,299681
788807,23,13,22,299839
789223,23,10,22,11111
789351,21,12,20,400061
789831,22,13,21,600457
790183,21,12,20,400483
790439,20,9,19,29675
790695,24,14,23,450835
791399,21,12,20,401099
792295,21,10,20,44617
792487,20,11,19,267767
795111,22,13,21,604471
796583,20,10,19,89717
796903,24,14,23,454375
797031,23,13,22,302965
797799,23,13,22,303257
798023,22,13,21,606685
798439,21,10,20,44963
798631,20,11,19,269843
799463,22,11,21,67531
799815,20,8,19,10009
799847,22,13,21,608071
800455,20,5,19,371
801127,24,13,23,152261
801383,22,13,21,609239
801895,24,13,23,152407
802151,24,14,23,457367
802887,20,10,19,90427
803687,23,13,22,305495
804071,20,11,19,271681
804455,23,12,22,101929
805223,23,13,22,306079
805799,20,10,19,90755
806119,20,10,19,90791
806823,20,11,19,272611
806983,20,11,19,272665
807079,22,12,21,204523
807591,24,14,23,460469
808039,22,13,21,614299
809287,21,12,20,410165
809831,20,9,19,30403
810151,21,12,20,410603
810855,20,11,19,273973
811367,22,13,21,616829
811879,20,11,19,274319
812103,20,10,19,91465
812647,23,12,22,102967
813127,20,11,19,274741
813287,20,11,19,274795
813383,21,12,20,412241
813927,20,11,19,275011
814247,21,12,20,412679
815943,24,13,23,155077
816455,22,12,21,206899
816487,22,11,21,68969
816999,20,11,19,276049
817479,21,12,20,414317
817511,21,10,20,46037
818023,20,11,19,276395
818535,23,11,22,34571
818791,22,12,21,207491
819527,21,12,20,415355
819559,22,13,21,623057
820455,23,13,22,311869
820583,22,10,21,23105
821607,21,11,20,138803
822087,22,13,21,624979
822439,21,12,20,416831
823143,22,13,21,625781
823623,21,12,20,417431
823975,24,14,23,469811
824551,24,13,23,156713
825063,24,14,23,470431
826023,22,13,21,627971
826215,20,11,19,279163
827751,21,11,20,139841
828231,23,13,22,314825
828583,20,8,19,10369
828743,22,12,21,210013
829287,24,13,23,157613
829511,22,13,21,630623
830119,22,13,21,631085
830695,22,13,21,631523
831655,20,10,19,93667
831815,21,12,20,421583
832743,21,12,20,422053
833255,22,13,21,633469
833383,23,13,22,316783
833863,22,13,21,633931
834663,22,12,21,211513
834727,20,10,19,94013
835655,23,13,22,317647
836423,23,13,22,317939
837351,22,13,21,636583
837543,22,12,21,212243
837735,21,12,20,424583
837959,22,13,21,637045
838119,22,12,21,212389
838311,22,13,21,637313
838567,24,13,23,159377
838887,22,13,21,637751
840871,20,10,19,94705
840935,21,12,20,426205
841831,21,12,20,426659
841895,20,11,19,284461
842567,24,8,23,659
842855,22,12,21,213589
843623,24,14,23,481013
844103,20,10,19,95069
845127,24,14,23,481871
845543,22,13,21,642811
845927,21,12,20,428735
846151,20,11,19,285899
846503,21,11,20,143009
846759,21,12,20,429157
847079,21,12,20,429319
847175,20,9,19,31805
848551,21,10,20,47785
848711,22,10,21,23897
848743,22,12,21,215081
849223,20,11,19,286937
850535,23,13,22,323303
852071,21,12,20,431849
852135,23,13,22,323911
853319,20,10,19,96107
853607,22,13,21,648941
854183,22,13,21,649379
854503,24,14,23,487217
854855,23,10,22,12035
854887,23,12,22,108319
855367,20,11,19,289013
855719,22,11,21,72283
856935,22,12,21,217157
857703,22,13,21,652055
858279,22,13,21,652493
860263,21,12,20,436001
860647,20,11,19,290797
861543,24,14,23,491231
861799,22,13,21,655169
862375,22,13,21,655607
862695,20,10,19,97163
862951,21,12,20,437363
863559,20,11,19,291781
864327,22,13,21,657091
864423,24,13,23,164291
865447,24,14,23,493457
866023,24,12,23,54865
866407,20,9,19,32527
867431,20,11,19,293089
868519,21,12,20,440185
869479,20,10,19,97927
869607,22,13,21,661105
869863,20,11,19,293911
870119,23,12,22,110249
870503,20,11,19,294127
870567,21,12,20,441223
871015,22,8,21,2725
871143,21,12,20,441515
872295,24,13,23,165787
872519,22,13,21,663319
872615,21,12,20,442261
872935,22,13,21,663635
873575,20,11,19,295165
873799,24,13,23,166073
874087,21,10,20,49223
874343,22,13,21,664705
874599,20,11,19,295511
875175,23,13,22,332669
875687,22,12,21,221909
876135,24,13,23,166517
876391,23,13,22,333131
877031,22,13,21,666749
877895,23,13,22,333703
878183,21,11,20,148361
878663,23,13,22,333995
878759,21,12,20,445375
879783,22,12,21,222947
880359,22,12,21,223093
880711,22,13,21,669547
881127,22,13,21,669863
881319,24,14,23,502507
881383,24,14,23,502543
881895,24,14,23,502835
882535,22,13,21,670933
882599,23,13,22,335491
882791,20,11,19,298279
883015,23,12,22,111883
883303,22,10,21,24871
883367,23,13,22,335783
884327,21,11,20,149399
884807,22,13,21,672661
885063,22,12,21,224285
885319,20,6,19,1231
886087,23,13,22,336817
887271,23,13,22,337267
887975,22,12,21,225023
888135,24,14,23,506393
888551,22,12,21,225169
888903,24,14,23,506831
889159,22,12,21,225323
889319,21,12,20,450727
889511,22,13,21,676237
889671,24,14,23,507269
889959,22,13,21,676577
890727,22,13,21,677161
892263,21,12,20,452219
892999,22,13,21,678889
894279,21,12,20,453241
894695,20,9,19,33589
894887,24,13,23,170081
895207,22,13,21,680567
895463,23,13,22,340381
895719,20,11,19,302647
895911,24,14,23,510827
897351,22,12,21,227399
897511,21,12,20,454879
897767,20,10,19,101113
897895,23,13,22,341305
898407,21,12,20,455333
898791,20,11,19,303685
899143,22,8,21,2813
899303,21,8,20,5627
899431,23,12,22,113963
901863,20,11,19,304723
902247,22,13,21,685919
902887,20,11,19,305069
902983,22,13,21,686479
903015,24,14,23,514877
903079,21,11,20,152567
903655,21,12,20,457993
905127,21,10,20,50971
905287,23,10,22,12745
905383,22,13,21,688303
906087,23,13,22,344419
906471,23,11,22,38285
907431,24,13,23,172465
907623,23,12,22,115001
908391,21,12,20,460393
908455,24,14,23,517979
910055,24,14,23,518891
910407,22,13,21,692123
911079,20,11,19,307837
911175,22,13,21,692707
911431,22,10,21,25663
911463,22,12,21,230975
911591,21,10,20,51335
912295,23,11,22,38531
912615,22,11,21,77089
913575,22,13,21,694531
913767,20,8,19,11435
914759,22,13,21,695431
914791,22,13,21,695455
915303,24,10,23,6443
916583,24,14,23,522613
916839,20,10,19,103261
917607,24,12,23,58133
917831,24,14,23,523325
918887,24,14,23,523927
919911,20,10,19,103607
920423,21,11,20,155497
920903,23,13,22,350051
921767,24,14,23,525569
922439,21,12,20,467513
922471,21,11,20,155843
923559,24,14,23,526591
924519,21,10,20,52063
924839,23,13,22,351547
926055,20,10,19,104299
926183,24,13,23,176029
926535,21,12,20,469589
927079,20,11,19,313243
928871,22,13,21,706159
929095,23,13,22,353165
930631,21,12,20,471665
930919,24,13,23,176929
931143,22,13,21,707887
931751,22,13,21,708349
932167,22,13,21,708665
932967,22,13,21,709273
933031,23,13,22,354661
934215,23,13,22,355111
935751,23,12,22,118565
936263,22,13,21,711779
936679,22,12,21,237365
936775,21,12,20,474779
937063,22,13,21,712387
937127,21,9,20,17591
937287,23,13,22,356279
937639,24,14,23,534619
938151,23,11,22,39623
939175,22,13,21,713993
939751,21,12,20,476287
939943,22,13,21,714577
940199,22,10,21,26473
941159,22,13,21,715501
941223,21,11,20,159011
941735,20,8,19,11785
941895,20,7,19,3929
942407,23,13,22,358225
944295,22,11,21,79765
944807,20,10,19,106411
944967,21,12,20,478931
945255,22,13,21,718615
945319,21,11,20,159703
945895,21,12,20,479401
946503,21,9,20,17767
947015,24,14,23,539965
947303,24,13,23,180043
947559,24,14,23,540275
948327,24,14,23,540713
948551,21,11,20,160249
948903,20,11,19,320617
950599,21,11,20,160595
951111,20,9,19,35707
951399,23,13,22,361643
951783,23,13,22,361789
951911,22,12,21,241225
952679,22,13,21,724259
953511,21,11,20,161087
953703,22,12,21,241679
954023,20,10,19,107449
954087,21,12,20,483553
954695,21,11,20,161287
955047,20,11,19,322693
955207,20,11,19,322747
955751,23,12,22,121099
955879,21,8,20,5981
956007,22,12,21,242263
957799,22,12,21,242717
958823,23,13,22,364465
958951,22,10,21,27001
959303,20,11,19,324131
959335,24,14,23,546989
959559,23,13,22,364745
959591,23,13,22,364757
959815,24,11,23,20269
960327,20,9,19,36053
960871,21,12,20,486991
961863,22,10,21,27083
962887,21,11,20,162671
963047,22,11,21,81349
963943,23,12,22,122137
964199,22,12,21,244339
964327,23,13,22,366557
964967,21,12,20,489067
965223,21,12,20,489197
965287,24,13,23,183461
965479,23,13,22,366995
967495,20,11,19,326899
967751,23,13,22,367859
968167,21,10,20,54521
968423,24,13,23,184057
968519,20,11,19,327245
969191,24,11,23,20467
969447,24,14,23,552755
970343,20,8,19,12143
970903,21,3,20,25
971431,22,13,21,738515
971879,22,10,21,27365
972519,23,13,22,369671
973127,24,13,23,184951
973159,21,12,20,493219
973415,21,12,20,493349
973927,24,11,23,20567
974951,21,9,20,18301
975687,24,14,23,556313
976487,20,10,19,109979
976711,20,11,19,330013
976999,21,11,20,165055
977575,23,13,22,371593
978663,22,13,21,744013
979015,21,12,20,496187
980199,21,12,20,496787
981095,21,10,20,55249
982183,22,13,21,746689
982631,20,10,19,110671
983111,21,12,20,498263
983143,21,11,20,166093
983783,22,13,21,747905
984295,21,12,20,498863
984807,24,13,23,187171
985415,23,13,22,374573
987207,21,12,20,500339
987303,22,13,21,750581
988519,24,14,23,563629
989031,21,12,20,501263
990567,24,14,23,564797
991335,21,11,20,167477
991559,22,13,21,753817
992327,22,12,21,251467
992487,21,12,20,503015
993351,21,12,20,503453
993511,22,12,21,251767
993607,23,13,22,377687
993639,23,13,22,377699
996071,22,13,21,757247
996519,24,13,23,189397
996583,24,13,23,189409
997095,24,14,23,568519
997223,21,12,20,505415
998311,20,8,19,12493
998471,20,7,19,4165
998631,20,8,19,12497
998951,20,5,19,463
1000167,21,10,20,56323
1000935,24,14,23,570709
1001383,20,10,19,112783
1001543,21,12,20,507605
1001703,22,12,21,253843
1001831,23,13,22,380813
1002215,21,11,20,169315
1002311,22,12,21,253997
1002343,22,12,21,254005
1002855,24,13,23,190601
1003367,24,14,23,572095
1004775,20,10,19,113165
1004903,22,13,21,763961
1005287,22,11,21,84917
1005479,20,11,19,339733
1005671,24,14,23,573409
1006247,22,13,21,764983
1006951,23,13,22,382759
1007687,20,9,19,37831
1007783,21,12,20,510767
1007975,22,13,21,766297
1008999,22,13,21,767075
1009255,23,13,22,383635
1009383,22,10,21,28421
1010503,22,12,21,256073
1010599,20,10,19,113821
1010919,20,10,19,113857
1011431,24,11,23,21359
1011623,20,11,19,341809
1011783,20,11,19,341863
1011879,21,12,20,512843
1013095,22,13,21,770189
1014439,22,13,21,771211
1015143,23,13,22,385873
1015399,22,13,21,771941
1015879,20,11,19,343247
1015975,21,12,20,514919
1016167,22,13,21,772525
1016903,20,9,19,38177
1017447,21,12,20,515665
1017959,24,14,23,580415
1018023,21,12,20,515957
1018727,24,14,23,580853
1018983,22,13,21,774665
1020583,23,13,22,387941
1020775,20,10,19,114967
1021095,22,12,21,258757
1021543,21,12,20,517741
1021799,20,11,19,345247
1021863,22,13,21,776855
1022055,22,13,21,777001
1022119,21,12,20,518033
1022311,22,9,21,9595
1022631,22,13,21,777439
1023335,21,11,20,172883
1024071,20,11,19,346015
1025095,20,11,19,346361
1025383,21,10,20,57743
1026407,22,11,21,86701
1026727,22,13,21,780553
1026791,24,14,23,585451
1027239,23,12,22,130157
1027303,24,14,23,585743
1028007,23,13,22,390763
1029479,21,11,20,173921
1029735,21,12,20,521893
1030311,21,12,20,522185
1030503,22,11,21,87047
1030759,23,12,22,130603
1031015,20,11,19,348361
1032359,23,13,22,392417
1033287,20,11,19,349129
1034055,24,13,23,196531
1034151,22,13,21,786197
1034407,22,13,21,786391
1034919,22,13,21,786781
1035079,24,14,23,590177
1036455,24,13,23,196987
1036615,23,12,22,131345
1036775,21,12,20,525461
1038503,24,14,23,592129
1038695,22,11,21,87739
1038951,23,12,22,131641
1039079,22,13,21,789943
1040871,21,12,20,527537
1041063,22,8,21,3257
1041127,24,13,23,197875
1041255,22,13,21,791597
1041383,23,6,22,181
1042599,20,10,19,117425
1043303,23,13,22,396577
1043559,21,12,20,528899
1043687,24,14,23,595085
1044647,20,11,19,352967
1045223,23,13,22,397307
1045607,21,12,20,529937
1045671,20,9,19,39257
1045735,22,12,21,265001
1046855,24,14,23,596891
1047207,23,10,22,14743
1047399,24,13,23,199067
1047719,20,11,19,354005
1048679,24,14,23,597931
1049063,21,12,20,531689
1049703,21,12,20,532013
1049831,22,12,21,266039
1050215,22,13,21,798409
1050439,24,13,23,199645
1051495,23,13,22,399691
1052327,22,13,21,800015
1052743,22,12,21,266777
1053159,22,13,21,800647
1053351,22,10,21,29659
1053415,23,13,22,400421
1053543,22,13,21,800939
1053799,21,12,20,534089
1054311,22,13,21,801523
1055847,21,12,20,535127
1056615,23,12,22,133879
1057255,24,14,23,602821
1057639,21,12,20,536035
1058023,22,12,21,268115
1058279,24,12,23,67045
1058407,22,13,21,804637
1058887,23,12,22,134167
1058919,23,12,22,134171
1059047,21,12,20,536749
1059655,21,9,20,19891
1059687,21,12,20,537073
1061703,21,11,20,179365
1061735,21,12,20,538111
1061991,24,14,23,605521
1062759,22,12,21,269315
1062823,23,13,22,403997
1064295,22,13,21,809113
1064551,24,13,23,202327
1065063,22,12,21,269899
1065127,24,14,23,607309
1065799,21,10,20,60019
1067079,23,12,22,135205
1067239,21,12,20,540901
1067847,21,11,20,180403
1067879,21,12,20,541225
1069671,21,7,20,2231
1071015,23,13,22,407111
1071431,23,13,22,407269
1071847,23,12,22,135809
1072231,23,13,22,407573
1072295,22,13,21,815195
1073895,22,12,21,272137
1075015,22,10,21,30269
1075527,24,13,23,204413
1075559,24,13,23,204419
1076039,21,11,20,181787
1076391,22,13,21,818309
1077159,22,13,21,818893
1077319,24,14,23,614261
1077991,22,12,21,273175
1078887,23,9,22,5063
1079207,23,13,22,410225
1079623,23,13,22,410383
1080487,24,14,23,616067
1081511,22,12,21,274067
1081671,22,13,21,822323
1082087,22,12,21,274213
1083303,24,13,23,205891
1083559,23,12,22,137293
1084135,24,12,23,68683
1084583,22,13,21,824537
1085767,22,13,21,825437
1086695,24,14,23,619607
1087079,23,11,22,45913
1087207,21,12,20,551021
1088103,21,9,20,20425
1089383,24,14,23,621139
1089863,24,14,23,621413
1090631,22,13,21,829135
1091431,24,14,23,622307
1091815,22,13,21,830035
1092775,21,12,20,553843
1092967,23,12,22,138485
1093351,21,12,20,554135
1093959,22,13,21,831665
1094503,23,13,22,416039
1094887,23,13,22,416185
1095271,23,11,22,46259
1095591,24,14,23,624679
1095847,24,12,23,69425
1096295,21,11,20,185209
1096551,22,13,21,833635
1097639,23,8,22,1717
1097959,22,7,21,1145
1098823,22,13,21,835363
1099495,24,14,23,626905
1099879,22,13,21,836165
1100135,21,12,20,557573
1100711,24,14,23,627599
1101159,23,12,22,139523
1101479,23,13,22,418691
1102151,21,12,20,558595
1102311,23,12,22,139669
1102695,23,13,22,419153
1103079,23,13,22,419299
1103207,22,12,21,279565
1103591,22,13,21,838987
1103783,22,10,21,31079
1103975,22,13,21,839279
1104487,21,11,20,186593
1105767,22,13,21,840641
1106279,21,12,20,560687
1106759,24,13,23,210349
1107015,22,13,21,841591
1107175,21,9,20,20783
1107303,22,12,21,280603
1108071,22,13,21,842393
1108903,23,13,22,421513
1109223,22,13,21,843269
1109671,23,13,22,421805
1109735,23,13,22,421829
1109927,24,10,23,7813
1110183,24,14,23,632999
1111271,21,11,20,187739
1112423,21,12,20,563801
1113191,22,12,21,282095
1113255,23,13,22,423167
1114599,24,12,23,70613
1115367,21,11,20,188431
1115495,22,12,21,282679
1115623,21,12,20,565423
1116231,21,9,20,20953
1116263,21,12,20,565747
1116391,23,9,22,5239
1116487,22,13,21,848791
1118279,21,11,20,188923
1119047,24,14,23,638053
1119335,24,12,23,70913
1119399,22,13,21,851005
1119559,24,14,23,638345
1119591,24,14,23,638363
1120935,21,12,20,568115
1121383,22,12,21,284171
1122375,21,10,20,63205
1122407,24,13,23,213323
1122631,23,13,22,426731
1123559,21,11,20,189815
1123815,21,12,20,569575
1124423,21,11,20,189961
1124455,21,12,20,569899
1124583,23,11,22,47497
1124679,22,13,21,855019
1124711,22,13,21,855043
1125031,21,12,20,570191
1125095,22,13,21,855335
1126567,24,14,23,642341
1127271,22,11,21,95221
1127591,22,13,21,857233
1128167,24,14,23,643253
1128295,21,11,20,190615
1128807,22,13,21,858157
1129127,21,12,20,572267
1129319,23,10,22,15899
1129639,23,13,22,429395
1130599,21,12,20,573013
1131591,23,10,22,15931
1132135,22,13,21,860687
1132615,21,11,20,191345
1132711,22,13,21,861125
1132775,23,11,22,47843
1132871,22,13,21,861247
1133287,22,13,21,861563
1133415,24,11,23,23935
1134247,22,12,21,287431
1134759,23,13,22,431341
1135271,21,12,20,575381
1135783,22,13,21,863461
1135943,24,14,23,647687
1138279,24,14,23,649019
1139015,23,13,22,432959
1140903,22,13,21,867353
1141479,21,12,20,578527
1143463,21,12,20,579533
1143623,22,12,21,289807
1144135,23,13,22,434905
1144551,23,12,22,145021
1144999,21,9,20,21493
1147047,21,11,20,193783
1147623,21,12,20,581641
1148391,23,13,22,436523
1149095,21,11,20,194129
1149287,24,14,23,655295
1149671,21,12,20,582679
1149767,24,12,23,72841
1150279,22,13,21,874481
1151463,22,13,21,875381
1152231,22,13,21,875965
1152743,23,12,22,146059
1153127,23,13,22,438323
1153191,21,11,20,194821
1154375,21,8,20,7223
1154407,22,13,21,877619
1154535,24,7,23,301
1155815,24,14,23,659017
1156711,21,12,20,586247
1157031,24,14,23,659711
1157447,23,10,22,16295
1158055,22,13,21,880393
1158311,22,11,21,97843
1158375,24,13,23,220159
1158887,22,12,21,293675
1159655,22,13,21,881609
1160519,21,10,20,65353
1160551,23,13,22,441145
1161383,21,11,20,196205
1162343,24,13,23,220913
1162599,24,14,23,662885
1162855,21,12,20,589361
1163335,22,13,21,884407
1163751,21,9,20,21845
1165127,24,14,23,664327
1165159,22,13,21,885793
1166247,22,13,21,886621
1166663,21,10,20,65699
1166695,21,12,20,591307
1167527,24,14,23,665695
1167687,22,11,21,98635
1167847,21,11,20,197297
1168743,21,12,20,592345
1168999,21,12,20,592475
1170151,24,13,23,222397
1171623,22,13,21,890707
1171943,21,11,20,197989
1172199,22,13,21,891145
1172839,21,12,20,594421
1172967,22,9,21,11009
1176295,22,13,21,894259
1176423,24,13,23,223589
1177511,21,12,20,596789
1177959,24,12,23,74627
1178215,22,12,21,298573
1179751,24,14,23,672665
1180135,21,11,20,199373
1180391,22,13,21,897373
1181031,21,12,20,598573
1181159,22,11,21,99773
1181287,23,13,22,449027
1181607,21,12,20,598865
1183911,22,13,21,900049
1184487,22,13,21,900487
1184871,21,11,20,200173
1184999,24,12,23,75073
1185703,21,12,20,600941
1185895,22,10,21,33391
1186919,21,11,20,200519
1188679,23,13,22,451837
1188967,21,10,20,66955
1189351,22,11,21,100465
1189991,22,11,21,100519
1191143,22,12,21,301849
1191847,21,12,20,604055
1192103,22,13,21,906277
1192679,22,13,21,906715
1192775,24,13,23,226697
1193287,24,14,23,680383
1193703,22,13,21,907493
1194599,24,14,23,681131
1194663,22,12,21,302741
1195367,23,13,22,454379
1195879,22,12,21,303049
1196135,23,11,22,50519
1196199,24,14,23,682043
1196903,21,12,20,606617
1197287,23,12,22,151703
1197799,22,13,21,910607
1198919,22,13,21,911459
1200039,21,12,20,608207
1200807,23,12,22,152149
1200967,21,12,20,608677
1200999,21,12,20,608693
1201479,22,13,21,913405
1201511,22,13,21,913429
1201895,22,13,21,913721
1204071,22,12,21,305125
1205095,21,12,20,610769
1205575,22,13,21,916519
1205607,22,13,21,916543
1206343,22,12,21,305701
1206503,21,12,20,611483
1207111,22,13,21,917687
1207143,21,12,20,611807
1207399,24,14,23,688429
1208999,23,12,22,153187
1209159,21,12,20,612829
1209703,22,13,21,919657
1210215,23,12,22,153341
1211239,21,12,20,613883
1211751,23,13,22,460607
1213159,24,11,23,25619
1213767,22,13,21,922747
1214183,21,10,20,68375
1214951,22,13,21,923647
1215207,22,11,21,102649
1215303,21,12,20,615943
1216231,24,13,23,231155
1217255,23,10,22,17137
1218279,21,11,20,205817
1219431,21,12,20,618035
1220455,24,14,23,695873
1221479,22,13,21,928609
1222727,24,14,23,697169
1222823,22,12,21,309877
1223015,22,13,21,929777
1223143,22,13,21,929875
1223527,23,13,22,465083
1224423,21,11,20,206855
1225575,22,13,21,931723
1226919,24,14,23,699559
1227111,22,13,21,932891
1227367,23,13,22,466543
1227431,24,14,23,699851
1230183,23,9,22,5773
1231175,21,12,20,623987
1232231,22,11,21,104087
1232551,22,13,21,937027
1234247,24,12,23,78193
1234279,24,11,23,26065
1234535,22,12,21,312845
1235111,22,12,21,312991
1235303,22,13,21,939119
1235559,23,13,22,469657
1237831,22,13,21,941041
1238343,23,12,22,156905
1238375,23,11,22,52303
1239367,21,12,20,628139
1240231,24,14,23,707149
1240743,22,13,21,943255
1241159,22,13,21,943571
1241575,22,12,21,314629
1242343,22,13,21,944471
1243495,21,11,20,210077
1243751,21,12,20,630361
1245255,22,13,21,946685
1245543,21,10,20,70141
1245671,24,14,23,710251
1246439,22,13,21,947585
1246567,23,11,22,52649
1247719,23,12,22,158093
1248583,22,12,21,316405
1248935,22,13,21,949483
1249351,22,13,21,949799
1249607,24,14,23,712495
1250119,24,14,23,712787
1250151,24,14,23,712805
1250407,24,14,23,712951
1251175,22,13,21,951185
1251239,23,12,22,158539
1253863,22,12,21,317743
1254631,22,13,21,953813
1255495,23,13,22,477235
1256359,24,14,23,716345
1256775,22,12,21,318481
1257383,22,12,21,318635
1257543,21,12,20,637351
1258151,21,9,20,23617
1259367,22,13,21,957413
1260199,21,11,20,212899
1260647,23,12,22,159731
1262823,21,12,20,640027
1263079,21,12,20,640157
1263431,22,13,21,960503
1263463,24,14,23,720395
1263687,23,13,22,480349
1263719,21,12,20,640481
1264295,21,10,20,71197
1265511,21,12,20,641389
1265575,22,12,21,320711
1265735,21,12,20,641503
1266343,21,11,20,213937
1266791,22,12,21,321019
1267527,21,8,20,7931
1267559,21,12,20,642427
1267815,21,12,20,642557
1268903,24,14,23,723497
1269607,21,12,20,643465
1269927,22,13,21,965441
1271879,21,12,20,644617
1272039,22,12,21,322349
1272679,22,12,21,322511
1273511,23,10,22,17929
1274023,22,13,21,968555
1274535,21,11,20,215321
1274695,23,11,22,53837
1275751,21,12,20,646579
1276007,21,12,20,646709
1276775,22,12,21,323549
1277799,24,14,23,728569
1278119,22,13,21,971669
1278279,24,14,23,728843
1279463,22,13,21,972691
1279591,24,13,23,243197
1279815,21,10,20,72071
1280103,22,13,21,973177
1280167,23,13,22,486613
1280359,24,13,23,243343
1280839,22,11,21,108193
1281383,23,13,22,487075
1282215,24,14,23,731087
1283303,23,13,22,487805
1283431,22,13,21,975707
1283687,23,13,22,487951
1284263,24,13,23,244085
1284775,24,14,23,732547
1284967,22,12,21,325625
1286503,22,13,21,978043
1288935,21,12,20,653261
1289127,23,13,22,490019
1289447,22,13,21,980281
1291879,23,13,22,491065
1292007,22,12,21,327409
1294407,24,13,23,246013
1295079,21,12,20,656375
1296103,22,12,21,328447
1296231,23,13,22,492719
1297319,23,13,22,493133
1297639,22,13,21,986509
1298919,23,13,22,493741
1299687,23,13,22,494033
1300071,21,11,20,219635
1300647,21,12,20,659197
1301223,24,14,23,741925
1302119,21,10,20,73327
1302375,22,13,21,990109
1303015,24,13,23,247649
1304295,22,12,21,330523
1304903,22,12,21,330677
1305255,22,13,21,992299
1305319,22,13,21,992347
1305511,23,13,22,496247
1305703,22,13,21,992639
1305831,22,13,21,992737
1306471,24,14,23,744917
1307751,24,13,23,248549
1307975,21,12,20,662911
1308007,21,12,20,662927
1309031,24,14,23,746377
1309287,24,11,23,27649
1309543,24,14,23,746669
1311463,23,13,22,498509
1311847,23,13,22,498655
1314119,21,12,20,666025
1314727,21,9,20,24679
1314983,23,13,22,499847
1316071,24,14,23,750391
1316775,21,11,20,222457
1317991,22,13,21,1001981
1319399,21,12,20,668701
1319783,22,13,21,1003343
1320007,23,13,22,501757
1320295,21,12,20,669155
1320423,24,14,23,752873
1320871,21,10,20,74383
1321127,22,13,21,1004365
1321191,23,13,22,502207
1321831,24,13,23,251225
1322087,21,12,20,670063
1322311,21,12,20,670177
1322919,21,11,20,223495
1323175,23,13,22,502961
1323879,22,13,21,1006457
1324103,21,8,20,8285
1324135,21,12,20,671101
1324743,21,5,20,307
1326183,21,12,20,672139
1327175,22,10,21,37369
1328359,22,11,21,112207
1328615,23,12,22,168343
1328743,22,13,21,1010155
1329383,23,13,22,505321
1329895,24,14,23,758273
1330087,22,10,21,37451
1330407,24,10,23,9365
1330535,22,13,21,1011517
1331111,21,11,20,224879
1331271,22,11,21,112453
1331367,23,13,22,506075
1332327,21,12,20,675253
1332551,23,13,22,506525
1332583,23,13,22,506537
1333351,23,12,22,168943
1334119,21,9,20,25043
1335143,24,11,23,28195
1336167,21,11,20,225733
1336391,21,10,20,75257
1336647,24,13,23,254041
1336679,24,13,23,254047
1336935,22,13,21,1016383
1337415,24,11,23,28243
1337511,22,13,21,1016821
1337575,21,11,20,225971
1337671,24,14,23,762707
1338215,21,11,20,226079
1339879,22,13,21,1018621
1340743,23,13,22,509639
1341287,22,11,21,113299
1341543,23,12,22,169981
1342119,24,12,23,85027
1342311,21,11,20,226771
1342631,22,13,21,1020713
1343079,23,13,22,510527
1346023,24,13,23,255823
1346279,24,14,23,767615
1346887,22,13,21,1023949
1348263,22,12,21,341665
1348423,21,12,20,683411
1349351,23,13,22,512911
1350503,21,11,20,228155
1351015,24,14,23,770315
1352007,22,13,21,1027841
1352423,22,12,21,342719
1352519,21,12,20,685487
1352871,21,8,20,8465
1353031,24,13,23,257155
1354471,23,12,22,171619
1354919,22,13,21,1030055
1355495,22,13,21,1030493
1355943,22,10,21,38179
1356263,22,13,21,1031077
1357543,21,12,20,688033
1357991,24,14,23,774293
1359015,21,10,20,76531
1360615,22,12,21,344795
1360711,21,12,20,689639
1360743,23,13,22,517241
1360999,22,13,21,1034677
1361639,21,12,20,690109
1361735,22,12,21,345079
1361831,23,13,22,517655
1362279,23,13,22,517825
1362407,24,13,23,258937
1364295,22,13,21,1037183
1364807,24,13,23,259393
1365159,21,10,20,76877
1365319,24,14,23,778471
1366183,23,11,22,57701
1367143,24,13,23,259837
1368391,21,10,20,77059
1368423,22,13,21,1040321
1369159,24,14,23,780661
1369831,21,12,20,694261
1369927,22,12,21,347155
1370439,21,11,20,231523
1373511,22,11,21,116021
1376743,24,14,23,784985
1377607,22,10,21,38789
1377767,22,13,21,1047425
1378407,22,13,21,1047911
1379175,22,13,21,1048495
1379655,24,11,23,29135
1381223,24,13,23,262513
1381479,24,14,23,787685
1383079,22,13,21,1051463
1384295,22,13,21,1052387
1384551,24,14,23,789437
1384935,23,11,22,58493
1385831,22,12,21,351185
1385959,22,13,21,1053653
1386599,22,13,21,1054139
1386983,22,10,21,39053
1387175,22,13,21,1054577
1389287,24,14,23,792137
1390311,22,13,21,1056961
1390695,21,9,20,26105
1391271,22,13,21,1057691
1391719,22,11,21,117559
1392743,23,13,22,529405
1393511,24,14,23,794545
1393767,24,10,23,9811
1394151,21,11,20,235529
1394407,22,13,21,1060075
1394791,21,11,20,235637
1395015,24,14,23,795403
1395527,24,14,23,795695
1397415,23,13,22,531181
1397863,23,11,22,59039
1398503,22,13,21,1063189
1398695,22,12,21,354445
1398887,21,11,20,236329
1399463,21,12,20,709279
1399527,22,13,21,1063967
1399975,24,13,23,266077
1401575,24,13,23,266381
1403239,22,13,21,1066789
1403623,22,13,21,1067081
1404071,23,13,22,533711
1404647,24,13,23,266965
1404839,23,12,22,178001
1404999,21,12,20,712085
1405607,23,13,22,534295
1405671,23,13,22,534319
1407079,21,11,20,237713
1407303,22,13,21,1069879
1407655,21,12,20,713431
1409095,21,12,20,714161
1409351,24,13,23,267859
1409607,23,6,22,245
1411431,22,13,21,1073017
1411815,22,13,21,1073309
1411911,24,14,23,805037
1411943,23,12,22,178901
1412263,23,13,22,536825
1413447,23,13,22,537275
1413799,21,12,20,716545
1413959,22,12,21,358313
1414311,24,14,23,806405
1415015,21,12,20,717161
1415079,24,14,23,806843
1415911,24,14,23,807317
1417287,21,12,20,718313
1418055,22,12,21,359351
1418855,22,13,21,1078661
1418983,23,9,22,6659
1419623,22,13,21,1079245
1420007,21,11,20,239897
1420647,22,13,21,1080023
1421383,22,13,21,1080583
1421639,23,13,22,540389
1422055,21,10,20,80081
1423207,24,14,23,811477
1423719,22,13,21,1082359
1424231,24,12,23,90229
1424743,22,13,21,1083137
1424999,24,13,23,270833
1425479,24,14,23,812773
1426151,21,11,20,240935
1426247,22,12,21,361427
1426503,24,12,23,90373
1427175,23,11,22,60277
1427271,21,12,20,723373
1428839,22,13,21,1086251
1429671,21,12,20,724589
1431143,22,13,21,1088003
1431399,22,13,21,1088197
1431911,22,13,21,1088587
1432743,22,12,21,363073
1433447,23,13,22,544877
1434983,23,13,22,545461
1435367,23,11,22,60623
1435463,21,12,20,727525
1435751,23,13,22,545753
1436839,22,12,21,364111
1437031,24,14,23,819359
1437863,21,12,20,728741
1438055,22,8,21,4499
1439655,23,13,22,547237
1440071,23,12,22,182465
1440103,24,14,23,821111
1440871,23,13,22,547699
1440935,22,12,21,365149
1441127,21,10,20,81155
1441895,22,13,21,1096177
1441959,24,14,23,822169
1442119,22,12,21,365449
1443175,23,13,22,548575
1443751,24,13,23,274397
1445543,24,14,23,824213
1446215,22,12,21,366487
1447079,23,12,22,183353
1447143,24,14,23,825125
1447847,23,13,22,550351
1450087,22,13,21,1102405
1450311,22,12,21,367525
1450343,22,10,21,40837
1451367,21,11,20,245195
1452359,24,12,23,92011
1453991,22,13,21,1105373
1454919,24,14,23,829559
1455271,23,12,22,184391
1455431,21,12,20,737645
1456039,21,12,20,737953
1460039,22,13,21,1109971
1460967,24,13,23,277669
1461351,21,12,20,740645
1461575,21,12,20,740759
1461927,23,13,22,555703
1462183,22,13,21,1111601
1463111,23,13,22,556153
1463143,23,13,22,556165
1464231,21,12,20,742105
1465447,21,12,20,742721
1466023,21,8,20,9173
1466183,22,7,21,1529
1467239,24,13,23,278861
1467719,24,14,23,836857
1467751,24,14,23,836875
1468007,24,13,23,279007
1468519,22,12,21,372139
1468647,22,13,21,1116515
1469095,22,10,21,41365
1469287,22,13,21,1117001
1469543,21,12,20,744797
1470375,21,12,20,745219
1470535,23,12,22,186325
1471303,23,13,22,559267
1471591,21,12,20,745835
1471815,22,13,21,1118923
1472231,22,13,21,1119239
1473191,22,11,21,124441
1473383,22,13,21,1120115
1474151,22,13,21,1120699
1475399,21,9,20,27695
1475687,21,12,20,747911
1476455,23,12,22,187075
1477095,24,14,23,842203
1477447,22,13,21,1123205
1477959,23,13,22,561797
1477991,23,13,22,561809
1478311,21,10,20,83249
1478375,24,14,23,842933
1479495,21,11,20,249947
1480039,22,13,21,1125175
1480295,23,13,22,562685
1480551,24,12,23,93797
1480807,22,12,21,375253
1481575,22,13,21,1126343
1482087,24,13,23,281683
1482823,24,12,23,93941
1483591,21,11,20,250639
1483847,21,12,20,752047
1483879,21,12,20,752063
1484615,23,9,22,6967
1485927,22,13,21,1129651
1488231,22,13,21,1131403
1488487,23,13,22,565799
1489639,22,12,21,377491
1489767,21,12,20,755047
1490023,22,13,21,1132765
1491783,21,11,20,252023
1492039,21,12,20,756199
1492807,23,11,22,63049
1492903,22,13,21,1134955
1493319,22,13,21,1135271
1493735,22,12,21,378529
1494631,24,8,23,1169
1496391,24,14,23,853205
1496807,21,12,20,758615
1497191,24,14,23,853661
1497831,22,12,21,379567
1499879,23,12,22,190043
1500775,22,10,21,42257
1500999,23,11,22,63395
1501511,22,13,21,1141499
1502951,21,12,20,761729
1503399,23,12,22,190489
1503975,24,12,23,95281
1504103,22,13,21,1143469
1506471,21,12,20,763513
1506919,23,10,22,21215
1509095,21,12,20,764843
1509223,24,14,23,860521
1509703,21,12,20,765151
1510247,24,13,23,287035
1512295,22,13,21,1149697
1512615,21,12,20,766627
1512679,22,13,21,1149989
1512775,23,12,22,191677
1514663,24,14,23,863623
1514855,22,12,21,383881
1515847,21,12,20,768265
1516615,23,13,22,576491
1517799,23,13,22,576941
1517895,21,12,20,769303
1517927,21,12,20,769319
1518311,24,14,23,865703
1518503,22,13,21,1154417
1518823,24,13,23,288665
1519687,22,13,21,1155317
1520455,22,13,21,1155901
1520487,22,13,21,1155925
1520807,21,12,20,770779
1520967,23,12,22,192715
1521383,23,13,22,578303
1522023,21,12,20,771395
1522599,21,8,20,9527
1522759,24,7,23,397
1522919,21,8,20,9529
1523047,22,12,21,385957
1523239,21,5,20,353
1523559,24,13,23,289565
1524039,24,14,23,868969
1524583,24,14,23,869279
1524967,22,13,21,1159331
1525223,23,13,22,579763
1525607,22,13,21,1159817
1525671,23,10,22,21479
1525863,24,13,23,290003
1525991,23,13,22,580055
1526119,21,12,20,773471
1526599,24,13,23,290143
1526631,24,13,23,290149
1527111,22,12,21,386987
1527655,23,13,22,580687
1527879,22,13,21,1161545
1529063,21,10,20,86107
1529703,22,13,21,1162931
1529767,24,11,23,32305
1529959,23,13,22,581563
1531047,22,13,21,1163953
1531975,21,9,20,28757
1532263,21,12,20,776585
1534887,21,10,20,86435
1535079,23,12,22,194503
1535143,22,13,21,1167067
1535207,21,10,20,86453
1535911,22,11,21,129739
1536071,21,11,20,259505
1537127,22,12,21,389525
1537895,22,13,21,1169159
1538151,23,13,22,584677
1538375,24,13,23,292381
1539239,22,13,21,1170181
1540167,21,11,20,260197
1540199,24,14,23,878183
1540423,22,13,21,1171081
1540455,21,12,20,780737
1541191,22,9,21,14465
1541223,22,12,21,390563
1541735,24,14,23,879059
1543335,22,13,21,1173295
1544519,22,13,21,1174195
1545383,24,13,23,293713
1546087,21,11,20,261197
1546343,21,12,20,783721
1546407,24,14,23,881723
1546919,21,12,20,784013
1548359,21,11,20,261581
1548615,22,13,21,1177309
1549383,22,11,21,130877
1549415,22,12,21,392639
1551015,21,12,20,786089
1551079,23,13,22,589591
1551527,22,13,21,1179523
1552711,22,13,21,1180423
1553223,24,12,23,98401
1555047,22,13,21,1182199
1555303,22,11,21,131377
1557223,22,13,21,1183853
1557575,22,11,21,131569
1559207,21,12,20,790241
1559367,22,12,21,395161
1560231,24,12,23,98845
1560903,22,13,21,1186651
1561927,22,13,21,1187429
1562791,23,13,22,594043
1563239,22,13,21,1188427
1563303,22,13,21,1188475
1563367,21,12,20,792349
1565159,24,14,23,892415
1565415,21,12,20,793387
1565511,23,12,22,198359
1566023,22,13,21,1190543
1566823,22,13,21,1191151
1566887,21,10,20,88237
1568615,22,13,21,1192513
1568935,21,11,20,265057
1569511,21,12,20,795463
1569895,24,14,23,895115
1569959,22,9,21,14735
1570119,22,13,21,1193657
1570151,22,13,21,1193681
1572007,24,11,23,33197
1572967,23,13,22,597911
1574119,23,13,22,598349
1574375,22,13,21,1196893
1574503,21,12,20,797993
1574631,22,12,21,399029
1574727,21,12,20,798107
1575399,22,13,21,1197671
1576103,23,10,22,22189
1577703,21,12,20,799615
1578151,22,11,21,133307
1578599,21,12,20,800069
1579495,21,8,20,9883
1580903,22,13,21,1201855
1581159,23,13,22,601025
1581383,24,11,23,33395
1581543,23,13,22,601171
1582311,23,13,22,601463
1582407,21,10,20,89111
1582439,22,13,21,1203023
1582567,22,13,21,1203121
1582695,21,12,20,802145
1583175,22,13,21,1203583
1583207,22,13,21,1203607
1583431,22,11,21,133753
1583975,24,14,23,903143
1584231,22,13,21,1204385
1584455,24,13,23,301139
1585479,23,10,22,22321
1585639,21,10,20,89293
1586279,23,13,22,602971
1586343,22,11,21,133999
1586503,21,11,20,268025
1587047,23,13,22,603263
1587815,23,12,22,201185
1587879,24,14,23,905369
1588327,22,13,21,1207499
1588583,21,12,20,805129
1588839,21,12,20,805259
1589351,23,13,22,604139
1591367,22,13,21,1209811
1591655,22,12,21,403343
1591783,21,10,20,89639
1592039,22,13,21,1210321
1592647,21,11,20,269063
1594471,23,13,22,606085
1596135,22,13,21,1213435
1596775,24,14,23,910441
1597031,21,12,20,809411
1597799,24,12,23,101225
1598567,21,9,20,30007
1599079,24,14,23,911755
1600615,21,11,20,270409
1602279,23,13,22,609053
1602663,21,11,20,270755
1602791,22,12,21,406165
1603495,21,12,20,812687
1604263,24,14,23,914711
1605799,23,13,22,610391
1606375,24,13,23,305305
1606759,21,11,20,271447
1606887,22,12,21,407203
1607591,21,12,20,814763
1607847,22,13,21,1222339
1608103,22,6,21,559
1608423,22,13,21,1222777
1609063,22,13,21,1223263
1609799,22,12,21,407941
1610567,22,13,21,1224407
1610983,22,12,21,408241
1611111,24,13,23,306205
1611623,24,14,23,918907
1611879,24,11,23,34039
1611943,22,13,21,1225453
1612455,23,12,22,204307
1613159,22,13,21,1226377
1613895,24,14,23,920203
1613927,22,10,21,45443
1614663,22,13,21,1227521
1614951,21,11,20,272831
1615719,22,12,21,409441
1615783,21,12,20,818915
1615943,23,12,22,204749
1616039,24,14,23,921425
1616103,21,12,20,819077
1616551,24,12,23,102413
1616807,22,12,21,409717
1617127,23,12,22,204899
1617255,22,13,21,1229491
1617831,24,14,23,922447
1618791,21,12,20,820439
1619687,24,13,23,307835
1619815,22,12,21,410479
1619879,23,13,22,615743
1620135,22,13,21,1231681
1621351,22,13,21,1232605
1622087,22,12,21,411055
1622855,22,13,21,1233749
1623783,23,13,22,617227
1623911,22,12,21,411517
1624999,22,12,21,411793
1625191,24,13,23,308881
1625319,23,12,22,205937
1625447,22,13,21,1235719
1625767,21,12,20,823975
1626599,22,13,21,1236595
1626855,22,9,21,15269
1626983,21,12,20,824591
1627495,24,13,23,309319
1627751,24,14,23,928103
1628519,24,14,23,928541
1628903,23,11,22,68797
1630695,22,13,21,1239709
1630951,22,11,21,137767
1631047,21,12,20,826651
1631303,21,12,20,826781
1631591,23,13,22,620195
1631975,23,13,22,620341
1633959,21,12,20,828127
1634791,24,14,23,932117
1635047,22,11,21,138113
1637479,23,13,22,622433
1638567,22,12,21,415231
1638887,22,13,21,1245937
1639783,23,13,22,623309
1640167,21,11,20,277091
1640263,22,12,21,415661
1640295,24,14,23,935255
1640615,23,12,22,207875
1641319,24,14,23,935839
1642215,21,10,20,92479
1643239,22,11,21,138805
1643623,22,13,21,1249537
1644711,24,12,23,104197
1645671,23,13,22,625547
1647687,22,13,21,1252627
1648807,23,12,22,208913
1650855,22,12,21,418345
1651527,23,13,22,627773
1652071,22,10,21,46517
1653927,21,12,20,838247
1654119,24,11,23,34931
1654375,22,12,21,419237
1655143,21,9,20,31069
1657159,21,12,20,839885
1657191,21,11,20,279967
1657671,22,13,21,1260217
1658535,23,13,22,630437
1659367,23,12,22,210251
1660071,21,12,20,841361
1660231,22,12,21,420721
1661287,21,10,20,93553
1661607,22,13,21,1263209
1662567,22,12,21,421313
1663303,21,12,20,842999
1663335,21,11,20,281005
1663463,24,12,23,105385
1664327,22,12,21,421759
1665255,24,14,23,949487
1665863,22,13,21,1266445
1667143,23,13,22,633709
1667559,23,12,22,211289
1667911,23,13,22,634001
1668839,22,13,21,1268707
1669031,22,12,21,422951
1669447,24,14,23,951877
1669799,22,13,21,1269437
1669991,24,14,23,952187
1670311,23,13,22,634913
1671239,24,13,23,317633
1671527,21,11,20,282389
1672519,22,12,21,423835
1672679,21,12,20,847751
1673127,22,12,21,423989
1673543,22,13,21,1272283
1673703,22,12,21,424135
1673895,21,9,20,31421
1674055,22,13,21,1272673
1675943,24,13,23,318527
1676455,22,13,21,1274497
1676519,21,12,20,849697
1677031,22,13,21,1274935
1677991,21,11,20,283481
1678055,22,13,21,1275713
1679687,23,13,22,638477
1680103,23,13,22,638635
1681319,22,12,21,426065
1681895,22,12,21,426211
1682087,21,11,20,284173
1682343,21,12,20,852649
1682663,21,12,20,852811
1683111,22,9,21,15797
1683175,23,13,22,639803
1684295,24,14,23,960343
1685863,24,14,23,961237
1686119,24,13,23,320461
1686375,24,14,23,961529
1687143,24,14,23,961967
1687623,21,12,20,855325
1688647,24,14,23,962825
1688679,23,12,22,213965
1689415,23,13,22,642175
1689447,21,12,20,856249
1690279,21,11,20,285557
1690535,21,12,20,856801
1690855,21,12,20,856963
1691303,22,11,21,142865
1691815,23,13,22,643087
1692519,22,12,21,428903
1696583,22,11,21,143311
1696839,23,12,22,214999
1697607,23,13,22,645289
1697639,24,14,23,967951
1698119,24,14,23,968225
1698151,24,14,23,968243
1698631,24,10,23,11957
1698919,24,14,23,968681
1699175,22,13,21,1291769
1699495,22,11,21,143557
1700007,23,13,22,646201
1701095,22,13,21,1293229
1702247,22,13,21,1294105
1702503,24,13,23,323575
1704679,21,12,20,863969
1705191,22,13,21,1296343
1705799,21,11,20,288179
1705895,24,14,23,972659
1708103,22,13,21,1298557
1708199,21,12,20,865753
1709287,22,13,21,1299457
1711271,22,12,21,433655
1711719,21,9,20,32131
1711975,24,13,23,325375
1712999,24,14,23,976709
1713383,22,13,21,1302571
1713767,21,11,20,289525
1714247,24,13,23,325807
1714343,21,12,20,868867
1714503,24,14,23,977567
1715111,22,13,21,1303885
1716391,21,12,20,869905
1716967,21,12,20,870197
1717575,23,13,22,652879
1717863,21,10,20,96739
1718119,22,13,21,1306171
1718183,24,13,23,326555
1718951,24,13,23,326701
1719463,22,12,21,435731
1719911,21,11,20,290563
1720647,22,12,21,436031
1721255,22,7,21,1795
1721575,22,13,21,1308799
1721735,21,4,20,133
1722215,22,13,21,1309285
1722695,23,12,22,218275
1723495,23,13,22,655129
1723719,22,13,21,1310429
1723751,21,12,20,873635
1724487,22,13,21,1311013
1725095,22,13,21,1311475
1725767,21,12,20,874657
1725799,21,12,20,874673
1727079,22,10,21,48629
1727591,24,13,23,328343
1728103,21,11,20,291947
1728359,24,13,23,328489
1728839,22,12,21,438107
1728871,24,14,23,985759
1729255,22,13,21,1314637
1729383,24,14,23,986051
1729863,21,12,20,876733
1729895,21,12,20,876749
1730471,21,9,20,32483
1730631,24,13,23,328921
1731687,23,13,22,658243
1732519,22,13,21,1317119
1733095,21,12,20,878371
1733287,22,13,21,1317703
1733351,22,13,21,1317751
1733735,22,13,21,1318043
1733991,21,12,20,878825
1734503,22,13,21,1318627
1734567,21,11,20,293039
1736039,21,12,20,879863
1736871,22,13,21,1320427
1737831,22,13,21,1321157
1738055,21,12,20,880885
1738663,21,11,20,293731
1739111,23,12,22,220355
1739239,21,12,20,881485
1739623,22,13,21,1322519
1740007,22,9,21,16331
1740647,24,14,23,992473
1741927,24,14,23,993203
1742183,24,14,23,993349
1742695,24,14,23,993641
1743015,23,13,22,662549
1744967,24,14,23,994937
1745255,22,12,21,442267
1745991,22,13,21,1327361
1746023,22,13,21,1327385
1746151,23,10,22,24583
1746855,21,11,20,295115
1747111,24,13,23,332053
1747431,21,12,20,885637
1747623,24,14,23,996451
1747879,24,11,23,36911
1748135,24,14,23,996743
1748199,22,11,21,147671
1751207,23,13,22,665663
1751719,22,12,21,443905
1751911,22,13,21,1331861
1752423,23,13,22,666125
1753159,23,11,22,74045
1754183,22,13,21,1333589
1754215,21,12,20,889075
1754983,24,11,23,37061
1755207,22,10,21,49421
1755367,21,10,20,98851
1756007,21,10,20,98887
1756391,22,11,21,148363
1757511,24,14,23,1002089
1757863,23,12,22,222731
1758055,21,11,20,297007
1758535,22,13,21,1336897
1758823,24,13,23,334279
1758951,22,13,21,1337213
1759399,23,13,22,668777
1760423,24,13,23,334583
1761767,23,13,22,669677
1762375,21,11,20,297737
1762631,22,13,21,1340011
1764007,22,12,21,447019
1764519,23,13,22,670723
1765095,24,13,23,335471
1765863,24,13,23,335617
1766119,24,14,23,1006997
1766727,22,13,21,1343125
1767751,22,13,21,1343903
1768551,22,13,21,1344511
1769799,24,13,23,336365
1769959,23,13,22,672791
1771111,24,14,23,1009843
1771239,22,13,21,1346555
1771623,24,14,23,1010135
1771847,22,13,21,1347017
1772007,22,13,21,1347139
1772871,24,13,23,336949
1773223,21,12,20,898709
1773895,23,13,22,674287
1774695,23,13,22,674591
1774759,22,13,21,1349231
1775527,22,13,21,1349815
1775783,24,14,23,1012507
1776295,24,14,23,1012799
1776743,22,13,21,1350739
1778151,23,13,22,675905
1779879,22,11,21,150347
1780039,22,13,21,1353245
1780071,22,13,21,1353269
1780903,21,10,20,100289
1781671,23,13,22,677243
1782503,23,12,22,225853
1782951,22,13,21,1355459
1783975,22,10,21,50231
1784135,24,14,23,1017269
1784167,22,13,21,1356383
1784935,22,13,21,1356967
1784999,21,11,20,301559
1787207,23,9,22,8387
1788007,24,14,23,1019477
1788231,21,11,20,302105
1788263,22,13,21,1359497
1789607,22,13,21,1360519
1789863,23,13,22,680357
1790279,21,10,20,100817
1791079,23,13,22,680819
1791143,21,11,20,302597
1793383,22,12,21,454463
1794375,21,11,20,303143
1794535,24,14,23,1023199
1794919,22,13,21,1364557
1795399,23,11,22,75829
1795687,22,12,21,455047
1796199,23,13,22,682765
1796327,24,13,23,341407
1796455,21,12,20,910483
1796583,23,9,22,8431
1796967,23,13,22,683057
1798631,22,11,21,151931
1799015,24,14,23,1025753
1799527,24,12,23,114005
1801063,24,13,23,342307
1801575,22,12,21,456539
1801831,24,12,23,114151
1802087,23,13,22,685003
1802343,22,13,21,1370201
1802599,24,13,23,342599
1802727,22,10,21,50759
1803591,23,11,22,76175
1804135,22,13,21,1371563
1804647,21,12,20,914635
1804775,23,11,22,76225
1806439,21,8,20,11303
1808103,24,13,23,343645
1808295,23,12,22,229121
1809063,23,13,22,687655
1809511,23,10,22,25475
1810791,21,12,20,917749
1811943,21,10,20,102037
1812583,21,10,20,102073
1812967,23,11,22,76571
1814247,22,13,21,1379251
1814439,22,12,21,459799
1815367,24,14,23,1035077
1817191,24,14,23,1036117
1817319,23,13,22,690793
1818727,21,10,20,102419
1819751,22,11,21,153715
1820391,23,13,22,691961
1820583,24,12,23,115339
1821351,24,13,23,346163
1821415,24,13,23,346175
1822375,24,14,23,1039073
1823975,21,12,20,924431
1825511,23,13,22,693907
1826663,21,12,20,925793
1827559,22,13,21,1389371
1827687,24,12,23,115789
1828583,23,13,22,695075
1829191,24,13,23,347653
1829543,21,12,20,927253
1829735,22,12,21,463675
1829799,21,12,20,927383
1830119,21,12,20,927545
1831655,22,13,21,1392485
1833319,23,13,22,696875
1833831,22,12,21,464713
1834727,24,8,23,1435
1836871,22,13,21,1396451
1837799,21,10,20,103493
1837927,22,12,21,465751
1838759,23,12,22,232981
1839847,22,13,21,1398713
1839975,23,12,22,233135
1840359,23,13,22,699551
1840455,22,13,21,1399175
1840743,23,13,22,699697
1840871,22,10,21,51833
1842535,24,13,23,350189
1843047,24,14,23,1050859
1844839,24,13,23,350627
1845319,24,14,23,1052155
1845351,24,14,23,1052173
1846183,23,13,22,701765
1846503,22,13,21,1403773
1846599,24,14,23,1052885
1847015,23,10,22,26003
1848039,21,11,20,312209
1850023,22,13,21,1406449
1850983,22,13,21,1407179
1851239,22,13,21,1407373
1852903,22,13,21,1408639
1853031,21,12,20,939157
1853287,23,13,22,704465
1853543,22,13,21,1409125
1855655,21,12,20,940487
1857639,22,13,21,1412239
1857863,22,12,21,470803
1858727,23,12,22,235511
1859175,22,13,21,1413407
1859943,24,14,23,1060493
1861223,21,12,20,943309
1861799,21,12,20,943601
1861959,22,12,21,471841
1862823,24,12,23,118015
1864359,24,13,23,354337
1865031,21,12,20,945239
1865063,21,11,20,315085
1865639,22,13,21,1418321
1865831,22,13,21,1418467
1866055,22,12,21,472879
1866087,22,10,21,52543
1866407,22,13,21,1418905
1867111,21,11,20,315431
1867367,21,12,20,946423
1868103,23,12,22,236699
1869159,21,10,20,105259
1869735,22,13,21,1421435
1870183,22,11,21,157975
1871175,21,12,20,948353
1871719,24,14,23,1067207
1872039,23,13,22,711593
1872199,24,12,23,118609
1874663,22,13,21,1425181
1876327,23,11,22,79247
1876711,23,13,22,713369
1877319,21,12,20,951467
1877927,22,13,21,1427663
1878183,22,13,21,1427857
1878247,23,13,22,713953
1878695,24,14,23,1071185
1878759,22,13,21,1428295
1880551,21,12,20,953105
1880903,22,13,21,1429925
1880935,22,13,21,1429949
1881319,22,12,21,476747
1881831,24,14,23,1072973
1883239,21,12,20,954467
1884903,23,13,22,716483
1886023,23,13,22,716909
1886119,21,12,20,955927
1886311,24,12,23,119503
1886535,24,14,23,1075655
1886695,21,12,20,956219
1887047,24,13,23,358649
1887591,24,14,23,1076257
1887911,22,13,21,1435253
1889127,22,13,21,1436177
1889511,22,12,21,478823
1889607,23,13,22,718271
1889895,22,13,21,1436761
1890407,23,12,22,239525
1891143,21,8,20,11833
1891431,21,12,20,958619
1893191,22,13,21,1439267
1893447,23,13,22,719731
1894215,23,13,22,720023
1895079,23,11,22,80039
1895335,22,12,21,480299
1895655,24,12,23,120095
1896103,22,13,21,1441481
1896935,22,13,21,1442113
1897127,22,10,21,53417
1897287,21,10,20,106843
1897319,21,12,20,961603
1900647,22,12,21,481645
1901671,24,14,23,1084285
1902183,24,14,23,1084577
1903431,21,10,20,107189
1903463,21,12,20,964717
1904295,21,11,20,321713
1904807,24,14,23,1086073
1905511,21,12,20,965755
1906599,24,13,23,362365
1906855,24,14,23,1087241
1908839,22,12,21,483721
1911527,23,12,22,242201
1912743,22,13,21,1454131
1914599,21,12,20,970361
1915495,22,13,21,1456223
1916071,22,13,21,1456661
1917095,22,12,21,485813
1918695,21,12,20,972437
1919143,24,12,23,121583
1919303,23,13,22,729559
1919591,21,8,20,12011
1919719,23,12,22,243239
1920935,22,13,21,1460359
1921191,22,12,21,486851
1922215,24,13,23,365333
1922791,21,12,20,974513
1922983,24,13,23,365479
1924263,21,12,20,975259
1925447,22,13,21,1463789
1925607,24,14,23,1097933
1925991,23,13,22,732101
1926759,23,11,22,81377
1927399,22,13,21,1465273
1928039,22,13,21,1465759
1928359,21,12,20,977335
1928935,21,12,20,977627
1929127,22,13,21,1466587
1930343,24,14,23,1100633
1930599,24,14,23,1100779
1931111,24,14,23,1101071
1931591,21,12,20,978973
1931879,21,10,20,108791
1932135,22,13,21,1468873
1932903,22,11,21,163273
1933383,24,14,23,1102367
1933639,21,12,20,980011
1934567,23,13,22,735361
1934823,22,13,21,1470917
1936231,22,13,21,1471987
1936551,21,12,20,981487
1937127,21,12,20,981779
1937735,21,12,20,982087
1937895,24,12,23,122771
1938087,24,14,23,1105049
1938663,24,13,23,368459
1939175,24,14,23,1105669
1940327,22,13,21,1475101
1940839,23,12,22,245915
1942343,23,13,22,738317
1942599,22,13,21,1476829
1942855,22,12,21,492341
1943399,24,13,23,369359
1943623,22,13,21,1477607
1943911,21,12,20,985217
1944807,22,13,21,1478507
1945927,21,12,20,986239
1946983,22,12,21,493387
1947495,23,13,22,740275
1947719,21,8,20,12187
1947879,23,8,22,3047
1948007,21,12,20,987293
1948519,22,13,21,1481329
1949767,23,13,22,741139
1950535,23,13,22,741431
1950791,22,13,21,1483057
1950951,21,10,20,109865
1951655,22,11,21,164857
1952231,22,12,21,494717
1952679,24,13,23,371123
1952999,22,13,21,1484735
1953703,23,10,22,27505
1953863,21,10,20,110029
1955047,21,11,20,330287
1956199,21,12,20,991445
1956967,22,12,21,495917
1958759,24,14,23,1116835
1960007,21,10,20,110375
1960039,21,12,20,993391
1960263,22,13,21,1490257
1960295,22,13,21,1490281
1960871,21,11,20,331271
1961127,23,13,22,745457
1961191,21,11,20,331325
1963879,21,10,20,110593
1964359,22,13,21,1493371
1965223,24,13,23,373507
1966183,21,12,20,996505
1966247,23,13,22,747403
1966823,24,13,23,373811
1967847,24,14,23,1122017
1968295,22,13,21,1496363
1968999,23,11,22,83161
1970503,23,13,22,749021
1971015,22,12,21,499477
1971047,22,11,21,166495
1971367,22,13,21,1498699
1972391,22,13,21,1499477
1973095,24,10,23,13889
1974375,21,12,20,1000657
1974599,24,13,23,375289
1975111,22,12,21,500515
1976487,22,13,21,1502591
1976647,22,13,21,1502713
1978535,24,13,23,376037
1979111,23,13,22,752293
1979207,22,12,21,501553
1979559,22,13,21,1504927
1980327,24,14,23,1129133
1983719,24,14,23,1131067
1983975,24,13,23,377071
1984327,21,12,20,1005701
1984615,23,13,22,754385
1985255,21,12,20,1006171
1985351,23,12,22,251555
1985703,22,9,21,18637
1985895,22,13,21,1509743
1986727,21,11,20,335639
1987047,22,13,21,1510619
1987911,24,13,23,377819
1987943,24,13,23,377825
1988711,24,13,23,377971
1988775,21,10,20,111995
1989735,24,14,23,1134497
1989799,22,11,21,168079
1991143,22,13,21,1513733
1992007,23,13,22,757195
1992039,23,13,22,757207
1992807,23,13,22,757499
1992871,21,11,20,336677
1993543,23,12,22,252593
1993895,22,11,21,168425
1994471,22,12,21,505421
1994823,22,13,21,1516531
1995079,22,9,21,18725
1995239,22,13,21,1516847
1995431,24,14,23,1137745
1996007,24,14,23,1138073
1997127,23,11,22,84349
1998183,22,13,21,1519085
1998919,22,13,21,1519645
1998951,22,13,21,1519669
1999175,22,11,21,168871
2000199,23,13,22,760309
2000487,21,12,20,1013891
2000743,22,13,21,1521031
2001383,23,13,22,760759
2002087,22,11,21,169117
2002279,21,12,20,1014799
2002663,22,12,21,507497
2003015,24,14,23,1142069
2003271,22,11,21,169217
2004071,22,13,21,1523561
2004327,21,12,20,1015837
2004455,22,8,21,6271
2004583,21,12,20,1015967
2004839,22,13,21,1524145
2005095,24,13,23,381085
2005735,23,13,22,762413
2006375,21,12,20,1016875
2007111,22,13,21,1525873
2007527,21,10,20,113051
2007783,22,13,21,1526383
2008391,21,11,20,339299
2009575,23,13,22,763873
2009831,24,13,23,381985
2010439,21,10,20,113215
2011463,22,11,21,169909
2011623,21,11,20,339845
2012519,21,12,20,1019989
2012775,21,12,20,1020119
2013543,23,12,22,255127
2013799,22,12,21,510319
2013927,23,13,22,765527
2015975,22,13,21,1532611
2016359,22,13,21,1532903
2016743,22,10,21,56785
2016871,24,13,23,383323
2017383,24,14,23,1150261
2017767,21,11,20,340883
2019479,23,3,22,13
2020455,21,10,20,113779
2021735,23,12,22,256165
2021991,22,12,21,512395
2022119,23,13,22,768641
2022503,21,11,20,341683
2024167,22,13,21,1538839
2025575,22,11,21,171101
2026727,24,14,23,1155589
2027239,24,14,23,1155881
2027591,23,12,22,256907
2027687,22,13,21,1541515
2028263,22,13,21,1541953
2028775,23,12,22,257057
2029671,22,10,21,57149
2031687,24,12,23,128713
2031719,24,11,23,42905
2033479,24,14,23,1159439
2035367,23,13,22,773677
2035783,23,12,22,257945
2035879,24,14,23,1160807
2036455,22,13,21,1548181
2037063,22,13,21,1548643
2037671,24,14,23,1161829
2038503,24,14,23,1162303
2038951,23,13,22,775039
2040903,21,12,20,1034375
2041063,24,12,23,129307
2041191,22,13,21,1551781
2041927,22,12,21,517447
2042087,21,12,20,1034975
2044743,21,12,20,1036321
2044775,21,12,20,1036337
2045255,22,13,21,1554871
2045799,24,12,23,129607
2046279,22,13,21,1555649
2047079,24,14,23,1167193
2047335,24,13,23,389113
2047591,24,14,23,1167485
2048327,23,13,22,778603
2048743,23,10,22,28843
2050119,22,12,21,519523
2050215,24,14,23,1168981
2050279,21,12,20,1039127
2050791,22,11,21,173231
2050887,21,12,20,1039435
2050919,21,12,20,1039451
2051399,23,13,22,779771
2051815,21,9,20,38515
2053863,21,11,20,346981
2057959,21,10,20,115891
2058599,22,13,21,1565015
2059079,21,12,20,1043587
2059367,22,13,21,1565599
2060007,21,11,20,348019
2060455,23,12,22,261071
2061159,22,13,21,1566961
2061415,24,13,23,391789
2061671,24,14,23,1175513
2063527,21,12,20,1045841
2063975,24,14,23,1176827
2064551,24,12,23,130795
2064743,24,14,23,1177265
2065511,23,13,22,785135
2066023,22,12,21,523553
2066343,24,14,23,1178177
2066599,22,12,21,523699
2066791,22,13,21,1571243
2068199,21,11,20,349403
2068967,24,14,23,1179673
2069319,22,13,21,1573165
2069671,21,12,20,1048955
2070119,22,12,21,524591
2070695,22,12,21,524737
2070887,21,9,20,38873
2071911,22,11,21,175015
2072903,21,12,20,1050593
2072935,23,13,22,787957
2073415,22,13,21,1576279
2073703,23,13,22,788249
2073959,24,10,23,14599
2074983,21,11,20,350549
2075815,21,12,20,1052069
2077511,22,13,21,1579393
2078055,23,11,22,87767
2078311,22,12,21,526667
2078887,22,12,21,526813
2079079,21,11,20,351241
2079335,21,12,20,1053853
2079399,24,13,23,395207
2081607,22,13,21,1582507
2082727,24,14,23,1187519
2083495,24,14,23,1187957
2084519,22,13,21,1584721
2085191,21,12,20,1056821
2085351,22,12,21,528451
2085543,22,13,21,1585499
2086119,22,13,21,1585937
2087271,21,11,20,352625
2087527,21,12,20,1058005
2088103,22,13,21,1587445
2088807,24,13,23,396995
2089447,22,12,21,529489
2089639,21,8,20,13075
2089799,22,13,21,1588735
2089831,24,14,23,1191569
2089959,21,6,20,1453
2091687,23,13,22,795085
2091943,22,13,21,1590365
2092135,23,12,22,265085
2092199,22,13,21,1590559
2092711,22,13,21,1590949
2094183,22,12,21,530689
2094311,21,12,20,1061443
2095783,21,10,20,118021
2095847,24,13,23,398333
2097479,22,13,21,1594573
2097639,22,12,21,531565
2098279,22,12,21,531727
2098919,24,13,23,398917
2101575,22,13,21,1597687
2102375,22,12,21,532765
2103143,24,14,23,1199159
2104423,24,12,23,133321
2106215,23,12,22,266869
2106983,24,14,23,1201349
2107623,22,12,21,534095
2108231,22,9,21,19787
2108263,22,12,21,534257
2111207,24,14,23,1203757
2112103,22,13,21,1605691
2114375,23,10,22,29767
2115047,24,14,23,1205947
2115175,23,13,22,804013
2115815,22,12,21,536171
2115943,23,13,22,804305
2116423,22,11,21,178775
2116455,22,12,21,536333
2117479,24,14,23,1207333
2117799,22,13,21,1610021
2118247,22,7,21,2209
2119783,24,14,23,1208647
2121063,23,13,22,806251
2121895,24,14,23,1209851
2122087,22,13,21,1613281
2123367,23,13,22,807127
2123879,22,13,21,1614643
2123943,24,13,23,403673
2124615,22,11,21,179467
2124967,24,14,23,1211603
2125735,24,14,23,1212041
2127079,24,13,23,404269
2127175,22,13,21,1617149
2129511,22,13,21,1618925
2129991,23,13,22,809645
2130023,23,13,22,809657
2130279,22,13,21,1619509
2131175,23,13,22,810095
2131815,24,13,23,405169
2133319,24,13,23,405455
2134087,24,13,23,405601
2134343,24,14,23,1216949
2135783,22,12,21,541231
2135911,23,13,22,811895
2135975,22,13,21,1623839
2136679,23,9,22,10027
2136743,22,13,21,1624423
2138183,23,13,22,812759
2139463,22,13,21,1626491
2140231,22,13,21,1627075
2140839,22,13,21,1627537
2140903,24,14,23,1220689
2141095,24,13,23,406933
2141351,23,12,22,271321
2141415,22,13,21,1627975
2141927,24,12,23,135697
2142119,23,13,22,814255
2142695,24,13,23,407237
2144103,23,13,22,815009
2144871,23,11,22,90589
2144999,22,13,21,1630699
2145383,22,13,21,1630991
2146151,24,14,23,1223681
2146375,23,13,22,815873
2148199,24,13,23,408283
2148263,22,13,21,1633181
2148455,24,14,23,1224995
2148711,22,12,21,544507
2148839,22,13,21,1633619
2149031,22,13,21,1633765
2149095,22,13,21,1633813
2149607,22,13,21,1634203
2150727,23,12,22,272509
2153063,23,11,22,90935
2153575,22,13,21,1637219
2155367,22,13,21,1638581
2155751,22,9,21,20233
2157415,23,13,22,820069
2157799,24,14,23,1230323
2159463,22,13,21,1641695
2159847,22,11,21,182443
2160999,22,12,21,547621
2161511,24,13,23,410813
2162759,24,14,23,1233151
2162855,23,13,22,822137
2163943,22,11,21,182789
2164551,24,13,23,411391
2164807,23,9,22,10159
2164839,23,12,22,274297
2164903,22,13,21,1645831
2165607,23,13,22,823183
2166119,22,13,21,1646755
2166855,22,11,21,183035
2167655,22,13,21,1647923
2167975,24,14,23,1236125
2168999,22,13,21,1648945
2169511,23,12,22,274889
2170215,22,13,21,1649869
2170951,22,10,21,61127
2172135,22,11,21,183481
2172391,24,12,23,137627
2172519,22,13,21,1651621
2172999,23,11,22,91777
2173031,23,12,22,275335
2173095,22,13,21,1652059
2176103,24,14,23,1240759
2176327,24,13,23,413629
2176871,22,11,21,183881
2177383,24,14,23,1241489
2177703,23,12,22,275927
2178663,24,13,23,414073
2179175,22,12,21,552227
2180839,23,13,22,828973
2181191,23,11,22,92123
2181287,24,14,23,1243715
2182471,22,13,21,1659187
2183655,22,13,21,1660087
2183847,22,12,21,553411
2184359,24,14,23,1245467
2184935,24,13,23,415265
2185543,23,13,22,830761
2186407,22,13,21,1662179
2187751,22,13,21,1663201
2188615,23,13,22,831929
2189639,24,13,23,416159
2190439,24,13,23,416311
2190503,22,13,21,1665293
2191079,22,13,21,1665731
2191847,22,13,21,1666315
2192039,22,12,21,555487
2192487,22,13,21,1666801
2193319,23,13,22,833717
2193575,24,9,23,5147
2193735,23,13,22,833875
2195623,22,11,21,185465
2195783,22,13,21,1669307
2196199,22,12,21,556541
2196583,22,13,21,1669915
2196807,23,13,22,835043
2197415,24,13,23,417637
2197671,23,11,22,92819
2197991,23,13,22,835493
2198247,24,12,23,139265
2198695,22,13,21,1671521
2199271,22,13,21,1671959
2199879,22,13,21,1672421
2200039,24,14,23,1254407
2200679,22,13,21,1673029
2200807,24,14,23,1254845
2202951,24,8,23,1723
2204775,22,13,21,1676143
2205287,24,12,23,139711
2206055,24,13,23,419279
2206183,23,13,22,838607
2208071,22,13,21,1678649
2208583,23,13,22,839519
2208999,23,13,22,839677
2209095,22,10,21,62201
2209959,24,11,23,46669
2210151,23,13,22,840115
2211431,22,12,21,560401
2212327,24,9,23,5191
2212967,22,13,21,1682371
2213991,22,13,21,1683149
2214727,22,13,21,1683709
2214823,24,14,23,1262837
2215239,23,10,22,31187
2215271,23,12,22,280687
2216423,23,11,22,93611
2216807,23,13,22,842645
2217319,22,12,21,561893
2217575,23,12,22,280979
2218087,22,13,21,1686263
2218343,23,13,22,843229
2220391,24,14,23,1266011
2221127,22,13,21,1688575
2221415,22,12,21,562931
2221927,23,13,22,844591
2222183,22,13,21,1689377
2226087,22,12,21,564115
2228711,24,11,23,47065
2228967,24,14,23,1270901
2229607,22,12,21,565007
2229991,22,13,21,1695313
2230183,22,12,21,565153
2233447,24,11,23,47165
2234279,22,12,21,566191
2235495,22,11,21,188833
2235559,23,13,22,849773
2236519,24,13,23,425069
2237543,23,10,22,31501
2239143,24,14,23,1276703
2239207,22,13,21,1702319
2240423,24,12,23,141937
2240679,24,14,23,1277579
2241703,24,14,23,1278163
2242279,24,14,23,1278491
2242887,22,13,21,1705117
2243751,23,13,22,852887
2244935,23,13,22,853337
2245479,22,12,21,569029
2246471,23,13,22,853921
2246823,22,13,21,1708109
2246983,22,13,21,1708231
2247015,22,13,21,1708255
2247399,22,13,21,1708547
2249543,22,12,21,570059
2249575,22,12,21,570067
2249895,22,13,21,1710445
2250055,24,14,23,1282925
2250087,24,14,23,1282943
2253127,23,13,22,856451
2253159,23,13,22,856463
2253671,22,12,21,571105
2255079,23,12,22,285731
2255591,24,14,23,1286081
2257735,22,12,21,572135
2258151,22,13,21,1716721
2259815,23,12,22,286331
2261351,23,13,22,859577
2261863,24,14,23,1289657
2262247,22,13,21,1719835
2262631,22,13,21,1720127
2262887,24,14,23,1290241
2263399,22,13,21,1720711
2263879,24,12,23,143423
2264423,22,13,21,1721489
2265159,22,13,21,1722049
2265575,22,13,21,1722365
2266471,23,13,22,861523
2266727,22,13,21,1723241
2266855,23,11,22,95741
2267815,24,13,23,431017
2268007,23,12,22,287369
2268519,22,13,21,1724603
2269543,23,13,22,862691
2271079,22,13,21,1726549
2271911,23,13,22,863591
2272999,22,11,21,192001
2274663,23,13,22,864637
2274919,22,13,21,1729469
2275175,22,13,21,1729663
2279751,23,12,22,288857
2280103,23,13,22,866705
2281639,24,14,23,1300933
2282151,22,13,21,1734967
2286311,24,14,23,1303597
2287943,23,12,22,289895
2288295,23,13,22,869819
2292071,24,11,23,48403
2292327,22,12,21,580901
2293831,24,14,23,1307885
2293927,22,13,21,1743919
2294119,22,10,21,64595
2295623,22,13,21,1745209
2295975,24,13,23,436369
2300071,23,13,22,874295
2302791,23,13,22,875329
2303047,22,13,21,1750853
2303207,24,14,23,1313231
2303463,24,14,23,1313377
2303591,23,13,22,875633
2304231,22,13,21,1751753
2305383,24,13,23,438157
2306119,24,12,23,146099
2306727,23,9,22,10825
2306791,22,13,21,1753699
2306887,24,13,23,438443
2306919,24,13,23,438449
2307399,24,14,23,1315621
2307943,24,14,23,1315931
2308775,22,11,21,195023
2309735,22,13,21,1755937
2310311,24,14,23,1317281
2311399,23,12,22,292867
2311655,22,12,21,585799
2312295,22,12,21,585961
2312423,22,13,21,1757981
2312871,22,10,21,65123
2313031,22,13,21,1758443
2313063,22,13,21,1758467
2314087,22,12,21,586415
2314727,24,13,23,439933
2314919,23,11,22,97771
2316103,23,8,22,3623
2316135,23,12,22,293467
2316391,22,12,21,586999
2317671,23,13,22,880985
2317927,22,13,21,1762165
2318183,22,12,21,587453
2318823,23,13,22,881423
2319975,23,13,22,881861
2320455,22,12,21,588029
2321223,22,13,21,1764671
2321511,24,14,23,1323667
2323111,23,11,22,98117
2323815,22,13,21,1766641
2324327,23,12,22,294505
2324391,22,13,21,1767079
2324583,22,12,21,589075
2325607,22,13,21,1768003
2325671,24,13,23,442013
2325863,23,13,22,884099
2326119,22,13,21,1768393
2326695,24,14,23,1326623
2328487,22,13,21,1770193
2329319,24,14,23,1328119
2331751,23,13,22,886337
2331815,22,13,21,1772723
2332583,22,13,21,1773307
2335047,24,13,23,443795
2336071,24,14,23,1331969
2336359,24,14,23,1332133
2336679,22,13,21,1776421
2337511,22,12,21,592351
2337959,23,13,22,888697
2338727,23,13,22,888989
2341479,23,13,22,890035
2343655,24,12,23,148477
2344871,22,13,21,1782649
2345447,24,14,23,1337315
2346215,24,14,23,1337753
2347335,23,13,22,892261
2347879,22,13,21,1784935
2348647,22,11,21,198391
2348903,24,14,23,1339285
2349223,22,12,21,595319
2349671,23,13,22,893149
2350183,24,14,23,1340015
2350695,24,10,23,16547
2350951,24,14,23,1340453
2351943,24,14,23,1341019
2351975,22,13,21,1788049
2352199,24,13,23,447055
2354023,23,13,22,894803
2355271,22,13,21,1790555
2356455,22,13,21,1791455
2356967,24,13,23,447961
2359367,22,13,21,1793669
2360551,22,13,21,1794569
2360807,24,13,23,448691
2362215,23,13,22,897917
2362695,22,12,21,598733
2363047,22,13,21,1796467
2363303,22,9,21,22181
2363463,22,13,21,1796783
2364231,24,14,23,1348025
2364263,22,13,21,1797391
2365287,22,13,21,1798169
2365351,23,11,22,99901
2366567,24,14,23,1349357
2366631,22,13,21,1799191
2367335,23,13,22,899863
2367655,24,14,23,1349977
2367975,22,12,21,600071
2368743,22,13,21,1800797
2368871,23,12,22,300149
2369447,24,10,23,16679
2369607,23,13,22,900727
2369639,23,13,22,900739
2369703,24,14,23,1351145
2370887,22,12,21,600809
2371495,22,11,21,200321
2372679,22,8,21,7423
2372711,22,12,21,601271
2373319,22,5,21,275
2373479,22,13,21,1804397
2373959,23,13,22,902381
2374759,23,12,22,300895
2374823,22,13,21,1805419
2375783,22,13,21,1806149
2376007,22,13,21,1806319
2377799,23,13,22,903841
2378055,24,13,23,451969
2379111,24,14,23,1356509
2379687,22,11,21,201013
2380903,22,12,21,603347
2380967,23,13,22,905045
2382151,23,13,22,905495
2382567,23,13,22,905653
2382695,22,9,21,22363
2383015,22,13,21,1811647
2384039,22,13,21,1812425
2384199,22,13,21,1812547
2384615,22,13,21,1812863
2384967,22,10,21,67153
2386087,24,14,23,1360487
2386151,22,11,21,201559
2386791,22,11,21,201613
2387111,22,13,21,1814761
2387687,24,14,23,1361399
2388135,22,13,21,1815539
2388455,24,14,23,1361837
2388711,22,13,21,1815977
2390343,23,13,22,908609
2390887,22,11,21,201959
2392231,22,13,21,1818653
2392391,22,13,21,1818775
2392807,22,13,21,1819091
2394279,23,13,22,910105
2394951,24,14,23,1365541
2395303,22,13,21,1820989
2395463,24,14,23,1365833
2396487,22,13,21,1821889
2396999,23,12,22,303713
2398375,24,13,23,455831
2398887,24,14,23,1367785
2399079,22,11,21,202651
2401447,22,8,21,7513
2403559,24,14,23,1370449
2403687,23,13,22,913681
2404071,24,14,23,1370741
2404679,22,13,21,1828117
2404839,24,14,23,1371179
2405607,23,13,22,914411
2406119,22,12,21,609737
2406727,24,14,23,1372255
2407079,22,13,21,1829941
2407591,23,10,22,33895
2407783,24,13,23,457619
2408295,22,13,21,1830865
2409287,24,12,23,152635
2409575,24,14,23,1373879
2410215,22,12,21,610775
2410599,22,13,21,1832617
2411879,23,13,22,916795
2413031,23,13,22,917233
2413223,24,13,23,458653
2413735,22,10,21,67963
2413799,23,13,22,917525
2413927,22,13,21,1835147
2414695,22,13,21,1835731
2416967,23,10,22,34027
2417127,24,13,23,459395
2418023,22,13,21,1838261
2418407,22,12,21,612851
2418791,22,13,21,1838845
2419015,22,11,21,204335
2419623,23,13,22,919739
2419815,22,13,21,1839623
2419943,22,13,21,1839721
2421863,24,13,23,460295
2422119,24,14,23,1381031
2423911,22,13,21,1842737
2424935,24,13,23,460879
2425959,23,13,22,922147
2426215,22,13,21,1844489
2427047,24,14,23,1383841
2430183,24,14,23,1385629
2432103,22,13,21,1848965
2433895,22,13,21,1850327
2434535,24,14,23,1388111
2435815,22,13,21,1851787
2435943,24,13,23,462971
2436199,24,14,23,1389059
2437191,24,14,23,1389625
2439271,23,9,22,11447
2441383,24,13,23,464005
2442727,23,11,22,103169
2443431,22,13,21,1857577
2444007,22,13,21,1858015
2444967,22,13,21,1858745
2445479,23,13,22,929567
2445799,24,14,23,1394533
2447079,24,14,23,1395263
2447463,23,11,22,103369
2448743,22,13,21,1861615
2451623,22,13,21,1863805
2451815,24,14,23,1397963
2453575,22,12,21,621763
2454343,22,13,21,1865873
2454887,23,13,22,933143
2455271,23,13,22,933289
2455655,23,11,22,103715
2456231,24,12,23,155609
2456935,22,13,21,1867843
2457671,22,12,21,622801
2460391,24,14,23,1402853
2462183,22,13,21,1871833
2462375,22,12,21,623993
2463463,23,13,22,936403
2463591,22,12,21,624301
2464071,24,13,23,468317
2465127,22,13,21,1874071
2465863,22,12,21,624877
2467143,24,13,23,468901
2467431,24,14,23,1406867
2468199,24,14,23,1407305
2468583,23,11,22,104261
2469607,22,13,21,1877477
2469799,22,13,21,1877623
2470375,22,13,21,1878061
2470631,22,10,21,69565
2471271,23,13,22,939371
2474727,22,11,21,209041
2475847,22,12,21,627407
2476391,23,13,22,941317
2476519,24,13,23,470683
2478247,22,12,21,628015
2479431,24,14,23,1413709
2479975,24,14,23,1414019
2481255,24,13,23,471583
2482535,22,13,21,1887305
2483047,23,13,22,943847
2483271,24,14,23,1415899
2484039,22,12,21,629483
2485095,22,13,21,1889251
2486439,22,12,21,630091
2488935,22,13,21,1892171
2489191,22,13,21,1892365
2489703,23,10,22,35051
2492519,22,13,21,1894895
2495303,24,13,23,474253
2497191,22,13,21,1898447
2498663,24,14,23,1424675
2499399,23,13,22,950063
2499943,22,11,21,211171
2501287,22,13,21,1901561
2501543,24,13,23,475439
2501863,22,13,21,1901999
2502567,24,14,23,1426901
2504007,22,12,21,634543
2504615,22,12,21,634697
2505383,22,13,21,1904675
2506599,22,13,21,1905599
2508007,23,13,22,953335
2508647,24,13,23,476789
2509127,24,14,23,1430641
2509639,22,13,21,1907911
2509671,24,14,23,1430951
2509927,22,12,21,636043
2510151,24,12,23,159025
2510919,24,13,23,477221
2511527,23,13,22,954673
2512615,22,13,21,1910173
2512807,22,12,21,636773
2513223,22,13,21,1910635
2513575,24,14,23,1433177
2514023,22,12,21,637081
2514599,22,8,21,7867
2514791,22,13,21,1911827
2517063,22,13,21,1913555
2517319,22,13,21,1913749
2517735,22,13,21,1914065
2517831,22,13,21,1914139
2518119,22,12,21,638119
2518759,24,13,23,478711
2518951,23,12,22,319165
2519719,23,13,22,957787
2520167,23,12,22,319319
2520935,23,13,22,958249
2523975,22,9,21,23689
2524263,24,12,23,159919
2525543,24,14,23,1440001
2526023,24,14,23,1440275
2526887,22,10,21,71149
2528071,22,11,21,213547
2532167,22,11,21,213893
2532967,22,13,21,1925645
2533543,22,13,21,1926083
2533735,22,13,21,1926229
2536679,22,13,21,1928467
2537831,22,13,21,1929343
2538087,23,13,22,964769
2538343,24,12,23,160811
2538599,24,14,23,1447445
2539111,24,13,23,482579
2540359,22,11,21,214585
2540615,24,12,23,160955
2541671,23,13,22,966131
2541735,24,14,23,1449233
2544295,24,14,23,1450693
2544871,22,13,21,1934695
2545255,22,13,21,1934987
2545383,24,12,23,161257
2545831,22,13,21,1935425
2546023,22,13,21,1935571
2546279,23,13,22,967883
2549063,23,13,22,968941
2550695,22,13,21,1939123
2551015,23,13,22,969683
2551527,22,12,21,646585
2551879,22,13,21,1940023
2552295,22,13,21,1940339
2552679,24,14,23,1455473
2553063,22,13,21,1940923
2553159,24,13,23,485249
2553767,23,13,22,970729
2555047,22,12,21,647477
2555975,22,13,21,1943137
2557159,22,13,21,1944037
2557671,23,12,22,324071
2557863,24,13,23,486143
2558439,23,13,22,972505
2559303,22,13,21,1945667
2560071,22,13,21,1946251
2560487,24,14,23,1459925
2561191,23,12,22,324517
2561255,24,14,23,1460363
2561895,22,13,21,1947637
2561959,23,13,22,973843
2562791,23,13,22,974159
2564423,22,12,21,649853
2564583,22,13,21,1949681
2564839,22,13,21,1949875
2565351,22,13,21,1950265
2565991,24,14,23,1463063
2566215,23,13,22,975461
2566471,24,12,23,162593
2566503,24,12,23,162595
2567495,22,13,21,1951895
2568103,22,13,21,1952357
2568263,24,14,23,1464359
2569031,24,14,23,1464797
2569063,24,14,23,1464815
2569383,23,12,22,325555
2570087,22,13,21,1953865
2570599,23,12,22,325709
2571175,24,8,23,2011
2571367,23,13,22,977419
2571495,22,8,21,8045
2571815,23,5,22,149
2572455,22,13,21,1955665
2574407,23,13,22,978575
2574503,23,13,22,978611
2576295,22,13,21,1958585
2576551,22,13,21,1958779
2577223,23,13,22,979645
2577255,23,13,22,979657
2577511,22,13,21,1959509
2577639,23,10,22,36289
2580551,24,9,23,6055
2580647,22,13,21,1961893
2580839,22,12,21,654013
2581351,24,13,23,490607
2581863,24,14,23,1472113
2582695,23,13,22,981725
2582759,22,13,21,1963499
2583399,22,13,21,1963985
2583463,23,10,22,36371
2583783,22,10,21,72751
2584647,23,11,22,109163
2584743,22,13,21,1965007
2587303,24,14,23,1475215
2587495,22,13,21,1967099
2587815,24,14,23,1475507
2588839,22,13,21,1968121
2589031,22,12,21,656089
2589415,24,14,23,1476419
2590887,23,13,22,984839
2593255,23,13,22,985739
2594407,23,13,22,986177
2594663,24,11,23,54793
2594919,22,12,21,657581
2595495,22,12,21,657727
2595687,22,13,21,1973327
2596935,24,11,23,54841
2597191,24,14,23,1480853
2598215,22,13,21,1975249
2599591,22,12,21,658765
2601447,23,13,22,988853
2602599,23,13,22,989291
2602727,22,13,21,1978679
2603175,24,13,23,494755
2605799,24,14,23,1485761
2606823,22,13,21,1981793
2607431,22,13,21,1982255
2607591,22,13,21,1982377
2607783,22,12,21,660841
2609639,23,13,22,991967
2610503,24,14,23,1488443
2610535,24,14,23,1488461
2611943,22,12,21,661895
2612327,22,13,21,1985977
2613991,23,12,22,331207
2615015,22,13,21,1988021
2615463,22,10,21,73643
2615623,22,13,21,1988483
2616423,22,13,21,1989091
2617511,23,11,22,110551
2618087,24,12,23,165863
2621927,24,13,23,498319
2622567,23,13,22,996881
2622951,24,14,23,1495541
2623079,22,12,21,664717
2623303,23,12,22,332387
2623815,24,14,23,1496033
2626375,22,13,21,1996657
2626407,24,14,23,1497511
2626663,24,13,23,499219
2627175,22,12,21,665755
2628071,23,8,22,4111
2628711,22,13,21,1998433
2630471,22,13,21,1999771
2630503,22,13,21,1999795
2631271,22,12,21,666793
2631911,23,13,22,1000433
2633799,22,13,21,2002301
2634215,22,10,21,74171
2634599,22,13,21,2002909
2635079,23,11,22,111293
2637159,22,12,21,668285
2637415,23,12,22,334175
2638695,24,14,23,1504517
2639335,23,13,22,1003255
2639975,24,13,23,501749
2640103,23,13,22,1003547
2640743,24,13,23,501895
2641223,22,11,21,223105
2641767,23,13,22,1004179
2643687,23,13,22,1004909
2643815,22,13,21,2009915
2644071,23,13,22,1005055
2645159,24,14,23,1508203
2645607,23,12,22,335213
2647143,22,9,21,24845
2649191,23,11,22,111889
2649831,22,13,21,2014489
2651239,22,11,21,223951
2652263,23,13,22,1008169
2654535,24,14,23,1513549
2655335,22,11,21,224297
2656167,23,12,22,336551
2658023,22,13,21,2020717
2658983,22,13,21,2021447
2660071,23,13,22,1011137
2660519,24,14,23,1516961
2661095,24,13,23,505763
2662567,22,13,21,2024171
2663143,22,13,21,2024609
2663527,22,11,21,224989
2664359,23,12,22,337589
2664679,22,12,21,675259
2664807,23,13,22,1012937
2665191,23,13,22,1013083
2665639,22,13,21,2026507
2666215,22,13,21,2026945
2667367,24,12,23,168985
2668903,24,13,23,507247
2669415,24,14,23,1522033
2669927,24,14,23,1522325
2671335,22,13,21,2030837
2671431,24,14,23,1523183
2671687,24,14,23,1523329
2672455,22,13,21,2031689
2672999,23,13,22,1016051
2674343,24,12,23,169427
2675015,22,13,21,2033635
2676455,24,14,23,1526047
2679143,22,13,21,2036773
2679271,24,14,23,1527653
2679623,23,12,22,339523
2679879,22,12,21,679111
2680647,22,13,21,2037917
2682951,24,13,23,509917
2684263,22,13,21,2040665
2685287,24,13,23,510361
2685543,24,14,23,1531229
2687047,23,13,22,1021391
2688487,22,13,21,2043877
2688743,22,11,21,227119
2689127,22,13,21,2044363
2690791,24,10,23,18941
2692967,23,13,22,1023641
2693799,22,13,21,2047915
2696551,22,13,21,2050007
2696679,22,13,21,2050105
2697319,22,13,21,2050591
2697543,24,14,23,1538071
2697575,24,14,23,1538089
2697895,22,13,21,2051029
2698343,22,13,21,2051369
2700391,23,13,22,1026463
2701991,22,13,21,2054143
2702055,22,13,21,2054191
2702503,24,12,23,171211
2703463,23,13,22,1027631
2705735,22,12,21,685663
2705767,22,11,21,228557
2706151,24,14,23,1542979
2708135,23,13,22,1029407
2708647,22,12,21,686401
2709415,22,13,21,2059787
2709863,22,10,21,76301
2711399,24,14,23,1545971
2711719,23,13,22,1030769
2711879,24,12,23,171805
2711911,24,11,23,57269
2713671,24,14,23,1547267
2714343,22,13,21,2063533
2714439,24,14,23,1547705
2715559,23,13,22,1032229
2715815,24,13,23,516163
2716327,23,13,22,1032521
2718375,24,14,23,1549949
2720487,24,13,23,517051
2721255,24,12,23,172399
2721383,22,13,21,2068885
2722535,22,13,21,2069761
2722663,23,13,22,1034929
2724679,22,13,21,2071391
2725095,22,12,21,690569
2725191,24,13,23,517945
2725479,22,13,21,2071999
2726567,23,11,22,115157
2727271,24,14,23,1555021
2728775,22,13,21,2074505
2729031,24,13,23,518675
2729575,22,13,21,2075113
2730663,24,11,23,57665
2730919,22,12,21,692045
2731239,23,12,22,346063
2733671,22,13,21,2078227
2736199,22,12,21,693383
2736967,22,13,21,2080733
2738023,22,12,21,693845
2739111,22,12,21,694121
2739431,23,12,22,347101
2739559,22,13,21,2082703
2741607,24,13,23,521065
2741863,22,13,21,2084455
2743463,22,13,21,2085671
2744487,24,14,23,1564837
2745703,23,13,22,1043687
2747559,22,13,21,2088785
2749159,24,14,23,1567501
2749543,22,13,21,2090293
2749671,24,14,23,1567793
2750375,23,13,22,1045463
2750791,23,13,22,1045621
2751655,22,13,21,2091899
2752839,22,13,21,2092799
2753255,22,12,21,697705
2753639,22,13,21,2093407
2753895,23,13,22,1046801
2754375,22,11,21,232663
2755911,24,14,23,1571351
2756679,24,14,23,1571789
2756775,22,12,21,698597
2756935,22,13,21,2095913
2757799,23,13,22,1048285
2758567,23,13,22,1048577
2760295,22,9,21,25907
2761031,22,13,21,2099027
2762919,23,12,22,350077
2762983,22,13,21,2100511
2763623,22,13,21,2100997
2763687,24,14,23,1575785
2764711,22,13,21,2101825
2764967,22,12,21,700673
2765543,22,12,21,700819
2765671,23,13,22,1051277
2765991,23,13,22,1051399
2766439,23,10,22,38947
2768487,22,11,21,233855
2769767,24,13,23,526417
2770311,22,4,21,107
2770791,24,14,23,1579835
2771175,22,13,21,2106739
2771783,24,14,23,1580401
2771815,22,13,21,2107225
2772295,24,14,23,1580693
2772327,23,12,22,351269
2772903,22,13,21,2108053
2773063,24,14,23,1581131
2773831,23,13,22,1054379
2773863,23,13,22,1054391
2774343,22,12,21,703049
2774375,22,12,21,703057
2775719,22,13,21,2110193
2776679,22,11,21,234547
2777831,24,14,23,1583849
2778439,22,12,21,704087
2778471,22,12,21,704095
2779047,22,9,21,26083
2779239,22,13,21,2112869
2779367,22,13,21,2112967
2780007,22,13,21,2113453
2781255,23,13,22,1057201
2781671,23,12,22,352453
2782023,23,13,22,1057493
2782567,22,12,21,705133
2783143,22,11,21,235093
2784103,22,13,21,2116567
2784615,24,12,23,176413
2785351,24,13,23,529379
2785383,24,13,23,529385
2786407,24,14,23,1588739
2786631,22,12,21,706163
2787175,23,13,22,1059451
2787239,22,11,21,235439
2787815,22,12,21,706463
2788167,22,13,21,2119657
2791527,22,13,21,2122211
2792295,22,13,21,2122795
2795431,22,11,21,236131
2796007,22,12,21,708539
2798407,24,14,23,1595581
2798439,24,14,23,1595599
2799975,24,14,23,1596475
2800359,22,13,21,2128925
2800487,24,14,23,1596767
2802759,24,14,23,1598063
2802791,23,12,22,355129
2803943,23,10,22,39475
2804039,22,13,21,2131723
2804071,22,13,21,2131747
2804455,22,13,21,2132039
2805415,24,14,23,1599577
2805927,23,13,22,1066579
2806631,22,11,21,237077
2807527,24,14,23,1600781
2808551,22,13,21,2135153
2810215,23,13,22,1068209
2810599,23,13,22,1068355
2810951,23,11,22,118721
2812231,22,13,21,2137951
2814023,24,14,23,1604485
2814119,23,13,22,1069693
2815303,24,14,23,1605215
2816615,24,13,23,535321
2819559,23,13,22,1071761
2821799,22,12,21,715075
2822887,24,13,23,536513
2823495,23,13,22,1073257
2825575,22,13,21,2148095
2827751,23,13,22,1074875
2828135,22,13,21,2150041
2828391,24,13,23,537559
2828615,24,14,23,1612805
2828647,24,14,23,1612823
2828967,23,13,22,1075337
2829479,22,10,21,79669
2830407,22,13,21,2151769
2831687,23,13,22,1076371
2832295,24,13,23,538301
2833575,22,11,21,239353
2833767,22,13,21,2154323
2834535,22,13,21,2154907
2835687,22,13,21,2155783
2835943,23,13,22,1077989
2836807,23,11,22,119813
2837607,23,13,22,1078621
2837831,22,13,21,2157413
2838375,23,13,22,1078913
2838599,22,13,21,2157997
2838855,22,10,21,79933
2840423,22,13,21,2159383
2840679,23,13,22,1079789
2841703,24,13,23,540089
2842471,24,13,23,540235
2842951,22,11,21,240145
2843495,24,14,23,1621289
2844743,24,13,23,540667
2845031,23,12,22,360481
2845415,23,13,22,1081589
2845799,23,13,22,1081735
2846887,24,14,23,1623223
2847847,22,13,21,2165027
2848615,22,13,21,2165611
2848871,23,13,22,1082903
2851559,22,13,21,2167849
2851687,23,13,22,1083973
2851943,22,13,21,2168141
2852327,24,14,23,1626325
2853223,23,12,22,361519
2853607,23,13,22,1084703
2855015,24,8,23,2233
2856295,24,14,23,1628587
2859367,22,12,21,724595
2860135,22,13,21,2174369
2860519,22,10,21,80543
2860647,23,13,22,1087379
2861159,22,10,21,80561
2861799,23,13,22,1087817
2866791,22,13,21,2179429
2867303,23,10,22,40367
2867943,22,13,21,2180305
2870087,22,13,21,2181935
2870631,24,13,23,545587
2872679,22,13,21,2183905
2873063,22,13,21,2184197
2873511,23,13,22,1092269
2875239,22,12,21,728617
2876231,23,13,22,1093303
2876775,22,13,21,2187019
2878119,22,12,21,729347
2878183,24,14,23,1641067
2878375,24,12,23,182353
2878695,22,12,21,729493
2879143,24,13,23,547205
2879207,24,13,23,547217
2880231,24,14,23,1642235
2880839,22,13,21,2190109
2880871,22,13,21,2190133
2881447,22,13,21,2190571
2884967,22,13,21,2193247
2885351,22,13,21,2193539
2885543,22,13,21,2193685
2885959,22,13,21,2194001
2886375,22,10,21,81271
2886983,24,13,23,548695
2889895,24,14,23,1647745
2892263,23,13,22,1099397
2893159,22,13,21,2199475
2894183,22,13,21,2200253
2894951,22,13,21,2200837
2895079,24,14,23,1650701
2896615,23,11,22,122339
2896999,23,13,22,1101197
2898279,22,13,21,2203367
2898535,23,13,22,1101781
2899047,22,13,21,2203951
2899815,24,14,23,1653401
2900839,22,13,21,2205313
2901607,22,12,21,735299
2902119,24,14,23,1654715
2902375,22,13,21,2206481
2904231,24,12,23,183991
2904903,22,13,21,2208403
2904935,22,13,21,2208427
2905191,23,13,22,1104311
2906023,24,14,23,1656941
2908647,24,14,23,1658437
2909799,22,12,21,737375
2910375,22,12,21,737521
2913095,22,13,21,2214631
2913511,22,13,21,2214947
2913607,24,12,23,184585
2913639,24,11,23,61529
2915687,22,11,21,246289
2915943,24,12,23,184733
2916711,24,13,23,554345
2917607,22,13,21,2218061
2917735,23,10,22,41077
2919239,23,13,22,1109651
2919751,22,12,21,739897
2920519,22,13,21,2220275
2921287,22,13,21,2220859
2921703,22,13,21,2221175
2923175,23,13,22,1111147
2923239,24,14,23,1666757
2923687,22,13,21,2222683
2925383,22,13,21,2223973
2925895,23,12,22,370727
2926439,22,13,21,2224775
2926663,23,13,22,1112473
2927527,22,13,21,2225603
2927847,23,13,22,1112923
2928711,24,14,23,1669877
2929127,22,12,21,742273
2929479,24,14,23,1670315
2929511,24,14,23,1670333
2930535,22,13,21,2227889
2931015,23,13,22,1114127
2931815,23,12,22,371477
2932807,22,13,21,2229617
2933063,22,13,21,2229811
2933575,22,13,21,2230201
2934503,23,13,22,1115453
2934631,22,13,21,2231003
2934695,24,12,23,185921
2935271,23,12,22,371915
2935463,24,13,23,557909
2935719,22,13,21,2231831
2936039,23,13,22,1116037
2936487,24,14,23,1674311
2939719,22,8,21,9197
2940007,23,12,22,372515
2942695,23,13,22,1118567
2945863,23,10,22,41473
2945895,23,12,22,373261
2947687,22,13,21,2240929
2948263,24,14,23,1681025
2949287,22,13,21,2242145
2950983,22,13,21,2243435
2951335,23,13,22,1121851
2952007,22,10,21,83119
2952039,22,12,21,748079
2952871,23,11,22,124715
2954087,23,12,22,374299
2954855,23,13,22,1123189
2957159,24,14,23,1686097
2957639,24,14,23,1686371
2958951,24,13,23,562373
2959463,24,14,23,1687411
2959527,23,13,22,1124965
2961479,23,13,22,1125707
2961575,22,13,21,2251487
2963175,22,12,21,750901
2964135,24,14,23,1690075
2964647,24,14,23,1690367
2965095,22,13,21,2254163
2966759,24,13,23,563857
2967271,22,12,21,751939
2968167,23,8,22,4643
2969447,22,13,21,2257471
2969671,23,13,22,1128821
2970087,23,13,22,1128979
2970951,22,13,21,2258615
2971367,22,12,21,752977
2971495,24,13,23,564757
2972327,22,13,21,2259661
2972839,23,12,22,376675
2973287,22,13,21,2260391
2973543,22,13,21,2260585
2974023,24,14,23,1695713
2975047,22,13,21,2261729
2975815,22,13,21,2262313
2976935,24,12,23,188597
2977511,23,12,22,377267
2977863,23,13,22,1131935
2978279,23,13,22,1132093
2979751,22,13,21,2265305
2980167,22,12,21,755207
2980519,22,13,21,2265889
2982215,23,12,22,377863
2983239,22,13,21,2267957
2983399,24,14,23,1701059
2983847,22,13,21,2268419
2984423,22,13,21,2268857
2985703,23,12,22,378305
2986311,24,12,23,189191
2987111,24,13,23,567725
2987879,24,13,23,567871
2988135,24,14,23,1703759
2988903,24,14,23,1704197
2990151,24,13,23,568303
2991175,24,14,23,1705493
2992039,22,13,21,2274647
2992359,23,13,22,1137445
2992487,22,12,21,758329
2992615,22,13,21,2275085
2995047,22,13,21,2276933
2996295,23,8,22,4687
2996583,22,12,21,759367
2999399,23,13,22,1140121
2999527,22,10,21,84457
3000135,23,13,22,1140401
3001703,24,14,23,1711495
3002439,22,10,21,84539
3002535,23,13,22,1141313
3003239,22,13,21,2283161
3003623,22,11,21,253717
3004007,24,14,23,1712809
3004583,22,13,21,2284183
3004775,22,12,21,761443
3005799,22,13,21,2285107
3007559,23,13,22,1143223
3008327,23,13,22,1143515
3009447,22,11,21,254209
3009767,24,11,23,63559
3010727,23,13,22,1144427
3011911,23,13,22,1144877
3011943,23,13,22,1144889
3012455,22,10,21,84821
3014759,22,12,21,763973
3016295,24,14,23,1719815
3018055,22,13,21,2294425
3020967,24,14,23,1722479
3021991,22,13,21,2297417
3022951,22,12,21,766049
3023335,22,13,21,2298439
3026023,23,13,22,1150241
3026247,22,13,21,2300653
3028071,22,13,21,2302039
3028295,23,13,22,1151105
3029319,24,13,23,575747
3030119,24,13,23,575899
3030183,22,13,21,2303645
3030375,24,14,23,1727843
3031367,22,13,21,2304545
3032903,22,12,21,768571
3033415,23,13,22,1153051
3033831,23,12,22,384403
3034215,23,13,22,1153355
3034439,22,13,21,2306881
3035303,22,11,21,256393
3036263,22,13,21,2308267
3036327,24,13,23,577079
3037095,24,13,23,577225
3037351,23,10,22,42761
3039559,22,13,21,2310773
3039719,24,14,23,1733171
3041511,24,14,23,1734193
3042407,23,13,22,1156469
3043239,22,13,21,2313571
3044455,22,13,21,2314495
3044679,24,14,23,1735999
3046247,24,14,23,1736893
3046759,24,14,23,1737185
3047015,24,14,23,1737331
3047495,24,14,23,1737605
3047527,24,14,23,1737623
3048551,22,13,21,2317609
3048935,22,13,21,2317901
3049063,23,12,22,386333
3049831,23,13,22,1159291
3052903,22,12,21,773639
3054951,23,12,22,387079
3055975,22,13,21,2323253
3056103,23,10,22,43025
3056711,22,13,21,2323813
3056743,22,13,21,2323837
3056967,22,11,21,258223
3058535,24,14,23,1743899
3058791,24,14,23,1744045
3059015,24,10,23,21533
3061095,22,12,21,775715
3061351,24,12,23,193945
3061479,22,13,21,2327437
3062439,22,13,21,2328167
3062631,22,13,21,2328313
3064903,22,13,21,2330041
3065575,22,13,21,2330551
3065767,24,14,23,1748023
3066343,22,11,21,259015
3068583,23,13,22,1166419
3069031,23,10,22,43207
3069671,22,13,21,2333665
3070279,22,13,21,2334127
3071079,22,11,21,259415
3072871,24,14,23,1752073
3073767,22,13,21,2336779
3074375,24,14,23,1752931
3074727,22,13,21,2337509
3079335,24,13,23,585253
3080935,24,13,23,585557
3081959,22,13,21,2343007
3082567,22,13,21,2343469
3085031,24,14,23,1759007
3085479,22,13,21,2345683
3088711,24,13,23,587035
3089479,24,12,23,195727
3089767,24,14,23,1761707
3090759,22,13,21,2349697
3090791,22,13,21,2349721
3093223,23,13,22,1175785
3093319,22,12,21,783881
3093351,22,12,21,783889
3093671,22,13,21,2351911
3093735,22,13,21,2351959
3094887,22,13,21,2352835
3097831,24,14,23,1766305
3098855,24,12,23,196321
3098983,22,13,21,2355949
3099463,23,12,22,392719
3099495,23,12,22,392723
3100007,22,13,21,2356727
3100391,22,9,21,29099
3102055,24,13,23,589571
3102567,24,14,23,1769005
3103399,23,13,22,1179653
3104103,22,13,21,2359841
3105127,24,13,23,590155
3106151,23,13,22,1180699
3106407,22,13,21,2361593
3106535,23,10,22,43735
3107655,23,12,22,393757
3108007,24,14,23,1772107
3108583,22,11,21,262583
3111591,23,13,22,1182767
3112103,22,12,21,788641
3112295,22,13,21,2366069
3116135,24,13,23,592247
3116391,24,14,23,1776887
3116775,22,11,21,263275
3117383,24,14,23,1777453
3117735,22,13,21,2370205
3117895,24,14,23,1777745
3118247,23,12,22,395099
3119015,23,13,22,1185589
3119207,24,13,23,592831
3119463,23,9,22,14639
3119783,23,13,22,1185881
3121479,22,12,21,791017
3123879,24,13,23,593719
3124135,24,14,23,1781303
3124391,22,12,21,791755
3125159,22,13,21,2375849
3127655,23,11,22,132097
3127911,22,12,21,792647
3129511,22,13,21,2379157
3131207,22,13,21,2380447
3131239,24,14,23,1785353
3131495,24,14,23,1785499
3131559,23,13,22,1190357
3133607,22,13,21,2382271
3133767,22,12,21,794131
3135847,23,11,22,132443
3136103,22,12,21,794723
3136167,24,14,23,1788163
3136231,23,13,22,1192133
3136679,24,14,23,1788455
3138215,23,8,22,4909
3138279,22,13,21,2385823
3138535,22,6,21,1091
3139399,22,13,21,2386675
3140455,22,13,21,2387477
3140519,24,14,23,1790645
3141287,24,14,23,1791083
3142375,22,13,21,2388937
3142887,23,12,22,398221
3144359,22,10,21,88535
3144551,22,13,21,2390591
3146055,24,14,23,1793801
3147239,22,12,21,797545
3147367,24,13,23,598183
3147591,22,13,21,2392903
3148647,22,13,21,2393705
3149479,23,13,22,1197169
3149895,23,12,22,399109
3149991,24,14,23,1796045
3150311,23,13,22,1197485
3150503,24,10,23,22177
3150567,22,13,21,2395165
3150695,23,13,22,1197631
3151463,23,13,22,1197923
3153767,22,12,21,799199
3155175,24,12,23,199889
3155431,22,12,21,799621
3156039,22,12,21,799775
3156071,22,12,21,799783
3159911,24,12,23,200189
3159975,22,13,21,2402317
3161191,24,14,23,1802431
3161447,24,13,23,600859
3161703,22,13,21,2403631
3162215,24,12,23,200335
3164231,22,12,21,801851
3164327,24,14,23,1804219
3165287,22,13,21,2406355
3166375,24,14,23,1805387
3168167,22,13,21,2408545
3168583,22,13,21,2408861
3168999,22,12,21,803059
3169383,22,13,21,2409469
3169447,23,13,22,1204759
3169895,22,13,21,2409859
3171047,23,12,22,401789
3172167,23,10,22,44659
3172679,22,13,21,2411975
3172711,22,13,21,2411999
3175751,24,14,23,1810733
3176039,22,9,21,29809
3176359,22,13,21,2414773
3176775,22,13,21,2415089
3178087,24,14,23,1812065
3178663,24,12,23,201377
3178823,23,13,22,1208323
3178855,24,14,23,1812503
3179239,23,12,22,402827
3180135,22,11,21,268627
3180455,22,13,21,2417887
3180711,22,12,21,806027
3181287,22,12,21,806173
3181735,24,13,23,604715
3183079,24,14,23,1814911
3184231,22,11,21,268973
3184807,22,12,21,807065
3187783,23,13,22,1211729
3188647,22,13,21,2424115
3188967,23,13,22,1212179
3190119,22,12,21,808411
3191111,24,13,23,606497
3191655,22,13,21,2426401
3192039,22,13,21,2426693
3192423,22,11,21,269665
3192999,22,12,21,809141
3193703,23,13,22,1213979
3194215,22,12,21,809449
3194791,22,8,21,9995
3195111,24,7,23,833
3195975,23,13,22,1214843
3196839,24,14,23,1822757
3197607,24,14,23,1823195
3197671,24,14,23,1823231
3198311,22,12,21,810487
3198631,22,13,21,2431705
3199463,22,12,21,810779
3199847,22,13,21,2432629
3200231,22,13,21,2432921
3200359,23,12,22,405503
3200743,23,13,22,1216655
3201127,23,13,22,1216801
3202919,24,13,23,608741
3203559,22,12,21,811817
3203911,22,13,21,2435719
3203943,24,14,23,1826807
3204167,23,13,22,1217957
3204455,24,12,23,203011
3205223,24,13,23,609179
3206055,22,13,21,2437349
3206823,22,13,21,2437933
3206887,22,13,21,2437981
3207079,22,10,21,90301
3210407,22,13,21,2440657
3211367,22,13,21,2441387
3211751,22,12,21,813893
3213543,22,9,21,30161
3213639,23,13,22,1221557
3216487,22,12,21,815093
3218535,24,12,23,203903
3218791,24,14,23,1835273
3219559,22,13,21,2447615
3219783,22,13,21,2447785
3220551,24,14,23,1836277
3221095,24,14,23,1836587
3221735,22,11,21,272141
3221831,23,13,22,1224671
3221863,23,13,22,1224683
3222247,23,13,22,1224829
3224743,24,13,23,612889
3226471,22,10,21,90847
3226791,22,13,21,2453113
3227815,22,13,21,2453891
3228743,22,10,21,90911
3229287,23,13,22,1227505
3229927,22,11,21,272833
3230023,23,13,22,1227785
3230439,23,13,22,1227943
3230567,22,11,21,272887
3231911,22,13,21,2457005
3236167,22,13,21,2460241
3238055,24,13,23,615419
3239079,24,14,23,1846841
3240679,24,14,23,1847753
3241287,22,13,21,2464133
3241703,22,12,21,821483
3245543,22,13,21,2467369
3246407,24,14,23,1851019
3246919,22,12,21,822805
3247431,24,13,23,617201
3248455,24,14,23,1852187
3249255,24,14,23,1852643
3249895,22,12,21,823559
3250279,22,13,21,2470969
3251559,23,13,22,1235971
3251687,22,7,21,3391
3253575,22,13,21,2473475
3254599,22,10,21,91639
3255207,24,13,23,618679
3255463,23,11,22,137495
3255527,22,13,21,2474959
3256039,24,12,23,206279
3256807,24,13,23,618983
3257511,22,10,21,91721
3257703,22,13,21,2476613
3259495,22,13,21,2477975
3260487,23,13,22,1239365
3262311,24,13,23,620029
3262567,24,14,23,1860233
3262951,22,13,21,2480603
3263303,24,14,23,1860653
3263719,22,13,21,2481187
3264839,23,11,22,137891
3267303,22,13,21,2483911
3267687,22,13,21,2484203
3268775,23,13,22,1242515
3269351,24,13,23,621367
3270119,24,9,23,7673
3273447,23,13,22,1244291
3273575,22,13,21,2488679
3275111,22,12,21,829949
3275367,23,12,22,415007
3275879,24,14,23,1867823
3276871,24,14,23,1868389
3278439,22,13,21,2492377
3281063,24,13,23,623593
3281639,23,13,22,1247405
3281735,22,13,21,2494883
3282151,22,12,21,831733
3282535,22,13,21,2495491
3285831,22,13,21,2497997
3286247,24,14,23,1873735
3286503,24,11,23,69403
3287143,23,11,22,138833
3287207,22,13,21,2499043
3287975,22,12,21,833209
3288295,23,12,22,416645
3289831,23,13,22,1250519
3289927,22,13,21,2501111
3290983,24,14,23,1876435
3291463,24,14,23,1876709
3291815,23,12,22,417091
3292519,22,13,21,2503081
3293031,23,12,22,417245
3293287,22,11,21,278185
3294439,22,12,21,834847
3294951,23,13,22,1252465
3295079,22,12,21,835009
3295399,24,14,23,1878953
3296071,23,13,22,1252891
3296615,22,13,21,2506195
3296935,24,14,23,1879829
3297351,22,12,21,835585
3297959,22,12,21,835739
3298471,24,14,23,1880705
3299047,24,13,23,627011
3301223,23,12,22,418283
3302727,23,13,22,1255421
3302759,23,13,22,1255433
3303495,23,12,22,418571
3304263,23,13,22,1256005
3305191,22,13,21,2512715
3305959,22,13,21,2513299
3306151,22,12,21,837815
3306599,24,14,23,1885339
3306855,24,13,23,628495
3307367,22,12,21,838123
3308903,22,13,21,2515537
3309735,24,14,23,1887127
3310311,22,11,21,279623
3310919,23,13,22,1258535
3312103,23,13,22,1258985
3312359,24,11,23,69949
3313383,22,13,21,2518943
3314151,24,14,23,1889645
3314407,22,10,21,93323
3318631,24,13,23,630733
3319655,24,14,23,1892783
3319975,23,12,22,420659
3320039,22,13,21,2524003
3320167,24,13,23,631025
3320295,23,13,22,1262099
3320679,22,13,21,2524489
3322727,23,13,22,1263023
3323495,24,14,23,1894973
3324263,23,13,22,1263607
3324519,22,13,21,2527409
3327079,22,13,21,2529355
3327335,22,9,21,31229
3329383,23,11,22,140617
3329703,23,13,22,1265675
3331399,22,12,21,844213
3331431,22,11,21,281407
3331687,23,12,22,422143
3332455,23,13,22,1266721
3332711,22,13,21,2533637
3334983,24,13,23,633841
3335495,22,12,21,845251
3335527,22,11,21,281753
3337895,23,13,22,1268789
3338311,23,13,22,1268947
3338727,23,12,22,423035
3339495,23,13,22,1269397
3339591,22,12,21,846289
3343591,24,13,23,635477
3343719,22,11,21,282445
3344103,24,14,23,1906723
3344871,22,12,21,847627
3345735,23,12,22,423923
3346087,23,13,22,1271903
3346503,23,13,22,1272061
3348327,24,13,23,636377
3348391,22,12,21,848519
3349607,24,14,23,1909861
3351623,24,14,23,1911011
3352647,22,13,21,2548793
3353927,23,12,22,424961
3354535,24,12,23,212519
3355815,24,14,23,1913401
3356391,24,14,23,1913729
3357799,22,12,21,850903
3360583,23,13,22,1277413
3360839,22,13,21,2555021
3360999,24,14,23,1916357
3363943,24,12,23,213115
3366503,24,14,23,1919495
3367079,24,13,23,639941
3367751,22,10,21,94825
3367783,22,12,21,853433
3369191,23,12,22,426895
3369319,22,13,21,2561467
3370663,22,10,21,94907
3371175,23,13,22,1281439
3371847,22,11,21,284821
3373927,23,12,22,427495
3376615,23,13,22,1283507
3376743,22,13,21,2567111
3376999,24,14,23,1925479
3377255,24,13,23,641875
3377319,22,13,21,2567549
3377511,22,13,21,2567695
3377991,24,11,23,71335
3378535,22,13,21,2568473
3380455,22,13,21,2569933
3380583,23,13,22,1285015
3380839,22,13,21,2570225
3381415,22,13,21,2570663
3382119,23,12,22,428533
3383655,23,13,22,1286183
3385255,24,14,23,1930187
3386279,22,13,21,2574361
3386599,24,13,23,643651
3387111,24,14,23,1931245
3389031,22,13,21,2576453
3389159,23,12,22,429425
3389607,22,13,21,2576891
3391559,22,13,21,2578375
3393383,22,13,21,2579761
3394471,22,13,21,2580589
3396071,22,13,21,2581805
3396839,22,13,21,2582389
3400167,22,13,21,2584919
3400423,24,14,23,1938835
3401447,24,12,23,215491
3402055,23,12,22,431059
3402407,23,13,22,1293311
3402471,23,13,22,1293335
3402663,22,13,21,2586817
3402855,23,13,22,1293481
3402983,24,13,23,646765
3404903,22,13,21,2588519
3406439,22,11,21,287743
3407943,24,14,23,1943123
3407975,24,14,23,1943141
3408359,22,13,21,2591147
3408615,22,13,21,2591341
3408999,22,13,21,2591633
3409735,24,14,23,1944145
3412135,22,13,21,2594017
3413095,22,13,21,2594747
3416935,23,13,22,1298833
3417159,22,13,21,2597837
3417319,24,14,23,1948469
3418343,22,13,21,2598737
3418983,22,13,21,2599223
3420327,22,13,21,2600245
3421031,24,13,23,650195
3422055,24,14,23,1951169
3423847,24,14,23,1952191
3424327,23,10,22,48209
3424359,24,14,23,1952483
3425511,23,11,22,144677
3425767,22,12,21,868127
3425895,23,13,22,1302239
3426407,22,12,21,868289
3426535,22,13,21,2604965
3427175,22,13,21,2605451
3427239,24,10,23,24125
3427559,22,10,21,96509
3428519,22,13,21,2606473
3429703,22,13,21,2607373
3429735,22,13,21,2607397
3430503,22,12,21,869327
3432295,22,11,21,289927
3433799,22,13,21,2610487
3433831,22,13,21,2610511
3434087,23,13,22,1305353
3434567,22,11,21,290119
3437895,22,13,21,2613601
3438439,23,11,22,145223
3438695,22,12,21,871403
3439271,22,12,21,871549
3439783,24,13,23,653759
3440231,22,13,21,2615377
3440807,24,14,23,1961861
3441991,22,13,21,2616715
3442599,24,14,23,1962883
3443175,22,13,21,2617615
3443879,24,14,23,1963613
3445415,23,12,22,436553
3445927,22,13,21,2619707
3446503,22,13,21,2620145
3447527,22,12,21,873641
3449159,24,13,23,655541
3450183,22,13,21,2622943
3450471,24,14,23,1967371
3451367,22,13,21,2623843
3451623,22,12,21,874679
3452071,23,13,22,1312189
3453095,24,10,23,24307
3453255,24,14,23,1968959
3454887,24,14,23,1969889
3455655,24,14,23,1970327
3456103,22,13,21,2627443
3457767,24,12,23,219059
3457895,22,13,21,2628805
3458983,22,13,21,2629633
3459431,22,13,21,2629973
3459559,22,13,21,2630071
3461447,23,13,22,1315753
3461959,22,13,21,2631895
3463335,22,11,21,292549
3464295,22,13,21,2633671
3465575,24,13,23,658661
3466055,24,14,23,1976257
3466599,24,14,23,1976567
3467079,24,12,23,219649
3467367,24,14,23,1977005
3468615,22,9,21,32555
3470183,22,13,21,2638147
3471719,22,13,21,2639315
3474759,23,10,22,48919
3474919,24,13,23,660437
3475559,23,13,22,1321117
3476327,23,13,22,1321409
3476807,22,11,21,293687
3478375,22,13,21,2644375
3480231,23,13,22,1322893
3480679,24,14,23,1984595
3481447,23,13,22,1323355
3482087,22,11,21,294133
3482983,23,12,22,441313
3483751,23,13,22,1324231
3484135,23,10,22,49051
3484327,24,13,23,662225
3484999,22,11,21,294379
3485607,24,14,23,1987405
3487463,24,13,23,662821
3488423,23,13,22,1326007
3488871,23,11,22,147353
3489895,22,13,21,2653133
3490919,22,10,21,98293
3491559,23,13,22,1327199
3494567,22,13,21,2656685
3495015,22,11,21,295225
3495847,23,12,22,442943
3496679,23,13,22,1329145
3497127,22,13,21,2658631
3498727,22,13,21,2659847
3500199,24,14,23,1995725
3500775,24,13,23,665351
3501223,22,13,21,2661745
3501799,22,13,21,2662183
3501991,22,12,21,887443
3502759,22,13,21,2662913
3502823,22,13,21,2662961
3504455,23,13,22,1332101
3506503,22,13,21,2665759
3506759,22,6,21,1219
3506919,22,13,21,2666075
3508583,24,13,23,666835
3509095,22,12,21,889243
3509415,22,13,21,2667973
3509991,22,13,21,2668411
3510599,22,13,21,2668873
3511111,23,12,22,444877
3514727,22,13,21,2672011
3515111,24,14,23,2004227
3515463,22,12,21,890857
3516135,22,9,21,33001
3517671,24,14,23,2005687
3517799,23,13,22,1337173
3518183,24,14,23,2005979
3518535,23,13,22,1337453
3518791,22,13,21,2675101
3518951,24,14,23,2006417
3520231,22,11,21,297355
3520871,23,13,22,1338341
3521383,22,12,21,892357
3521895,24,13,23,669365
3522151,22,13,21,2677655
3523399,24,12,23,223217
3523655,22,12,21,892933
3524327,22,11,21,297701
3525991,23,13,22,1340287
3526503,22,13,21,2680963
3528039,22,13,21,2682131
3528295,23,13,22,1341163
3529063,23,13,22,1341455
3529895,23,12,22,447257
3530599,22,13,21,2684077
3532135,22,13,21,2685245
3532519,22,11,21,298393
3532903,22,13,21,2685829
3533479,22,13,21,2686267
3535207,24,8,23,2765
3536807,22,13,21,2688797
3537223,22,12,21,896371
3537767,24,14,23,2017145
3538023,22,13,21,2689721
3538087,23,12,22,448295
3539047,24,13,23,672625
3539271,23,12,22,448445
3540327,22,13,21,2691473
3540903,22,13,21,2691911
3541159,24,14,23,2019079
3541351,22,10,21,99713
3544231,22,12,21,898147
3544999,22,13,21,2695025
3547463,23,12,22,449483
3547495,23,10,22,49943
3549511,22,12,21,899485
3551303,24,14,23,2024863
3552423,22,12,21,900223
3556199,22,13,21,2703539
3556967,22,13,21,2704123
3557191,23,13,22,1352147
3558119,22,13,21,2704999
3559079,22,13,21,2705729
3559335,24,13,23,676481
3559911,24,14,23,2029771
3560263,22,13,21,2706629
3560295,22,13,21,2706653
3561191,24,14,23,2030501
3563335,24,7,23,929
3564391,22,13,21,2709767
3565159,22,13,21,2710351
3565671,24,12,23,225895
3565799,23,13,22,1355419
3565895,24,14,23,2033183
3566247,23,10,22,50207
3566439,24,13,23,677831
3567687,22,12,21,904091
3568455,22,13,21,2712857
3568967,23,13,22,1356623
3569383,23,13,22,1356781
3570343,24,11,23,75397
3570535,23,13,22,1357219
3571303,23,13,22,1357511
3571783,22,12,21,905129
3571815,22,12,21,905137
3573351,22,13,21,2716579
3573607,22,12,21,905591
3575111,22,13,21,2717917
3575143,22,13,21,2717941
3576487,22,11,21,302107
3577191,23,13,22,1359749
3577447,22,13,21,2719693
3577703,22,12,21,906629
3577959,23,12,22,453347
3578727,23,13,22,1360333
3579239,22,13,21,2721055
3579975,22,12,21,907205
3581543,24,14,23,2042105
3581767,22,9,21,33617
3582311,24,14,23,2042543
3583079,23,13,22,1361987
3585127,22,13,21,2725531
3585383,23,13,22,1362863
3585639,22,13,21,2725921
3586215,24,14,23,2044769
3586791,24,12,23,227233
3588839,24,14,23,2046265
3589959,22,11,21,303245
3590055,23,13,22,1364639
3590471,23,13,22,1364797
3590887,23,12,22,454985
3591783,22,8,21,11237
3597031,22,12,21,911527
3597927,23,10,22,50653
3598151,22,11,21,303937
3598663,23,13,22,1367911
3599527,24,14,23,2052359
3600551,22,12,21,912419
3601127,22,12,21,912565
3603047,22,13,21,2739155
3604071,22,10,21,101479
3604967,24,14,23,2055461
3605735,24,14,23,2055899
3607399,22,13,21,2742463
3608903,24,14,23,2057705
3609319,22,12,21,914641
3609447,24,13,23,686005
3609703,24,14,23,2058161
3609927,22,12,21,914795
3610471,24,14,23,2058599
3612007,23,12,22,457661
3613767,22,13,21,2747305
3614951,22,13,21,2748205
3615655,24,13,23,687185
3615975,22,13,21,2748983
3616679,24,14,23,2062139
3618119,22,12,21,916871
3618535,22,13,21,2750929
3619911,22,7,21,3775
3620199,23,12,22,458699
3620711,22,13,21,2752583
3622119,23,13,22,1376827
3622375,22,13,21,2753849
3622631,22,13,21,2754043
3622759,24,13,23,688535
3622823,22,10,21,102007
3623015,22,13,21,2754335
3623143,22,13,21,2754433
3623751,22,13,21,2754895
3623783,22,13,21,2754919
3624263,24,12,23,229607
3624807,22,13,21,2755697
3625031,24,13,23,688967
3626087,24,14,23,2067503
3626855,23,13,22,1378627
3626919,22,11,21,306367
3627111,22,13,21,2757449
3628199,24,13,23,689569
3628903,22,13,21,2758811
3629223,24,14,23,2069291
3631175,22,13,21,2760539
3631943,22,13,21,2761123
3632231,22,12,21,920447
3632295,23,13,22,1380695
3633063,23,11,22,153443
3634279,23,12,22,460483
3635047,23,13,22,1381741
3635303,22,13,21,2763677
3635527,22,13,21,2763847
3637095,24,14,23,2073779
3637575,24,13,23,691351
3638343,24,9,23,8537
3638375,24,12,23,230501
3639655,24,14,23,2075239
3640487,23,13,22,1383809
3641671,23,13,22,1384259
3642215,22,10,21,102553
3642535,22,13,21,2769175
3647655,22,13,21,2773067
3648231,22,13,21,2773505
3648679,23,13,22,1386923
3649863,23,13,22,1387373
3650375,22,12,21,925045
3652199,23,13,22,1388261
3652455,24,11,23,77131
3654471,24,14,23,2083687
3654727,24,11,23,77179
3656519,23,12,22,463301
3657383,22,12,21,926821
3658055,23,13,22,1390487
3658407,24,14,23,2085931
3659943,22,13,21,2782409
3660391,23,13,22,1391375
3660455,23,13,22,1391399
3662663,22,12,21,928159
3663175,23,13,22,1392433
3663591,24,14,23,2088887
3663975,23,13,22,1392737
3665575,22,12,21,928897
3665767,24,13,23,696709
3666407,22,13,21,2787323
3667111,23,9,22,17209
3667175,22,13,21,2787907
3667271,24,13,23,696995
3667303,24,13,23,697001
3668327,24,14,23,2091587
3669159,22,11,21,309935
3670119,22,13,21,2790145
3671271,22,13,21,2791021
3671783,23,12,22,465235
3672551,23,13,22,1395997
3673255,22,10,21,103427
3673415,22,13,21,2792651
3674183,22,13,21,2793235
3675303,23,11,22,155227
3675367,24,14,23,2095601
3678055,23,13,22,1398089
3678311,22,13,21,2796373
3678535,22,11,21,310727
3678695,22,13,21,2796665
3679463,22,13,21,2797249
3679591,23,13,22,1398673
3679719,24,13,23,699361
3680327,23,13,22,1398953
3680359,23,13,22,1398965
3680583,24,11,23,77725
3681383,24,13,23,699677
3681607,22,13,21,2798879
3682375,24,14,23,2099597
3682631,22,10,21,103691
3683175,24,14,23,2100053
3683431,22,13,21,2800265
3683495,23,11,22,155573
3684199,22,13,21,2800849
3684967,22,12,21,933811
3685479,23,13,22,1400911
3686503,22,13,21,2802601
3688263,22,13,21,2803939
3688519,23,13,22,1402067
3689191,24,13,23,701161
3691623,22,13,21,2806493
3693287,23,13,22,1403879
3694951,22,12,21,936341
3695335,22,13,21,2809315
3696743,24,14,23,2107789
3699431,22,13,21,2812429
3699943,23,12,22,468803
3702951,22,13,21,2815105
3703143,22,12,21,938417
3703527,22,13,21,2815543
3704039,24,12,23,234661
3704999,23,13,22,1408331
3705575,24,13,23,704275
3706215,23,13,22,1408793
3706599,24,14,23,2113409
3706951,23,12,22,469691
3707719,23,13,22,1409365
3708135,23,12,22,469841
3708263,22,13,21,2819143
3709031,22,11,21,313303
3709607,22,12,21,940055
3710311,24,13,23,705175
3711079,24,10,23,26123
3711815,24,13,23,705461
3712327,24,14,23,2116675
3712871,23,12,22,470441
3713095,22,12,21,940939
3713703,22,12,21,941093
3713959,23,12,22,470579
3714279,22,12,21,941239
3714407,23,13,22,1411907
3716455,22,13,21,2825371
3716839,22,13,21,2825663
3717031,22,13,21,2825809
3717287,24,13,23,706501
3717863,24,14,23,2119831
3719911,24,14,23,2120999
3720935,22,13,21,2828777
3721063,23,12,22,471479
3721703,24,14,23,2122021
3721895,22,12,21,943169
3722151,23,12,22,471617
3722343,22,13,21,2829847
3722471,22,12,21,943315
3722599,23,13,22,1415021
3723751,23,13,22,1415459
3724615,24,14,23,2123681
3724647,22,13,21,2831599
3726055,22,11,21,314741
3726439,24,14,23,2124721
3727719,24,14,23,2125451
3728103,23,11,22,157457
3728743,22,13,21,2834713
3729127,22,13,21,2835005
3729223,24,14,23,2126309
3732199,24,11,23,78815
3734631,22,13,21,2839189
3736039,24,13,23,710065
3736935,22,13,21,2840941
3737063,24,14,23,2130779
3737415,23,12,22,473551
3737767,22,12,21,947191
3738983,24,14,23,2131873
3740519,24,14,23,2132749
3740775,24,13,23,710965
3741863,22,12,21,948229
3742823,22,13,21,2845417
3744839,23,13,22,1423475
3745383,22,12,21,949121
3745959,22,12,21,949267
3746471,24,14,23,2136143
3748007,23,12,22,474893
3748679,22,13,21,2849869
3749223,23,10,22,52783
3751271,22,11,21,316871
3751527,23,12,22,475339
3754823,24,13,23,713635
3755335,24,14,23,2141197
3755687,22,13,21,2855197
3756519,22,12,21,951943
3757383,23,12,22,476081
3758759,24,13,23,714383
3759271,24,14,23,2143441
3759719,23,12,22,476377
3760615,22,12,21,952981
3761831,22,7,21,3923
3762919,24,14,23,2145521
3763943,24,14,23,2146105
3764295,22,13,21,2861741
3764711,22,12,21,954019
3765063,22,13,21,2862325
3765991,23,13,22,1431515
3767463,22,13,21,2864149
3768391,22,13,21,2864855
3768647,24,14,23,2148787
3769447,24,14,23,2149243
3769671,24,12,23,238819
3769959,24,14,23,2149535
3770279,23,12,22,477715
3770695,23,13,22,1433303
3771207,24,13,23,716749
3773095,22,13,21,2868431
3773543,22,12,21,956257
3773607,24,13,23,717205
3774183,23,13,22,1434629
3774311,22,13,21,2869355
3775207,24,13,23,717509
3776583,22,13,21,2871083
3776839,22,13,21,2871277
3777255,22,13,21,2871593
3778471,23,12,22,478753
3779047,24,12,23,239413
3780327,22,13,21,2873929
3782503,24,14,23,2156687
3783271,22,13,21,2876167
3785543,24,14,23,2158421
3785831,22,12,21,959371
3786567,22,13,21,2878673
3788455,24,11,23,80003
3788967,22,13,21,2880497
3790567,24,14,23,2161285
3791463,22,13,21,2882395
3793735,23,11,22,160229
3793991,22,12,21,961439
3794759,22,13,21,2884901
3795783,22,10,21,106877
3796327,24,13,23,721523
3797159,22,13,21,2886725
3798119,24,14,23,2165591
3799399,24,13,23,722107
3799655,22,13,21,2888623
3801255,24,14,23,2167379
3802343,23,13,22,1445333
3806439,24,13,23,723445
3809127,22,13,21,2895823
3810535,23,13,22,1448447
3811399,22,13,21,2897551
3811687,24,14,23,2173327
3812199,24,14,23,2173619
3812583,22,13,21,2898451
3814727,22,13,21,2900081
3815271,23,13,22,1450247
3815335,22,13,21,2900543
3815751,22,12,21,966953
3816103,22,13,21,2901127
3816615,24,12,23,241793
3817319,22,13,21,2902051
3818407,23,7,22,1991
3818727,23,13,22,1451561
3819591,22,13,21,2903779
3819847,22,12,21,967991
3820263,24,14,23,2178217
3820647,22,13,21,2904581
3821479,24,14,23,2178911
3822247,23,13,22,1452899
3822759,22,12,21,968729
3823527,22,13,21,2906771
3824231,23,10,22,53839
3824359,22,13,21,2907403
3824743,22,13,21,2907695
3825511,22,13,21,2908279
3825991,24,12,23,242387
3827783,22,13,21,2910007
3827815,24,14,23,2182523
3828583,24,14,23,2182961
3828839,22,13,21,2910809
3829671,23,13,22,1455721
3830439,23,13,22,1456013
3830503,23,13,22,1456037
3830887,23,13,22,1456183
3831655,23,13,22,1456475
3834023,23,13,22,1457375
3835111,24,14,23,2186683
3836071,22,13,21,2916307
3836263,22,12,21,972151
3836775,23,13,22,1458421
3836839,22,9,21,36011
3837159,23,9,22,18007
3839207,22,11,21,324299
3840167,22,13,21,2919421
3841383,24,14,23,2190259
3842407,24,12,23,243427
3843143,24,13,23,730421
3843175,24,13,23,730427
3843303,22,10,21,108215
3844263,22,13,21,2922535
3845031,22,11,21,324791
3845351,23,11,22,162409
3845479,22,13,21,2923459
3848359,22,13,21,2925649
3848871,23,12,22,487673
3848935,24,14,23,2194565
3849575,22,13,21,2926573
3850311,22,11,21,325237
3852135,22,11,21,325391
3852359,23,10,22,54235
3853223,22,11,21,325483
3853543,23,11,22,162755
3854823,22,13,21,2930563
3855015,22,12,21,976903
3855687,24,13,23,732805
3855975,22,13,21,2931439
3856551,22,13,21,2931877
3857575,22,13,21,2932655
3858919,22,13,21,2933677
3859783,23,13,22,1467167
3861159,24,12,23,244615
3861671,22,13,21,2935769
3862247,22,13,21,2936207
3863015,22,13,21,2936791
3864903,23,13,22,1469113
3865703,23,13,22,1469417
3865767,22,13,21,2938883
3866951,22,13,21,2939783
3867111,22,13,21,2939905
3868391,23,13,22,1470439
3868999,24,13,23,735335
3869159,23,13,22,1470731
3870023,22,13,21,2942119
3871047,22,13,21,2942897
3871847,22,13,21,2943505
3871911,23,13,22,1471777
3872679,23,13,22,1472069
3873895,23,13,22,1472531
3873959,24,14,23,2208833
3875143,22,13,21,2946011
3875303,22,13,21,2946133
3877031,23,11,22,163747
3878215,22,13,21,2948347
3878823,22,13,21,2948809
3879079,22,11,21,327667
3879655,22,12,21,983147
3880103,23,13,22,1474891
3881319,23,13,22,1475353
3882087,23,13,22,1475645
3883335,24,14,23,2214179
3884359,22,9,21,36457
3885415,24,13,23,738455
3885895,24,14,23,2215639
3885927,24,14,23,2215657
3886407,24,14,23,2215931
3886759,23,13,22,1477421
3887015,22,13,21,2955037
3887175,24,14,23,2216369
3888231,22,13,21,2955961
3888455,22,11,21,328459
3891559,22,13,21,2958491
3892551,22,11,21,328805
3893351,22,13,21,2959853
3893479,22,13,21,2959951
3893735,22,9,21,36545
3894119,22,13,21,2960437
3895783,23,11,22,164539
3896679,22,12,21,987461
3897063,22,13,21,2962675
3898215,22,13,21,2963551
3898471,24,14,23,2222809
3898727,24,12,23,246995
3898983,22,12,21,988045
3899239,22,13,21,2964329
3899495,24,13,23,741131
3899751,22,13,21,2964719
3900519,24,14,23,2223977
3900743,22,11,21,329497
3901287,23,13,22,1482943
3901927,22,11,21,329597
3904679,24,14,23,2226349
3905255,22,13,21,2968903
3905447,22,12,21,989683
3905639,22,13,21,2969195
3906215,22,13,21,2969633
3906407,22,13,21,2969779
3906663,22,10,21,109999
3910119,22,11,21,330289
3910311,22,13,21,2972747
3911399,23,13,22,1486787
3912551,24,14,23,2230837
3913447,22,13,21,2975131
3914471,22,13,21,2975909
3915367,24,14,23,2232443
3916903,23,11,22,165431
3917543,22,13,21,2978245
3917735,22,12,21,992797
3918503,22,13,21,2978975
3918567,22,13,21,2979023
3921639,24,14,23,2236019
3922663,22,13,21,2982137
3924711,23,13,22,1491847
3924839,22,12,21,994597
3925735,22,13,21,2984473
3926343,22,13,21,2984935
3926887,24,12,23,248779
3928135,24,14,23,2239723
3929415,24,14,23,2240453
3929447,24,14,23,2240471
3930471,22,13,21,2988073
3930983,23,12,22,498077
3931879,22,8,21,12301
3933799,22,13,21,2990603
3934023,23,13,22,1495387
3934119,24,14,23,2243135
3935911,22,12,21,997403
3936999,24,13,23,748259
3937127,22,12,21,997711
3937511,22,13,21,2993425
3937607,23,13,22,1496749
3937895,22,13,21,2993717
3938023,23,10,22,55441
3939687,22,13,21,2995079
3941991,22,13,21,2996831
3942759,24,14,23,2248061
3943335,22,13,21,2997853
3943527,24,14,23,2248499
3944167,22,10,21,111055
3947175,24,13,23,750193
3947687,24,14,23,2250871
3947879,22,13,21,3001307
3948135,23,13,22,1500751
3950055,23,13,22,1501481
3950439,22,13,21,3003253
3953319,22,13,21,3005443
3954791,23,13,22,1503281
3955015,24,12,23,250561
3955879,22,12,21,1002463
3956071,24,14,23,2255651
3956327,23,13,22,1503865
3957063,24,14,23,2256217
3959111,23,12,22,501641
3959975,22,12,21,1003501
3960999,24,14,23,2258461
3961511,22,13,21,3011671
3962791,24,13,23,753161
3962983,23,13,22,1506395
3963559,24,13,23,753307
3965255,22,12,21,1004839
3965671,24,14,23,2261125
3966183,24,14,23,2261417
3966439,24,14,23,2261563
3966887,23,13,22,1507879
3967335,23,11,22,167561
3968167,22,12,21,1005577
3969191,22,13,21,3017509
3969351,22,12,21,1005877
3969703,22,13,21,3017899
3970919,24,14,23,2264117
3973191,24,14,23,2265413
3973479,22,11,21,335641
3973863,22,13,21,3021061
3973959,24,14,23,2265851
3975079,23,13,22,1510993
3975335,24,13,23,755545
3975399,22,13,21,3022229
3975911,23,13,22,1511309
3977127,24,14,23,2267657
3977543,22,12,21,1007953
3978471,24,12,23,252047
3982055,22,13,21,3027289
3983175,22,13,21,3028141
3983463,22,12,21,1009453
3984199,22,13,21,3028919
3986279,24,13,23,757625
3986759,22,13,21,3030865
3986791,24,14,23,2273167
3987047,24,13,23,757771
3987559,22,12,21,1010491
3990343,23,13,22,1516795
3990599,22,13,21,3033785
3990855,22,13,21,3033979
3991367,22,13,21,3034369
3991655,22,12,21,1011529
3992231,22,11,21,337225
3992487,24,12,23,252935
3992807,22,12,21,1011821
3993255,24,13,23,758951
3994087,24,13,23,759109
3994279,23,10,22,56233
3997799,23,12,22,506543
4000231,22,13,21,3041107
4003751,22,13,21,3043783
4005991,23,12,22,507581
4007271,22,13,21,3046459
4008679,22,12,21,1015843
4009895,23,13,22,1524227
4012647,23,13,22,1525273
4014247,23,12,22,508627
4016295,22,12,21,1017773
4016455,22,13,21,3053441
4016871,22,12,21,1017919
4018087,23,13,22,1527341
4018343,24,12,23,254573
4019367,22,13,21,3055655
4019815,22,10,21,113185
4020135,22,13,21,3056239
4020903,24,14,23,2292617
4023143,22,13,21,3058525
4023911,22,11,21,339901
4024487,22,12,21,1019849
4024551,24,13,23,764899
4025191,23,13,22,1530041
4026279,23,13,22,1530455
4027623,22,13,21,3061931
4029287,24,13,23,765799
4029799,24,14,23,2297689
4030055,24,11,23,85105
4031719,22,13,21,3065045
4031815,24,14,23,2298839
4033383,23,13,22,1533155
4034631,22,13,21,3067259
4035047,22,12,21,1022525
4035399,22,13,21,3067843
4035815,22,13,21,3068159
4037991,22,12,21,1023271
4039495,22,13,21,3070957
4040007,23,12,22,511891
4040551,22,13,21,3071759
4040775,23,13,22,1535965
4041191,24,14,23,2304185
4041639,22,13,21,3072587
4041959,23,13,22,1536415
4043239,22,12,21,1024601
4043591,24,14,23,2305553
4043623,24,14,23,2305571
4044135,24,12,23,256207
4044647,22,13,21,3074873
4045031,22,8,21,12655
4045671,24,13,23,768913
4046919,22,13,21,3076601
4047015,24,14,23,2307505
4047687,22,13,21,3077185
4047943,24,13,23,769345
4048743,22,13,21,3077987
4048807,24,11,23,85501
4049383,23,12,22,513079
4049831,22,13,21,3078815
4050151,23,13,22,1539529
4050855,22,10,21,114059
4054119,23,12,22,513679
4054183,22,13,21,3082123
4056935,24,14,23,2313161
4057319,22,10,21,114241
4057415,24,13,23,771145
4057447,24,13,23,771151
4057959,24,14,23,2313745
4058279,22,13,21,3085237
4061511,23,13,22,1543847
4061799,24,14,23,2315935
4062375,22,13,21,3088351
4063399,22,13,21,3089129
4063559,22,13,21,3089251
4063975,22,13,21,3089567
4065447,23,13,22,1545343
4066151,22,11,21,343469
4067495,22,13,21,3092243
4067655,22,13,21,3092365
4068167,23,12,22,515459
4068199,23,11,22,171821
4068519,23,13,22,1546511
4070247,22,10,21,114605
4071751,22,13,21,3095479
4072263,24,12,23,257989
4073639,23,13,22,1548457
4073799,24,13,23,774259
4074823,24,14,23,2323361
4075687,22,13,21,3098471
4076263,22,13,21,3098909
4076359,23,12,22,516497
4076711,23,13,22,1549625
4078247,24,14,23,2325313
4078759,24,14,23,2325605
4081127,22,13,21,3102607
4081767,22,13,21,3103093
4082503,22,12,21,1034551
4083047,23,13,22,1552033
4084199,23,13,22,1552471
4085063,22,13,21,3105599
4085095,22,13,21,3105623
4085479,22,12,21,1035305
4085863,22,13,21,3106207
4086087,24,14,23,2329783
4086951,23,11,22,172613
4087655,24,14,23,2330677
4088135,24,14,23,2330951
4088167,24,14,23,2330969
4089159,22,13,21,3108713
4089191,22,13,21,3108737
4089927,24,14,23,2331973
4089959,22,13,21,3109321
4090695,22,12,21,1036627
4091047,24,11,23,86393
4091623,23,12,22,518431
4091975,23,13,22,1555427
4092391,23,13,22,1555585
4093287,22,13,21,3111851
4094055,22,13,21,3112435
4094279,22,11,21,345845
4096327,23,11,22,173009
4097351,22,13,21,3114941
4097511,24,14,23,2336297
4097895,23,13,22,1557677
4098535,22,13,21,3115841
4099815,23,12,22,519469
4100423,24,11,23,86591
4101223,24,13,23,779471
4101991,24,13,23,779617
4102247,22,13,21,3118663
4102887,22,13,21,3119149
4104263,24,13,23,780049
4104551,24,14,23,2340311
4104935,23,13,22,1560353
4105287,24,14,23,2340731
4105319,24,14,23,2340749
4106407,24,14,23,2341369
4106599,22,12,21,1040657
4106727,22,13,21,3122069
4106919,24,14,23,2341661
4106983,22,13,21,3122263
4109543,24,14,23,2343157
4110055,24,14,23,2343449
4110695,22,12,21,1041695
4111079,22,13,21,3125377
4113127,23,13,22,1563467
4113511,23,13,22,1563613
4113895,23,10,22,57917
4114023,22,13,21,3127615
4115175,22,13,21,3128491
4116631,22,3,21,53
4118119,24,14,23,2348047
4118887,22,12,21,1043771
4119143,24,12,23,260959
4119271,22,13,21,3131605
4120679,22,9,21,38675
4121319,23,13,22,1566581
4123303,24,14,23,2351003
4123559,24,14,23,2351149
4124743,22,12,21,1045255
4124839,23,13,22,1567919
4125159,24,14,23,2352061
4125415,24,13,23,784069
4125927,22,12,21,1045555
4126823,23,10,22,58099
4128839,22,12,21,1046293
4128871,22,11,21,348767
4130023,22,12,21,1046593
4131143,24,14,23,2355473
4132167,24,14,23,2356057
4132519,22,13,21,3141677
4132935,22,12,21,1047331
4134215,23,13,22,1571483
4134759,22,12,21,1047793
4135079,24,14,23,2357717
4136103,22,13,21,3144401
4136295,22,13,21,3144547
4137063,22,11,21,349459
4137703,24,14,23,2359213
4138215,22,12,21,1048669
4142407,23,13,22,1574597
4142951,22,12,21,1049869
4143431,24,13,23,787493
4144487,22,13,21,3150775
4145479,22,13,21,3151529
4145895,22,10,21,116735
4147271,24,12,23,262741
4147559,24,14,23,2364833
4147943,23,11,22,175189
4148551,22,13,21,3153865
4149415,24,14,23,2365891
4153511,22,12,21,1052545
4153831,24,14,23,2368409
4155623,24,14,23,2369431
4155751,23,13,22,1579669
4156519,23,13,22,1579961
4157607,22,12,21,1053583
4158311,24,13,23,790321
4158567,22,13,21,3161479
4158791,24,14,23,2371237
4160359,24,14,23,2372131
4160871,24,14,23,2372423
4161703,22,12,21,1054621
4162663,22,13,21,3164593
4163175,23,12,22,527497
4163751,24,12,23,263785
4163943,23,13,22,1582783
4164455,22,13,21,3165955
4166311,24,14,23,2375525
4167847,23,12,22,528089
4169063,23,11,22,176081
4170087,22,13,21,3170237
4170567,23,13,22,1585301
4170855,22,13,21,3170821
4171111,22,10,21,117445
4174663,24,13,23,793429
4175207,22,11,21,352681
4175463,24,12,23,264527
4176039,23,12,22,529127
4176551,22,13,21,3175151
4178087,24,14,23,2382239
4178759,23,13,22,1588415
4180807,22,13,21,3178387
4181671,24,13,23,794761
4182503,24,12,23,264973
4182695,23,13,22,1589911
4183271,24,13,23,795065
4185959,22,13,21,3182303
4186599,23,12,22,530465
4186951,23,13,22,1591529
4188487,24,14,23,2388169
4188839,22,13,21,3184493
4189031,24,14,23,2388479
4189287,22,12,21,1061611
4189351,23,13,22,1592441
4189415,22,13,21,3184931
4191335,23,12,22,531065
4192583,22,13,21,3187339
4192999,22,13,21,3187655
4194791,23,12,22,531503
4198727,23,13,22,1596005
4199143,24,14,23,2394245
4199527,23,12,22,532103
4203335,24,14,23,2396635
4205383,23,9,22,19735
4205415,23,12,22,532849
4208551,24,14,23,2399609
4209255,23,13,22,1600007
4209383,24,14,23,2400083
4212967,24,12,23,266903
4213575,23,11,22,177961
4213607,23,12,22,533887
4215399,24,7,23,1099
4216679,24,14,23,2404243
4217159,24,14,23,2404517
4217959,24,14,23,2404973
4219239,24,13,23,801901
4221031,23,13,22,1604483
4221767,23,11,22,178307
4224935,24,14,23,2408951
4233127,23,13,22,1609081
4233895,23,13,22,1609373
4235431,24,14,23,2414935
4236615,23,13,22,1610407
4237383,23,13,22,1610699
4237991,24,13,23,805465
4238567,23,13,22,1611149
4240615,24,14,23,2417891
4242151,23,13,22,1612511
4242535,23,13,22,1612657
4245863,24,12,23,268987
4245991,23,13,22,1613971
4246759,23,13,22,1614263
4248423,24,14,23,2422343
4250727,23,13,22,1615771
4252903,24,9,23,9979
4254631,24,14,23,2425883
4255399,24,14,23,2426321
4255463,24,14,23,2426357
4256615,23,13,22,1618009
4256999,23,11,22,179795
4258151,23,12,22,539531
4260967,24,14,23,2429495
4262055,23,13,22,1620077
4263271,23,13,22,1620539
4264007,23,11,22,180091
4264807,23,13,22,1621123
4266151,24,13,23,810817
4269287,24,11,23,90157
4270247,23,13,22,1623191
4274023,24,11,23,90257
4276327,24,12,23,270917
4279623,23,13,22,1626755
4280487,24,14,23,2440625
4280807,23,13,22,1627205
4280999,24,12,23,271213
4282279,24,14,23,2441647
4283559,23,13,22,1628251
4284903,24,13,23,814381
4288231,23,13,22,1630027
4288999,23,13,22,1630319
4289639,24,13,23,815281
4289863,24,14,23,2445971
4289895,24,14,23,2445989
4292775,24,11,23,90653
4292935,23,13,22,1631815
4293351,23,12,22,543991
4293735,23,13,22,1632119
4295847,24,13,23,816461
4296423,23,13,22,1633141
4301927,23,13,22,1635233
4305223,24,13,23,818243
4306247,23,10,22,60625
4306279,24,14,23,2455331
4306535,24,14,23,2455477
4308583,23,12,22,545921
4310119,23,13,22,1638347
4314471,23,12,22,546667
4315239,23,13,22,1640293
4318055,24,14,23,2462045
4318279,23,13,22,1641449
4318567,24,12,23,273593
4319335,24,13,23,820925
4323239,24,12,23,273889
4324519,24,14,23,2465731
4327143,24,13,23,822409
4327335,23,12,22,548297
4332647,24,11,23,91495
4333895,24,14,23,2471077
4334407,24,14,23,2471369
4334663,24,14,23,2471515
4336359,23,13,22,1648321
4342631,23,12,22,550235
4344039,24,14,23,2476861
4344135,23,13,22,1651277
4344167,23,13,22,1651289
4344551,23,13,22,1651435
4346695,24,12,23,275375
4346727,24,12,23,275377
4350823,23,12,22,551273
4355303,24,13,23,827761
4359399,23,13,22,1657079
4359783,23,13,22,1657225
4360551,23,13,22,1657517
4361575,24,13,23,828953
4362311,24,13,23,829093
4363879,24,13,23,829391
4364391,24,14,23,2488465
4365671,23,13,22,1659463
4370151,24,11,23,92287
4372327,23,13,22,1661993
4375399,24,14,23,2494741
4376679,24,14,23,2495471
4376935,24,14,23,2495617
4379303,23,13,22,1664645
4381287,24,14,23,2498099
4386023,24,14,23,2500799
4389479,23,12,22,556171
4391079,23,13,22,1669121
4391271,24,10,23,30911
4392775,24,13,23,834883
4397799,24,14,23,2507513
4401383,24,13,23,836519
4403943,23,13,22,1674011
4405927,23,11,22,186085
4406631,24,14,23,2512549
4406887,24,13,23,837565
4407399,24,14,23,2512987
4409415,24,14,23,2514137
4409447,23,12,22,558701
4409511,24,14,23,2514191
4410023,24,10,23,31043
4410183,23,13,22,1676383
4410215,23,13,22,1676395
4415335,23,12,22,559447
4417607,23,12,22,559735
4418375,23,13,22,1679497
4420711,24,14,23,2520577
4420967,24,13,23,840241
4421543,23,13,22,1680701
4421735,24,12,23,280129
4422759,23,13,22,1681163
4423271,24,13,23,840679
4425639,24,13,23,841129
4425895,24,14,23,2523533
4428263,24,14,23,2524883
4428967,23,13,22,1683523
4429031,24,14,23,2525321
4429735,23,13,22,1683815
4437607,24,14,23,2530211
4442023,24,13,23,844243
4443047,24,14,23,2533313
4444647,24,14,23,2534225
4445031,23,13,22,1689629
4445415,24,14,23,2534663
4445799,23,11,22,187769
4449127,24,13,23,845593
4449639,24,14,23,2537071
4452423,23,13,22,1692439
4453607,23,13,22,1692889
4454311,24,14,23,2539735
4457191,24,14,23,2541377
4457703,24,13,23,847223
4458215,24,14,23,2541961
4459847,23,12,22,565087
4460199,23,13,22,1695395
4460615,23,13,22,1695553
4461415,23,13,22,1695857
4462439,24,13,23,848123
4463783,23,13,22,1696757
4465735,24,14,23,2546249
4468039,23,12,22,566125
4468647,24,11,23,94367
4468903,24,14,23,2548055
4470471,23,5,22,259
4471975,23,13,22,1699871
4473159,23,13,22,1700321
4475111,24,14,23,2551595
4476775,24,14,23,2552543
4477767,24,14,23,2553109
4477799,24,14,23,2553127
4478055,24,12,23,283697
4478279,24,14,23,2553401
4478311,24,14,23,2553419
4479847,23,9,22,21023
4480167,23,13,22,1702985
4481191,24,13,23,851687
4481351,23,13,22,1703435
4481767,23,13,22,1703593
4482119,23,10,22,63101
4483303,23,11,22,189353
4484263,24,13,23,852271
4485287,23,13,22,1704931
4485863,24,13,23,852575
4486375,24,14,23,2558017
4488039,23,11,22,189553
4489543,23,13,22,1706549
4489959,23,13,22,1706707
4493383,24,14,23,2562013
4493639,24,13,23,854053
4496231,23,11,22,189899
4496551,24,14,23,2563819
4498599,23,8,22,7037
4500391,24,14,23,2566009
4503271,23,12,22,570589
4505447,24,13,23,856297
4505927,24,14,23,2569165
4506471,24,14,23,2569475
4507495,24,14,23,2570059
4507751,24,13,23,856735
4508007,24,14,23,2570351
4510887,24,10,23,31753
4511079,23,13,22,1714735
4511847,23,13,22,1715027
4515559,24,12,23,286073
4516167,23,11,22,190741
4516967,23,13,22,1716973
4517095,24,13,23,858511
4521063,24,13,23,859265
4522055,24,14,23,2578361
4523367,24,13,23,859703
4523847,24,14,23,2579383
4531047,23,13,22,1722325
4532967,23,13,22,1723055
4535399,24,14,23,2585969
4537959,24,14,23,2587429
4538471,24,14,23,2587721
4540583,24,13,23,862975
4541159,23,13,22,1726169
4542119,24,13,23,863267
4543143,24,14,23,2590385
4545895,23,13,22,1727969
4550727,24,12,23,288301
4551495,24,13,23,865049
4554087,23,13,22,1731083
4554823,23,12,22,577121
4556711,24,14,23,2598121
4557991,24,14,23,2598851
4559335,24,13,23,866539
4559527,23,12,22,577717
4560743,23,12,22,577871
4562279,23,13,22,1734197
4563015,23,12,22,578159
4566951,23,13,22,1735973
4567367,24,14,23,2604197
4567783,23,10,22,64307
4571879,24,11,23,96547
4577607,24,14,23,2610035
4578663,24,14,23,2610637
4579175,24,14,23,2610929
4579687,24,13,23,870407
4580711,24,14,23,2611805
4581191,24,12,23,290231
4581479,24,14,23,2612243
4582247,23,13,22,1741787
4583591,24,12,23,290383
4585383,24,14,23,2614469
4586087,23,13,22,1743247
4589671,23,13,22,1744609
4594343,23,13,22,1746385
4597095,23,11,22,194159
4598439,24,13,23,873971
4599015,23,13,22,1748161
4601063,24,14,23,2623409
4601767,23,12,22,583069
4602535,23,13,22,1749499
4603751,23,13,22,1749961
4606791,23,13,22,1751117
4607079,24,12,23,291871
4608839,24,14,23,2627843
4608871,24,14,23,2627861
4609127,24,14,23,2628007
4609959,23,12,22,584107
4610375,23,13,22,1752479
4611175,23,12,22,584261
4611751,24,8,23,3607
4611943,23,13,22,1753075
4614215,23,13,22,1753939
4614887,24,13,23,877097
4614983,23,13,22,1754231
4621127,24,9,23,10843
4623687,24,14,23,2636309
4623719,24,14,23,2636327
4624039,23,10,22,65099
4625223,23,11,22,195347
4626023,24,14,23,2637641
4630695,23,13,22,1760203
4633831,23,13,22,1761395
4634983,23,13,22,1761833
4637511,24,11,23,97933
4640935,24,14,23,2646143
4642023,23,13,22,1764509
4642407,23,13,22,1764655
4642983,24,13,23,882437
4643175,23,13,22,1764947
4646631,24,14,23,2649391
4647847,23,13,22,1766723
4648679,23,12,22,589013
4649031,23,13,22,1767173
4649447,23,13,22,1767331
4650215,23,13,22,1767623
4652199,23,12,22,589459
4653127,24,13,23,884365
4656455,23,13,22,1769995
4657223,23,13,22,1770287
4661575,23,12,22,590647
4661735,24,13,23,886001
4661991,23,13,22,1772099
4662503,24,13,23,886147
4662759,24,14,23,2658587
4663527,24,14,23,2659025
4664647,23,13,22,1773109
4667239,24,13,23,887047
4668647,23,8,22,7303
4669607,24,13,23,887497
4673447,24,13,23,888227
4673703,23,13,22,1776551
4677991,23,12,22,592727
4679911,23,13,22,1778911
4680551,24,13,23,889577
4681895,23,13,22,1779665
4683879,24,14,23,2670629
4684647,23,13,22,1780711
4685991,24,13,23,890611
4686183,23,12,22,593765
4688615,24,14,23,2673329
4692071,23,12,22,594511
4692839,23,13,22,1783825
4695367,24,13,23,892393
4695655,24,14,23,2677343
4696743,23,12,22,595103
4699879,23,13,22,1786501
4703975,24,13,23,894029
4704583,23,13,22,1788289
4704743,24,13,23,894175
4704935,23,12,22,596141
4709479,24,13,23,895075
4712263,24,14,23,2686813
4712615,24,10,23,33173
4712775,23,13,22,1791403
4713575,23,13,22,1791707
4719847,24,14,23,2691137
4720231,23,12,22,598079
4722535,24,14,23,2692669
4723527,24,13,23,897745
4724327,24,12,23,299299
4725863,24,13,23,898189
4726887,24,14,23,2695151
4727623,23,13,22,1797047
4727655,23,13,22,1797059
4728423,23,12,22,599117
4731367,24,10,23,33305
4734311,23,12,22,599863
4738151,24,14,23,2701573
4738375,24,11,23,100063
4740199,24,14,23,2702741
4740967,23,13,22,1802119
4746983,24,13,23,902203
4748007,24,14,23,2707193
4748391,23,11,22,200549
4752487,24,11,23,100361
4754247,24,14,23,2710751
4756135,23,13,22,1807885
4759719,23,13,22,1809247
4760295,24,13,23,904733
4761831,24,12,23,301675
4762791,23,13,22,1810415
4763367,24,13,23,905317
4766023,24,14,23,2717465
4769607,24,13,23,906503
4772167,23,13,22,1813979
4777703,24,14,23,2724125
4781415,24,13,23,908747
4783207,24,14,23,2727263
4784231,24,14,23,2727847
4785511,24,14,23,2728577
4785895,23,11,22,202133
4786279,23,13,22,1819343
4790951,23,13,22,1821119
4793703,23,13,22,1822165
4793831,24,13,23,911107
4794471,23,13,22,1822457
4795495,24,13,23,911423
4796487,24,14,23,2734835
4797255,24,14,23,2735273
4799143,23,13,22,1824233
4799207,23,13,22,1824257
4800679,24,14,23,2737225
4804263,24,14,23,2739269
4805799,23,12,22,608921
4806567,23,13,22,1827055
4807015,23,10,22,67675
4810855,24,14,23,2743027
4812871,24,14,23,2744177
4813639,24,14,23,2744615
4816039,24,14,23,2745983
4819687,24,13,23,916021
4821831,23,13,22,1832857
4822247,23,12,22,611005
4822631,23,13,22,1833161
4825415,24,14,23,2751329
4825927,24,13,23,917207
4826439,24,14,23,2751913
4826727,24,13,23,917359
4828071,23,12,22,611743
4830823,23,13,22,1836275
4831975,24,14,23,2755069
4835175,23,12,22,612643
4835815,24,14,23,2757259
4836263,23,12,22,612781
4836711,23,13,22,1838513
4839015,23,13,22,1839389
4840551,24,14,23,2759959
4840615,23,13,22,1839997
4843335,24,14,23,2761547
4844711,24,13,23,920777
4845735,24,14,23,2762915
4848807,23,13,22,1843111
4849991,23,13,22,1843561
4850407,23,12,22,614573
4850791,23,13,22,1843865
4851527,23,11,22,204905
4853927,23,12,22,615019
4854087,24,13,23,922559
4854599,24,14,23,2767969
4855399,24,14,23,2768425
4857447,23,9,22,22795
4858183,23,13,22,1846675
4860135,23,13,22,1847417
4861863,24,13,23,924037
4862119,23,12,22,616057
4862695,24,12,23,308065
4865639,23,11,22,205501
4867463,24,4,23,47
4868327,23,13,22,1850531
4868967,24,13,23,925387
4869223,24,14,23,2776307
4871495,23,12,22,617245
4871527,23,12,22,617249
4872871,24,13,23,926129
4873831,23,11,22,205847
4876199,23,9,22,22883
4876519,23,13,22,1853645
4878055,24,14,23,2781343
4879719,23,12,22,618287
4881255,23,13,22,1855445
4883783,24,12,23,309401
4884391,23,11,22,206293
4885319,24,13,23,928495
4886695,24,14,23,2786269
4888679,23,13,22,1858267
4888743,24,14,23,2787437
4889447,23,13,22,1858559
4892583,23,11,22,206639
4892903,24,14,23,2789809
4893159,24,12,23,309995
4898151,24,14,23,2792801
4901191,23,13,22,1863023
4901223,23,13,22,1863035
4901607,23,13,22,1863181
4905127,24,14,23,2796779
4905703,24,13,23,932369
4907495,24,14,23,2798129
4909383,23,13,22,1866137
4918951,24,12,23,311629
4922727,23,13,22,1871209
4923879,24,14,23,2807471
4925287,24,13,23,936091
4926631,23,10,22,69359
4927559,24,13,23,936523
4930727,24,11,23,104125
4930919,23,13,22,1874323
4931687,23,13,22,1874615
4932839,23,13,22,1875053
4935591,24,14,23,2814149
4936007,23,10,22,69491
4937575,23,13,22,1876853
4940103,24,11,23,104323
4941159,24,14,23,2817323
4941927,24,14,23,2817761
4942695,24,14,23,2818199
4944999,23,13,22,1879675
4945767,23,13,22,1879967
4946599,24,14,23,2820425
4948711,24,13,23,940543
4949223,24,14,23,2821921
4956519,24,12,23,314009
4957287,24,13,23,942173
4958311,23,10,22,69805
4962471,24,14,23,2829475
4963047,24,14,23,2829803
4965095,24,13,23,943657
4966119,24,14,23,2831555
4967239,23,13,22,1888129
4969287,24,14,23,2833361
4969831,24,13,23,944557
4972391,23,12,22,630029
4973927,23,13,22,1890671
4975271,24,12,23,315197
4975847,23,12,22,630467
4978599,23,13,22,1892447
4981223,24,14,23,2840167
4982119,23,13,22,1893785
4982503,23,13,22,1893931
4983111,24,13,23,947081
4985959,24,14,23,2842867
4986471,24,14,23,2843159
4990311,23,13,22,1896899
4991911,24,14,23,2846261
4995431,23,13,22,1898845
4996199,23,13,22,1899137
4997991,24,13,23,949909
4998759,24,12,23,316685
4999015,24,14,23,2850311
4999527,24,13,23,950201
5000039,24,14,23,2850895
5002055,23,13,22,1901363
5002087,23,13,22,1901375
5007527,23,12,22,634481
5010247,23,13,22,1904477
5010663,23,13,22,1904635
5012839,24,11,23,105859
5014855,24,14,23,2859343
5016903,23,12,22,635669
5017671,23,13,22,1907299
5017767,24,14,23,2861003
5018439,23,13,22,1907591
5018791,24,14,23,2861587
5018855,23,13,22,1907749
5020839,23,13,22,1908503
5022439,24,14,23,2863667
5023591,23,13,22,1909549
5023975,24,14,23,2864543
5024231,24,14,23,2864689
5024679,23,13,22,1909963
5026279,23,12,22,636857
5027687,24,13,23,955553
5028711,24,14,23,2867243
5029959,24,13,23,955985
5030215,23,13,22,1912067
5030727,24,13,23,956131
5030983,24,14,23,2868539
5031751,24,14,23,2868977
5031783,23,13,22,1912663
5032871,23,13,22,1913077
5035751,24,14,23,2871257
5036871,23,8,22,7879
5044583,24,14,23,2876293
5044839,24,13,23,958813
5046439,24,13,23,959117
5048135,23,13,22,1918879
5056839,24,14,23,2883281
5056871,24,14,23,2883299
5058727,23,13,22,1922905
5060327,23,12,22,641171
5062247,23,13,22,1924243
5064423,24,12,23,320845
5066599,23,13,22,1925897
5068103,23,13,22,1926469
5068519,23,12,22,642209
5070439,23,13,22,1927357
5070695,24,13,23,963727
5071719,24,14,23,2891765
5072199,24,13,23,964013
5072967,24,13,23,964159
5076903,24,13,23,964907
5077671,24,13,23,965053
5079783,24,14,23,2896363
5080295,24,14,23,2896655
5080999,23,13,22,1931371
5081575,24,13,23,965795
5087591,24,14,23,2900815
5088071,24,14,23,2901089
5089191,23,13,22,1934485
5089639,23,12,22,644885
5096679,23,10,22,71753
5099367,24,14,23,2907529
5099591,24,10,23,35897
5100391,24,13,23,969371
5100903,24,14,23,2908405
5101735,23,13,22,1939253
5101927,24,12,23,323221
5102951,23,13,22,1939715
5103783,24,14,23,2910047
5106343,24,14,23,2911507
5106599,24,11,23,107839
5106855,24,14,23,2911799
5108455,24,14,23,2912711
5109607,23,10,22,71935
5111911,23,12,22,647707
5115207,24,13,23,972187
5116231,24,14,23,2917145
5119143,24,13,23,972935
5120103,23,12,22,648745
5120487,23,13,22,1946381
5124839,24,14,23,2922053
5125223,23,13,22,1948181
5128519,24,13,23,974717
5129063,24,14,23,2924461
5129831,24,14,23,2924899
5130055,24,12,23,325003
5130343,24,14,23,2925191
5131591,24,13,23,975301
5132455,24,11,23,108385
5133415,23,13,22,1951295
5140391,23,13,22,1953947
5141607,23,13,22,1954409
5145703,24,13,23,977983
5145927,24,14,23,2934077
5151463,24,14,23,2937233
5154119,23,11,22,217685
5155303,24,14,23,2939423
5157735,24,14,23,2940809
5157991,24,14,23,2940955
5158247,24,12,23,326789
5159591,23,13,22,1961245
5159783,24,13,23,980659
5162055,24,13,23,981091
5162727,23,13,22,1962437
5163495,23,11,22,218081
5164711,24,14,23,2944787
5166823,24,13,23,981997
5167431,23,13,22,1964225
5167847,24,14,23,2946575
5168231,23,11,22,218281
5170919,23,13,22,1965551
5172071,24,14,23,2948983
5175911,24,14,23,2951173
5179111,23,13,22,1968665
5181095,24,14,23,2954129
5182631,23,13,22,1970003
5187911,24,13,23,986005
5187943,24,13,23,986011
5190471,23,12,22,657661
5190503,23,12,22,657665
5190823,23,13,22,1973117
5190887,23,13,22,1973141
5192039,23,13,22,1973579
5195495,24,14,23,2962339
5197159,23,13,22,1975525
5197543,23,9,22,24391
5200199,24,14,23,2965021
5201255,24,13,23,988541
5201767,24,14,23,2965915
5203559,24,13,23,988979
5204039,24,14,23,2967211
5205735,23,11,22,219865
5209255,23,12,22,660041
5211623,24,14,23,2971535
5213927,23,11,22,220211
5215591,24,14,23,2973797
5218631,23,12,22,661229
5218663,24,14,23,2975549
5219431,24,14,23,2975987
5220519,24,14,23,2976607
5221543,24,12,23,330799
5222311,24,13,23,992543
5223655,24,14,23,2978395
5228359,23,13,22,1987385
5229671,24,14,23,2981825
5230759,23,13,22,1988297
5230919,24,12,23,331393
5233255,24,12,23,331541
5235431,23,13,22,1990073
5235687,24,6,23,455
5236551,23,13,22,1990499
5237415,24,14,23,2986241
5237479,24,14,23,2986277
5239271,24,14,23,2987299
5239527,24,13,23,995815
5241703,23,13,22,1992457
5244391,23,12,22,664493
5244743,23,13,22,1993613
5245799,24,13,23,997007
5246279,24,14,23,2991295
5252583,23,12,22,665531
5258855,23,13,22,1998977
5260903,24,14,23,2999633
5261127,24,14,23,2999761
5261383,24,12,23,333323
5261671,24,14,23,3000071
5262439,23,13,22,2000339
5265319,24,13,23,1000717
5266151,24,12,23,333625
5267047,23,13,22,2002091
5269831,23,13,22,2003149
5269863,23,13,22,2003161
5273191,24,9,23,12373
5273927,24,13,23,1002353
5275719,24,14,23,3008081
5275751,24,14,23,3008099
5277287,23,11,22,222887
5277607,23,13,22,2006105
5277863,24,12,23,334367
5278439,23,12,22,668807
5281959,23,12,22,669253
5285799,23,13,22,2009219
5287271,24,12,23,334963
5288807,24,13,23,1005181
5289319,24,14,23,3015835
5289575,24,11,23,111703
5289831,24,14,23,3016127
5290151,23,12,22,670291
5291367,23,12,22,670445
5291943,24,8,23,4139
5292103,24,14,23,3017423
5295783,24,13,23,1006507
5296615,24,12,23,335555
5297383,24,13,23,1006811
5300711,23,12,22,671629
5301063,23,13,22,2015021
5303143,24,14,23,3023717
5304231,23,10,22,74675
5307559,24,13,23,1008745
5308519,23,13,22,2017855
5308583,24,14,23,3026819
5308903,23,12,22,672667
5310695,24,9,23,12461
5313639,23,12,22,673267
5316455,24,14,23,3031307
5316711,23,13,22,2020969
5316935,24,13,23,1010527
5317447,24,14,23,3031873
5323943,24,13,23,1011859
5324967,23,13,22,2024107
5326567,24,14,23,3037073
5327079,24,11,23,112495
5327719,23,11,22,225017
5331271,24,14,23,3039755
5333319,24,13,23,1013641
5334343,24,14,23,3041507
5338855,24,12,23,338231
5339047,24,14,23,3044189
5342695,24,13,23,1015423
5343719,24,14,23,3046853
5344071,23,12,22,677123
5347175,24,14,23,3048823
5347431,24,13,23,1016323
5348839,23,7,22,2789
5349447,24,14,23,3050119
5350727,23,13,22,2033899
5352679,23,13,22,2034641
5354663,23,10,22,75385
5354727,24,14,23,3053129
5356647,23,13,22,2036149
5360103,23,13,22,2037463
5360871,23,13,22,2037755
5362535,24,14,23,3057581
5364071,24,14,23,3058457
5364327,24,14,23,3058603
5364455,23,13,22,2039117
5364839,23,13,22,2039263
5370727,23,13,22,2041501
5372263,23,12,22,680695
5375591,24,13,23,1021675
5378887,23,13,22,2044603
5379303,23,12,22,681587
5379687,23,13,22,2044907
5381287,24,14,23,3068273
5384359,23,13,22,2046683
5385127,23,12,22,682325
5387079,23,13,22,2047717
5389671,24,13,23,1024351
5390439,24,11,23,113833
5390663,24,14,23,3073619
5392199,24,14,23,3074495
5392231,23,12,22,683225
5392455,24,14,23,3074641
5393767,23,13,22,2050259
5394503,23,12,22,683513
5395111,24,12,23,341795
5396391,24,14,23,3076885
5397223,24,14,23,3077359
5402343,23,13,22,2053519
5403111,23,13,22,2053811
5403975,24,14,23,3081209
5404519,24,12,23,342391
5406055,24,13,23,1027465
5406311,24,14,23,3082541
5407079,24,14,23,3082979
5407463,23,11,22,228385
5408935,24,14,23,3084037
5410535,23,13,22,2056633
5411559,24,10,23,38093
5417191,23,13,22,2059163
5417831,24,13,23,1029703
5418087,24,14,23,3089255
5418343,24,14,23,3089401
5420391,24,14,23,3090569
5421671,24,13,23,1030433
5424231,23,13,22,2061839
5425063,24,14,23,3093233
5425831,24,14,23,3093671
5427687,24,14,23,3094729
5428551,23,12,22,687827
5428583,23,11,22,229277
5432647,24,12,23,344173
5432679,24,11,23,114725
5436743,23,12,22,688865
5438631,24,14,23,3100969
5442023,24,12,23,344767
5448007,24,14,23,3106315
5448519,24,14,23,3106607
5449319,24,14,23,3107063
5449799,24,13,23,1035779
5463399,24,14,23,3115091
5464423,24,14,23,3115675
5464903,23,10,22,76937
5464935,23,12,22,692437
5465703,24,14,23,3116405
5466471,23,13,22,2077895
5467303,24,14,23,3117317
5467815,24,10,23,38489
5469927,24,14,23,3118813
5473895,23,13,22,2080717
5474663,23,13,22,2081009
5475687,24,13,23,1040699
5476679,24,14,23,3122663
5477479,24,14,23,3123119
5477991,24,13,23,1041137
5478503,24,14,23,3123703
5478567,23,13,22,2082493
5483175,24,14,23,3126367
5483431,24,13,23,1042171
5483687,24,14,23,3126659
5484455,24,14,23,3127097
5486759,23,13,22,2085607
5488711,23,13,22,2086349
5490535,24,13,23,1043521
5491047,24,14,23,3130855
5493063,24,14,23,3132005
5495399,24,14,23,3133337
5495463,24,14,23,3133373
5497319,23,13,22,2089621
5499815,24,13,23,1045285
5502055,23,13,22,2091421
5503591,23,11,22,232445
5505511,23,13,22,2092735
5506151,24,13,23,1046489
5506663,24,14,23,3139759
5507943,24,14,23,3140489
5509287,24,13,23,1047085
5510247,23,13,22,2094535
5515495,24,13,23,1048265
5516135,23,13,22,2096773
5519687,24,14,23,3147185
5520743,24,14,23,3147787
5523527,24,14,23,3149375
5523559,23,12,22,699865
5524327,23,13,22,2099887
5524711,23,10,22,77779
5525671,24,13,23,1050199
5526183,24,14,23,3150889
5526695,24,14,23,3151181
5528295,24,14,23,3152093
5529447,23,11,22,233537
5530951,23,13,22,2102405
5530983,23,13,22,2102417
5531719,23,11,22,233633
5535047,24,13,23,1051981
5535847,24,12,23,350711
5536071,24,14,23,3156527
5536423,23,12,22,701495
5537383,24,13,23,1052425
5539143,23,13,22,2105519
5540007,24,14,23,3158771
5540327,23,13,22,2105969
5543079,23,13,22,2107015
5543655,24,13,23,1053617
5544679,23,12,22,702541
5547335,23,13,22,2108633
5548519,23,13,22,2109083
5549415,24,14,23,3164135
5553255,23,13,22,2110883
5556135,24,13,23,1055989
5556711,23,13,22,2112197
5558759,24,14,23,3169463
5559111,23,13,22,2113109
5559527,24,14,23,3169901
5561447,23,13,22,2113997
5563719,24,14,23,3172291
5565767,23,9,22,26119
5567335,23,13,22,2116235
5568423,24,14,23,3174973
5568871,23,13,22,2116819
5573095,24,14,23,3177637
5573959,23,11,22,235417
5575527,23,13,22,2119349
5579847,24,14,23,3181487
5582151,23,11,22,235763
5588071,23,10,22,78671
5591879,24,14,23,3188347
5591911,24,14,23,3188365
5592167,24,11,23,118093
5594279,23,13,22,2126477
5595879,23,13,22,2127085
5598375,24,13,23,1064017
5598951,23,13,22,2128253
5599143,24,12,23,354721
5599911,24,13,23,1064309
5599975,24,13,23,1064321
5600487,24,14,23,3193255
5600999,24,14,23,3193547
5603655,23,13,22,2130041
5603911,24,6,23,487
5604071,23,13,22,2130199
5605703,24,14,23,3196229
5606247,24,12,23,355171
5607143,23,13,22,2131367
5607495,24,14,23,3197251
5607751,24,13,23,1065799
5611879,23,13,22,2133167
5612615,23,12,22,711149
5613287,24,9,23,13171
5614503,24,14,23,3201247
5617383,23,11,22,237251
5618535,23,12,22,711899
5619303,23,13,22,2135989
5620807,23,12,22,712187
5621351,24,14,23,3205151
5621607,24,14,23,3205297
5622119,24,14,23,3205589
5623655,23,13,22,2137643
5625191,23,13,22,2138227
5629671,24,11,23,118885
5630631,23,13,22,2140295
5634375,24,12,23,356953
5635175,24,13,23,1071011
5637479,24,13,23,1071449
5638055,23,13,22,2143117
5638503,23,10,22,79381
5640359,24,14,23,3215989
5641383,24,12,23,357397
5642151,24,13,23,1072337
5645543,24,14,23,3218945
5646663,23,12,22,715463
5650279,24,14,23,3221645
5653351,23,13,22,2148931
5654119,23,13,22,2149223
5655271,23,13,22,2149661
5656231,24,13,23,1075013
5657255,24,14,23,3225623
5661543,23,13,22,2152045
5662311,23,13,22,2152337
5664839,24,12,23,358883
5665607,24,13,23,1076795
5666151,24,14,23,3230695
5666663,24,14,23,3230987
5666919,24,14,23,3231133
5668935,23,12,22,718285
5668967,23,12,22,718289
5669031,24,14,23,3232337
5670503,23,13,22,2155451
5673639,23,11,22,239627
5674855,23,12,22,719035
5676391,23,13,22,2157689
5677127,23,12,22,719323
5678919,24,9,23,13325
5682279,23,13,22,2159927
5682791,24,13,23,1080061
5683815,24,14,23,3240767
5688935,23,8,22,8899
5694791,24,14,23,3247025
5695303,24,11,23,120271
5697703,24,12,23,360965
5698279,23,12,22,722003
5699495,24,14,23,3249707
5700199,23,13,22,2166739
5700327,24,14,23,3250181
5704167,24,14,23,3252371
5704551,23,13,22,2168393
5706471,23,12,22,723041
5707079,24,12,23,361559
5708903,24,14,23,3255071
5710919,24,13,23,1085407
5711943,24,14,23,3256805
5713127,23,13,22,2171653
5715687,24,13,23,1086313
5717063,23,7,22,2981
5717863,23,13,22,2173453
5719527,24,13,23,1087043
5719783,23,13,22,2174183
5720167,23,13,22,2174329
5720295,24,13,23,1087189
5720903,23,13,22,2174609
5720935,23,13,22,2174621
5721959,24,13,23,1087505
5722951,24,14,23,3263081
5722983,24,14,23,3263099
5724071,23,11,22,241757
5724263,24,13,23,1087943
5726055,23,13,22,2176567
5728327,23,13,22,2177431
5728423,24,14,23,3266201
5729095,23,13,22,2177723
5732679,23,13,22,2179085
5736295,24,14,23,3270689
5737319,24,14,23,3271273
5739367,23,10,22,80801
5739687,23,13,22,2181749
5740135,24,14,23,3272879
5744807,23,13,22,2183695
5745383,24,13,23,1091957
5746407,24,14,23,3276455
5747175,24,14,23,3276893
5747527,23,12,22,728243
5754535,23,12,22,729131
5757095,24,13,23,1094183
5762279,24,14,23,3285505
5762727,23,12,22,730169
5763559,23,13,22,2190823
5764327,23,13,22,2191115
5765447,24,14,23,3287311
5766311,23,11,22,243541
5767271,24,13,23,1096117
5768295,24,14,23,3288935
5770407,24,10,23,40619
5770567,23,13,22,2193487
5771335,23,13,22,2193779
5775687,23,11,22,243937
5775847,24,13,23,1097747
5776615,24,13,23,1097893
5777639,24,14,23,3294263
5778759,23,13,22,2196601
5779783,24,10,23,40685
5780583,24,13,23,1098647
5781351,24,13,23,1098793
5782119,24,12,23,366313
5783655,24,13,23,1099231
5785415,23,13,22,2199131
5789415,24,14,23,3300977
5792103,23,12,22,733891
5792487,23,13,22,2201819
5795911,24,14,23,3304681
5797991,24,14,23,3305867
5800103,24,13,23,1102357
5800295,23,12,22,734929
5800679,23,13,22,2204933
5805415,23,13,22,2206733
5805799,24,14,23,3310319
5806183,23,11,22,245225
5810247,24,12,23,368095
5810535,24,14,23,3313019
5810855,23,12,22,736267
5813607,23,13,22,2209847
5813991,23,13,22,2209993
5814183,24,13,23,1105033
5818087,24,13,23,1105775
5819047,23,12,22,737305
5819495,23,13,22,2212085
5819623,24,12,23,368689
5821799,23,13,22,2212961
5825895,24,13,23,1107259
5828775,24,14,23,3323419
5838151,24,14,23,3328765
5838183,24,14,23,3328783
5838695,24,14,23,3329075
5839015,23,12,22,739835
5839975,24,13,23,1109935
5842535,23,12,22,740281
5843111,24,12,23,370177
5844903,24,14,23,3332615
5846759,24,14,23,3333673
5848423,23,11,22,247009
5852263,24,14,23,3336811
5857447,24,14,23,3339767
5857767,23,12,22,742211
5858983,23,7,22,3055
5861287,24,14,23,3341957
5861863,24,12,23,371365
5862055,24,14,23,3342395
5865543,23,13,22,2229589
5866343,24,14,23,3344839
5868391,24,14,23,3346007
5870247,23,13,22,2231377
5870695,23,12,22,743849
5871463,23,13,22,2231839
5873735,23,13,22,2232703
5874407,24,13,23,1116479
5877479,24,13,23,1117063
5880423,23,13,22,2235245
5882983,24,12,23,372703
5883719,24,13,23,1118249
5886119,24,13,23,1118705
5888615,23,13,22,2238359
5892935,23,10,22,82963
5896519,24,14,23,3362045
5896807,23,13,22,2241473
5898343,24,14,23,3363085
5899623,24,14,23,3363815
5900455,24,14,23,3364289
5903527,24,14,23,3366041
5904295,24,14,23,3366479
5906279,23,13,22,2245073
5908551,23,13,22,2245937
5909735,23,13,22,2246387
5909863,24,14,23,3369653
5911399,24,14,23,3370529
5911879,24,13,23,1123601
5912487,23,13,22,2247433
5912903,23,12,22,749197
5913191,24,14,23,3371551
5913255,23,13,22,2247725
5914471,23,13,22,2248187
5914791,24,14,23,3372463
5916743,23,13,22,2249051
5919207,24,14,23,3374981
5919911,23,12,22,750085
5920679,23,13,22,2250547
5921511,23,13,22,2250863
5921895,23,13,22,2251009
5922663,23,13,22,2251301
5924935,23,13,22,2252165
5925991,24,13,23,1126283
5926983,24,14,23,3379415
5927751,24,14,23,3379853
5933223,23,13,22,2255315
5933991,23,9,22,27847
5936359,23,11,22,250723
5939047,24,14,23,3386293
5941319,24,14,23,3387589
5941415,23,13,22,2258429
5942183,23,11,22,250969
5942631,23,13,22,2258891
5945511,24,13,23,1129993
5948135,24,14,23,3391475
5949287,23,11,22,251269
5950375,23,11,22,251315
5951975,23,13,22,2262443
5953127,23,13,22,2262881
5954727,23,13,22,2263489
5955943,24,14,23,3395927
5958823,24,13,23,1132523
5959399,23,13,22,2265265
5959847,24,14,23,3398153
5960167,23,13,22,2265557
5961447,24,14,23,3399065
5962919,23,13,22,2266603
5964103,23,13,22,2267053
5964263,24,13,23,1133557
5965287,24,14,23,3401255
5967175,23,13,22,2268221
5968199,24,13,23,1134305
5968711,24,14,23,3403207
5968999,24,13,23,1134457
5969223,24,14,23,3403499
5969511,24,14,23,3403663
5972295,23,13,22,2270167
5974695,24,14,23,3406619
5975367,23,13,22,2271335
5975975,24,13,23,1135783
5976231,23,11,22,252407
5976807,24,12,23,378647
5981511,24,9,23,14035
5981671,24,14,23,3410597
5983335,24,14,23,3411545
5984103,24,14,23,3411983
5985383,24,13,23,1137571
5985607,23,11,22,252803
5986407,24,14,23,3413297
5988711,23,13,22,2276407
5990631,23,13,22,2277137
5990887,24,9,23,14057
5991143,24,14,23,3415997
5993831,23,12,22,759451
5994215,23,13,22,2278499
5995367,23,13,22,2278937
5996135,23,12,22,759743
5996391,24,13,23,1139663
5996903,23,13,22,2279521
5997415,24,14,23,3419573
5997895,24,11,23,126661
6002407,23,13,22,2281613
6002599,24,12,23,380281
6002791,23,13,22,2281759
6003367,24,13,23,1140989
6003559,23,13,22,2282051
6007015,24,14,23,3425047
6007271,24,11,23,126859
6007463,23,13,22,2283535
6007527,24,14,23,3425339
6010599,23,13,22,2284727
6013767,24,14,23,3428897
6014887,23,12,22,762119
6015655,23,13,22,2286649
6015719,23,13,22,2286673
6017703,24,14,23,3431141
6019239,24,14,23,3432017
6019815,24,13,23,1144115
6021991,23,12,22,763019
6022887,24,13,23,1144699
6023495,23,13,22,2289629
6027623,24,13,23,1145599
6029031,23,8,22,9431
6030951,23,13,22,2292463
6033063,24,12,23,382211
6034663,24,13,23,1146937
6036839,23,13,22,2294701
6037991,24,14,23,3442709
6039015,24,14,23,3443293
6039143,23,13,22,2295577
6042727,24,14,23,3445409
6044263,24,14,23,3446285
6045031,23,13,22,2297815
6050471,23,13,22,2299883
6056039,24,14,23,3452999
6057127,23,12,22,767471
6058663,23,13,22,2302997
6064871,24,14,23,3458035
6065319,23,12,22,768509
6066503,23,12,22,768659
6066855,23,13,22,2306111
6068551,24,14,23,3460133
6070631,24,11,23,128197
6072391,24,14,23,3462323
6074695,23,12,22,769697
6076583,24,14,23,3464713
6077159,24,14,23,3465041
6079207,24,13,23,1155403
6080231,24,14,23,3466793
6080615,23,12,22,770447
6081351,23,13,22,2311621
6081767,24,14,23,3467669
6083911,24,13,23,1156297
6084711,24,12,23,385483
6087751,24,13,23,1157027
6088007,23,13,22,2314151
6088519,24,13,23,1157173
6088807,23,12,22,771485
6089383,24,11,23,128593
6089959,23,12,22,771631
6095335,24,14,23,3475405
6097383,23,13,22,2317715
6098279,24,14,23,3477083
6100071,24,14,23,3478105
6100583,24,14,23,3478397
6100903,23,13,22,2319053
6104423,23,13,22,2320391
6105255,24,14,23,3481061
6105831,24,12,23,386821
6107879,24,14,23,3482557
6113447,23,12,22,774607
6113607,24,13,23,1161941
6114631,24,14,23,3486407
6115399,24,14,23,3486845
6116519,23,13,22,2324989
6116967,23,10,22,86117
6117287,23,13,22,2325281
6121639,23,12,22,775645
6124007,24,14,23,3491753
6124775,23,13,22,2328127
6128743,24,14,23,3494453
6130503,24,14,23,3495457
6131783,23,13,22,2330791
6132199,23,12,22,776983
6132551,23,13,22,2331083
6132967,23,13,22,2331241
6133671,24,14,23,3497263
6137703,23,13,22,2333041
6138087,24,14,23,3499781
6138791,23,13,22,2333455
6140391,23,12,22,778021
6141799,24,13,23,1167299
6144071,24,13,23,1167731
6144839,24,13,23,1167877
6145127,24,14,23,3503795
6145863,24,14,23,3504215
6145895,23,13,22,2336155
6146215,24,14,23,3504415
6146983,23,13,22,2336569
6148007,24,10,23,43277
6148263,24,14,23,3505583
6151335,23,13,22,2338223
6154471,23,10,22,86645
6157639,24,14,23,3510929
6157671,24,14,23,3510947
6158695,24,14,23,3511531
6159527,23,13,22,2341337
6160551,24,13,23,1170863
6160711,23,13,22,2341787
6161127,23,13,22,2341945
6164135,24,14,23,3514633
6164647,23,13,22,2343283
6164967,24,14,23,3515107
6165735,24,14,23,3515545
6167399,23,10,22,86827
6168903,23,13,22,2344901
6171751,24,14,23,3518975
6172839,23,13,22,2346397
6174023,24,14,23,3520271
6178279,23,13,22,2348465
6182215,23,13,22,2349961
6182247,23,13,22,2349973
6182631,23,12,22,783373
6183015,23,13,22,2350265
6186311,24,13,23,1175759
6186343,24,13,23,1175765
6187111,24,13,23,1175911
6187847,24,12,23,392017
6188135,24,14,23,3528317
6190439,23,13,22,2353087
6191207,23,13,22,2353379
6194407,24,14,23,3531893
6195687,24,13,23,1177541
6199399,23,13,22,2356493
6203751,23,12,22,786049
6204135,23,13,22,2358293
6208231,24,13,23,1179925
6211175,23,13,22,2360969
6212327,23,13,22,2361407
6214983,24,14,23,3543625
6215783,24,14,23,3544081
6216039,24,12,23,393803
6217831,23,9,22,29179
6223079,24,12,23,394249
6225991,23,12,22,788867
6226023,23,11,22,262957
6227175,23,12,22,789017
6230087,24,12,23,394693
6231911,23,12,22,789617
6233255,24,13,23,1184681
6233447,23,13,22,2369435
6234215,23,11,22,263303
6235367,23,12,22,790055
6236903,24,14,23,3556123
6238951,24,14,23,3557291
6240103,23,12,22,790655
6241639,23,13,22,2372549
6242631,24,13,23,1186463
6243175,24,14,23,3559699
6243943,24,14,23,3560137
6245703,24,13,23,1187047
6249127,24,14,23,3563093
6250663,23,12,22,791993
6255719,23,13,22,2377901
6257767,24,14,23,3568019
6258855,23,12,22,793031
6259815,24,13,23,1189729
6261607,23,13,22,2380139
6264743,24,14,23,3571997
6265511,24,14,23,3572435
6268263,23,10,22,88247
6272359,24,11,23,132457
6273703,23,13,22,2384737
6277287,24,14,23,3579149
6277959,23,13,22,2386355
6281959,24,14,23,3581813
6283111,23,13,22,2388313
6286439,24,12,23,398263
6286567,23,13,22,2389627
6287431,24,14,23,3584933
6289735,23,13,22,2390831
6290151,23,13,22,2390989
6293223,23,13,22,2392157
6295207,24,14,23,3589367
6296039,24,14,23,3589841
6298727,23,12,22,798083
6300519,24,12,23,399155
6304583,23,11,22,266275
6304615,23,12,22,798829
6306983,24,14,23,3596081
6309607,24,14,23,3597577
6315367,24,13,23,1200287
6316359,24,14,23,3601427
6317671,24,13,23,1200725
6318247,23,13,22,2401669
6320199,23,13,22,2402411
6320295,24,14,23,3603671
6321383,23,13,22,2402861
6322855,24,14,23,3605131
6325479,24,13,23,1202209
6326119,23,13,22,2404661
6327623,23,13,22,2405233
6328391,23,13,22,2405525
6329575,23,13,22,2405975
6329671,24,14,23,3609017
6330215,24,13,23,1203109
6330983,24,9,23,14855
6332487,24,13,23,1203541
6333511,24,14,23,3611207
6334311,23,13,22,2407775
6335399,23,13,22,2408189
6335655,24,12,23,401381
6336231,23,12,22,802835
6336423,24,13,23,1204289
6336999,23,13,22,2408797
6342503,23,13,22,2410889
6343591,23,13,22,2411303
6345031,24,12,23,401975
6346855,24,14,23,3618815
6347111,24,14,23,3618961
6347367,24,11,23,134041
6349159,23,12,22,804473
6349895,24,14,23,3620549
6353063,23,13,22,2414903
6355815,23,13,22,2415949
6358503,23,12,22,805657
6358855,23,13,22,2417105
6358887,24,14,23,3625675
6359111,24,9,23,14921
6359143,24,12,23,402869
6359367,24,14,23,3625949
6359911,24,13,23,1208753
6362439,23,13,22,2418467
6362471,23,13,22,2418479
6363815,24,12,23,403165
6366695,23,12,22,806695
6367911,23,12,22,806849
6367975,24,14,23,3630857
6369447,23,13,22,2421131
6370631,23,13,22,2421581
6371047,23,13,22,2421739
6372967,23,13,22,2422469
6375015,24,14,23,3634871
6375239,24,14,23,3634999
6375495,24,11,23,134635
6375751,24,14,23,3635291
6378823,23,13,22,2424695
6379239,23,13,22,2424853
6381159,23,13,22,2425583
6383943,23,13,22,2426641
6384359,23,12,22,808933
6384743,23,13,22,2426945
6387879,23,9,22,29977
6388039,24,13,23,1214099
6389095,24,14,23,3642899
6391111,24,13,23,1214683
6391719,23,13,22,2429597
6391975,24,11,23,134983
6392551,23,12,22,809971
6396071,23,11,22,270139
6397255,23,8,22,10007
6399591,23,12,22,810863
6399911,23,13,22,2432711
6400359,23,13,22,2432881
6400487,24,13,23,1216465
6402887,24,13,23,1216921
6404263,23,11,22,270485
6404455,24,13,23,1217219
6404967,24,14,23,3651949
6406215,24,14,23,3652661
6406631,23,9,22,30065
6407239,24,14,23,3653245
6410727,24,11,23,135379
6414823,23,11,22,270931
6416231,24,13,23,1219457
6417255,24,14,23,3658955
6417511,24,14,23,3659101
6422631,23,13,22,2441347
6423015,23,11,22,271277
6427367,24,14,23,3664721
6427751,23,11,22,271477
6430823,23,13,22,2444461
6431591,24,14,23,3667129
6431847,24,10,23,45275
6433095,24,14,23,3667987
6434727,23,12,22,815315
6437479,23,13,22,2446991
6438055,24,13,23,1223605
6439079,23,13,22,2447599
6440679,24,14,23,3672311
6442919,23,12,22,816353
6445383,24,14,23,3674993
6447431,24,13,23,1225387
6447463,24,13,23,1225393
6448455,24,14,23,3676745
6448487,24,14,23,3676763
6449991,24,14,23,3677621
6450023,23,12,22,817253
6457063,23,10,22,90905
6457831,24,14,23,3682091
6458183,23,12,22,818287
6460775,24,13,23,1227923
6461287,24,14,23,3684061
6462119,23,13,22,2456357
6462311,24,12,23,409405
6463335,23,13,22,2456819
6463559,24,14,23,3685357
6463847,24,13,23,1228507
6465607,23,13,22,2457683
6466215,24,13,23,1228957
6466727,24,14,23,3687163
6468839,24,14,23,3688367
6470311,23,13,22,2459471
6474055,24,12,23,410149
6476103,24,14,23,3692509
6478183,24,14,23,3693695
6482599,24,13,23,1232071
6482855,24,14,23,3696359
6483623,24,14,23,3696797
6484711,24,14,23,3697417
6485223,24,14,23,3697709
6486375,23,11,22,273953
6490215,24,14,23,3700555
6490279,23,13,22,2467061
6492231,24,14,23,3701705
6492999,23,13,22,2468095
6494375,24,13,23,1234309
6494887,24,14,23,3703219
6496999,24,14,23,3704423
6499687,23,13,22,2470637
6500423,23,12,22,823639
6501191,23,13,22,2471209
6501223,23,13,22,2471221
6506311,24,14,23,3709733
6508615,23,12,22,824677
6508711,24,14,23,3711101
6509031,23,13,22,2474189
6509223,24,11,23,137459
6511335,24,14,23,3712597
6513127,24,13,23,1237873
6518631,24,12,23,412973
6519975,23,13,22,2478349
6520167,24,13,23,1239211
6522695,23,10,22,91829
6529351,23,13,22,2481913
6532455,24,14,23,3724639
6533191,24,14,23,3725059
6533959,24,14,23,3725497
6535783,24,13,23,1242179
6537959,23,12,22,828395
6540967,24,14,23,3729493
6544999,23,10,22,92143
6546503,23,13,22,2488433
6548327,24,13,23,1244563
6548583,24,14,23,3733835
6550855,23,12,22,830029
6550887,23,12,22,830033
6551271,23,13,22,2490245
6552423,23,13,22,2490683
6555111,23,13,22,2491705
6561639,24,13,23,1247093
6562631,24,14,23,3741845
6562663,24,14,23,3741863
6563175,24,12,23,415795
6563303,23,13,22,2494819
6563751,23,10,22,92407
6563911,24,13,23,1247525
6563943,24,13,23,1247531
6564967,23,12,22,831817
6572359,23,13,22,2498261
6575975,24,14,23,3749453
6576455,24,13,23,1249909
6578535,24,14,23,3750913
6579047,23,11,22,277867
6579815,24,14,23,3751643
6580551,23,13,22,2501375
6584039,24,14,23,3754051
6589159,23,13,22,2504647
6590311,24,14,23,3757627
6591303,24,12,23,417577
6592679,23,13,22,2505985
6594727,24,14,23,3760145
6595399,23,12,22,835673
6597287,24,14,23,3761605
6597799,24,14,23,3761897
6599911,24,13,23,1254367
6600871,23,13,22,2509099
6602087,23,13,22,2509561
6603591,23,12,22,836711
6605127,24,14,23,3766075
6606183,24,13,23,1255559
6607175,24,14,23,3767243
6607527,23,13,22,2511629
6611431,23,13,22,2513113
6613927,24,13,23,1257031
6616167,23,13,22,2514913
6619239,23,13,22,2516081
6619623,23,13,22,2516227
6620263,24,13,23,1258235
6620775,24,14,23,3774997
6621287,24,14,23,3775289
6622055,24,14,23,3775727
6624359,23,13,22,2518027
6625447,24,14,23,3777661
6625959,24,14,23,3777953
6627431,23,13,22,2519195
6630247,23,13,22,2520265
6632167,23,13,22,2520995
6633575,24,9,23,15565
6635687,23,13,22,2522333
6637671,23,11,22,280343
6639783,24,13,23,1261945
6642343,23,12,22,841621
6642407,24,14,23,3787331
6644199,24,14,23,3788353
6649191,24,13,23,1263733
6649703,24,14,23,3791491
6649959,24,11,23,140431
6650183,24,14,23,3791765
6650535,23,12,22,842659
6654791,23,13,22,2529595
6657767,24,13,23,1265363
6657959,23,13,22,2530799
6658375,23,13,22,2530957
6661447,23,13,22,2532125
6663527,24,14,23,3799373
6664263,24,14,23,3799793
6665575,24,13,23,1266847
6665831,24,14,23,3800687
6666599,24,14,23,3801125
6670823,23,13,22,2535689
6675559,23,13,22,2537489
6677351,24,13,23,1269085
6677831,24,14,23,3807529
6682983,23,13,22,2540311
6687207,24,14,23,3812875
6688423,23,13,22,2542379
6689607,23,13,22,2542829
6690023,23,13,22,2542987
6693703,24,13,23,1272193
6695847,23,13,22,2545201
6697799,23,13,22,2545943
6702311,24,13,23,1273829
6702951,23,13,22,2547901
6703335,24,14,23,3822071
6704455,23,12,22,849491
6705223,23,13,22,2548765
6713063,23,13,22,2551745
6713255,24,12,23,425303
6714023,24,13,23,1276055
6715111,24,14,23,3828785
6718567,23,12,22,851279
6720615,24,14,23,3831923
6721255,23,13,22,2554859
6722919,24,14,23,3833237
6724455,24,14,23,3834113
6726727,23,12,22,852313
6726759,23,12,22,852317
6732647,23,12,22,853063
6733415,23,13,22,2559481
6734919,23,12,22,853351
6735975,24,13,23,1280227
6736199,24,14,23,3840809
6736231,24,14,23,3840827
6739271,23,13,22,2561707
6739687,23,12,22,853955
6740071,23,13,22,2562011
6740583,24,13,23,1281103
6745319,24,13,23,1282003
6747463,23,13,22,2564821
6752167,23,13,22,2566609
6752583,23,12,22,855589
6754471,24,14,23,3851227
6755495,24,12,23,427979
6756263,24,13,23,1284083
6757095,24,13,23,1284241
6760775,23,12,22,856627
6760807,23,12,22,856631
6761191,23,13,22,2570039
6764903,24,12,23,428575
6765479,23,8,22,10583
6765671,24,13,23,1285871
6766695,24,14,23,3858197
6767463,23,13,22,2572423
6768711,24,13,23,1286449
6768807,24,13,23,1286467
6768999,23,12,22,857669
6771943,24,10,23,47669
6774855,23,9,22,31793
6775655,23,13,22,2575537
6778951,24,11,23,143155
6780263,24,14,23,3865933
6780775,24,14,23,3866225
6782567,24,14,23,3867247
6783047,23,11,22,286483
6784615,23,13,22,2578943
6785191,24,13,23,1289581
6786215,24,14,23,3869327
6787559,24,13,23,1290031
6788967,23,11,22,286733
6789287,23,13,22,2580719
6791239,23,11,22,286829
6795591,24,14,23,3874673
6796903,24,13,23,1291807
6797479,23,13,22,2583833
6797927,24,14,23,3876005
6801319,24,14,23,3877939
6803943,24,13,23,1293145
6808039,23,13,22,2587847
6808423,24,14,23,3881989
6808903,24,14,23,3882263
6808935,24,14,23,3882281
6809703,24,14,23,3882719
6811815,24,11,23,143849
6812391,23,12,22,863167
6812775,23,13,22,2589647
6813607,24,14,23,3884945
6816231,23,13,22,2590961
6818279,24,14,23,3887609
6820583,23,12,22,864205
6820967,23,13,22,2592761
6823783,24,14,23,3890747
6825287,23,10,22,96089
6825319,24,14,23,3891623
6826055,24,14,23,3892043
6826087,24,14,23,3892061
6826855,23,13,22,2594999
6833639,24,13,23,1298789
6834279,23,13,22,2597821
6834407,24,13,23,1298935
6834663,23,10,22,96221
6835047,23,13,22,2598113
6836071,24,13,23,1299251
6837063,24,14,23,3898319
6837095,24,14,23,3898337
6838375,24,13,23,1299689
6839911,24,12,23,433327
6843559,24,14,23,3902023
6844327,24,14,23,3902461
6846375,23,12,22,867473
6847143,23,13,22,2602711
6851431,24,14,23,3906511
6851943,24,14,23,3906803
6852935,24,14,23,3907369
6853447,24,14,23,3907661
6855399,23,13,22,2605849
6855847,24,14,23,3909029
6858663,24,12,23,434515
6859495,24,13,23,1303703
6861671,23,12,22,869411
6863207,23,13,22,2608817
6865223,24,14,23,3914375
6867047,24,14,23,3915415
6867303,24,13,23,1305187
6868327,24,14,23,3916145
6868647,23,12,22,870295
6869863,23,12,22,870449
6871399,23,13,22,2611931
6876391,24,14,23,3920743
6876839,23,12,22,871333
6877255,23,13,22,2614157
6879559,24,14,23,3922549
6879591,23,13,22,2615045
6881351,24,13,23,1307857
6883175,23,13,22,2616407
6885095,23,10,22,96931
6886567,24,14,23,3926545
6894695,24,13,23,1310393
6895975,24,14,23,3931909
6896807,23,12,22,873863
6897767,24,13,23,1310977
6898023,23,9,22,32371
6899879,24,14,23,3934135
6902439,24,13,23,1311865
6906183,23,12,22,875051
6906215,23,11,22,291685
6910119,23,13,22,2626649
6914407,23,11,22,292031
6914791,23,13,22,2628425
6915559,23,12,22,876239
6916775,23,9,22,32459
6918631,24,14,23,3944827
6919495,23,13,22,2630213
6919911,24,14,23,3945557
6923111,24,14,23,3947381
6923335,23,13,22,2631673
6924967,23,11,22,292477
6929255,23,13,22,2633923
6930023,23,13,22,2634215
6931527,23,13,22,2634787
6933159,23,11,22,292823
6933735,24,12,23,439271
6935911,23,13,22,2636453
6937959,24,14,23,3955847
6940007,24,13,23,1319005
6941799,23,13,22,2638691
6944679,24,13,23,1319893
6948071,24,14,23,3961613
6948775,23,13,22,2641343
6952263,24,14,23,3964003
6955879,23,13,22,2644043
6956647,23,11,22,293815
6957223,24,12,23,440759
6957383,23,13,22,2644615
6960295,24,13,23,1322861
6960871,24,14,23,3968911
6964071,23,13,22,2647157
6964455,24,14,23,3970955
6966631,24,12,23,441355
6968135,24,13,23,1324351
6968167,24,13,23,1324357
6968423,24,14,23,3973217
6972263,23,13,22,2650271
6975399,24,14,23,3977195
6975975,24,12,23,441947
6976167,24,14,23,3977633
6976231,24,14,23,3977669
6978919,23,12,22,884267
6979655,23,13,22,2653081
6979687,23,13,22,2653093
6981479,24,13,23,1326887
6981735,24,14,23,3980807
6982503,24,14,23,3981245
6985575,23,13,22,2655331
6987847,23,13,22,2656195
6991015,23,13,22,2657399
6997095,24,12,23,443285
6998887,23,10,22,98533
7000231,24,13,23,1330451
7000391,23,13,22,2660963
7004903,24,13,23,1331339
7005927,24,14,23,3994601
7008999,23,13,22,2664235
7010631,24,14,23,3997283
7010919,23,13,22,2664965
7011431,24,14,23,3997739
7012423,24,14,23,3998305
7014503,23,13,22,2666327
7017191,23,13,22,2667349
7017639,24,14,23,4001279
7018407,24,14,23,4001717
7019175,23,13,22,2668103
7021799,24,14,23,4003651
7022055,24,13,23,1334599
7022695,23,13,22,2669441
7025991,24,13,23,1335347
7026535,24,14,23,4006351
7026599,23,13,22,2670925
7027047,24,14,23,4006643
7027303,24,14,23,4006789
7027815,24,14,23,4007081
7030887,23,13,22,2672555
7032487,24,14,23,4009745
7034023,23,11,22,297083
7036007,23,13,22,2674501
7036775,23,13,22,2674793
7039047,23,13,22,2675657
7039335,24,12,23,445961
7040103,24,13,23,1338029
7043175,24,13,23,1338613
7045287,24,14,23,4017043
7047911,24,13,23,1339513
7049319,23,8,22,11027
7054951,24,13,23,1340851
7055431,24,14,23,4022827
7058247,23,13,22,2682955
7064807,24,14,23,4028173
7064935,23,13,22,2685497
7065255,23,13,22,2685619
7066855,23,12,22,895409
7070535,24,13,23,1343813
7071559,24,14,23,4032023
7072679,23,12,22,896147
7073447,23,13,22,2688733
7073511,23,13,22,2688757
7081287,23,13,22,2691713
7083335,24,14,23,4038737
7085159,24,14,23,4039777
7088295,24,14,23,4041565
7089479,23,13,22,2694827
7090919,24,11,23,149743
7095783,24,14,23,4045835
7097447,24,14,23,4046783
7097703,24,14,23,4046929
7098535,23,12,22,899423
7099495,24,13,23,1349317
7100519,24,14,23,4048535
7102055,24,14,23,4049411
7102823,23,13,22,2699899
7107047,24,14,23,4052257
7107911,23,12,22,900611
7107943,23,11,22,300205
7110247,23,12,22,900907
7111015,23,13,22,2703013
7112039,24,10,23,50063
7113543,24,13,23,1351987
7114599,23,13,22,2704375
7117479,24,13,23,1352735
7120807,24,14,23,4060103
7121575,23,13,22,2707027
7121639,24,14,23,4060577
7122151,24,13,23,1353623
7122663,24,14,23,4061161
7124711,23,13,22,2708219
7125319,24,13,23,1354225
7126119,24,12,23,451459
7128167,24,14,23,4064299
7128999,23,12,22,903283
7129415,23,13,22,2710007
7129767,23,13,22,2710141
7136999,24,13,23,1356445
7140167,24,10,23,50261
7140199,24,12,23,452351
7145063,23,13,22,2715955
7145639,24,13,23,1358087
7147175,24,11,23,150931
7149735,23,13,22,2717731
7153127,24,14,23,4078531
7153255,23,13,22,2719069
7155783,24,13,23,1360015
7158375,24,14,23,4081523
7161063,23,13,22,2722037
7163815,24,14,23,4084625
7164391,24,13,23,1361651
7165799,23,13,22,2723837
7168487,23,13,22,2724859
7170407,24,14,23,4088383
7170919,24,14,23,4088675
7171239,23,12,22,908635
7172167,24,13,23,1363129
7173991,23,13,22,2726951
7174759,23,10,22,101009
7176263,23,13,22,2727815
7178983,24,14,23,4093273
7179431,23,12,22,909673
7180007,24,12,23,454873
7180615,23,12,22,909823
7180967,23,13,22,2729603
7181415,23,13,22,2729773
7182183,23,13,22,2730065
7184455,23,13,22,2730929
7186023,24,14,23,4097287
7186503,24,14,23,4097561
7188807,23,12,22,910861
7195879,24,14,23,4102907
7198567,24,14,23,4104439
7201863,24,13,23,1368773
7202631,24,13,23,1368919
7202887,23,10,22,101405
7202919,23,12,22,912649
7204071,23,11,22,304265
7205031,24,13,23,1369375
7214695,24,14,23,4113635
7219367,24,14,23,4116299
7221159,24,14,23,4117321
7222439,24,14,23,4118051
7223207,23,13,22,2745659
7223623,23,13,22,2745817
7224423,23,13,22,2746121
7227719,24,13,23,1373687
7228519,24,13,23,1373839
7228775,24,14,23,4121663
7230631,23,13,22,2748481
7231399,23,13,22,2748773
7231655,24,10,23,50905
7232615,23,13,22,2749235
7235751,23,11,22,305603
7238119,24,14,23,4126991
7243367,24,12,23,458887
7243623,24,14,23,4130129
7244135,24,13,23,1376807
7244615,24,14,23,4130695
7245159,23,12,22,918001
7247463,23,12,22,918293
7247783,24,14,23,4132501
7250407,24,10,23,51037
7250663,24,14,23,4134143
7252199,24,14,23,4135019
7253319,23,10,22,102115
7254503,23,11,22,306395
7255655,23,12,22,919331
7257191,24,14,23,4137865
7259239,24,14,23,4139033
7262887,24,13,23,1380371
7267047,24,14,23,4143485
7270119,23,13,22,2763491
7270247,24,14,23,4145309
7271271,24,14,23,4145893
7273639,23,13,22,2764829
7275239,23,13,22,2765437
7278759,23,13,22,2766775
7279847,24,14,23,4150783
7283015,23,13,22,2768393
7283783,23,12,22,922895
7284967,23,12,22,923045
7286855,24,14,23,4154779
7288135,24,14,23,4155509
7293159,23,12,22,924083
7296359,23,13,22,2773465
7296743,23,11,22,308179
7299431,23,13,22,2774633
7300455,24,13,23,1387511
7301479,24,14,23,4163117
7301959,24,12,23,462599
7302247,24,14,23,4163555
7304551,23,13,22,2776579
7305895,24,13,23,1388545
7306855,23,13,22,2777455
7307623,23,13,22,2777747
7310439,23,13,22,2778817
7313511,23,13,22,2779985
7313767,24,9,23,17161
7316295,24,14,23,4171565
7317863,23,11,22,309071
7318183,23,13,22,2781761
7324391,24,14,23,4176181
7325607,23,13,22,2784583
7326375,23,13,22,2784875
7329095,24,14,23,4178863
7329895,24,14,23,4179319
7330151,24,11,23,154795
7332519,24,8,23,5735
7332679,24,14,23,4180907
7332711,23,13,22,2787283
7335079,24,14,23,4182275
7337191,24,12,23,464831
7341287,23,12,22,930181
7341671,23,13,22,2790689
7344199,24,12,23,465275
7344455,24,14,23,4187621
7344807,23,10,22,103403
7344999,24,13,23,1395977
7345767,24,13,23,1396123
7349479,23,12,22,931219
7349863,23,13,22,2793803
7351015,24,14,23,4191361
7354215,23,12,22,931819
7355751,23,13,22,2796041
7356519,23,12,22,932111
7363751,24,13,23,1399541
7365351,24,12,23,466615
7367847,23,13,22,2800639
7368615,23,13,22,2800931
7369447,23,12,22,933749
7372967,23,12,22,934195
7373127,24,13,23,1401323
7374151,24,14,23,4204553
7376039,23,13,22,2803753
7377223,23,13,22,2804203
7378087,24,14,23,4206797
7378855,24,14,23,4207235
7379623,24,14,23,4207673
7383271,24,13,23,1403251
7383527,24,14,23,4209899
7384295,24,14,23,4210337
7385415,23,13,22,2807317
7388007,24,13,23,1404151
7388263,24,14,23,4212599
7389415,23,7,22,3853
7390023,24,14,23,4213603
7390279,24,13,23,1404583
7391335,23,13,22,2809567
7395047,24,13,23,1405489
7395239,23,10,22,104113
7397223,23,13,22,2811805
7398759,23,12,22,937463
7399527,23,13,22,2812681
7400679,23,13,22,2813119
7400807,24,14,23,4219751
7402343,24,14,23,4220627
7404647,23,12,22,938209
7406951,23,12,22,938501
7407783,24,14,23,4223729
7410855,23,13,22,2816987
7412839,23,12,22,939247
7416135,24,13,23,1409497
7416167,24,13,23,1409503
7418727,23,11,22,313331
7419047,23,13,22,2820101
7420263,23,13,22,2820563
7424167,23,13,22,2822047
7424743,24,13,23,1411133
7425703,23,12,22,940877
7426535,24,14,23,4234421
7427239,23,13,22,2823215
7432359,23,13,22,2825161
7433031,24,14,23,4238125
7435079,23,12,22,942065
7436967,24,14,23,4240369
7441735,23,13,22,2828725
7442151,24,14,23,4243325
7442919,23,13,22,2829175
7443687,23,13,22,2829467
7445863,24,13,23,1415147
7446887,24,14,23,4246025
7447655,24,14,23,4246463
7449511,23,13,22,2831681
7449767,24,11,23,157321
7450343,23,12,22,943999
7451111,23,13,22,2832289
7456615,23,13,22,2834381
7457703,23,13,22,2834795
7458663,24,14,23,4252739
7459143,24,11,23,157519
7460967,24,14,23,4254053
7463079,24,13,23,1418419
7463655,23,13,22,2837057
7464007,24,14,23,4255787
7464423,23,9,22,35029
7465639,24,14,23,4256717
7467751,24,13,23,1419307
7468263,24,14,23,4258213
7471847,23,13,22,2840171
7472615,23,11,22,315607
7475271,24,14,23,4262209
7475367,23,13,22,2841509
7477351,23,10,22,105269
7480807,23,11,22,315953
7482087,24,14,23,4266095
7482599,24,12,23,474043
7483559,23,13,22,2844623
7484135,24,13,23,1422421
7485159,23,13,22,2845231
7487335,24,12,23,474343
7489127,24,14,23,4270109
7489863,24,14,23,4270529
7489895,24,14,23,4270547
7490375,24,13,23,1423607
7490887,24,14,23,4271113
7492935,23,13,22,2848187
7492967,23,13,22,2848199
7493351,23,13,22,2848345
7496423,24,14,23,4274269
7501159,23,13,22,2851313
7504999,24,14,23,4279159
7505223,24,13,23,1426429
7505511,24,14,23,4279451
7506279,24,14,23,4279889
7506663,23,11,22,317045
7512935,23,13,22,2855789
7514471,23,13,22,2856373
7514599,24,13,23,1428211
7517031,24,13,23,1428673
7517287,24,14,23,4286165
7518055,24,14,23,4286603
7518567,24,13,23,1428965
7519079,24,14,23,4287187
7521351,24,14,23,4288483
7524007,24,13,23,1429999
7525031,24,14,23,4290581
7526119,24,14,23,4291201
7526567,23,12,22,953657
7529287,23,13,22,2862005
7531623,24,14,23,4294339
7532615,24,13,23,1431635
7536711,23,13,22,2864827
7536807,24,14,23,4297295
7537895,23,13,22,2865277
7540391,24,13,23,1433113
7542631,23,13,22,2867077
7545319,23,12,22,956033
7545703,24,14,23,4302367
7546087,23,13,22,2868391
7547207,24,14,23,4303225
7547239,24,14,23,4303243
7548231,24,12,23,478201
7548839,23,12,22,956479
7550823,23,13,22,2870191
7554791,24,14,23,4307549
7557031,23,12,22,957517
7558247,23,12,22,957671
7561383,23,13,22,2874205
7564103,24,14,23,4312859
7564135,23,12,22,958417
7565479,24,13,23,1437881
7567271,24,14,23,4314665
7569575,23,13,22,2877319
7570919,24,13,23,1438915
7571559,23,13,22,2878073
7572295,23,11,22,319817
7574887,24,13,23,1439669
7576423,24,12,23,479987
7577959,24,13,23,1440253
7579815,24,14,23,4321817
7580903,23,13,22,2881625
7583463,24,12,23,480433
7587559,23,12,22,961385
7589095,23,13,22,2884739
7590759,24,14,23,4328057
7593831,23,13,22,2886539
7595751,23,12,22,962423
7596711,24,13,23,1443817
7596775,24,13,23,1443829
7597287,23,13,22,2887853
7598567,24,14,23,4332509
7598823,24,14,23,4332655
7599335,24,14,23,4332947
7604327,24,14,23,4335793
7606343,24,14,23,4336943
7607143,24,14,23,4337399
7608999,24,14,23,4338457
7609447,23,13,22,2892475
7609511,24,14,23,4338749
7612583,23,13,22,2893667
7613671,24,14,23,4341121
7615335,23,13,22,2894713
7618407,24,14,23,4343821
7618631,24,10,23,53629
7618887,24,14,23,4344095
7620199,24,13,23,1448281
7620423,24,14,23,4344971
7621543,23,10,22,107299
7621991,23,13,22,2897243
7622727,23,11,22,321947
7625895,24,14,23,4348091
7627495,24,14,23,4349003
7628967,23,13,22,2899895
7631335,23,13,22,2900795
7632743,24,11,23,161185
7634087,23,13,22,2901841
7635271,24,14,23,4353437
7638343,23,13,22,2903459
7639719,24,12,23,483997
7643463,23,13,22,2905405
7643879,23,12,22,968521
7646951,23,13,22,2906731
7647399,23,10,22,107663
7647719,23,13,22,2907023
7648071,24,14,23,4360735
7648103,24,14,23,4360753
7648615,24,14,23,4361045
7652071,23,12,22,969559
7652455,23,13,22,2908823
7653191,23,12,22,969701
7655079,24,14,23,4364731
7659879,23,13,22,2911645
7661383,23,12,22,970739
7661927,24,14,23,4368635
7662695,24,14,23,4369073
7664967,23,11,22,323731
7669223,23,13,22,2915197
7675751,24,13,23,1458839
7676775,24,14,23,4377101
7677287,24,12,23,486377
7677415,23,13,22,2918311
7678055,24,13,23,1459277
7678631,23,13,22,2918773
7681767,23,13,22,2919965
7682727,24,13,23,1460165
7683239,24,14,23,4380787
7685863,24,13,23,1460761
7686887,24,14,23,4382867
7689959,23,13,22,2923079
7691623,24,14,23,4385567
7692615,24,14,23,4386133
7694695,23,13,22,2924879
7695079,23,13,22,2925025
7701991,24,14,23,4391479
7702887,23,13,22,2927993
7703271,23,13,22,2928139
7705415,24,12,23,488159
7707495,24,14,23,4394617
7708007,24,14,23,4394909
7709511,23,12,22,976837
7710311,23,13,22,2930815
7711079,23,13,22,2931107
7712679,24,14,23,4397573
7716199,23,13,22,2933053
7717703,23,12,22,977875
7719239,24,14,23,4401313
7720295,24,13,23,1467305
7722599,24,13,23,1467743
7722855,23,13,22,2935583
7723367,24,13,23,1467889
7723623,24,14,23,4403813
7724199,24,12,23,489349
7728295,23,12,22,979217
7729511,23,8,22,12091
7733351,23,13,22,2939573
7733575,24,12,23,489943
7735399,24,14,23,4410527
7737671,23,12,22,980405
7739559,24,14,23,4412899
7740071,24,14,23,4413191
7741543,23,13,22,2942687
7744743,24,14,23,4415855
7745447,23,13,22,2944171
7749479,24,14,23,4418555
7751495,24,13,23,1473235
7751751,24,14,23,4419851
7752519,24,14,23,4420289
7753639,23,13,22,2947285
7756519,24,14,23,4422569
7757639,23,7,22,4045
7758311,24,14,23,4423591
7759975,23,12,22,983231
7760103,24,13,23,1474871
7760743,23,13,22,2949985
7762791,24,14,23,4426145
7763271,24,13,23,1475473
7764647,23,11,22,327941
7764839,24,13,23,1475771
7765351,24,14,23,4427605
7765607,24,13,23,1475917
7768231,24,14,23,4429247
7768903,23,13,22,2953087
7777383,24,13,23,1478155
7777639,24,14,23,4434611
7779687,24,13,23,1478593
7780711,24,14,23,4436363
7781095,23,12,22,985907
7781479,23,13,22,2957867
7784359,24,13,23,1479481
7785191,24,12,23,493213
7786983,24,14,23,4439939
7787751,24,14,23,4440377
7789287,23,12,22,986945
7792231,24,10,23,54851
7792967,24,13,23,1481117
7794759,24,14,23,4444373
7795559,23,13,22,2963219
7803751,23,13,22,2966333
7804135,23,13,22,2966479
7806311,24,12,23,494551
7808359,24,14,23,4452127
7809959,23,13,22,2968693
7810375,24,14,23,4453277
7811143,23,13,22,2969143
7811911,23,13,22,2969435
7811943,23,13,22,2969447
7813863,24,14,23,4455265
7816423,24,13,23,1485575
7817063,23,13,22,2971393
7818567,23,12,22,990655
7819335,23,13,22,2972257
7821159,24,13,23,1486475
7822503,23,13,22,2973461
7826599,24,13,23,1487509
7827367,24,11,23,165295
7827623,24,14,23,4463111
7829223,24,14,23,4464023
7830695,23,13,22,2976575
7831879,23,13,22,2977025
7832647,23,9,22,36757
7832679,23,12,22,992443
7835975,24,13,23,1489291
7836487,24,14,23,4468165
7838567,24,14,23,4469351
7840071,23,13,22,2980139
7840839,23,11,22,331159
7840871,23,12,22,993481
7842983,24,13,23,1490623
7845607,24,14,23,4473365
7846759,23,11,22,331409
7848679,23,13,22,2983411
7849031,23,11,22,331505
7850311,24,14,23,4476047
7850823,24,12,23,497371
7852359,24,13,23,1492405
7853383,23,13,22,2985199
7854695,24,13,23,1492849
7854759,24,13,23,1492861
7855271,24,14,23,4478875
7859111,24,14,23,4481065
7860071,23,13,22,2987741
7861575,23,13,22,2988313
7861607,23,13,22,2988325
7864647,24,14,23,4484221
7865831,23,13,22,2989931
7869607,24,11,23,166187
7874023,23,13,22,2993045
7874887,23,11,22,332597
7875687,23,13,22,2993677
7879783,24,13,23,1497617
7882823,24,13,23,1498195
7883111,23,12,22,998833
7883495,23,13,22,2996645
7884967,24,14,23,4495807
7885479,24,14,23,4496099
7887591,24,13,23,1499101
7894343,24,14,23,4501153
7896679,24,14,23,4502485
7898343,23,12,22,1000763
7899303,24,13,23,1501327
7899559,23,6,22,1373
7899879,23,13,22,3002873
7901863,24,14,23,4505441
7902439,24,12,23,500641
7903399,23,13,22,3004211
7904615,23,13,22,3004673
7905383,23,10,22,111295
7906119,23,13,22,3005245
7907175,24,12,23,500941
7908711,24,13,23,1503115
7911271,23,12,22,1002401
7911591,23,13,22,3007325
7912807,23,13,22,3007787
7913543,23,12,22,1002689
7914311,23,13,22,3008359
7915431,24,14,23,4513177
7916263,24,14,23,4513651
7916455,24,12,23,501529
7918055,24,13,23,1504891
7918311,23,9,22,37159
7922151,23,13,22,3011339
7922535,24,14,23,4517227
7923015,24,14,23,4517501
7926503,23,11,22,334777
7930023,23,12,22,1004777
7930343,23,13,22,3014453
7932391,24,14,23,4522847
7934695,23,11,22,335123
7935079,23,13,22,3016253
7937383,24,14,23,4525693
7939143,24,13,23,1508899
7939431,24,14,23,4526861
7940199,24,14,23,4527299
7942311,24,12,23,503167
7944871,24,14,23,4529963
7944935,24,14,23,4529999
7949127,23,13,22,3021593
7951687,24,12,23,503761
7953063,23,13,22,3023089
7954023,24,12,23,503909
7955783,23,12,22,1008041
7957319,23,13,22,3024707
7957671,24,14,23,4537261
7959783,24,14,23,4538465
7960295,24,13,23,1512919
7960487,23,12,22,1008637
7961255,23,13,22,3026203
7963975,23,12,22,1009079
7964999,24,13,23,1513813
7965159,23,12,22,1009229
7965511,23,13,22,3027821
7966791,24,14,23,4542461
7967047,24,14,23,4542607
7967559,24,14,23,4542899
7967911,23,13,22,3028733
7968359,24,14,23,4543355
7969511,23,13,22,3029341
7972775,24,12,23,505097
7973351,23,12,22,1010267
7974567,23,9,22,37423
7981159,24,14,23,4550653
7981895,24,14,23,4551073
7982439,24,14,23,4551383
7982759,23,11,22,337153
7983975,23,12,22,1011613
7984743,24,14,23,4552697
7986343,24,14,23,4553609
7990631,23,13,22,3037369
7990951,23,11,22,337499
7992551,23,13,22,3038099
7993703,23,13,22,3038537
7995719,24,14,23,4558955
7996519,24,14,23,4559411
7999559,23,13,22,3040763
8000743,23,13,22,3041213
8002727,23,12,22,1013989
8004839,24,13,23,1521385
8005863,24,14,23,4564739
8006567,23,13,22,3043427
8009575,24,13,23,1522285
8010087,24,14,23,4567147
8010919,23,12,22,1015027
8012103,23,12,22,1015177
8012711,24,7,23,2089
8013671,23,13,22,3046127
8013991,24,14,23,4569373
8015175,23,13,22,3046699
8015943,23,13,22,3046991
8016551,24,13,23,1523611
8020295,23,12,22,1016215
8020711,23,13,22,3048803
8022247,24,14,23,4574081
8025191,24,13,23,1525253
8025959,24,13,23,1525399
8026215,24,14,23,4576343
8026983,24,14,23,4576781
8028327,24,13,23,1525849
8029287,23,13,22,3052063
8031463,24,9,23,18845
8032743,24,14,23,4580065
8036711,23,12,22,1018295
8037447,23,13,22,3055165
8037479,23,13,22,3055177
8038247,24,14,23,4583203
8042087,24,14,23,4585393
8043175,24,12,23,509557
8043367,23,13,22,3057415
8045639,23,13,22,3058279
8047335,24,14,23,4588385
8047847,24,11,23,169951
8049991,23,13,22,3059933
8050407,23,13,22,3060091
8054087,24,13,23,1530745
8055111,24,14,23,4592819
8055463,23,12,22,1020671
8058183,23,13,22,3063047
8062695,24,13,23,1532381
8063303,23,13,22,3064993
8063463,24,13,23,1532527
8068199,24,13,23,1533427
8068455,24,14,23,4600427
8070215,24,14,23,4601431
8071335,24,11,23,170447
8071495,23,13,22,3068107
8071527,23,13,22,3068119
8074407,24,13,23,1534607
8075431,23,10,22,113689
8078567,24,14,23,4606193
8079591,24,14,23,4606777
8079719,23,13,22,3071233
8083303,24,14,23,4608893
8084839,23,12,22,1024393
8085095,24,14,23,4609915
8086375,23,13,22,3073763
8087143,23,12,22,1024685
8090087,24,11,23,170843
8093031,23,12,22,1025431
8093799,23,13,22,3076585
8094183,23,10,22,113953
8095591,24,13,23,1538633
8096615,24,14,23,4616483
8103847,24,14,23,4620607
8105703,24,13,23,1540555
8105895,23,12,22,1027061
8109927,24,14,23,4624073
8111207,24,11,23,171289
8112967,24,14,23,4625807
8119015,24,13,23,1543085
8121191,23,12,22,1028999
8123111,23,13,22,3087727
8124743,24,14,23,4632521
8125287,24,12,23,514759
8126535,24,14,23,4633543
8127847,24,14,23,4634291
8128327,24,13,23,1544855
8129383,23,12,22,1030037
8131303,23,13,22,3090841
8132327,24,10,23,57245
8135911,24,14,23,4638889
8137959,23,13,22,3093371
8140647,24,14,23,4641589
8141159,24,14,23,4641881
8141479,23,13,22,3094709
8141927,24,14,23,4642319
8142439,24,13,23,1547537
8142695,23,13,22,3095171
8142951,24,14,23,4642903
8144999,23,13,22,3096047
8149319,23,12,22,1032563
8153415,24,12,23,516541
8155207,24,14,23,4649891
8155975,24,14,23,4650329
8157095,23,13,22,3100645
8157287,24,13,23,1550359
8157511,23,12,22,1033601
8157543,23,10,22,114845
8157863,23,13,22,3100937
8159399,24,14,23,4652281
8161191,24,13,23,1551101
8164583,24,14,23,4655237
8166119,23,13,22,3104075
8169319,24,14,23,4657937
8169639,23,13,22,3105413
8172359,23,13,22,3106447
8172391,23,13,22,3106459
8172775,23,12,22,1035535
8174247,24,14,23,4660747
8178599,24,14,23,4663229
8179367,23,13,22,3109111
8180583,23,13,22,3109573
8180967,23,12,22,1036573
8181351,23,13,22,3109865
8182087,24,14,23,4665217
8184647,24,13,23,1555559
8185191,24,14,23,4666987
8186791,23,12,22,1037311
8187559,23,13,22,3112225
8188071,24,14,23,4668629
8188391,23,13,22,3112541
8188583,24,10,23,57641
8197447,24,14,23,4673975
8197479,24,14,23,4673993
8199271,24,14,23,4675015
8200295,24,12,23,519511
8204199,24,13,23,1559275
8204455,24,14,23,4677971
8205543,24,14,23,4678591
8207527,23,13,22,3119815
8211815,24,14,23,4682167
8212327,24,14,23,4682459
8212647,23,12,22,1040587
8213831,24,14,23,4683317
8216167,24,14,23,4684649
8216903,23,13,22,3123379
8218855,23,13,22,3124121
8220583,24,13,23,1562389
8223591,23,13,22,3125921
8224359,23,11,22,347357
8226279,23,13,22,3126943
8227687,24,13,23,1563739
8231783,23,13,22,3129035
8234055,23,13,22,3129899
8234919,24,14,23,4695341
8236263,24,13,23,1565369
8236775,24,14,23,4696399
8238439,23,12,22,1043855
8239975,23,13,22,3132149
8242247,23,13,22,3133013
8243111,23,11,22,348149
8247463,24,14,23,4702493
8251719,23,13,22,3136613
8251751,23,13,22,3136625
8255815,24,13,23,1569085
8256359,24,14,23,4707565
8259751,24,13,23,1569833
8262823,24,13,23,1570417
8263847,23,13,22,3141223
8266215,24,14,23,4713185
8266567,23,12,22,1047419
8268103,23,13,22,3142841
8270663,24,12,23,523969
8270951,24,14,23,4715885
8272487,24,14,23,4716761
8274087,24,14,23,4717673
8277159,23,9,22,38843
8278503,24,13,23,1573397
8282599,23,13,22,3148351
8284487,24,14,23,4723603
8284519,24,14,23,4723621
8285351,23,11,22,349933
8286279,24,13,23,1574875
8286535,23,9,22,38887
8287335,24,14,23,4725227
8289639,23,13,22,3151027
8290375,23,13,22,3151307
8290407,23,13,22,3151319
8293543,23,11,22,350279
8294119,24,12,23,525455
8294727,23,11,22,350329
8295527,23,13,22,3153265
8295911,23,8,22,12977
8296295,23,13,22,3153557
8298343,24,14,23,4731503
8298567,23,13,22,3154421
8300135,24,14,23,4732525
8300615,24,14,23,4732799
8302919,23,11,22,350675
8305255,23,12,22,1052321
8305319,24,14,23,4735481
8307431,24,13,23,1578895
8308199,24,10,23,58483
8308455,24,14,23,4737269
8313159,24,14,23,4739951
8313447,23,12,22,1053359
8317031,23,11,22,351271
8319143,24,13,23,1581121
8319719,23,13,22,3162461
8324839,24,14,23,4746611
8327911,23,13,22,3165575
8328007,24,14,23,4748417
8328519,24,13,23,1582903
8332647,23,13,22,3167375
8333383,23,12,22,1055885
8335271,24,14,23,4752559
8336551,24,14,23,4753289
8336615,24,14,23,4753325
8337735,23,13,22,3169309
8341575,23,12,22,1056923
8342887,24,14,23,4756901
8344679,24,14,23,4757923
8352615,23,13,22,3174965
8357479,24,12,23,529469
8358055,23,12,22,1059011
8358247,24,13,23,1588553
8360775,23,13,22,3178067
8361575,23,12,22,1059457
8362151,24,12,23,529765
8368967,23,13,22,3181181
8369767,23,12,22,1060495
8371303,24,14,23,4773103
8373063,24,13,23,1591369
8374087,24,14,23,4774691
8375975,23,13,22,3183845
8376487,24,14,23,4776059
8376807,23,12,22,1061387
8376999,24,13,23,1592117
8377575,23,13,22,3184453
8379559,23,13,22,3185207
8380903,24,12,23,530953
8381159,24,14,23,4778723
8382183,24,14,23,4779307
8383399,23,13,22,3186667
8384167,23,13,22,3186959
8385383,24,14,23,4781131
8385639,24,12,23,531253
8387431,24,14,23,4782299
8390471,24,14,23,4784033
8399687,24,9,23,19709
8399719,24,12,23,532145
8400967,24,14,23,4790017
8403559,24,13,23,1597165
8404583,24,14,23,4792079
8415335,24,13,23,1599403
8415559,24,14,23,4798337
8415591,24,14,23,4798355
8416071,24,11,23,177727
8423335,24,14,23,4802771
8425191,24,14,23,4803829
8430919,24,13,23,1602365
8431687,24,13,23,1602511
8436455,24,13,23,1603417
8438503,24,14,23,4811419
8440295,24,13,23,1604147
8441063,24,13,23,1604293
8445031,24,13,23,1605047
8446791,24,14,23,4816145
8447815,24,14,23,4816729
8451303,24,11,23,178471
8457575,24,13,23,1607431
8458311,24,11,23,178619
8459111,24,13,23,1607723
8462439,24,14,23,4825067
8464551,24,13,23,1608757
8467175,24,14,23,4827767
8473927,24,13,23,1610539
8477863,24,13,23,1611287
8482535,24,13,23,1612175
8483303,24,13,23,1612321
8487239,24,13,23,1613069
8488039,24,13,23,1613221
8488551,24,14,23,4839955
8492967,24,14,23,4842473
8498407,24,14,23,4845575
8500551,24,10,23,59837
8502375,24,14,23,4847837
8502887,24,12,23,538681
8504135,24,14,23,4848841
8504423,24,13,23,1616335
8510183,24,14,23,4852289
8516455,24,14,23,4855865
8516711,24,14,23,4856011
8521639,24,12,23,539869
8523431,24,14,23,4859843
8529767,24,14,23,4863455
8530791,24,14,23,4864039
8532807,24,14,23,4865189
8538855,24,13,23,1622879
8545127,24,12,23,541357
8546407,24,14,23,4872943
8553703,24,13,23,1625701
8556263,24,14,23,4878563
8559975,24,13,23,1626893
8567527,24,14,23,4884985
8573767,24,14,23,4888543
8575079,24,14,23,4889291
8596199,24,14,23,4901333
8598247,24,13,23,1634167
8602471,24,14,23,4904909
8603751,24,12,23,545071
8604487,24,13,23,1635353
8604519,24,13,23,1635359
8604999,24,14,23,4906351
8610535,24,14,23,4909507
8617063,24,13,23,1637743
8619111,24,14,23,4914397
8619623,24,14,23,4914689
8620391,24,14,23,4915127
8623271,24,13,23,1638923
8624039,24,13,23,1639069
8624295,24,14,23,4917353
8633959,24,14,23,4922863
8634439,24,14,23,4923137
8640231,24,14,23,4926439
8643047,24,14,23,4928045
8646727,24,13,23,1643381
8647783,24,14,23,4930745
8652711,24,14,23,4933555
8654503,24,13,23,1644859
8661351,24,14,23,4938481
8661863,24,14,23,4938773
8662343,24,12,23,548783
8664775,24,5,23,251
8666279,24,13,23,1647097
8674151,24,9,23,20353
8675655,24,13,23,1648879
8676423,24,10,23,61075
8676679,24,14,23,4947221
8676711,24,14,23,4947239
8679591,24,13,23,1649627
8684263,24,13,23,1650515
8684775,24,14,23,4951837
8686055,24,14,23,4952567
8690535,24,11,23,183523
8692903,24,8,23,6799
8693063,24,14,23,4956563
8697575,24,12,23,551015
8702439,24,14,23,4961909
8704839,24,14,23,4963277
8705383,24,13,23,1654529
8706151,24,13,23,1654675
8706407,24,14,23,4964171
8707175,24,14,23,4964609
8718183,24,14,23,4970885
8721255,24,14,23,4972637
8727271,24,13,23,1658689
8727783,24,14,23,4976359
8732519,24,14,23,4979059
8740007,24,14,23,4983329
8741607,24,14,23,4984241
8744679,24,14,23,4985993
8748391,24,13,23,1662703
8749127,24,12,23,554281
8749383,24,14,23,4988675
8750407,24,14,23,4989259
8753831,24,12,23,554579
8759783,24,14,23,4994605
8761191,24,14,23,4995407
8762215,24,14,23,4995991
8765031,24,14,23,4997597
8776551,24,13,23,1668055
8776807,24,14,23,5004311
8780391,24,13,23,1668785
8783783,24,14,23,5008289
8790887,24,14,23,5012339
8791399,24,11,23,185653
8793415,24,14,23,5013781
8796071,24,12,23,557255
8796839,24,13,23,1671911
8797351,24,14,23,5016025
8800999,24,14,23,5018105
8804679,24,13,23,1673401
8805479,24,12,23,557851
8806247,24,13,23,1673699
8806727,24,14,23,5021371
8807271,24,14,23,5021681
8808039,24,14,23,5022119
8808519,24,13,23,1674131
8809287,24,13,23,1674277
8816103,24,14,23,5026717
8819527,24,11,23,186247
8822119,24,14,23,5030147
8823143,24,14,23,5030731
8824999,24,13,23,1677263
8826023,24,14,23,5032373
8828135,24,13,23,1677859
8828647,24,14,23,5033869
8834151,24,14,23,5037007
8835399,24,14,23,5037719
8836711,24,13,23,1679489
8837479,24,13,23,1679635
8841895,24,14,23,5041423
8842151,24,13,23,1680523
8842983,24,12,23,560227
8843751,24,13,23,1680827
8844519,24,13,23,1680973
8848231,24,14,23,5045035
8849511,24,14,23,5045765
8850279,24,14,23,5046203
8850759,24,13,23,1682159
8851527,24,13,23,1682305
8854183,24,14,23,5048429
8856295,24,13,23,1683211
8858855,24,14,23,5051093
8863591,24,14,23,5053793
8865895,24,14,23,5055107
8866631,24,14,23,5055527
8866663,24,14,23,5055545
8868007,24,13,23,1685437
8874215,24,13,23,1686617
8878407,24,14,23,5062241
8878951,24,13,23,1687517
8879463,24,14,23,5062843
8880487,24,12,23,562603
8884903,24,14,23,5065945
8885415,24,14,23,5066237
8896679,24,14,23,5072659
8899239,24,12,23,563791
8907079,24,13,23,1692863
8907623,24,14,23,5078899
8907879,24,13,23,1693015
8921927,24,13,23,1695685
8921959,24,13,23,1695691
8922727,24,12,23,565279
8924487,24,14,23,5088515
8927143,24,14,23,5090029
8935271,24,13,23,1698221
8935751,24,14,23,5094937
8936551,24,14,23,5095393
8946407,24,14,23,5101013
8949607,24,14,23,5102837
8951143,24,14,23,5103713
8954023,24,13,23,1701785
8957095,24,13,23,1702369
8959207,24,14,23,5108311
8959719,24,14,23,5108603
8964423,24,14,23,5111285
8965223,24,14,23,5111741
8966471,24,13,23,1704151
8967527,24,14,23,5113055
8969383,24,14,23,5114113
8973223,24,14,23,5116303
8974055,24,14,23,5116777
8978759,24,14,23,5119459
8980071,24,14,23,5120207
8980583,24,13,23,1706833
8985255,24,13,23,1707721
8999079,24,14,23,5131045
9000103,24,12,23,570181
9000871,24,13,23,1710689
9008455,24,14,23,5136391
9008999,24,14,23,5136701
9011271,24,14,23,5137997
9015975,24,14,23,5140679
9016551,24,12,23,571223
9022311,24,14,23,5144291
9024871,24,14,23,5145751
9025127,24,13,23,1715299
9026151,24,14,23,5146481
9030375,24,14,23,5148889
9030567,24,12,23,572111
9042535,24,14,23,5155823
9043111,24,13,23,1718717
9044711,24,12,23,573007
9051495,24,14,23,5160931
9051751,24,9,23,21239
9052007,24,14,23,5161223
9052487,24,13,23,1720499
9052999,24,14,23,5161789
9054279,24,14,23,5162519
9056423,24,12,23,573749
9058215,24,14,23,5164763
9058983,24,14,23,5165201
9062631,24,13,23,1722427
9065799,24,12,23,574343
9065831,24,12,23,574345
9067623,24,14,23,5170127
9068135,24,11,23,191497
9068391,24,14,23,5170565
9070503,24,9,23,21283
9070663,24,14,23,5171861
9082983,24,13,23,1726295
9083751,24,13,23,1726441
9086887,24,11,23,191893
9087143,24,14,23,5181257
9095495,24,13,23,1728673
9095527,24,13,23,1728679
9096007,24,14,23,5186311
9098855,24,14,23,5187935
9099879,24,14,23,5188519
9100455,24,14,23,5188847
9105127,24,14,23,5191511
9105895,24,14,23,5191949
9109831,24,14,23,5194193
9112903,24,14,23,5195945
9113767,24,14,23,5196437
9125223,24,13,23,1734323
9125991,24,13,23,1734469
9128007,24,14,23,5204557
9136359,24,14,23,5209319
9139303,24,13,23,1736999
9140071,24,13,23,1737145
9141095,24,14,23,5212019
9142631,24,14,23,5212895
9144487,24,14,23,5213953
9147623,24,14,23,5215741
9148135,24,14,23,5216033
9152359,24,14,23,5218441
9152615,24,10,23,64427
9156199,24,14,23,5220631
9161383,24,14,23,5223587
9161447,24,14,23,5223623
9161639,24,14,23,5223733
9163239,24,14,23,5224645
9166695,24,12,23,580735
9168231,24,13,23,1742497
9169223,24,14,23,5228057
9172903,24,13,23,1743385
9175783,24,14,23,5231797
9176807,24,13,23,1744127
9182567,24,14,23,5235665
9184327,24,14,23,5236669
9184615,24,13,23,1745611
9184871,24,14,23,5236979
9187495,24,14,23,5238475
9193703,24,14,23,5242015
9196359,24,13,23,1747843
9196391,24,13,23,1747849
9196871,24,14,23,5243821
9196903,24,14,23,5243839
9201831,24,12,23,582961
9203623,24,14,23,5247671
9204391,24,14,23,5248109
9204967,24,13,23,1749479
9211207,24,12,23,583555
9211975,24,13,23,1750811
9212743,24,13,23,1750957
9215143,24,13,23,1751413
9218983,24,13,23,1752143
9220583,24,12,23,584149
9224519,24,13,23,1753195
9225063,24,14,23,5259895
9225831,24,14,23,5260333
9226087,24,13,23,1753493
9226599,24,14,23,5260771
9227079,24,14,23,5261045
9242439,24,13,23,1756601
9245863,24,14,23,5271755
9246631,24,14,23,5272193
9255271,24,14,23,5277119
9256551,24,13,23,1759283
9257063,24,14,23,5278141
9261735,24,14,23,5280805
9262247,24,14,23,5281097
9262823,24,12,23,586825
9263015,24,14,23,5281535
9275303,24,13,23,1762847
9278695,24,14,23,5290475
9283431,24,14,23,5293175
9283943,24,12,23,588163
9288359,24,14,23,5295985
9290983,24,10,23,65401
9292711,24,14,23,5298467
9297255,24,13,23,1767019
9297767,24,14,23,5301349
9299303,24,14,23,5302225
9303975,24,14,23,5304889
9304807,24,14,23,5305363
9305255,24,14,23,5305619
9306855,24,14,23,5306531
9314407,24,12,23,590093
9314631,24,14,23,5310965
9318567,24,14,23,5313209
9320167,24,14,23,5314121
9324007,24,14,23,5316311
9327431,24,14,23,5318263
9327463,24,14,23,5318281
9327719,24,13,23,1772809
9327943,24,14,23,5318555
9327975,24,14,23,5318573
9328743,24,14,23,5319011
9334695,24,13,23,1774135
9342279,24,14,23,5326729
9345127,24,14,23,5328353
9349863,24,14,23,5331053
9356903,24,14,23,5335067
9365223,24,13,23,1779937
9370471,24,14,23,5342803
9376935,24,13,23,1782163
9384775,24,12,23,594551
9384807,24,12,23,594553
9386343,24,13,23,1783951
9387367,24,14,23,5352437
9391847,24,9,23,22037
9398599,24,14,23,5358841
9401447,24,14,23,5360465
9402471,24,14,23,5361049
9403559,24,12,23,595741
9408231,24,11,23,198679
9412935,24,12,23,596335
9418663,24,14,23,5370281
9419431,24,14,23,5370719
9424103,24,14,23,5373383
9428839,24,14,23,5376083
9430855,24,13,23,1792411
9435879,24,14,23,5380097
9438695,24,12,23,597967
9438951,24,14,23,5381849
9445479,24,14,23,5385571
9447591,24,14,23,5386775
9456743,24,13,23,1797331
9456999,24,14,23,5392139
9458791,24,14,23,5393161
9461351,24,13,23,1798207
9463975,24,14,23,5396117
9466343,24,14,23,5397467
9467111,24,14,23,5397905
9471591,24,11,23,200017
9471847,24,14,23,5400605
9473351,24,14,23,5401463
9474119,24,14,23,5401901
9476263,24,12,23,600347
9480103,24,13,23,1801771
9481127,24,14,23,5405897
9482727,24,14,23,5406809
9485671,24,12,23,600943
9487463,24,14,23,5409509
9488231,24,14,23,5409947
9495015,24,12,23,601535
9496295,24,14,23,5414545
9501543,24,14,23,5417537
9502823,24,13,23,1806089
9504583,24,14,23,5419271
9514343,24,14,23,5424835
9515847,24,14,23,5425693
9516359,24,14,23,5425985
9518695,24,14,23,5427317
9519271,24,13,23,1809215
9524967,24,14,23,5430893
9529671,24,14,23,5433575
9529703,24,14,23,5433593
9530471,24,14,23,5434031
9531463,24,14,23,5434597
9534631,24,14,23,5436403
9537447,24,14,23,5438009
9544007,24,14,23,5441749
9545031,24,13,23,1814111
9546087,24,14,23,5442935
9548967,24,10,23,67217
9554407,24,13,23,1815893
9555175,24,13,23,1816039
9557863,24,14,23,5449649
9559143,24,13,23,1816793
9561927,24,14,23,5451967
9564327,24,14,23,5453335
9565927,24,14,23,5454247
9573191,24,13,23,1819463
9573991,24,13,23,1819615
9576551,24,14,23,5460305
9578663,24,13,23,1820503
9579431,24,12,23,606883
9586535,24,12,23,607333
9587815,24,14,23,5466727
9588071,24,13,23,1822291
9588807,24,12,23,607477
9596647,24,13,23,1823921
9597415,24,13,23,1824067
9600871,24,14,23,5474171
9607335,24,14,23,5477857
9607847,24,14,23,5478149
9611495,24,13,23,1826743
9616487,24,14,23,5483075
9616743,24,14,23,5483221
9618535,24,13,23,1828081
9626087,24,14,23,5488549
9630567,24,14,23,5491103
9630823,24,14,23,5491249
9631047,24,12,23,610153
9636007,24,14,23,5494205
9639143,24,14,23,5495993
9644903,24,14,23,5499277
9645415,24,14,23,5499569
9646919,24,14,23,5500427
9646951,24,14,23,5500445
9654759,24,14,23,5504897
9659207,24,10,23,67993
9659239,24,12,23,611939
9660519,24,14,23,5508181
9660775,24,13,23,1836109
9665703,24,14,23,5511137
9673031,24,14,23,5515315
9675079,24,14,23,5516483
9681063,24,13,23,1839965
9681639,24,14,23,5520223
9688391,24,14,23,5524073
9692231,24,14,23,5526263
9696999,24,14,23,5528981
9699815,24,13,23,1843529
9700839,24,14,23,5531171
9704551,24,13,23,1844429
9705063,24,14,23,5533579
9710503,24,14,23,5536681
9717607,24,14,23,5540731
9717863,24,12,23,615653
9718087,24,14,23,5541005
9718631,24,13,23,1847105
9733447,24,13,23,1849921
9736359,24,14,23,5551423
9737383,24,13,23,1850669
9738407,24,14,23,5552591
9738983,24,12,23,616991
9742567,24,14,23,5554963
9742823,24,13,23,1851703
9747559,24,13,23,1852603
9747815,24,14,23,5557955
9748071,24,14,23,5558101
9753255,24,14,23,5561057
9757159,24,14,23,5563283
9760071,24,9,23,22901
9761639,24,13,23,1855279
9761895,24,14,23,5565983
9763175,24,13,23,1855571
9764967,24,14,23,5567735
9766823,24,14,23,5568793
9775975,24,14,23,5574011
9776455,24,11,23,206455
9781415,24,14,23,5577113
9790311,24,14,23,5582185
9792327,24,14,23,5583335
9798375,24,13,23,1862261
9798887,24,14,23,5587075
9801447,24,13,23,1862845
9804103,24,14,23,5590049
9806183,24,13,23,1863745
9806919,24,12,23,621295
9807175,24,14,23,5591801
9811687,24,11,23,207199
9816551,24,14,23,5597147
9817959,24,13,23,1865983
9819495,24,13,23,1866275
9821287,24,14,23,5599847
9824935,24,13,23,1867309
9827559,24,14,23,5603423
9832807,24,10,23,69215
9834567,24,14,23,5607419
9835335,24,14,23,5607857
9841575,24,14,23,5611415
9843431,24,14,23,5612473
9847655,24,13,23,1871627
9848423,24,13,23,1871773
9848679,24,14,23,5615465
9848935,24,14,23,5615611
9850951,24,14,23,5616761
9855719,24,14,23,5619479
9858791,24,14,23,5621231
9863239,24,12,23,624863
9863271,24,12,23,624865
9864519,24,14,23,5624497
9864807,24,13,23,1874887
9867943,24,11,23,208387
9870055,24,14,23,5627653
9873895,24,14,23,5629843
9876583,24,13,23,1877125
9879143,24,14,23,5632835
9893191,24,14,23,5640845
9894503,24,13,23,1880531
9897895,24,14,23,5643527
9899687,24,14,23,5644549
9900775,24,12,23,627241
9914087,24,13,23,1884253
9920359,24,13,23,1885445
9921383,24,14,23,5656919
9922631,24,13,23,1885877
9923399,24,13,23,1886023
9933671,24,10,23,69925
9934151,24,14,23,5664199
9937255,24,14,23,5665969
9939111,24,13,23,1889009
9943207,24,14,23,5669363
9956007,24,14,23,5676661
9957031,24,12,23,630805
9957863,24,13,23,1892573
9958631,24,13,23,1892719
9961959,24,14,23,5680055
9964871,24,13,23,1893905
9965639,24,13,23,1894051
9966695,24,14,23,5682755
9972967,24,14,23,5686331
9977703,24,14,23,5689031
9979495,24,14,23,5690053
9979719,24,13,23,1896727
9980007,24,14,23,5690345
9980775,24,14,23,5690783
9986791,24,13,23,1898071
9994311,24,14,23,5698501
9994343,24,14,23,5698519
9994599,24,12,23,633185
10001127,24,14,23,5702387
10007367,24,14,23,5705945
10007911,24,13,23,1902085
10008935,24,14,23,5706839
10013351,24,12,23,634373
10020711,24,14,23,5713553
10021735,24,14,23,5714137
10022983,24,14,23,5714849
10025319,24,14,23,5716181
10036839,24,12,23,635861
10041255,24,14,23,5725267
10045159,24,14,23,5727493
10049863,24,14,23,5730175
10050663,24,14,23,5730631
10053287,24,7,23,2621
10055847,24,14,23,5733587
10060519,24,14,23,5736251
10064999,24,12,23,637645
10065223,24,14,23,5738933
10065767,24,13,23,1913081
10066791,24,14,23,5739827
10068039,24,13,23,1913513
10069063,24,14,23,5741123
10073319,24,14,23,5743549
10081639,24,14,23,5748293
10082663,24,14,23,5748877
10082919,24,13,23,1916341
10088167,24,14,23,5752015
10098855,24,14,23,5758109
10104039,24,13,23,1920355
10107207,24,12,23,640319
10108775,24,13,23,1921255
10109799,24,14,23,5764349
10110791,24,14,23,5764915
10111047,24,13,23,1921687
10114215,24,12,23,640763
10114983,24,13,23,1922435
10115815,24,13,23,1922593
10117607,24,14,23,5768801
10125383,24,14,23,5773235
10125415,24,14,23,5773253
10125671,24,14,23,5773399
10127527,24,13,23,1924819
10128295,24,9,23,23765
10130663,24,11,23,213935
10136935,24,13,23,1926607
10138983,24,14,23,5780989
10144423,24,14,23,5784091
10144679,24,11,23,214231
10146279,24,13,23,1928383
10156647,24,14,23,5791061
10157223,24,13,23,1930463
10162919,24,14,23,5794637
10166599,24,13,23,1932245
10167111,24,14,23,5797027
10167655,24,14,23,5797337
10167911,24,14,23,5797483
10168423,24,14,23,5797775
10169671,24,13,23,1932829
10170535,24,11,23,214777
10172327,24,14,23,5800001
10179911,24,11,23,214975
10181735,24,14,23,5805365
10182503,24,14,23,5805803
10183015,24,13,23,1935365
10184775,24,14,23,5807099
10188519,24,13,23,1936411
10195783,24,14,23,5813375
10196071,24,14,23,5813539
10197095,24,13,23,1938041
10197863,24,13,23,1938187
10201767,24,13,23,1938929
10202279,24,14,23,5817079
10204903,24,13,23,1939525
10210663,24,14,23,5821859
10211655,24,14,23,5822425
10213991,24,14,23,5823757
10214567,24,14,23,5824085
10219175,24,14,23,5826713
10219239,24,14,23,5826749
10223943,24,14,23,5829431
10225255,24,13,23,1943393
10227015,24,14,23,5831183
10238279,24,14,23,5837605
10239335,24,13,23,1946069
10242119,24,14,23,5839795
10244775,24,13,23,1947103
10245287,24,14,23,5841601
10246887,24,14,23,5842513
10256743,24,14,23,5848133
10258599,24,14,23,5849191
10259623,24,12,23,649975
10261159,24,13,23,1950217
10268007,24,14,23,5854555
10268999,24,12,23,650569
10275495,24,14,23,5858825
10275559,24,14,23,5858861
10277351,24,14,23,5859883
10281831,24,14,23,5862437
10282311,24,13,23,1954237
10283111,24,12,23,651463
10289895,24,14,23,5867035
10291687,24,13,23,1956019
10296679,24,14,23,5870903
10298727,24,13,23,1957357
10298983,24,14,23,5872217
10306791,24,14,23,5876669
10311015,24,14,23,5879077
10311271,24,10,23,72583
10311527,24,14,23,5879369
10315943,24,12,23,653543
10319079,24,13,23,1961225
10319591,24,14,23,5883967
10325095,24,14,23,5887105
10326087,24,13,23,1962557
10326855,24,13,23,1962703
10327143,24,14,23,5888273
10327911,24,14,23,5888711
10330183,24,14,23,5890007
10333095,24,13,23,1963889
10334695,24,12,23,654731
10340199,24,13,23,1965239
10340455,24,14,23,5895863
10340711,24,14,23,5896009
10341191,24,14,23,5896283
10345639,24,13,23,1966273
10348775,24,10,23,72847
10355015,24,13,23,1968055
10358951,24,13,23,1968803
10361575,24,14,23,5907905
10369351,24,14,23,5912339
10370151,24,14,23,5912795
10373287,24,14,23,5914583
10375847,24,14,23,5916043
10376359,24,14,23,5916335
10376935,24,12,23,657407
10377127,24,14,23,5916773
10384743,24,13,23,1973705
10385255,24,14,23,5921407
10385511,24,13,23,1973851
10392039,24,14,23,5925275
10397543,24,14,23,5928413
10398055,24,12,23,658745
10406631,24,13,23,1977865
10411879,24,14,23,5936587
10412135,24,9,23,24431
10413383,24,14,23,5937445
10418087,24,14,23,5940127
10419367,24,14,23,5940857
10420967,24,14,23,5941769
10421479,24,12,23,660229
10422759,24,14,23,5942791
10426215,24,12,23,660529
10427751,24,13,23,1981879
10428519,24,11,23,220225
10428743,24,14,23,5946203
10441543,24,14,23,5953501
10441575,24,14,23,5953519
10442087,24,14,23,5953811
10444391,24,14,23,5955125
10444967,24,12,23,661717
10445159,24,14,23,5955563
10447015,24,14,23,5956621
10455911,24,13,23,1987231
10456167,24,14,23,5961839
10456391,24,14,23,5961967
10459239,24,14,23,5963591
10463143,24,14,23,5965817
10463911,24,14,23,5966255
10465767,24,14,23,5967313
10472263,24,13,23,1990339
10480871,24,13,23,1991975
10484039,24,13,23,1992577
10485831,24,14,23,5978753
10487399,24,14,23,5979647
10498887,24,11,23,221711
10498919,24,12,23,665135
10501479,24,14,23,5987675
10508007,24,14,23,5991397
10514503,24,13,23,1998367
10516583,24,14,23,5996287
10521767,24,14,23,5999243
10523879,24,13,23,2000149
10527591,24,14,23,6002563
10528615,24,13,23,2001049
10529127,24,14,23,6003439
10531143,24,14,23,6004589
10533543,24,14,23,6005957
10537895,24,13,23,2002813
10542951,24,14,23,6011321
10543463,24,12,23,667957
10545255,24,14,23,6012635
10547367,24,13,23,2004613
10552807,24,12,23,668549
10556743,24,13,23,2006395
10556775,24,13,23,2006401
10557287,24,14,23,6019495
10562215,24,12,23,669145
10563751,24,13,23,2007727
10564775,24,14,23,6023765
10565351,24,13,23,2008031
10573127,24,13,23,2009509
10575463,24,13,23,2009953
10576039,24,14,23,6030187
10578087,24,14,23,6031355
10578663,24,12,23,670187
10579879,24,14,23,6032377
10586215,24,14,23,6035989
10586983,24,14,23,6036427
10587463,24,14,23,6036701
10590375,24,11,23,223643
10594215,24,13,23,2013517
10595239,24,14,23,6041135
10596839,24,14,23,6042047
10602343,24,14,23,6045185
10609127,24,11,23,224039
10609383,24,14,23,6049199
10615111,24,14,23,6052465
10615655,24,14,23,6052775
10616935,24,13,23,2017835
10621095,24,14,23,6055877
10622119,24,14,23,6056461
10629991,24,14,23,6060949
10631783,24,13,23,2020657
10633383,24,13,23,2020961
10637223,24,12,23,673897
10639079,24,14,23,6066131
10643783,24,14,23,6068813
10644327,24,12,23,674347
10645575,24,14,23,6069835
10646887,24,14,23,6070583
10648743,24,14,23,6071641
10651367,24,10,23,74977
10657639,24,13,23,2025571
10658119,24,14,23,6076987
10658663,24,14,23,6077297
10659431,24,14,23,6077735
10659911,24,13,23,2026003
10660199,24,14,23,6078173
10664615,24,13,23,2026897
10674535,24,14,23,6086347
10675015,24,14,23,6086621
10678439,24,14,23,6088573
10683623,24,14,23,6091529
10683879,24,14,23,6091675
10687303,24,13,23,2031209
10687815,24,14,23,6093919
10688359,24,14,23,6094229
10693287,24,14,23,6097039
10701927,24,14,23,6101965
10702919,24,12,23,678059
10707111,24,14,23,6104921
10709735,24,14,23,6106417
10716007,24,14,23,6109993
10716999,24,10,23,75439
10717287,24,14,23,6110723
10726631,24,14,23,6116051
10729799,24,14,23,6117857
10730855,24,14,23,6118459
10743015,24,14,23,6125393
10745159,24,12,23,680735
10745191,24,12,23,680737
10746727,24,13,23,2042503
10757607,24,13,23,2044571
10759271,24,12,23,681629
10760263,24,14,23,6135227
10761063,24,14,23,6135683
10762855,24,14,23,6136705
10773351,24,11,23,227507
10774855,24,13,23,2047849
10779815,24,14,23,6146375
10783463,24,13,23,2049485
10784487,24,14,23,6149039
10789191,24,14,23,6151721
10789703,24,12,23,683557
10790983,24,14,23,6152743
10795175,24,13,23,2051711
10800359,24,14,23,6158089
10805607,24,14,23,6161081
10813927,24,13,23,2055275
10814951,24,14,23,6166409
10818663,24,13,23,2056175
10819175,24,14,23,6168817
10821735,24,13,23,2056759
10823847,24,14,23,6171481
10824359,24,14,23,6171773
10824615,24,14,23,6171919
10826471,24,13,23,2057659
10827495,24,14,23,6173561
10831719,24,14,23,6175969
10831975,24,11,23,228745
10833991,24,14,23,6177265
10836647,24,12,23,686531
10840807,24,14,23,6181151
10842599,24,14,23,6182173
10847847,24,14,23,6185165
10848615,24,14,23,6185603
10849095,24,13,23,2061959
10852263,24,13,23,2062561
10856679,24,14,23,6190201
10861927,24,14,23,6193193
10863719,24,14,23,6194215
10874727,24,14,23,6200491
10876007,24,14,23,6201221
10876231,24,14,23,6201349
10876263,24,14,23,6201367
10877287,24,13,23,2067317
10879079,24,14,23,6202973
10882727,24,13,23,2068351
10884327,24,13,23,2068655
10890087,24,14,23,6209249
10890343,24,14,23,6209395
10892103,24,13,23,2070133
10899367,24,14,23,6214541
10906471,24,14,23,6218591
10915559,24,13,23,2074591
10921031,24,12,23,691877
10921063,24,12,23,691879
10933575,24,13,23,2078015
10934375,24,13,23,2078167
10946887,24,12,23,693515
10949479,24,14,23,6243113
10955495,24,13,23,2082181
10955687,24,14,23,6246653
10957543,24,14,23,6247711
10961767,24,13,23,2083373
10962791,24,14,23,6250703
10963303,24,12,23,694555
10965063,24,14,23,6251999
10967719,24,14,23,6253513
10968231,24,14,23,6253805
10977351,24,11,23,231815
10977607,24,14,23,6259151
10978919,24,13,23,2086633
10983335,24,14,23,6262417
10983591,24,13,23,2087521
10984167,24,14,23,6262891
10993255,24,14,23,6268073
10995879,24,14,23,6269569
10999527,24,14,23,6271649
11002343,24,13,23,2091085
11005287,24,14,23,6274933
11005799,24,14,23,6275225
11007079,24,13,23,2091985
11007303,24,14,23,6276083
11007335,24,14,23,6276101
11012007,24,14,23,6278765
11013799,24,14,23,6279787
11014631,24,14,23,6280261
11014887,24,12,23,697823
11019591,24,10,23,77569
11019751,24,14,23,6283181
11020647,24,14,23,6283691
11021159,24,13,23,2094661
11021415,24,14,23,6284129
11028967,24,10,23,77635
11029223,24,14,23,6288581
11040679,24,12,23,699457
11041447,24,13,23,2098517
11045607,24,14,23,6297923
11050343,24,14,23,6300623
11051847,24,14,23,6301481
11052103,24,14,23,6301627
11057319,24,14,23,6304601
11064167,24,12,23,700945
11065447,24,14,23,6309235
11065703,24,13,23,2103127
11067559,24,14,23,6310439
11071143,24,12,23,701387
11076071,24,14,23,6315293
11077479,24,13,23,2105365
11077959,24,14,23,6316369
11080807,24,14,23,6317993
11086567,24,14,23,6321277
11092327,24,9,23,26027
11093607,24,14,23,6325291
11094855,24,14,23,6326003
11098791,24,14,23,6328247
11108455,24,14,23,6333757
11108711,24,11,23,234589
11111079,24,9,23,26071
11111239,24,14,23,6335345
11113639,24,14,23,6336713
11115239,24,14,23,6337625
11121511,24,14,23,6341201
11123559,24,13,23,2114123
11124327,24,13,23,2114269
11125831,24,13,23,2114555
11127463,24,11,23,234985
11136103,24,13,23,2116507
11136359,24,14,23,6349667
11139431,24,14,23,6351419
11143079,24,13,23,2117833
11145959,24,14,23,6355141
11146471,24,14,23,6355433
11150183,24,13,23,2119183
11150951,24,11,23,235481
11151687,24,13,23,2119469
11152711,24,14,23,6358991
11159271,24,14,23,6362731
11166567,24,13,23,2122297
11168583,24,14,23,6368041
11175399,24,14,23,6371927
11179879,24,13,23,2124827
11182151,24,13,23,2125259
11183175,24,14,23,6376361
11183207,24,14,23,6376379
11185319,24,13,23,2125861
11187943,24,14,23,6379079
11193191,24,10,23,78791
11194695,24,13,23,2127643
11195719,24,14,23,6383513
11196775,24,14,23,6384115
11201255,24,14,23,6386669
11202215,24,14,23,6387217
11203303,24,13,23,2129279
11203815,24,14,23,6388129
11208807,24,13,23,2130325
11209031,24,14,23,6391103
11210823,24,14,23,6392125
11213479,24,13,23,2131213
11224903,24,14,23,6400153
11225191,24,13,23,2133439
11225447,24,14,23,6400463
11228327,24,11,23,237115
11239527,24,14,23,6408491
11244199,24,14,23,6411155
11252551,24,13,23,2138639
11255975,24,14,23,6417869
11259559,24,13,23,2139971
11261159,24,12,23,713425
11266407,24,14,23,6423817
11267175,24,14,23,6424255
11277031,24,14,23,6429875
11281255,24,14,23,6432283
11283783,24,13,23,2144575
11286439,24,14,23,6435239
11287207,24,14,23,6435677
11295847,24,14,23,6440603
11297127,24,13,23,2147111
11302823,24,14,23,6444581
11303591,24,14,23,6445019
11308903,24,13,23,2149349
11310183,24,14,23,6448777
11315367,24,14,23,6451733
11315879,24,13,23,2150675
11316391,24,14,23,6452317
11319015,24,13,23,2151271
11323719,24,13,23,2152165
11325767,24,14,23,6457663
11326311,24,14,23,6457973
11327079,24,14,23,6458411
11333287,24,14,23,6461951
11333351,24,14,23,6461987
11334119,24,14,23,6462425
11339367,24,13,23,2155139
11339879,24,14,23,6465709
11344039,24,13,23,2156027
11344551,24,14,23,6468373
11352391,24,14,23,6472843
11360999,24,14,23,6477751
11362791,24,13,23,2159591
11364583,24,14,23,6479795
11367271,24,14,23,6481327
11367751,24,14,23,6481601
11368295,24,13,23,2160637
11369063,24,10,23,80029
11369319,24,14,23,6482495
11370567,24,13,23,2161069
11373735,24,12,23,720557
11375271,24,13,23,2161963
11381863,24,14,23,6489647
11382119,24,14,23,6489793
11382855,24,14,23,6490213
11383111,24,12,23,721151
11385703,24,14,23,6491837
11387975,24,14,23,6493133
11397191,24,10,23,80227
11397223,24,12,23,722045
11397447,24,14,23,6498533
11397479,24,14,23,6498551
11413831,24,14,23,6507875
11417511,24,13,23,2169991
11426919,24,13,23,2171779
11430055,24,11,23,241375
11433703,24,14,23,6519205
11439463,24,12,23,724721
11441255,24,14,23,6523511
11441767,24,12,23,724867
11442023,24,14,23,6523949
11443047,24,14,23,6524533
11444295,24,14,23,6525245
11448807,24,11,23,241771
11454791,24,14,23,6531229
11459239,24,14,23,6533765
11464423,24,13,23,2178907
11465447,24,14,23,6537305
11473063,24,13,23,2180549
11479271,24,12,23,727243
11483463,24,14,23,6547577
11491047,24,11,23,242663
11498343,24,14,23,6556061
11498855,24,13,23,2185451
11499367,24,14,23,6556645
11501159,24,13,23,2185889
11501927,24,13,23,2186035
11504807,24,14,23,6559747
11506919,24,14,23,6560951
11512167,24,11,23,243109
11514183,24,14,23,6565093
11514695,24,14,23,6565385
11519911,24,13,23,2189453
11520679,24,13,23,2189599
11520935,24,14,23,6568943
11521703,24,14,23,6569381
11523303,24,14,23,6570293
11527015,24,13,23,2190803
11527495,24,14,23,6572683
11528295,24,14,23,6573139
11535079,24,14,23,6577007
11535591,24,12,23,730811
11536871,24,14,23,6578029
11543623,24,14,23,6581879
11543911,24,14,23,6582043
11544167,24,13,23,2194063
11546791,24,14,23,6583685
11556167,24,14,23,6589031
11556199,24,14,23,6589049
11559271,24,14,23,6590801
11562151,24,13,23,2197481
11562919,24,13,23,2197627
11563751,24,12,23,732595
11569479,24,14,23,6596621
11570535,24,14,23,6597223
11571527,24,13,23,2199263
11572039,24,14,23,6598081
11578023,24,14,23,6601493
11584359,24,14,23,6605105
11585639,24,13,23,2201945
11589543,24,10,23,81581
11594983,24,13,23,2203721
11598951,24,12,23,734825
11601255,24,12,23,734971
11605159,24,13,23,2205655
11606183,24,14,23,6617549
11613031,24,11,23,245239
11614567,24,13,23,2207443
11618471,24,13,23,2208185
11620007,24,12,23,736159
11621543,24,13,23,2208769
11624935,24,14,23,6628241
11629383,24,12,23,736753
11629671,24,14,23,6630941
11635879,24,14,23,6634481
11637223,24,13,23,2211749
11637991,24,13,23,2211895
11645255,24,14,23,6639827
11652007,24,13,23,2214559
11657063,24,14,23,6646559
11659367,24,14,23,6647873
11666151,24,13,23,2217247
11666663,24,14,23,6652033
11666919,24,11,23,246377
11667175,24,14,23,6652325
11671399,24,14,23,6654733
11671655,24,10,23,82159
11677863,24,13,23,2219473
11679463,24,13,23,2219777
11687239,24,13,23,2221255
11687271,24,13,23,2221261
11690151,24,14,23,6665425
11693991,24,14,23,6667615
11694823,24,14,23,6668089
11695335,24,14,23,6668381
11701095,24,14,23,6671665
11701575,24,14,23,6671939
11701607,24,14,23,6671957
11702343,24,14,23,6672377
11703911,24,14,23,6673271
11714407,24,14,23,6679255
11720871,24,12,23,742549
11729223,24,14,23,6687703
11730023,24,14,23,6688159
11731015,24,13,23,2229575
11732807,24,14,23,6689747
11736231,24,14,23,6691699
11739623,24,12,23,743737
11740391,24,13,23,2231357
11741415,24,14,23,6694655
11745127,24,13,23,2232257
11745639,24,14,23,6697063
11746919,24,14,23,6697793
11751079,24,14,23,6700165
11751335,24,12,23,744479
11758439,24,12,23,744929
11760999,24,14,23,6705821
11763303,24,14,23,6707135
11763879,24,13,23,2235821
11765671,24,14,23,6708485
11781863,24,12,23,746413
11782055,24,14,23,6717827
11783399,24,13,23,2239531
11788135,24,13,23,2240431
11788647,24,14,23,6721585
11789159,24,14,23,6721877
11797735,24,14,23,6726767
11801927,24,14,23,6729157
11802471,24,14,23,6729467
11803751,24,13,23,2243399
11804775,24,14,23,6730781
11806887,24,13,23,2243995
11807399,24,14,23,6732277
11816295,24,13,23,2245783
11817031,24,11,23,249547
11820647,24,14,23,6739831
11821223,24,14,23,6740159
11823271,24,13,23,2247109
11823847,24,14,23,6741655
11824295,24,14,23,6741911
11825639,24,13,23,2247559
11825895,24,14,23,6742823
11832647,24,13,23,2248891
11833671,24,14,23,6747257
11838183,24,12,23,749981
11839399,24,14,23,6750523
11841255,24,13,23,2250527
11842023,24,13,23,2250673
11845479,24,14,23,6753989
11846759,24,13,23,2251573
11847495,24,12,23,750571
11847783,24,14,23,6755303
11857127,24,14,23,6760631
11859271,24,11,23,250439
11861095,24,14,23,6762893
11863399,24,14,23,6764207
11871719,24,13,23,2256317
11875143,24,14,23,6770903
11876967,24,14,23,6771943
11880615,24,14,23,6774023
11882151,24,14,23,6774899
11882407,24,14,23,6775045
11884263,24,13,23,2258701
11888999,24,13,23,2259601
11889511,24,14,23,6779095
11891527,24,14,23,6780245
11893927,24,14,23,6781613
11897575,24,13,23,2261231
11899367,24,14,23,6784715
11903303,24,14,23,6786959
11903815,24,12,23,754139
11904615,24,13,23,2262569
11905095,24,14,23,6787981
11905383,24,13,23,2262715
11914471,24,14,23,6793327
11917159,24,13,23,2264953
11919719,24,14,23,6796319
11922599,24,12,23,755329
11931975,24,12,23,755923
11935847,24,13,23,2268505
11937959,24,14,23,6806719
11938471,24,14,23,6807011
11939751,24,13,23,2269247
11947367,24,14,23,6812083
11954919,24,14,23,6816389
11956711,24,14,23,6817411
11963207,24,13,23,2273705
11966631,24,14,23,6823067
11969255,24,14,23,6824563
11975783,24,13,23,2276095
11976039,24,14,23,6828431
11977831,24,14,23,6829453
11983015,24,14,23,6832409
11983591,24,12,23,759193
11985383,24,14,23,6833759
11989863,24,13,23,2278771
11990375,24,14,23,6836605
11993159,24,14,23,6838193
11998439,24,13,23,2280401
12001767,24,14,23,6843101
12002535,24,14,23,6843539
12004455,24,14,23,6844633
12005447,24,13,23,2281733
12006215,24,13,23,2281879
12006247,24,13,23,2281885
12007271,24,14,23,6846239
12009639,24,14,23,6847589
12013479,24,14,23,6849779
12019815,24,14,23,6853391
12020071,24,14,23,6853537
12020583,24,14,23,6853829
12024999,24,13,23,2285449
12026023,24,14,23,6856931
12034375,24,13,23,2287231
12034887,24,14,23,6861985
12035143,24,11,23,254153
12035175,24,12,23,762461
12035399,24,14,23,6862277
12040935,24,14,23,6865433
12042983,24,13,23,2288867
12044007,24,14,23,6867185
12044775,24,14,23,6867623
12047687,24,13,23,2289761
12049511,24,14,23,6870323
12053671,24,14,23,6872695
12060135,24,13,23,2292127
12062055,24,14,23,6877475
12063047,24,14,23,6878041
12063559,24,14,23,6878333
12065895,24,14,23,6879665
12069799,24,14,23,6881891
12076903,24,14,23,6885941
12077415,24,12,23,765137
12081831,24,14,23,6888751
12087015,24,14,23,6891707
12093863,24,6,23,1051
12095655,24,14,23,6896633
12097447,24,14,23,6897655
12097703,24,13,23,2299267
12100327,24,14,23,6899297
12103399,24,14,23,6901049
12105575,24,12,23,766921
12106855,24,14,23,6903019
12107111,24,13,23,2301055
12107847,24,12,23,767065
12108615,24,13,23,2301341
12109639,24,14,23,6904607
12112615,24,9,23,28421
12116455,24,13,23,2302831
12120935,24,14,23,6911047
12121447,24,14,23,6911339
12124327,24,12,23,768109
12128999,24,11,23,256135
12133863,24,14,23,6918419
12134247,24,14,23,6918637
12135527,24,14,23,6919367
12149607,24,14,23,6927395
12150087,24,12,23,769741
12151623,24,13,23,2309515
12154791,24,12,23,770039
12155559,24,13,23,2310263
12158183,24,14,23,6932285
12159463,24,12,23,770335
12159719,24,14,23,6933161
12160743,24,14,23,6933745
12165959,24,14,23,6936719
12166247,24,14,23,6936883
12166759,24,14,23,6937175
12168871,24,9,23,28553
12178279,24,12,23,771527
12179559,24,14,23,6944473
12184743,24,14,23,6947429
12185255,24,11,23,257323
12186855,24,13,23,2316211
12192071,24,14,23,6951607
12193863,24,13,23,2317543
12194119,24,14,23,6952775
12197031,24,12,23,772715
12200679,24,14,23,6956515
12200871,24,13,23,2318875
12201895,24,14,23,6957209
12206407,24,12,23,773309
12207975,24,13,23,2320225
12208231,24,14,23,6960821
12208487,24,14,23,6960967
12208999,24,14,23,6961259
12209479,24,13,23,2320511
12210247,24,13,23,2320657
12212903,24,14,23,6963485
12215015,24,13,23,2321563
12221543,24,14,23,6968411
12223591,24,13,23,2323193
12224103,24,14,23,6969871
12225351,24,14,23,6970583
12229351,24,14,23,6972863
12236647,24,14,23,6977023
12237671,24,13,23,2325869
12239943,24,13,23,2326301
12244711,24,13,23,2327207
12245735,24,14,23,6982205
12252487,24,13,23,2328685
12255399,24,14,23,6987715
12265319,24,14,23,6993371
12265799,24,13,23,2331215
12265831,24,13,23,2331221
12267591,24,14,23,6994667
12269735,24,10,23,86369
12279143,24,12,23,777917
12280679,24,13,23,2334043
12281447,24,12,23,778063
12282695,24,14,23,7003279
12285863,24,14,23,7005085
12286695,24,14,23,7005559
12288487,24,10,23,86501
12288743,24,14,23,7006727
12297319,24,14,23,7011617
12300199,24,12,23,779251
12305127,24,14,23,7016069
12309351,24,14,23,7018477
12309863,24,14,23,7018769
12317415,24,13,23,2341025
12317927,24,14,23,7023367
12323143,24,14,23,7026341
12323687,24,12,23,780739
12324935,24,14,23,7027363
12328103,24,14,23,7029169
12332263,24,13,23,2343847
12336999,24,13,23,2344747
12337479,24,14,23,7034515
12338023,24,14,23,7034825
12339303,24,13,23,2345185
12339559,24,14,23,7035701
12346087,24,14,23,7039423
12351815,24,12,23,782521
12351847,24,10,23,86947
12353607,24,14,23,7043711
12353639,24,14,23,7043729
12360423,24,13,23,2349199
12366663,24,13,23,2350385
12366695,24,13,23,2350391
12367719,24,14,23,7051757
12369991,24,14,23,7053053
12370759,24,14,23,7053491
12373671,24,13,23,2351717
12375271,24,12,23,784007
12381031,24,14,23,7059347
12381287,24,14,23,7059493
12384871,24,14,23,7061537
12386471,24,14,23,7062449
12395367,24,14,23,7067521
12401831,24,13,23,2357069
12409159,24,14,23,7075385
12410215,24,14,23,7075987
12410727,24,14,23,7076279
12411207,24,13,23,2358851
12412231,24,14,23,7077137
12412999,24,14,23,7077575
12416935,24,14,23,7079819
12417703,24,14,23,7080257
12420583,24,13,23,2360633
12421607,24,14,23,7082483
12426087,24,13,23,2361679
12428359,24,13,23,2362111
12431271,24,14,23,7087993
12432615,24,14,23,7088759
12440423,24,14,23,7093211
12453991,24,14,23,7100947
12455239,24,14,23,7101659
12458151,24,13,23,2367773
12458663,24,14,23,7103611
12459175,24,14,23,7103903
12460775,24,14,23,7104815
12463335,24,14,23,7106275
12468071,24,14,23,7108975
12468551,24,14,23,7109249
12471463,24,9,23,29263
12471623,24,14,23,7111001
12476903,24,13,23,2371337
12480839,24,9,23,29285
12483943,24,13,23,2372675
12484679,24,13,23,2372815
12484711,24,13,23,2372821
12484967,24,14,23,7118609
12485735,24,14,23,7119047
12487847,24,11,23,263713
12490215,24,8,23,9769
12497223,24,11,23,263911
12499559,24,12,23,791881
12499815,24,14,23,7127075
12502087,24,14,23,7128371
12503719,24,14,23,7129301
12506343,24,14,23,7130797
12506855,24,14,23,7131089
12511335,24,11,23,264209
12522215,24,13,23,2379949
12526407,24,14,23,7142237
12526951,24,13,23,2380849
12527207,24,14,23,7142693
12527687,24,12,23,793663
12527943,24,14,23,7143113
12527975,24,14,23,7143131
12528967,24,14,23,7143697
12541287,24,14,23,7150721
12543591,24,14,23,7152035
12555079,24,13,23,2386195
12555367,24,14,23,7158749
12555879,24,12,23,795449
12557159,24,14,23,7159771
12558503,24,14,23,7160537
12562343,24,14,23,7162727
12564199,24,14,23,7163785
12568903,24,14,23,7166467
12573863,24,13,23,2389765
12577703,24,13,23,2390495
12578471,24,13,23,2390641
12579559,24,14,23,7172543
12583239,24,13,23,2391547
12584039,24,12,23,797233
12585831,24,14,23,7176119
12593383,24,12,23,797825
12597575,24,14,23,7182815
12603559,24,13,23,2395409
12604583,24,14,23,7186811
12605351,24,14,23,7187249
12612935,24,13,23,2397191
12613959,24,14,23,7192157
12615271,24,13,23,2397635
12616039,24,13,23,2397781
12620455,24,14,23,7195861
12621543,24,12,23,799609
12626791,24,14,23,7199473
12628839,24,14,23,7200641
12634023,24,13,23,2401199
12634791,24,13,23,2401345
12634855,24,13,23,2401357
12635815,24,14,23,7204619
12637415,24,14,23,7205531
12641127,24,13,23,2402549
12647591,24,14,23,7211333
12649703,24,11,23,267131
12654919,24,14,23,7215511
12655975,24,13,23,2405371
12656711,24,10,23,89093
12656967,24,14,23,7216679
12658023,24,14,23,7217281
12658279,24,13,23,2405809
12663527,24,14,23,7220419
12663975,24,14,23,7220675
12673351,24,14,23,7226021
12676263,24,13,23,2409227
12677799,24,12,23,803173
12682727,24,14,23,7231367
12684647,24,14,23,7232461
12685639,24,13,23,2411009
12686151,24,14,23,7233319
12686439,24,13,23,2411161
12686951,24,14,23,7233775
12687463,24,14,23,7234067
12699751,24,13,23,2413691
12700007,24,14,23,7241219
12700487,24,13,23,2413831
12704935,24,14,23,7244029
12714311,24,14,23,7249375
12715111,24,14,23,7249831
12715367,24,12,23,805553
12715623,24,14,23,7250123
12720039,24,12,23,805849
12724455,24,14,23,7255159
12728647,24,13,23,2419183
12729703,24,14,23,7258151
12732583,24,13,23,2419931
12735655,24,13,23,2420515
12743495,24,12,23,807335
12746087,24,14,23,7267493
12751335,24,13,23,2423495
12756839,24,13,23,2424541
12757863,24,14,23,7274207
12760679,24,13,23,2425271
12761703,24,14,23,7276397
12765927,24,14,23,7278805
12777383,24,14,23,7285337
12787047,24,14,23,7290847
12788807,24,13,23,2430617
12789831,24,14,23,7292435
12797415,24,12,23,810751
12798183,24,13,23,2432399
12799847,24,12,23,810905
12800839,24,14,23,7298711
12800871,24,14,23,7298729
12802151,24,12,23,811051
12803687,24,13,23,2433445
12806311,24,14,23,7301831
12808935,24,14,23,7303327
12815719,24,14,23,7307195
12818023,24,14,23,7308509
12819623,24,14,23,7309421
12822439,24,13,23,2437009
12823271,24,12,23,812389
12823463,24,14,23,7311611
12825063,24,14,23,7312523
12828999,24,14,23,7314767
12830567,24,14,23,7315661
12831559,24,14,23,7316227
12834983,24,12,23,813131
12839847,24,14,23,7320953
12844135,24,14,23,7323397
12845127,24,13,23,2441321
12846183,24,14,23,7324565
12846439,24,14,23,7324711
12849063,24,9,23,30149
12849319,24,14,23,7326353
12853735,24,12,23,814319
12854503,24,13,23,2443103
12855527,24,14,23,7329893
12858439,24,8,23,10057
12858471,24,12,23,814619
12859239,24,13,23,2444003
12859751,24,14,23,7332301
12861543,24,13,23,2444441
12865191,24,14,23,7335403
12865447,24,11,23,271687
12865703,24,14,23,7335695
12867303,24,14,23,7336607
12872551,24,11,23,271837
12874567,24,14,23,7340749
12875079,24,14,23,7341041
12877415,24,14,23,7342373
12877991,24,13,23,2447567
12881063,24,13,23,2448151
12883175,24,14,23,7345657
12883687,24,14,23,7345949
12887911,24,14,23,7348357
12888423,24,14,23,7348649
12890439,24,13,23,2449933
12892839,24,13,23,2450389
12895975,24,12,23,816995
12896167,24,14,23,7353065
12897191,24,14,23,7353649
12901735,24,14,23,7356239
12903783,24,13,23,2452469
12904551,24,13,23,2452615
12916583,24,14,23,7364705
12917863,24,13,23,2455145
12923047,24,14,23,7368391
12930919,24,14,23,7372879
12932423,24,14,23,7373737
12934759,24,14,23,7375069
12935335,24,14,23,7375397
12937383,24,13,23,2458855
12938407,24,14,23,7377149
12939943,24,14,23,7378025
12940007,24,14,23,7378061
12947783,24,14,23,7382495
12953511,24,14,23,7385761
12955367,24,13,23,2462273
12956135,24,13,23,2462419
12961607,24,12,23,821153
12964007,24,12,23,821305
12966055,24,14,23,7392913
12974951,24,13,23,2465995
12975207,24,14,23,7398131
12977511,24,14,23,7399445
12982183,24,14,23,7402109
12984807,24,14,23,7403605
12989287,24,14,23,7406159
12989543,24,14,23,7406305
12989767,24,12,23,822937
12996263,24,14,23,7410137
12998375,24,13,23,2470447
13003079,24,13,23,2471341
13003879,24,12,23,823831
13005639,24,14,23,7415483
13017927,24,11,23,274907
13018727,24,13,23,2474315
13019495,24,13,23,2474461
13022823,24,14,23,7425281
13023143,24,14,23,7425463
13023911,24,14,23,7425901
13027047,24,14,23,7427689
13031751,24,14,23,7430371
13033831,24,14,23,7431557
13042919,24,13,23,2478913
13043175,24,14,23,7436885
13047655,24,13,23,2479813
13050951,24,14,23,7441319
13052583,24,14,23,7442249
13053863,24,13,23,2480993
13055207,24,14,23,7443745
13055719,24,14,23,7444037
13059559,24,14,23,7446227
13060327,24,14,23,7446665
13061223,24,14,23,7447175
13061479,24,14,23,7447321
13061991,24,14,23,7447613
13063271,24,13,23,2482781
13064295,24,14,23,7448927
13066407,24,13,23,2483377
13069031,24,14,23,7451627
13069543,24,10,23,91999
13075303,24,14,23,7455203
13081255,24,12,23,828733
13083367,24,14,23,7459801
13085415,24,14,23,7460969
13092679,24,14,23,7465111
13095079,24,14,23,7466479
13097127,24,14,23,7467647
13097703,24,12,23,829775
13100775,24,13,23,2489909
13106023,24,14,23,7472719
13107303,24,14,23,7473449
13115879,24,14,23,7478339
13116647,24,14,23,7478777
13119559,24,13,23,2493479
13120359,24,13,23,2493631
13120615,24,14,23,7481039
13121383,24,14,23,7481477
13123687,24,14,23,7482791
13132903,24,9,23,30815
13134151,24,14,23,7488757
13134183,24,14,23,7488775
13140135,24,14,23,7492169
13143783,24,13,23,2498083
13149287,24,11,23,277681
13154215,24,14,23,7500197
13157095,24,13,23,2500613
13158119,24,14,23,7502423
13164903,24,13,23,2502097
13165639,24,12,23,834079
13165927,24,14,23,7506875
13166407,24,13,23,2502383
13167783,24,14,23,7507933
13174247,24,13,23,2503873
13177159,24,14,23,7513279
13178471,24,14,23,7514027
13180007,24,14,23,7514903
13181031,24,14,23,7515487
13183655,24,13,23,2505661
13191495,24,12,23,835717
13191527,24,11,23,278573
13193287,24,14,23,7522475
13200103,24,13,23,2508787
13205351,24,14,23,7529353
13207143,24,13,23,2510125
13214439,24,14,23,7534535
13215975,24,14,23,7535411
13217511,24,14,23,7536287
13220967,24,14,23,7538257
13221959,24,12,23,837647
13222727,24,13,23,2513087
13223751,24,14,23,7539845
13226151,24,14,23,7541213
13228775,24,14,23,7542709
13235047,24,14,23,7546285
13235303,24,13,23,2515477
13235527,24,14,23,7546559
13235559,24,14,23,7546577
13249383,24,13,23,2518153
13249639,24,14,23,7554605
13251399,24,14,23,7555609
13251911,24,14,23,7555901
13258663,24,13,23,2519917
13264199,24,12,23,840323
13264231,24,12,23,840325
13264999,24,13,23,2521121
13265767,24,13,23,2521267
13266023,24,14,23,7563947
13268903,24,11,23,280207
13273575,24,12,23,840917
13274855,24,14,23,7568983
13285543,24,14,23,7575077
13286119,24,13,23,2525135
13292391,24,11,23,280703
13298855,24,14,23,7582667
13304295,24,14,23,7585769
13306983,24,14,23,7587301
13308231,24,14,23,7588013
13309031,24,14,23,7588469
13316007,24,14,23,7592447
13323591,24,13,23,2532257
13324359,24,13,23,2532403
13325415,24,14,23,7597811
13327015,24,14,23,7598723
13336423,24,14,23,7604087
13337703,24,13,23,2534939
13338215,24,14,23,7605109
13342887,24,14,23,7607773
13343399,24,14,23,7608065
13346279,24,10,23,93947
13350759,24,14,23,7612261
13352551,24,13,23,2537761
13353031,24,14,23,7613557
13355175,24,14,23,7614779
13358823,24,13,23,2538953
13359847,24,14,23,7617443
13361639,24,14,23,7618465
13362919,24,14,23,7619195
13366375,24,14,23,7621165
13366599,24,13,23,2540431
13366631,24,13,23,2540437
13367655,24,14,23,7621895
13369511,24,14,23,7622953
13371303,24,13,23,2541325
13372135,24,10,23,94129
13373927,24,14,23,7625471
13374695,24,14,23,7625909
13379943,24,13,23,2542967
13380455,24,14,23,7629193
13380711,24,13,23,2543113
13395271,24,14,23,7637641
13395303,24,14,23,7637659
13395559,24,12,23,848645
13403367,24,13,23,2547419
13404647,24,14,23,7642987
13411143,24,13,23,2548897
13411399,24,14,23,7646837
13419239,24,14,23,7651307
13422439,24,14,23,7653131
13423431,24,14,23,7653697
13423943,24,14,23,7653989
13427783,24,14,23,7656179
13428551,24,14,23,7656617
13437255,24,14,23,7661579
13437767,24,10,23,94591
13437799,24,12,23,851321
13442215,24,14,23,7664407
13451591,24,14,23,7669753
13452903,24,14,23,7670501
13453639,24,14,23,7670921
13458087,24,13,23,2557819
13460199,24,14,23,7674661
13465927,24,12,23,853103
13468999,24,13,23,2559893
13478375,24,13,23,2561675
13480807,24,13,23,2562137
13481063,24,14,23,7686557
13481831,24,14,23,7686995
13482343,24,12,23,854143
13483623,24,14,23,7688017
13484103,24,14,23,7688291
13484871,24,14,23,7688729
13489383,24,11,23,284863
13500583,24,14,23,7697687
13502375,24,14,23,7698709
13505255,24,14,23,7700351
13512007,24,13,23,2568067
13515943,24,13,23,2568815
13518567,24,14,23,7707941
13524327,24,14,23,7711225
13525319,24,13,23,2570597
13525863,24,14,23,7712101
13526343,24,14,23,7712375
13526375,24,14,23,7712393
13526631,24,14,23,7712539
13527143,24,14,23,7712831
13534695,24,13,23,2572379
13535719,24,14,23,7717721
13538663,24,12,23,857711
13541735,24,13,23,2573717
13542471,24,13,23,2573857
13542503,24,13,23,2573863
13545383,24,14,23,7723231
13547239,24,13,23,2574763
13548263,24,14,23,7724873
13560487,24,13,23,2577281
13561511,24,14,23,7732427
13568327,24,13,23,2578771
13568871,24,14,23,7736623
13573287,24,14,23,7739141
13577447,24,14,23,7741513
13582183,24,14,23,7744213
13582663,24,14,23,7744487
13584199,24,14,23,7745363
13584487,24,14,23,7745527
13584743,24,13,23,2581891
13585735,24,14,23,7746239
13596999,24,14,23,7752661
13598055,24,13,23,2584421
13599847,24,14,23,7754285
13603495,24,13,23,2585455
13613671,24,12,23,862463
13615271,24,13,23,2587693
13625191,24,14,23,7768735
13626215,24,13,23,2589773
13630119,24,10,23,95945
13636327,24,13,23,2591695
13639527,24,12,23,864101
13641799,24,12,23,864245
13641831,24,12,23,864247
13643079,24,14,23,7778935
13645735,24,13,23,2593483
13654343,24,13,23,2595119
13655143,24,13,23,2595271
13655399,24,14,23,7785959
13657703,24,14,23,7787273
13662119,24,13,23,2596597
13665511,24,14,23,7791725
13669735,24,14,23,7794133
13669991,24,11,23,288677
13670247,24,14,23,7794425
13672519,24,14,23,7795721
13676455,24,14,23,7797965
13677799,24,13,23,2599577
13678311,24,14,23,7799023
13683815,24,14,23,7802161
13684071,24,12,23,866923
13685607,24,13,23,2601061
13691815,24,13,23,2602241
13692583,24,13,23,2602387
13692647,24,13,23,2602399
13699943,24,14,23,7811357
13707495,24,11,23,289469
13712231,24,10,23,96523
13714503,24,10,23,96539
13717671,24,13,23,2607155
13720295,24,14,23,7822961
13727047,24,13,23,2608937
13728071,24,14,23,7827395
13729863,24,14,23,7828417
13731143,24,14,23,7829147
13734567,24,14,23,7831099
13735655,24,12,23,870191
13740359,24,10,23,96721
13740519,24,14,23,7834493
13741415,24,14,23,7835003
13742151,24,14,23,7835423
13742919,24,14,23,7835861
13743463,24,13,23,2612057
13744487,24,14,23,7836755
13744743,24,14,23,7836901
13756263,24,14,23,7843469
13770599,24,14,23,7851643
13771591,24,13,23,2617403
13772871,24,14,23,7852939
13776807,24,14,23,7855183
13778087,24,14,23,7855913
13780199,24,12,23,873013
13786215,24,14,23,7860547
13787463,24,14,23,7861259
13787495,24,14,23,7861277
13791911,24,12,23,873755
13792999,24,14,23,7864415
13800807,24,14,23,7868867
13803879,24,14,23,7870619
13806247,24,14,23,7871969
13813095,24,9,23,32411
13818471,24,13,23,2626313
13819047,24,14,23,7879267
13822631,24,14,23,7881311
13823719,24,14,23,7881931
13828423,24,14,23,7884613
13829223,24,14,23,7885069
13829479,24,11,23,292045
13834151,24,12,23,876431
13834407,24,14,23,7888025
13843559,24,12,23,877027
13846599,24,13,23,2631659
13853159,24,14,23,7898717
13856615,24,14,23,7900687
13857607,24,11,23,292639
13860199,24,14,23,7902731
13861223,24,14,23,7903315
13863079,24,13,23,2634791
13864103,24,14,23,7904957
13866215,24,13,23,2635387
13866727,24,14,23,7906453
13873479,24,14,23,7910303
13874791,24,13,23,2637017
13875815,24,14,23,7911635
13879975,24,14,23,7914007
13880039,24,14,23,7914043
13880231,24,13,23,2638051
13881831,24,13,23,2638355
13882599,24,13,23,2638501
13886791,24,14,23,7917893
13887591,24,14,23,7918349
13888359,24,14,23,7918787
13894375,24,13,23,2640739
13896167,24,14,23,7923239
13901159,24,14,23,7926085
13901671,24,14,23,7926377
13902919,24,13,23,2642363
13903463,24,14,23,7927399
13903943,24,14,23,7927673
13903975,24,14,23,7927691
13906087,24,13,23,2642965
13911527,24,12,23,881333
13912295,24,13,23,2644145
13915463,24,13,23,2644747
13915495,24,13,23,2644753
13916263,24,12,23,881633
13916487,24,14,23,7934825
13922983,24,14,23,7938529
13929831,24,14,23,7942433
13937383,24,12,23,882971
13939943,24,14,23,7948199
13943655,24,13,23,2650105
13945191,24,13,23,2650397
13945671,24,14,23,7951465
13946215,24,14,23,7951775
13949095,24,11,23,294571
13953959,24,14,23,7956191
13960295,24,14,23,7959803
13965223,24,14,23,7962613
13966055,24,14,23,7963087
13967847,24,11,23,294967
13975655,24,13,23,2656187
13979815,24,14,23,7970933
13980327,24,13,23,2657075
13980839,24,14,23,7971517
13987175,24,14,23,7975129
13989223,24,14,23,7976297
13995175,24,13,23,2659897
13997287,24,14,23,7980895
13997799,24,14,23,7981187
14002023,24,14,23,7983595
14004551,24,13,23,2661679
14005607,24,14,23,7985639
14010087,24,11,23,295859
14011303,24,14,23,7988887
14016359,24,13,23,2663923
14017383,24,14,23,7992353
14017895,24,13,23,2664215
14018663,24,13,23,2664361
14022567,24,13,23,2665103
14025447,24,14,23,7996951
14025959,24,14,23,7997243
14033735,24,14,23,8001677
14037159,24,14,23,8003629
14038183,24,12,23,889357
14042343,24,14,23,8006585
14042599,24,14,23,8006731
14045031,24,14,23,8008117
14046023,24,13,23,2669561
14046055,24,13,23,2669567
14046535,24,14,23,8008975
14046567,24,14,23,8008993
14047335,24,14,23,8009431
14054055,24,14,23,8013263
14054119,24,14,23,8013299
14059367,24,12,23,890699
14060391,24,14,23,8016875
14060871,24,13,23,2672383
14060903,24,13,23,2672389
14063207,24,13,23,2672827
14068455,24,14,23,8021473
14075495,24,14,23,8025487
14075719,24,11,23,297245
14076007,24,14,23,8025779
14080615,24,14,23,8028407
14082791,24,12,23,892183
14085351,24,14,23,8031107
14088519,24,14,23,8032913
14089319,24,14,23,8033369
14089831,24,10,23,99181
14096295,24,14,23,8037347
14097127,24,14,23,8037821
14100711,24,13,23,2679955
14103655,24,14,23,8041543
14103879,24,12,23,893519
14105703,24,14,23,8042711
14108583,24,10,23,99313
14108743,24,14,23,8044445
14108839,24,14,23,8044499
14110375,24,14,23,8045375
14117991,24,12,23,894413
14121063,24,13,23,2683823
14125223,24,14,23,8053841
14127591,24,14,23,8055191
14136935,24,14,23,8060519
14138023,24,14,23,8061139
14143975,24,14,23,8064533
14147431,24,14,23,8066503
14148423,24,12,23,896341
14154471,24,14,23,8070517
14157031,24,13,23,2690659
14161223,24,14,23,8074367
14161255,24,14,23,8074385
14164071,24,13,23,2691997
14173671,24,14,23,8081465
14174439,24,14,23,8081903
14176103,24,14,23,8082851
14177383,24,13,23,2694527
14178407,24,14,23,8084165
14182567,24,14,23,8086537
14185191,24,13,23,2696011
14190439,24,14,23,8091025
14191943,24,14,23,8091883
14195367,24,12,23,899315
14199527,24,14,23,8096207
14200039,24,12,23,899611
14201319,24,14,23,8097229
14207335,24,14,23,8100659
14209191,24,14,23,8101717
14211815,24,11,23,300119
14214887,24,13,23,2701655
14220135,24,14,23,8107957
14220391,24,13,23,2702701
14221383,24,14,23,8108669
14222695,24,13,23,2703139
14223527,24,12,23,901099
14234439,24,13,23,2705371
14234727,24,14,23,8116277
14234951,24,14,23,8116405
14236263,24,14,23,8117153
14237799,24,14,23,8118029
14241447,24,13,23,2706703
14241703,24,14,23,8120255
14242279,24,12,23,902287
14242471,24,14,23,8120693
14243559,24,14,23,8121313
14248263,24,14,23,8123995
14248807,24,14,23,8124305
14249063,24,14,23,8124451
14250055,24,13,23,2708339
14250823,24,13,23,2708485
14253223,24,13,23,2708941
14262119,24,14,23,8131895
14262599,24,13,23,2710723
14264391,24,14,23,8133191
14264679,24,14,23,8133355
14279751,24,12,23,904661
14280039,24,14,23,8142113
14280519,24,13,23,2714129
14282919,24,13,23,2714585
14284711,24,14,23,8144777
14295143,24,14,23,8150725
14300327,24,14,23,8153681
14305607,24,12,23,906299
14306407,24,13,23,2719049
14308167,24,14,23,8158151
14308199,24,14,23,8158169
14321511,24,14,23,8165759
14322023,24,12,23,907339
14325927,24,13,23,2722759
14326439,24,14,23,8168569
14328551,24,14,23,8169773
14329063,24,10,23,100865
14334279,24,14,23,8173039
14335335,24,13,23,2724547
14336071,24,11,23,302743
14340263,24,14,23,8176451
14340775,24,12,23,908527
14342311,24,13,23,2725873
14344679,24,13,23,2726323
14344935,24,14,23,8179115
14354599,24,14,23,8184625
14361063,24,13,23,2729437
14362087,24,14,23,8188895
14364007,24,14,23,8189989
14365511,24,14,23,8190847
14365543,24,14,23,8190865
14366023,24,14,23,8191139
14372775,24,13,23,2731663
14373351,24,14,23,8195317
14378311,24,11,23,303635
14379111,24,13,23,2732867
14379879,24,13,23,2733013
14380135,24,14,23,8199185
14383207,24,14,23,8200937
14384295,24,14,23,8201557
14387687,24,11,23,303833
14387943,24,14,23,8203637
14392423,24,10,23,101311
14393671,24,14,23,8206903
14394183,24,14,23,8207195
14394983,24,14,23,8207651
14400231,24,13,23,2736881
14403303,24,13,23,2737465
14410567,24,14,23,8216537
14410823,24,14,23,8216683
14412967,24,14,23,8217905
14415591,24,14,23,8219401
14419431,24,14,23,8221591
14422343,24,14,23,8223251
14422887,24,12,23,913729
14423655,24,13,23,2741333
14429095,24,13,23,2742367
14429927,24,10,23,101575
14436199,24,13,23,2743717
14436679,24,14,23,8231425
14439527,24,14,23,8233049
14441639,24,12,23,914917
14451015,24,12,23,915511
14453575,24,14,23,8241059
14454951,24,13,23,2747281
14456743,24,14,23,8242865
14456999,24,14,23,8243011
14457511,24,14,23,8243303
14459623,24,13,23,2748169
14461159,24,13,23,2748461
14462183,24,14,23,8245967
14465351,24,14,23,8247773
14466407,24,14,23,8248375
14468935,24,13,23,2749939
14471847,24,14,23,8251477
14475751,24,14,23,8253703
14477031,24,14,23,8254433
14480487,24,14,23,8256403
14485671,24,14,23,8259359
14494567,24,14,23,8264431
14495815,24,14,23,8265143
14502631,24,12,23,918781
14504423,24,14,23,8270051
14508903,24,13,23,2757535
14509415,24,14,23,8272897
14509671,24,11,23,306409
14512199,24,14,23,8274485
14517479,24,13,23,2759165
14522695,24,14,23,8280469
14523751,24,12,23,920119
14525255,24,13,23,2760643
14525543,24,14,23,8282093
14530791,24,8,23,11365
14538855,24,14,23,8289683
14541895,24,14,23,8291417
14542663,24,14,23,8291855
14544039,24,13,23,2764213
14545063,24,14,23,8293223
14551911,24,11,23,307301
14553415,24,13,23,2765995
14559975,24,14,23,8301725
14560167,24,14,23,8301835
14562023,24,13,23,2767631
14567271,24,14,23,8305885
14567527,24,13,23,2768677
14567751,24,14,23,8306159
14567783,24,14,23,8306177
14568263,24,12,23,922939
14568551,24,14,23,8306615
14569543,24,14,23,8307181
14580039,24,11,23,307895
14583111,24,13,23,2771639
14584167,24,14,23,8315519
14588647,24,13,23,2772691
14592487,24,13,23,2773421
14595943,24,14,23,8322233
14596455,24,12,23,924725
14597735,24,14,23,8323255
14602391,24,3,23,47
14602919,24,14,23,8326211
14605031,24,13,23,2775805
14610503,24,12,23,925615
14611783,24,14,23,8331265
14614695,24,14,23,8332925
14616487,24,14,23,8333947
14618279,24,13,23,2778323
14631655,24,10,23,102995
14639975,24,14,23,8347339
14640487,24,14,23,8347631
14643367,24,12,23,927697
14645159,24,14,23,8350295
14645927,24,14,23,8350733
14655847,24,13,23,2785463
14656615,24,13,23,2785609
14668647,24,14,23,8363687
14672039,24,14,23,8365621
14674599,24,13,23,2789027
14681959,24,14,23,8371277
14685031,24,14,23,8373029
14685799,24,14,23,8373467
14687399,24,14,23,8374379
14696775,24,14,23,8379725
14697287,24,10,23,103457
14698087,24,13,23,2793491
14698599,24,14,23,8380765
14698855,24,13,23,2793637
14703783,24,14,23,8383721
14712903,24,13,23,2796307
14712935,24,13,23,2796313
14713159,24,14,23,8389067
14719719,24,14,23,8392807
14723303,24,14,23,8394851
14727015,24,13,23,2798989
14727527,24,14,23,8397259
14727783,24,11,23,311015
14728039,24,14,23,8397551
14729287,24,13,23,2799421
14730311,24,14,23,8398847
14735079,24,14,23,8401565
14740327,24,13,23,2801519
14740583,24,14,23,8404703
14741575,24,14,23,8405269
14745767,24,13,23,2802553
14754663,24,14,23,8412731
14755911,24,11,23,311609
14755943,24,12,23,934829
14756167,24,14,23,8413589
14756199,24,14,23,8413607
14760615,24,12,23,935125
14763751,24,13,23,2805971
14764775,24,14,23,8418497
14768455,24,13,23,2806865
14769511,24,14,23,8421197
14771527,24,13,23,2807449
14774439,24,14,23,8424007
14776231,24,13,23,2808343
14780903,24,13,23,2809231
14783815,24,14,23,8429353
14783847,24,14,23,8429371
14785895,24,14,23,8430539
14787655,24,14,23,8431543
14790567,24,14,23,8433203
14791911,24,13,23,2811323
14798151,24,10,23,104167
14798183,24,12,23,937505
14799719,24,13,23,2812807
14800487,24,12,23,937651
14801255,24,13,23,2813099
14803111,24,14,23,8440355
14805735,24,14,23,8441851
14807783,24,14,23,8443019
14813287,24,14,23,8446157
14817959,24,14,23,8448821
14818471,24,13,23,2816371
14824167,24,14,23,8452361
14827847,24,13,23,2818153
14829383,24,13,23,2818445
14830407,24,14,23,8455919
14837991,24,12,23,940027
14842727,24,12,23,940327
14843975,24,14,23,8463655
14844007,24,14,23,8463673
14844263,24,13,23,2821273
14845255,24,14,23,8464385
14849767,24,11,23,313591
14854631,24,14,23,8469731
14857063,24,14,23,8471117
14857575,24,13,23,2823803
14858599,24,14,23,8471993
14863015,24,13,23,2824837
14864039,24,14,23,8475095
14865639,24,14,23,8476007
14870855,24,12,23,942109
14872647,24,14,23,8480003
14880423,24,14,23,8484437
14881511,24,14,23,8485057
14884711,24,14,23,8486881
14885703,24,13,23,2829149
14886503,24,13,23,2829301
14887015,24,14,23,8488195
14889639,24,9,23,34937
14890919,24,14,23,8490421
14894311,24,12,23,943595
14899015,24,8,23,11653
14899047,24,12,23,943895
14900327,24,14,23,8495785
14900583,24,13,23,2831977
14902887,24,13,23,2832415
14905511,24,14,23,8498741
14906023,24,11,23,314779
14910951,24,14,23,8501843
14913383,24,14,23,8503229
14914663,24,13,23,2834653
14914919,24,14,23,8504105
14917991,24,14,23,8505857
14920871,24,13,23,2835833
14921639,24,13,23,2835979
14928199,24,14,23,8511677
14929255,24,14,23,8512279
14930247,24,13,23,2837615
14932583,24,13,23,2838059
14936743,24,14,23,8516549
14936807,24,14,23,8516585
14937767,24,14,23,8517133
14937831,24,14,23,8517169
14945127,24,13,23,2840443
14948263,24,11,23,315671
14956871,24,13,23,2842675
14957671,24,12,23,947609
14960231,24,14,23,8529941
14960711,24,13,23,2843405
14963879,24,13,23,2844007
14965479,24,13,23,2844311
14973255,24,13,23,2845789
14975335,24,14,23,8538553
14977191,24,13,23,2846537
14986343,24,14,23,8544829
14986599,24,13,23,2848325
14990503,24,10,23,105521
14994087,24,14,23,8549245
14995943,24,13,23,2850101
14996711,24,13,23,2850247
14999879,24,10,23,105587
15015783,24,14,23,8561615
15017575,24,14,23,8562637
15018087,24,14,23,8562929
15022759,24,14,23,8565593
15022823,24,14,23,8565629
15025383,24,14,23,8567089
15025639,24,11,23,317305
15025895,24,14,23,8567381
15030119,24,14,23,8569789
15030375,24,11,23,317405
15038183,24,13,23,2858129
15045735,24,14,23,8578693
15046247,24,14,23,8578985
15051495,24,11,23,317851
15059303,24,13,23,2862143
15060327,24,14,23,8587013
15062631,24,14,23,8588327
15063399,24,14,23,8588765
15063719,24,14,23,8588947
15072615,24,10,23,106099
15074407,24,14,23,8595041
15083751,24,14,23,8600369
15087943,24,14,23,8602759
15088743,24,14,23,8603215
15091527,24,14,23,8604803
15094439,24,13,23,2868821
15094951,24,14,23,8606755
15100135,24,14,23,8609711
15103079,24,12,23,956821
15103303,24,14,23,8611517
15103847,24,13,23,2870609
15104871,24,14,23,8612411
15105639,24,14,23,8612849
15117415,24,14,23,8619563
15119719,24,14,23,8620877
15120999,24,13,23,2873869
15124391,24,14,23,8623541
15131975,24,13,23,2875955
15132999,24,14,23,8628449
15136679,24,13,23,2876849
15139559,24,14,23,8632189
15140583,24,12,23,959197
15141351,24,13,23,2877737
15149127,24,13,23,2879215
15152295,24,12,23,959939
15154727,24,5,23,439
15156455,24,14,23,8641823
15160135,24,13,23,2881307
15160167,24,13,23,2881313
15160679,24,14,23,8644231
15161191,24,14,23,8644523
15165607,24,13,23,2882347
15166375,24,10,23,106759
15166631,24,14,23,8647625
15173959,24,14,23,8651803
15174759,24,14,23,8652259
15176007,24,14,23,8652971
15177319,24,13,23,2884573
15183015,24,14,23,8656967
15184359,24,13,23,2885911
15192391,24,14,23,8662313
15194727,24,14,23,8663645
15194791,24,14,23,8663681
15196903,24,12,23,962765
15205479,24,13,23,2889925
15205735,24,14,23,8669921
15206215,24,12,23,963355
15210983,24,8,23,11897
15214823,24,13,23,2891701
15217991,24,11,23,321367
15219047,24,14,23,8677511
15219815,24,14,23,8677949
15220327,24,12,23,964249
15222855,24,14,23,8679683
15226599,24,13,23,2893939
15227623,24,14,23,8682401
15232103,24,11,23,321665
15233863,24,14,23,8685959
15235175,24,13,23,2895569
15239079,24,12,23,965437
15239335,24,14,23,8689079
15240359,24,14,23,8689663
15242983,24,13,23,2897053
15247719,24,13,23,2897953
15248743,24,14,23,8694443
15249735,24,14,23,8695009
15258087,24,14,23,8699771
15261543,24,14,23,8701741
15262535,24,12,23,966923
15263847,24,14,23,8703055
15275879,24,13,23,2903305
15279175,24,14,23,8711795
15283367,24,14,23,8714185
15290215,24,14,23,8718089
15294631,24,13,23,2906869
15296679,24,14,23,8721775
15298471,24,13,23,2907599
15299239,24,13,23,2907745
15300327,24,14,23,8723855
15304551,24,14,23,8726263
15305031,24,14,23,8726537
15305575,24,13,23,2908949
15306055,24,14,23,8727121
15309479,24,11,23,323299
15314151,24,12,23,970193
15315431,24,14,23,8732467
15325351,24,14,23,8738123
15327975,24,14,23,8739619
15333703,24,13,23,2914295
15336807,24,13,23,2914885
15340711,24,13,23,2915627
15341479,24,13,23,2915773
15344103,24,14,23,8748815
15344871,24,14,23,8749253
15348583,24,13,23,2917123
15348839,24,14,23,8751515
15349351,24,10,23,108047
15349607,24,14,23,8751953
15356583,24,14,23,8755931
15357671,24,14,23,8756551
15364167,24,13,23,2920085
15364935,24,13,23,2920231
15365223,24,14,23,8760857
15365991,24,14,23,8761295
15368359,24,14,23,8762645
15377255,24,14,23,8767717
15378791,24,14,23,8768593
15386343,24,14,23,8772899
15386855,24,10,23,108311
15391047,24,14,23,8775581
15393127,24,13,23,2925589
15393607,24,14,23,8777041
15393863,24,11,23,325081
15394119,24,14,23,8777333
15397031,24,13,23,2926331
15402215,24,14,23,8781949
15402471,24,13,23,2927365
15402727,24,14,23,8782241
15403495,24,14,23,8782679
15406407,24,13,23,2928113
15406951,24,14,23,8784649
15408231,24,14,23,8785379
15411879,24,13,23,2929153
15414439,24,14,23,8788919
15414503,24,14,23,8788955
15418855,24,13,23,2930479
15419719,24,11,23,325627
15420519,24,13,23,2930795
15420775,24,14,23,8792531
15421287,24,13,23,2930941
15423591,24,13,23,2931379
15425703,24,14,23,8795341
15428327,24,13,23,2932279
15434599,24,13,23,2933471
15435623,24,14,23,8800997
15435879,24,14,23,8801143
15436135,24,12,23,977921
15444711,24,13,23,2935393
15445223,24,14,23,8806471
15445735,24,14,23,8806763
15450215,24,10,23,108757
15451975,24,14,23,8810321
15454375,24,14,23,8811689
15456423,24,13,23,2937619
15459047,24,14,23,8814353
15468359,24,14,23,8819663
15468711,24,14,23,8819863
15475175,24,13,23,2941183
15479655,24,14,23,8826103
15479911,24,13,23,2942083
15481447,24,13,23,2942375
15482471,24,14,23,8827709
15487463,24,14,23,8830555
15493479,24,14,23,8833985
15497319,24,14,23,8836175
15498407,24,14,23,8836795
15501223,24,14,23,8838401
15507783,24,14,23,8842141
15508807,24,12,23,982525
15509575,24,13,23,2947721
15517415,24,13,23,2949211
15518183,24,12,23,983119
15518951,24,13,23,2949503
15521639,24,14,23,8850041
15522919,24,12,23,983419
15524199,24,14,23,8851501
15524679,24,14,23,8851775
15533543,24,14,23,8856829
15536999,24,12,23,984311
15537767,24,13,23,2953079
15542439,24,13,23,2953967
15542951,24,14,23,8862193
15544231,24,14,23,8862923
15551079,24,8,23,12163
15552583,24,13,23,2955895
15555751,24,12,23,985499
15559399,24,14,23,8871571
15560423,24,12,23,985795
15560615,24,14,23,8872265
15561191,24,13,23,2957531
15565127,24,12,23,986093
15567207,24,14,23,8876023
15567719,24,14,23,8876315
15575271,24,13,23,2960207
15576295,24,14,23,8881205
15579207,24,8,23,12185
15580263,24,14,23,8883467
15580519,24,14,23,8883613
15582311,24,13,23,2961545
15583047,24,13,23,2961685
15585447,24,13,23,2962141
15585959,24,14,23,8886715
15588071,24,14,23,8887919
15594343,24,14,23,8891495
15594823,24,13,23,2963923
15594855,24,13,23,2963929
15595847,24,14,23,8892353
15599783,24,14,23,8894597
15602855,24,14,23,8896349
15608935,24,13,23,2966605
15611207,24,13,23,2967037
15616743,24,12,23,989363
15617959,24,14,23,8904961
15618535,24,14,23,8905289
15625063,24,14,23,8909011
15625319,24,13,23,2969719
15626311,24,14,23,8909723
15637863,24,12,23,990701
15647463,24,14,23,8921783
15651943,24,10,23,110177
15659175,24,14,23,8928461
15666535,24,14,23,8932657
15668071,24,14,23,8933533
15668551,24,14,23,8933807
15674279,24,14,23,8937073
15676135,24,13,23,2979377
15681383,24,14,23,8941123
15682375,24,12,23,993521
15682407,24,12,23,993523
15683655,24,14,23,8942419
15686311,24,13,23,2981311
15686823,24,14,23,8944225
15689447,24,10,23,110441
15696199,24,14,23,8949571
15698279,24,14,23,8950757
15701159,24,12,23,994711
15701927,24,13,23,2984279
15702695,24,13,23,2984425
15710567,24,11,23,331769
15712327,24,14,23,8958767
15713095,24,14,23,8959205
15714471,24,13,23,2986663
15717031,24,14,23,8961449
15719143,24,13,23,2987551
15724391,24,14,23,8965645
15725895,24,14,23,8966503
15725927,24,14,23,8966521
15732391,24,13,23,2990069
15733223,24,13,23,2990227
15740007,24,14,23,8974549
15743591,24,14,23,8976593
15747815,24,14,23,8979001
15754567,24,14,23,8982851
15754599,24,14,23,8982869
15755079,24,10,23,110903
15755367,24,14,23,8983307
15762151,24,12,23,998575
15763943,24,14,23,8988197
15768935,24,14,23,8991043
15770439,24,14,23,8991901
15770695,24,13,23,2997349
15770951,24,14,23,8992193
15771719,24,14,23,8992631
15776487,24,14,23,8995349
15780327,24,14,23,8997539
15781095,24,14,23,8997977
15782727,24,14,23,8998907
15783271,24,12,23,999913
15784039,24,13,23,2999885
15785063,24,14,23,9000239
15787079,24,13,23,3000463
15796551,24,13,23,3002263
15797607,24,14,23,9007391
15799143,24,14,23,9008267
15804583,24,14,23,9011369
15805159,24,13,23,3003899
15812199,24,13,23,3005237
15812935,24,13,23,3005377
15813447,24,14,23,9016423
15813959,24,14,23,9016715
15817383,24,14,23,9018667
15817895,24,14,23,9018959
15819495,24,14,23,9019871
15822567,24,14,23,9021623
15823335,24,14,23,9022061
15826023,24,14,23,9023593
15827271,24,14,23,9024305
15828071,24,14,23,9024761
15832231,24,14,23,9027133
15833831,24,14,23,9028045
15843399,24,13,23,3011167
15844455,24,14,23,9034103
15854951,24,14,23,9040087
15855687,24,14,23,9040507
15858279,24,12,23,1004665
15864551,24,13,23,3015187
15870055,24,11,23,335137
15874727,24,12,23,1005707
15877863,24,13,23,3017717
15878887,24,14,23,9053735
15884135,24,12,23,1006303
15885639,24,13,23,3019195
15885671,24,13,23,3019201
15885927,24,14,23,9057749
15886407,24,12,23,1006447
15887175,24,13,23,3019487
15888551,24,14,23,9059245
15893735,24,14,23,9062201
15895015,24,13,23,3020977
15900007,24,14,23,9065777
15901767,24,14,23,9066781
15901799,24,14,23,9066799
15902887,24,12,23,1007491
15912295,24,11,23,336029
15914599,24,12,23,1008233
15915367,24,13,23,3024845
15920807,24,13,23,3025879
15921639,24,12,23,1008679
15922407,24,13,23,3026183
15927623,24,14,23,9081523
15928167,24,14,23,9081833
15928647,24,12,23,1009123
15929415,24,13,23,3027515
15936743,24,14,23,9086723
15938279,24,14,23,9087599
15941479,24,14,23,9089423
15943495,24,13,23,3030191
15944039,24,14,23,9090883
15944519,24,14,23,9091157
15944551,24,14,23,9091175
15952103,24,12,23,1010609
15956295,24,14,23,9097871
15956839,24,12,23,1010909
15957095,24,14,23,9098327
15958119,24,14,23,9098911
15963303,24,14,23,9101867
15964071,24,14,23,9102305
15984967,24,12,23,1012691
15985767,24,13,23,3038225
15986759,24,14,23,9115241
15994535,24,14,23,9119675
15995623,24,14,23,9120295
15999847,24,13,23,3040901
16005799,24,14,23,9126097
16006311,24,14,23,9126389
16008423,24,11,23,338059
16015687,24,14,23,9131735
16016999,24,13,23,3044161
16019623,24,14,23,9133979
16021415,24,14,23,9135001
16024295,24,14,23,9136643
16029031,24,14,23,9139343
16033959,24,14,23,9142153
16034983,24,13,23,3047579
16043111,24,14,23,9147371
16044359,24,13,23,3049361
16044903,24,14,23,9148393
16045415,24,14,23,9148685
16045671,24,14,23,9148831
16046183,24,14,23,9149123
16051879,24,14,23,9152371
16052711,24,14,23,9152845
16057671,24,10,23,113033
16058471,24,13,23,3052043
16059239,24,13,23,3052189
16063143,24,13,23,3052931
16065255,24,14,23,9159997
16067047,24,10,23,113099
16067303,24,14,23,9161165
16071783,24,11,23,339397
16078759,24,12,23,1018633
16079591,24,13,23,3056057
16083175,24,14,23,9170215
16087367,24,13,23,3057535
16087911,24,14,23,9172915
16088423,24,14,23,9173207
16100711,24,13,23,3060071
16101447,24,13,23,3060211
16103783,24,13,23,3060655
16104039,24,14,23,9182111
16116039,24,14,23,9188953
16116071,24,14,23,9188971
16116583,24,14,23,9189263
16120423,24,14,23,9191453
16120999,24,12,23,1021309
16129895,24,14,23,9196853
16130375,24,12,23,1021903
16130407,24,10,23,113545
16132167,24,14,23,9198149
16136871,24,14,23,9200831
16144231,24,14,23,9205027
16144711,24,14,23,9205301
16146279,24,14,23,9206195
16148551,24,14,23,9207491
16149159,24,10,23,113677
16149319,24,14,23,9207929
16152295,24,13,23,3069875
16159847,24,14,23,9213931
16160103,24,13,23,3071359
16160871,24,12,23,1023835
16161639,24,13,23,3071651
16162983,24,14,23,9215719
16165031,24,14,23,9216887
16168167,24,14,23,9218675
16173383,24,13,23,3073883
16176743,24,14,23,9223565
16177511,24,14,23,9224003
16178343,24,14,23,9224477
16182183,24,14,23,9226667
16183783,24,14,23,9227579
16184551,24,14,23,9228017
16187239,24,14,23,9229549
16187719,24,14,23,9229823
16190791,24,14,23,9231575
16191559,24,14,23,9232013
16196327,24,14,23,9234731
16202055,24,14,23,9237997
16203111,24,12,23,1026511
16208039,24,14,23,9241409
16214247,24,14,23,9244949
16216935,24,14,23,9246481
16217191,24,12,23,1027403
16217959,24,13,23,3082355
16218983,24,14,23,9247649
16223399,24,13,23,3083389
16226023,24,14,23,9251663
16232775,24,13,23,3085171
16235111,24,13,23,3085615
16239335,24,14,23,9259253
16241895,24,14,23,9260713
16246087,24,13,23,3087701
16246887,24,13,23,3087853
16247111,24,14,23,9263687
16247911,24,14,23,9264143
16250023,24,9,23,38129
16254695,24,12,23,1029779
16255463,24,13,23,3089483
16260455,24,14,23,9271295
16260967,24,13,23,3090529
16261959,24,14,23,9272153
16261991,24,14,23,9272171
16262503,24,13,23,3090821
16263239,24,13,23,3090961
16263271,24,13,23,3090967
16266407,24,11,23,343507
16275303,24,14,23,9279761
16282279,24,14,23,9283739
16282855,24,12,23,1031563
16289127,24,13,23,3095881
16289863,24,12,23,1032007
16290631,24,13,23,3096167
16294055,24,14,23,9290453
16296871,24,12,23,1032451
16297127,24,14,23,9292205
16303975,24,12,23,1032901
16304967,24,14,23,9296675
16305511,24,13,23,3098995
16306503,24,14,23,9297551
16311015,24,11,23,344449
16320327,24,12,23,1033937
16320615,24,14,23,9305597
16324519,24,14,23,9307823
16325287,24,14,23,9308261
16332135,24,10,23,114965
16334439,24,12,23,1034831
16340903,24,14,23,9317165
16348263,24,14,23,9321361
16353191,24,12,23,1036019
16354471,24,14,23,9324901
16357095,24,13,23,3108799
16361319,24,14,23,9328805
16363847,24,14,23,9330247
16365159,24,14,23,9330995
16376647,24,11,23,345835
16377959,24,14,23,9338293
16383143,24,14,23,9341249
16385255,24,13,23,3114151
16385767,24,14,23,9342745
16392519,24,14,23,9346595
16401639,24,13,23,3117265
16401895,24,14,23,9351941
16402663,24,14,23,9352379
16406631,24,14,23,9354641
16407143,24,10,23,115493
16412583,24,13,23,3119345
16413351,24,13,23,3119491
16413415,24,13,23,3119503
16413927,24,14,23,9358801
16419687,24,13,23,3120695
16420199,24,14,23,9362377
16420935,24,14,23,9362797
16422503,24,14,23,9363691
16423015,24,14,23,9363983
16423783,24,14,23,9364421
16424103,24,14,23,9364603
16427751,24,14,23,9366683
16428263,24,11,23,346925
16433479,24,14,23,9369949
16434791,24,14,23,9370697
16435271,24,10,23,115691
16435527,24,14,23,9371117
16435559,24,14,23,9371135
16447815,24,13,23,3126041
16448615,24,13,23,3126193
16451399,24,14,23,9380167
16454823,24,13,23,3127373
16455591,24,13,23,3127519
16460007,24,14,23,9385075
16464231,24,13,23,3129161
16464999,24,13,23,3129307
16465255,24,14,23,9388067
16465511,24,14,23,9388213
16466023,24,14,23,9388505
16469671,24,13,23,3130195
16479335,24,14,23,9396095
16480103,24,14,23,9396533
16484263,24,14,23,9398905
16497319,24,14,23,9406349
16506215,24,14,23,9411421
16508263,24,14,23,9412589
16512935,24,14,23,9415253
16513767,24,14,23,9415727
16516327,24,14,23,9417187
16516839,24,14,23,9417479
16520519,24,13,23,3139859
16521063,24,14,23,9419887
16524647,24,14,23,9421931
16532967,24,13,23,3142225
16536391,24,14,23,9428627
16536423,24,14,23,9428645
16537703,24,13,23,3143125
16539239,24,13,23,3143417
16539815,24,14,23,9430579
16544487,24,14,23,9433243
16544999,24,14,23,9433535
16549735,24,14,23,9436235
16550247,24,11,23,349501
16552007,24,14,23,9437531
16552775,24,14,23,9437969
16555175,24,14,23,9439337
16557991,24,13,23,3146981
16558823,24,13,23,3147139
16559015,24,14,23,9441527
16564071,24,14,23,9444409
16564551,24,14,23,9444683
16566119,24,14,23,9445577
16579431,24,14,23,9453167
16579687,24,14,23,9453313
16580711,24,12,23,1050433
16581991,24,14,23,9454627
16582471,24,14,23,9454901
16594247,24,14,23,9461615
16595559,24,13,23,3154121
16596583,24,14,23,9462947
16597159,24,12,23,1051475
16600743,24,14,23,9465319
16600999,24,13,23,3155155
16607079,24,14,23,9468931
16607559,24,14,23,9469205
16608103,24,13,23,3156505
16608359,24,14,23,9469661
16610119,24,14,23,9470665
16615335,24,14,23,9473639
16622919,24,12,23,1053107
16623687,24,13,23,3159467
16632295,24,12,23,1053701
16633063,24,13,23,3161249
16637031,24,12,23,1054001
16637287,24,14,23,9486155
16638311,24,14,23,9486739
16651079,24,12,23,1054891
16651111,24,11,23,351631
16656551,24,13,23,3165713
16657063,24,14,23,9497431
16659623,24,13,23,3166297
16665959,24,13,23,3167501
16667751,24,14,23,9503525
16669863,24,11,23,352027
16673511,24,14,23,9506809
16674535,24,12,23,1056377
16674727,24,14,23,9507503
16675303,24,13,23,3169277
16679239,24,11,23,352225
16680807,24,13,23,3170323
16685735,24,14,23,9513779
16687847,24,13,23,3171661
16696423,24,13,23,3173291
16701607,24,14,23,9522829
16704231,24,13,23,3174775
16705255,24,14,23,9524909
16709735,24,10,23,117623
16713895,24,14,23,9529835
16716967,24,14,23,9531587
16720359,24,14,23,9533521
16723303,24,14,23,9535199
16725319,24,13,23,3178783
16726375,24,14,23,9536951
16728231,24,14,23,9538009
16730855,24,11,23,353315
16732071,24,14,23,9540199
16732647,24,14,23,9540527
16738663,24,13,23,3181319
16739175,24,14,23,9544249
16739431,24,13,23,3181465
16751975,24,11,23,353761
16753479,24,13,23,3184135
16753991,24,14,23,9552697
16758951,24,12,23,1061725
16762599,24,14,23,9557605
16763367,24,14,23,9558043
16768103,24,14,23,9560743
16769863,24,13,23,3187249
16770119,24,14,23,9561893
16770887,24,14,23,9562331
16772263,24,13,23,3187705
16774887,24,14,23,9564611
